category_id,playlist_name,playlist_id,track_id,track_uri,track_preview_url,track_name,track_popularity,artist_name,album_name,acousticness,danceability,duration_ms,energy,instrumentalness,key,liveness,loudness,mode,speechiness,tempo,valence
classical,Jennifer Higdon - Composer Weekly #071,37i9dQZF1DXc26kXinU9Fn,4JtzeP3VWbNvSOFQXouv4I,spotify:track:4JtzeP3VWbNvSOFQXouv4I,https://p.scdn.co/mp3-preview/2fef7f247e3fb649bb28e519b10ae6d4bbfc2388?cid=63a77ff40e794a12ae216a18befde98c,Scenes from the Poet's Dreams: I. Racing Through Stars,16,"Jennifer Higdon,The Lark Quartet,Gary Graffman",An Exaltation of Larks,0.982,0.44,129920,0.241,0.362,1,0.259,-19.556,1,0.0674,77.036,0.389
classical,Jennifer Higdon - Composer Weekly #071,37i9dQZF1DXc26kXinU9Fn,1D5AWyG2oOk42eQFdLN1bK,spotify:track:1D5AWyG2oOk42eQFdLN1bK,https://p.scdn.co/mp3-preview/2a4adb4b4f847beafb990bbcdc517c0d1fbdd321?cid=63a77ff40e794a12ae216a18befde98c,String poetic: II. Nocturne,26,"Jennifer Higdon,Jennifer Koh,Reiko Uchida","Violin Recital: Koh, Jennifer - Higdon, J. / Harrison, L. / Adams, J. / Ruggles, C. (String Poetic)",0.976,0.161,286267,0.0535,0.489,0,0.0861,-23.811,1,0.0474,91.131,0.0538
classical,Jennifer Higdon - Composer Weekly #071,37i9dQZF1DXc26kXinU9Fn,5sGBLfISujPsyjy7qBMMk1,spotify:track:5sGBLfISujPsyjy7qBMMk1,,Violin Concerto: Fly Forward,0,"Jennifer Higdon,Hilary Hahn,Royal Liverpool Philharmonic Orchestra,Vasily Petrenko",Higdon / Tchaikovsky: Violin Concertos,0.813,0.432,309480,0.264,0.101,9,0.102,-23.436,0,0.0404,139.031,0.646
classical,Jennifer Higdon - Composer Weekly #071,37i9dQZF1DXc26kXinU9Fn,6fseD4FH3NiAFn7IiW9oHq,spotify:track:6fseD4FH3NiAFn7IiW9oHq,https://p.scdn.co/mp3-preview/418e3804ba4896a03d6071daa095ef6d351561cc?cid=63a77ff40e794a12ae216a18befde98c,blue cathedral,18,"Jennifer Higdon,Oberlin Conservatory Symphony Orchestra,Robert Spano",The Oberlin Conservatory Symphony Orchestra at Carnegie Hall,0.89,0.181,627547,0.122,0.534,5,0.0886,-22.942,1,0.042,103.266,0.0377
classical,Jennifer Higdon - Composer Weekly #071,37i9dQZF1DXc26kXinU9Fn,1Eq2c8t4xSeRrmndg8fevx,spotify:track:1Eq2c8t4xSeRrmndg8fevx,https://p.scdn.co/mp3-preview/18e60c3eb31ae94af94ccea493fa7e76e54a6277?cid=63a77ff40e794a12ae216a18befde98c,To the Point,4,"Jennifer Higdon,Orchestra 2001,James Freeman",To the Point,0.972,0.444,234373,0.214,0.901,7,0.0708,-17.017,1,0.0312,130.986,0.419
classical,Jennifer Higdon - Composer Weekly #071,37i9dQZF1DXc26kXinU9Fn,4G193QWKjCtDHXsNEkwuao,spotify:track:4G193QWKjCtDHXsNEkwuao,https://p.scdn.co/mp3-preview/f1381b7cca7ee5b944bddf98626d23956840bd74?cid=63a77ff40e794a12ae216a18befde98c,Piano Trio: I. Pale Yellow,3,"Jennifer Higdon,Lincoln Trio",Notable Women,0.943,0.205,508653,0.0657,0.0296,9,0.168,-23.127,1,0.0428,91.487,0.0677
classical,Jennifer Higdon - Composer Weekly #071,37i9dQZF1DXc26kXinU9Fn,04KnHQBkapTjPmLxlbIQa9,spotify:track:04KnHQBkapTjPmLxlbIQa9,https://p.scdn.co/mp3-preview/15b8d24f2aaccb77bd2d0d7bd85b3ce0403c571f?cid=63a77ff40e794a12ae216a18befde98c,Percussion Concerto,9,"Jennifer Higdon,Colin Currie,London Philharmonic Orchestra,Marin Alsop","Macmillan, J.: Confession of Isobel Gowdie (The) / Ades, T.: Chamber Symphony / Higdon, J.: Percussion Concerto",0.864,0.432,1410760,0.391,0.61,2,0.679,-18.757,0,0.0852,129.039,0.0694
classical,Jennifer Higdon - Composer Weekly #071,37i9dQZF1DXc26kXinU9Fn,4N3RExZJRG4ZHhdgZFGTO8,spotify:track:4N3RExZJRG4ZHhdgZFGTO8,https://p.scdn.co/mp3-preview/198407ca11387a256a95c5fd52518ecd169486ad?cid=63a77ff40e794a12ae216a18befde98c,Concerto for Orchestra: I. First movement,4,"Jennifer Higdon,Philadelphia Orchestra,Wolfgang Sawallisch",Higdon: Concerto for Orchestra,0.765,0.196,461293,0.106,0.631,1,0.0949,-26.494,0,0.043,103.803,0.0626
classical,Jennifer Higdon - Composer Weekly #071,37i9dQZF1DXc26kXinU9Fn,3834SuTOG5N8rXg8vpPQZL,spotify:track:3834SuTOG5N8rXg8vpPQZL,https://p.scdn.co/mp3-preview/5d2c87747d93c4ee15ea0522191b1d3057b3cebd?cid=63a77ff40e794a12ae216a18befde98c,Secret and Glass Gardens,2,"Jennifer Higdon,Mary Kathleen Ernst",Keeping Time,0.982,0.298,579667,0.125,0.879,7,0.123,-22.089,0,0.0398,87.08,0.0358
classical,Jennifer Higdon - Composer Weekly #071,37i9dQZF1DXc26kXinU9Fn,00kjpjmrahghvbIGlDFocf,spotify:track:00kjpjmrahghvbIGlDFocf,https://p.scdn.co/mp3-preview/33a225573023c43cf7b518dfd2a82350c4257a30?cid=63a77ff40e794a12ae216a18befde98c,All Things Majestic: II. String Lake,8,"Jennifer Higdon,Nashville Symphony Orchestra,Giancarlo Guerrero","Higdon: All Things Majestic, Viola Concerto & Oboe Concerto (Live)",0.631,0.127,426827,0.0129,0.0243,0,0.0762,-36.422,0,0.0407,87.024,0.0382
classical,Jennifer Higdon - Composer Weekly #071,37i9dQZF1DXc26kXinU9Fn,32wWz1yRz5uRqkBP0aco6O,spotify:track:32wWz1yRz5uRqkBP0aco6O,,Echo Dash,7,"Jennifer Higdon,Hilary Hahn,Cory Smythe",In 27 Pieces: the Hilary Hahn Encores,0.956,0.454,136933,0.344,0.00281,5,0.127,-18.747,1,0.0426,120.987,0.884
classical,Jennifer Higdon - Composer Weekly #071,37i9dQZF1DXc26kXinU9Fn,0h9R4B3n19n4cjRBAQEAJi,spotify:track:0h9R4B3n19n4cjRBAQEAJi,https://p.scdn.co/mp3-preview/3ca447a9c7a7d14b96f118212ad3d4b304377965?cid=63a77ff40e794a12ae216a18befde98c,Short Stories: Summer's Eve,2,"Jennifer Higdon,Prism Quartet",The Curtis Project,0.994,0.164,285798,0.0374,0.847,1,0.126,-20.629,1,0.0468,66.969,0.058
classical,Jennifer Higdon - Composer Weekly #071,37i9dQZF1DXc26kXinU9Fn,4QUh9SroWUmKqyKGXOjH02,spotify:track:4QUh9SroWUmKqyKGXOjH02,https://p.scdn.co/mp3-preview/09115c7ab7837717796e08503649e22556271653?cid=63a77ff40e794a12ae216a18befde98c,Southern Harmony: Southern Harmony I. Soft Summers,2,"Jennifer Higdon,Ying Quartet",United States: LifeMusic2,0.758,0.151,353093,0.175,0.728,7,0.109,-17.448,1,0.0402,86.519,0.0378
classical,Jennifer Higdon - Composer Weekly #071,37i9dQZF1DXc26kXinU9Fn,4tAwLFW7fSzrqeccMRop9h,spotify:track:4tAwLFW7fSzrqeccMRop9h,https://p.scdn.co/mp3-preview/773486408ef3318b90faa0a9c996bbe9ffb7f510?cid=63a77ff40e794a12ae216a18befde98c,Sky Quartet: I. Sky Rising,4,"Jennifer Higdon,Serafin String Quartet",Higdon: Early Chamber Works,0.967,0.541,266867,0.205,0.379,10,0.188,-19.036,0,0.0585,91.852,0.253
classical,Jennifer Higdon - Composer Weekly #071,37i9dQZF1DXc26kXinU9Fn,0Ox0qe7JuYHdJS0WxPuugx,spotify:track:0Ox0qe7JuYHdJS0WxPuugx,https://p.scdn.co/mp3-preview/e5ea5f2e0d9976c3749517540340b8e0be3150a1?cid=63a77ff40e794a12ae216a18befde98c,Impressions: II. Quiet Art,4,"Jennifer Higdon,Cypress String Quartet",Higdon: Piano Trio / Voices / Impressions,0.932,0.143,486013,0.0264,0.0474,9,0.0925,-24.628,0,0.0447,96.189,0.0392
classical,Jennifer Higdon - Composer Weekly #071,37i9dQZF1DXc26kXinU9Fn,6bYl5NXmXVeJA9F5xVCXGO,spotify:track:6bYl5NXmXVeJA9F5xVCXGO,https://p.scdn.co/mp3-preview/5d2356d1ec63adc4e66a9d79f857bac6f5e42fdc?cid=63a77ff40e794a12ae216a18befde98c,Fanfare Ritmico,3,"Jennifer Higdon,United States Air Force Band,Larry H. Lang",American Voices,0.942,0.381,414760,0.369,0.823,0,0.0779,-17.002,0,0.0443,134.7,0.145
classical,Jennifer Higdon - Composer Weekly #071,37i9dQZF1DXc26kXinU9Fn,0aBzBIawGkgioQDjaPaSNK,spotify:track:0aBzBIawGkgioQDjaPaSNK,https://p.scdn.co/mp3-preview/378e0062883b9811a06be001c2bfb3c047767cc0?cid=63a77ff40e794a12ae216a18befde98c,Splendid Wood,1,"Jennifer Higdon,New England Conservatory Percussion Ensemble","American Music for Percussion, Vol. 1",0.985,0.379,689880,0.167,0.894,4,0.142,-21.843,0,0.0449,89.98,0.248
classical,Jennifer Higdon - Composer Weekly #071,37i9dQZF1DXc26kXinU9Fn,71chbVjmxuDg9BRFzhkWQk,spotify:track:71chbVjmxuDg9BRFzhkWQk,https://p.scdn.co/mp3-preview/2f8807061bc4df5c836b032e6c3ea011d5a5fe6a?cid=63a77ff40e794a12ae216a18befde98c,Legacy,5,"Jennifer Higdon,Tim Fain,Pei-Yao Wang",River of Light: American Short Works for Violin and Piano,0.947,0.166,380587,0.0617,0.102,5,0.0669,-23.829,1,0.0457,73.071,0.0385
classical,Jennifer Higdon - Composer Weekly #071,37i9dQZF1DXc26kXinU9Fn,5MnJAlPaXudeWmGifbYwrD,spotify:track:5MnJAlPaXudeWmGifbYwrD,https://p.scdn.co/mp3-preview/cd135d836ca79b7d3db65987d5fd0a0696344cfb?cid=63a77ff40e794a12ae216a18befde98c,Zaka,4,"Jennifer Higdon,eighth blackbird",Eighth Blackbird: Strange Imaginary Animals,0.905,0.362,775080,0.356,0.15,0,0.0964,-16.048,1,0.066,152.155,0.0767
classical,Jennifer Higdon - Composer Weekly #071,37i9dQZF1DXc26kXinU9Fn,6URs1yln5CrdSJWPfYQENE,spotify:track:6URs1yln5CrdSJWPfYQENE,https://p.scdn.co/mp3-preview/ea19b30f2e75b62902e5ab3a00563ae3577b41a8?cid=63a77ff40e794a12ae216a18befde98c,Viola Concerto: I. —,9,"Jennifer Higdon,Roberto Díaz,Nashville Symphony Orchestra,Giancarlo Guerrero","Higdon: All Things Majestic, Viola Concerto & Oboe Concerto (Live)",0.968,0.114,554840,0.0663,0.84,0,0.0843,-26.082,1,0.0493,67.964,0.0769
classical,Jennifer Higdon - Composer Weekly #071,37i9dQZF1DXc26kXinU9Fn,05rFGWXjNbyq4F5mjfVjFI,spotify:track:05rFGWXjNbyq4F5mjfVjFI,https://p.scdn.co/mp3-preview/9b3effd2df96695b970819e4fa4fa376283aa9e1?cid=63a77ff40e794a12ae216a18befde98c,On the Death of the Righteous,1,"Jennifer Higdon,Mendelssohn Club of Philadelphia,Chamber Orchestra Of Philadelphia,Alan Harler",Metamorphosis,0.947,0.228,749160,0.263,0.277,0,0.113,-18.763,1,0.0439,104.006,0.0818
classical,Jennifer Higdon - Composer Weekly #071,37i9dQZF1DXc26kXinU9Fn,3DTNUQjI5e5u2eGcLTjGXF,spotify:track:3DTNUQjI5e5u2eGcLTjGXF,https://p.scdn.co/mp3-preview/ec9ae8ff4a3824059dd70e3d6b62869cb1d09bc9?cid=63a77ff40e794a12ae216a18befde98c,Mysterium,1,"Jennifer Higdon,Emory Symphonic Winds,Scott Stewart",In the World of Spirits,0.99,0.157,339573,0.0156,0.921,7,0.0743,-27.596,1,0.0395,134.359,0.0341
classical,Jennifer Higdon - Composer Weekly #071,37i9dQZF1DXc26kXinU9Fn,1MxxQHmzyEYdjQNAac7fTE,spotify:track:1MxxQHmzyEYdjQNAac7fTE,https://p.scdn.co/mp3-preview/e623bfc6d4b1dd3fe55430eebbb5d7edcd2a478a?cid=63a77ff40e794a12ae216a18befde98c,Clarinet Sonata: I. Calmly,1,"Jennifer Higdon,Kimberly Cole Luevano,Midori Koga",Atonement,0.987,0.285,505667,0.0311,0.546,2,0.0878,-21.956,0,0.0419,136.496,0.0685
classical,Jennifer Higdon - Composer Weekly #071,37i9dQZF1DXc26kXinU9Fn,6Ik7O1hAqE232rCT96rGfz,spotify:track:6Ik7O1hAqE232rCT96rGfz,https://p.scdn.co/mp3-preview/0166942f5f39cc1e0ae101a914b0199b14bf48a7?cid=63a77ff40e794a12ae216a18befde98c,A Quiet Moment,1,"Jennifer Higdon,Essential Voices USA,Judith Clurman",Celebrating the American Spirit,0.993,0.219,128787,0.071,0.197,9,0.115,-23.486,1,0.0545,67.939,0.0667
classical,Jennifer Higdon - Composer Weekly #071,37i9dQZF1DXc26kXinU9Fn,7FiYxddshVvOy852rIAB6M,spotify:track:7FiYxddshVvOy852rIAB6M,https://p.scdn.co/mp3-preview/3e11fd9ea2925e5d169629f192daa159376e9b6d?cid=63a77ff40e794a12ae216a18befde98c,Sonata for Alto Sax and Piano: I.-,2,"Jennifer Higdon,Scott Turpen,Theresa Bogard",Jennifer Higdon: Chamber Music,0.993,0.154,567720,0.0921,0.772,2,0.0823,-20.104,0,0.0432,72.575,0.0376
classical,Jennifer Higdon - Composer Weekly #071,37i9dQZF1DXc26kXinU9Fn,7r4aHczciRqXB3t3bvvBst,spotify:track:7r4aHczciRqXB3t3bvvBst,https://p.scdn.co/mp3-preview/107c571b05788a8f5ace04cb6051d721397ffbbc?cid=63a77ff40e794a12ae216a18befde98c,Zones,1,"Jennifer Higdon,Philadelphia Percussion Project",Zones,0.696,0.389,1018493,0.466,0.486,4,0.0428,-19.541,0,0.134,120.221,0.0376
classical,Jennifer Higdon - Composer Weekly #071,37i9dQZF1DXc26kXinU9Fn,7loEZbJkEPt7poONTppi7J,spotify:track:7loEZbJkEPt7poONTppi7J,https://p.scdn.co/mp3-preview/c9db0698eaed27ddd54343a98bb9ec6a534beb62?cid=63a77ff40e794a12ae216a18befde98c,"Cold Mountain, Act II: Act II Scene 10: Our beautiful country (Chorus of the Dead, Ruby, Ada)",2,"Jennifer Higdon,Emily Fons,Isabel Leonard,Santa Fe Opera Chorus,Santa Fe Opera Orchestra,Miguel Harth-Bedoya",Higdon: Cold Mountain,0.967,0.228,257453,0.141,0.0201,8,0.104,-23.645,1,0.0438,90.246,0.208
classical,Jennifer Higdon - Composer Weekly #071,37i9dQZF1DXc26kXinU9Fn,1MJ8Ry85GImx4LwChmfzDG,spotify:track:1MJ8Ry85GImx4LwChmfzDG,https://p.scdn.co/mp3-preview/0451d8f6b10449188bfe3a9e5b47740d5c5ed5fe?cid=63a77ff40e794a12ae216a18befde98c,An Exaltation of Larks,12,"Jennifer Higdon,Blair McMillen,Gary Graffman,Todd Palmer,The Lark Quartet",An Exaltation of Larks,0.973,0.267,965027,0.155,0.538,10,0.111,-17.652,0,0.0449,140.965,0.104
classical,Jennifer Higdon - Composer Weekly #071,37i9dQZF1DXc26kXinU9Fn,5gly22XrmIBUtoNssXVU9K,spotify:track:5gly22XrmIBUtoNssXVU9K,,Higdon: Dooryard Bloom (World Premiere Recording),0,"Jennifer Higdon,Robert Spano,Atlanta Symphony Orchestra",Transmigration,0.966,0.216,1401667,0.0729,0.03,10,0.0834,-26.079,0,0.0589,80.939,0.0603
classical,Jennifer Higdon - Composer Weekly #071,37i9dQZF1DXc26kXinU9Fn,2XRScttatt4035dKnirTq3,spotify:track:2XRScttatt4035dKnirTq3,https://p.scdn.co/mp3-preview/11f379bfc6b80369943cb8cc6eb22cb581e0e5fc?cid=63a77ff40e794a12ae216a18befde98c,On A Wire,1,"Jennifer Higdon,eighth blackbird,Atlanta Symphony Orchestra,Robert Spano",Higdon: On a Wire - Gandolfi: Q.E.D.: Engaging Richard Feynman,0.94,0.351,1528025,0.231,0.807,1,0.0819,-16.484,1,0.0401,129.717,0.099
