category_id,playlist_name,playlist_id,track_id,track_uri,track_preview_url,track_name,track_popularity,artist_name,album_name,acousticness,danceability,duration_ms,energy,instrumentalness,key,liveness,loudness,mode,speechiness,tempo,valence
afro,Juju Masters,37i9dQZF1DX6b6kXUCiUJb,5vSaGgoEO20SPhxTkdr17G,spotify:track:5vSaGgoEO20SPhxTkdr17G,https://p.scdn.co/mp3-preview/c65a668794f928b29f6c134667ac5b9519faeca2?cid=63a77ff40e794a12ae216a18befde98c,It's Time For Juju Music,15,"Admiral Dele Abiodun,His Top Hitters International","Nigeria 70 - Sweet Times: Afro-Funk, Highlife & Juju from 1970s Lagos",0.196,0.603,909064,0.909,0.705,11,0.0991,-7.11,0,0.0599,122.699,0.87
afro,Juju Masters,37i9dQZF1DX6b6kXUCiUJb,4Eq2VdKph12OIZ92EgZMio,spotify:track:4Eq2VdKph12OIZ92EgZMio,https://p.scdn.co/mp3-preview/19d7c16b1df829bd43e0aad1f9819a8ad9a4e55f?cid=63a77ff40e794a12ae216a18befde98c,Ajo Ni Mowa,18,Chief Commander Ebenezer Obey,Evergreen Songs Origina 15,0.89,0.783,163973,0.615,0.232,10,0.176,-15.094,1,0.0771,102.366,0.929
afro,Juju Masters,37i9dQZF1DX6b6kXUCiUJb,65c6aW1LnfahPn6I8yfEuc,spotify:track:65c6aW1LnfahPn6I8yfEuc,https://p.scdn.co/mp3-preview/55dce4f84c15996ddb0eb1bf6d08fa2f1bc5b8a6?cid=63a77ff40e794a12ae216a18befde98c,Sunny Ti De,13,King Sunny Ade,The Best of the Classic Years,0.0143,0.499,330960,0.906,0.795,1,0.0734,-7.239,1,0.0645,104.352,0.921
afro,Juju Masters,37i9dQZF1DX6b6kXUCiUJb,71NA0nG2xLBilh4vcKybAC,spotify:track:71NA0nG2xLBilh4vcKybAC,https://p.scdn.co/mp3-preview/47c78cbc0ef9b4c22701263f48c022df7473f68b?cid=63a77ff40e794a12ae216a18befde98c,Ori Mi Ma Je Nte,15,Chief Commander Ebenezer Obey,Evergreen Songs Original 12,0.214,0.467,1164333,0.623,0.00186,2,0.337,-12.451,1,0.0432,97.64,0.92
afro,Juju Masters,37i9dQZF1DX6b6kXUCiUJb,1MHEAsDbl87dfANewd2iax,spotify:track:1MHEAsDbl87dfANewd2iax,,Ori Mmi Maje N'te (4 Song Medley),0,King Sunny Ade,Gems From the Classic Years (1967-1974),0.14,0.524,1071800,0.647,0.00192,1,0.06,-12.22,1,0.0998,100.445,0.862
afro,Juju Masters,37i9dQZF1DX6b6kXUCiUJb,7yDmN4ygRPPzhT0vwDDvYU,spotify:track:7yDmN4ygRPPzhT0vwDDvYU,https://p.scdn.co/mp3-preview/527a60021fc5ec56d983c4bbc968c18685014d8f?cid=63a77ff40e794a12ae216a18befde98c,"Ija Pari, Pt. 1",15,Chief Commander Ebenezer Obey,Ija Pari,0.633,0.784,283840,0.684,0.111,5,0.101,-5.465,1,0.053,122.315,0.779
afro,Juju Masters,37i9dQZF1DX6b6kXUCiUJb,7eQE0zygEXuwMhS2q0IZax,spotify:track:7eQE0zygEXuwMhS2q0IZax,,Mo Beru Agba,16,King Sunny Ade,Juju Music,0.154,0.572,207267,0.408,0.00409,10,0.116,-18.481,0,0.0817,101.582,0.816
afro,Juju Masters,37i9dQZF1DX6b6kXUCiUJb,19wjgrEEuSFsgCuXgoUibw,spotify:track:19wjgrEEuSFsgCuXgoUibw,https://p.scdn.co/mp3-preview/c890f8928e9fce7ba955f6cdf9075d161ba4a820?cid=63a77ff40e794a12ae216a18befde98c,Easy Motion Tourist,9,Fatai Rolling Dollar,Returns,0.0257,0.673,260813,0.883,1.2e-05,8,0.245,-6.193,1,0.0967,90.046,0.866
afro,Juju Masters,37i9dQZF1DX6b6kXUCiUJb,7LLyEy0GVYBpziR5O06ZZv,spotify:track:7LLyEy0GVYBpziR5O06ZZv,,Ja Funmi,27,King Sunny Ade,Juju Music,0.369,0.528,428800,0.456,0.000669,10,0.0675,-15.22,0,0.0552,106.109,0.82
afro,Juju Masters,37i9dQZF1DX6b6kXUCiUJb,6O3jggcZey498goeEfHCjA,spotify:track:6O3jggcZey498goeEfHCjA,https://p.scdn.co/mp3-preview/9e7f26f2486a82859bad67cef4ee736d69cc0d53?cid=63a77ff40e794a12ae216a18befde98c,Mo Tun Gbede,13,Chief Commander Ebenezer Obey,Evergreen Songs Original 3,0.0345,0.572,1147480,0.681,0.0182,0,0.169,-12.088,1,0.0566,118.397,0.75
afro,Juju Masters,37i9dQZF1DX6b6kXUCiUJb,3pFVnwh9vK7pUSiA2ZRlub,spotify:track:3pFVnwh9vK7pUSiA2ZRlub,https://p.scdn.co/mp3-preview/8225073d4b15de33ceb1c8c731310a6dccb3dd2d?cid=63a77ff40e794a12ae216a18befde98c,"Shinamania, Pt. 1",29,Sir Shina Peters,Shinamania,0.1,0.602,1002907,0.887,9.16e-05,9,0.0571,-10.127,1,0.254,158.236,0.866
afro,Juju Masters,37i9dQZF1DX6b6kXUCiUJb,3Ia0cLshHsiT2dx0I5MuRY,spotify:track:3Ia0cLshHsiT2dx0I5MuRY,https://p.scdn.co/mp3-preview/284ba32f0b4dcca854046d9fde11a0526399e310?cid=63a77ff40e794a12ae216a18befde98c,Mo Sorire (I Have Been Blessed),14,I.K. Dairo,Ashiko,0.667,0.594,379973,0.499,0.481,5,0.0562,-19.132,1,0.0833,101.058,0.965
afro,Juju Masters,37i9dQZF1DX6b6kXUCiUJb,0chuxuOcL6oKVcroFT4mtR,spotify:track:0chuxuOcL6oKVcroFT4mtR,,365 Is My Number/ The Message,17,King Sunny Ade,Juju Music,0.343,0.516,496733,0.511,0.202,7,0.174,-15.797,1,0.0502,120.724,0.68
afro,Juju Masters,37i9dQZF1DX6b6kXUCiUJb,3ft9sMbTsKZtunLXjUnHXp,spotify:track:3ft9sMbTsKZtunLXjUnHXp,https://p.scdn.co/mp3-preview/138a54e77f1731900e59152936d154aa131aa0b7?cid=63a77ff40e794a12ae216a18befde98c,Who Deti Dey / Oba Ni Para / Taj Mahal / Dei Nbe Fernandez / Yoruba Tenis Andn (5 Song Medley),8,Tunde Nightingale,The Best of Tunde Nightingale,0.768,0.648,1065173,0.678,0.0167,11,0.0776,-11.424,1,0.0801,109.585,0.91
afro,Juju Masters,37i9dQZF1DX6b6kXUCiUJb,281tnU6RD0BZbn33n6CbzQ,spotify:track:281tnU6RD0BZbn33n6CbzQ,https://p.scdn.co/mp3-preview/a85a01a3302d5f2d9186613567a0c2345f905d01?cid=63a77ff40e794a12ae216a18befde98c,"The Horse, The Man & The Son",17,Chief Commander Ebenezer Obey,Evergreen Songs Original 1,0.247,0.673,1173827,0.443,0.00166,0,0.259,-15.751,1,0.0546,126.474,0.673
afro,Juju Masters,37i9dQZF1DX6b6kXUCiUJb,5vhdGNVEIGZAET0t7DZHzv,spotify:track:5vhdGNVEIGZAET0t7DZHzv,,Synchro Feelings - Ilako,15,King Sunny Ade,Synchro System,0.0536,0.554,336533,0.667,0.458,10,0.1,-16.078,0,0.0693,113.457,0.896
afro,Juju Masters,37i9dQZF1DX6b6kXUCiUJb,59e8tszNNNgkvQGNuolAe8,spotify:track:59e8tszNNNgkvQGNuolAe8,https://p.scdn.co/mp3-preview/0a38d4824eb9cfbe8d538ebed2e3a6b1c1442b68?cid=63a77ff40e794a12ae216a18befde98c,Sisi Jaiye Jaiye,8,Fatai Rolling Dollar,Returns,0.32,0.659,317440,0.791,0.000121,9,0.207,-4.878,1,0.0671,139.166,0.922
afro,Juju Masters,37i9dQZF1DX6b6kXUCiUJb,3ngqohyDWtxo0qTbsIISAH,spotify:track:3ngqohyDWtxo0qTbsIISAH,,Iku Ye Lori Mi,0,"I.K. Dairo,His Blues Spot Band",Taxi Driver,0.639,0.475,190747,0.768,0.0,9,0.119,-1.853,0,0.038,147.12,0.781
afro,Juju Masters,37i9dQZF1DX6b6kXUCiUJb,264GDQhJPQijTMKH1lwM2y,spotify:track:264GDQhJPQijTMKH1lwM2y,https://p.scdn.co/mp3-preview/0b1b1f08cd02809bd9ae26ebb98f204b7f863c1b?cid=63a77ff40e794a12ae216a18befde98c,Anjade Loni Eledumare Medley (Part 1),14,Chief Commander Ebenezer Obey,Celebration,0.311,0.569,1226013,0.514,0.00047,6,0.222,-11.529,1,0.0494,119.976,0.757
afro,Juju Masters,37i9dQZF1DX6b6kXUCiUJb,6IqKmZd43Xw7jHCekXY1bO,spotify:track:6IqKmZd43Xw7jHCekXY1bO,,Sunny Ti De Ariya,16,King Sunny Ade,Juju Music,0.0609,0.621,226200,0.692,0.0131,10,0.203,-13.059,0,0.0488,120.706,0.83
afro,Juju Masters,37i9dQZF1DX6b6kXUCiUJb,3tvzSjNwYHp9FsGi85by0u,spotify:track:3tvzSjNwYHp9FsGi85by0u,https://p.scdn.co/mp3-preview/91d8b27f0b094b1a9514fcb8d4cae03fa5983b28?cid=63a77ff40e794a12ae216a18befde98c,Ota Mi Dehin Lehin Mi Medley (Part 2),7,Chief Commander Ebenezer Obey,Ota Mi Dehin Lehin Mi,0.229,0.612,1060640,0.523,0.015,1,0.214,-13.452,1,0.0863,116.426,0.901
afro,Juju Masters,37i9dQZF1DX6b6kXUCiUJb,10yE38vuj8pU3QwVVJZdp7,spotify:track:10yE38vuj8pU3QwVVJZdp7,,Aguntan Mi,0,"I.K. Dairo,His Blues Spot Band",Taxi Driver,0.313,0.617,173267,0.842,0.000231,8,0.263,-0.914,0,0.0474,109.822,0.878
afro,Juju Masters,37i9dQZF1DX6b6kXUCiUJb,783Fkbaj51Y3DIHKVfdBY1,spotify:track:783Fkbaj51Y3DIHKVfdBY1,https://p.scdn.co/mp3-preview/71b222d78cebf10e3070ff7321628bcf47377c10?cid=63a77ff40e794a12ae216a18befde98c,Oluwa Ni Oluso Aguntan Mi Medley (Part 1),4,Chief Commander Ebenezer Obey,Oluwa Ni Oluso Aguntan Mi,0.34,0.501,1085440,0.682,0.00239,0,0.133,-8.871,1,0.0567,104.681,0.892
afro,Juju Masters,37i9dQZF1DX6b6kXUCiUJb,2kymrnjAu2H6XmIBBSJJHp,spotify:track:2kymrnjAu2H6XmIBBSJJHp,https://p.scdn.co/mp3-preview/3335ef07b30696021aab79b7561472e73eaad2d3?cid=63a77ff40e794a12ae216a18befde98c,Ganja II Medley 1,13,Dr. Orlando Owoh and His African Kenneries Beats International,Ganja Vol.2,0.721,0.596,1105293,0.643,0.0011,7,0.18,-7.161,0,0.107,115.702,0.756
afro,Juju Masters,37i9dQZF1DX6b6kXUCiUJb,1wDwfhJPl6NidDXTXLRF6P,spotify:track:1wDwfhJPl6NidDXTXLRF6P,https://p.scdn.co/mp3-preview/78232bff2a041b0248e56daf203c0e696b0ae8d9?cid=63a77ff40e794a12ae216a18befde98c,Orisun Iye,34,King Sunny Ade,E Dide [Get Up],0.451,0.673,178267,0.578,0.104,7,0.26,-12.335,1,0.0519,115.751,0.928
afro,Juju Masters,37i9dQZF1DX6b6kXUCiUJb,12y457ZxXHD4kS34LBK04X,spotify:track:12y457ZxXHD4kS34LBK04X,https://p.scdn.co/mp3-preview/ca466b2f1b656c947a8f4b634fad425613ca866a?cid=63a77ff40e794a12ae216a18befde98c,Salome (A Women's Name),19,I.K. Dairo,Ashiko,0.452,0.525,625760,0.41,0.194,0,0.0399,-20.835,1,0.0697,146.801,0.893
afro,Juju Masters,37i9dQZF1DX6b6kXUCiUJb,6PN9fKQ6MdG0ZPdCxGc0wE,spotify:track:6PN9fKQ6MdG0ZPdCxGc0wE,https://p.scdn.co/mp3-preview/b446d1c304001369eb64957f2e028aab839d884f?cid=63a77ff40e794a12ae216a18befde98c,Africa And America - Live,2,King Sunny Ade,Live Live Juju,0.066,0.545,317760,0.511,0.533,7,0.328,-16.863,1,0.041,74.551,0.902
afro,Juju Masters,37i9dQZF1DX6b6kXUCiUJb,7LnoC93HpoWZnZzE75yoiV,spotify:track:7LnoC93HpoWZnZzE75yoiV,https://p.scdn.co/mp3-preview/43041b02228158d1c0acb47e336a3172ba45c15c?cid=63a77ff40e794a12ae216a18befde98c,Olomi Gbo Temi,15,Chief Commander Ebenezer Obey,Evergreen Songs Original 1,0.209,0.607,183320,0.776,0.0448,2,0.191,-10.956,1,0.0536,92.658,0.969
afro,Juju Masters,37i9dQZF1DX6b6kXUCiUJb,3aEEfw8PNGpqdWFKOMPeJN,spotify:track:3aEEfw8PNGpqdWFKOMPeJN,https://p.scdn.co/mp3-preview/b2610fbc24276bdce748e52e282cbc8a93b8f9ab?cid=63a77ff40e794a12ae216a18befde98c,Edumare Soro Mi Dayo Medley (Part 1),15,Chief Commander Ebenezer Obey,Board Members,0.339,0.611,1128907,0.639,0.0035,0,0.0606,-9.206,1,0.0661,121.991,0.826
afro,Juju Masters,37i9dQZF1DX6b6kXUCiUJb,2jZQ4tNLP0tgzYXbdtwPdi,spotify:track:2jZQ4tNLP0tgzYXbdtwPdi,https://p.scdn.co/mp3-preview/a1381585dd8cabc420bb44605c49dc0783158c20?cid=63a77ff40e794a12ae216a18befde98c,Merciful God,26,King Sunny Ade,Seven Degrees North,0.538,0.785,396933,0.898,0.283,7,0.337,-7.508,1,0.044,134.464,0.941
afro,Juju Masters,37i9dQZF1DX6b6kXUCiUJb,2I10fPjb0qae4IMDVBs7gk,spotify:track:2I10fPjb0qae4IMDVBs7gk,https://p.scdn.co/mp3-preview/03ca33735a69c15fdc68c3a263d7cb5b227376f5?cid=63a77ff40e794a12ae216a18befde98c,Ota Mi Dehin Lehin Mi Medley (Part 1),14,Chief Commander Ebenezer Obey,Ota Mi Dehin Lehin Mi,0.423,0.564,1142360,0.474,0.075,1,0.365,-14.387,1,0.0663,109.854,0.852
afro,Juju Masters,37i9dQZF1DX6b6kXUCiUJb,0bZi7uJsYdIXOtzZAeO6pr,spotify:track:0bZi7uJsYdIXOtzZAeO6pr,,Samba/ E Falaba Lewe,12,King Sunny Ade,Juju Music,0.0919,0.506,487333,0.519,0.000251,11,0.701,-15.91,1,0.0496,103.158,0.666
afro,Juju Masters,37i9dQZF1DX6b6kXUCiUJb,3IFU7TUuYdLX4pm3Z7hgu9,spotify:track:3IFU7TUuYdLX4pm3Z7hgu9,,Nipa Ife Olugbala Medley,0,"I.K. Dairo,His Blues Spot Band",Nipa Ife Olugbala,0.402,0.394,1130120,0.971,0.0467,7,0.349,-2.345,1,0.202,125.053,0.708
afro,Juju Masters,37i9dQZF1DX6b6kXUCiUJb,6rPLpmueqA5SRhVNzjVT7s,spotify:track:6rPLpmueqA5SRhVNzjVT7s,https://p.scdn.co/mp3-preview/69b442de818416edecd3855de908c5bd496bff84?cid=63a77ff40e794a12ae216a18befde98c,Medley: E Ba Dupe F'oluwa / Sunny Loni Ariya - Live,2,King Sunny Ade,Live Live Juju,0.459,0.477,583733,0.463,0.165,7,0.998,-18.983,1,0.0484,131.303,0.643
afro,Juju Masters,37i9dQZF1DX6b6kXUCiUJb,6Hu87ExMR186aWfq7PaGYz,spotify:track:6Hu87ExMR186aWfq7PaGYz,https://p.scdn.co/mp3-preview/be288fe8ea504cbafe5ecfcc331f77c6980bedff?cid=63a77ff40e794a12ae216a18befde98c,Eto Igbeyawo Medley (Part 1),13,Chief Commander Ebenezer Obey,What God Has joined Together,0.155,0.557,1100040,0.53,0.0021,6,0.213,-11.152,1,0.0406,118.826,0.754
afro,Juju Masters,37i9dQZF1DX6b6kXUCiUJb,5AfVjTkvY9CFYUX6mkGCEb,spotify:track:5AfVjTkvY9CFYUX6mkGCEb,https://p.scdn.co/mp3-preview/48403a38cc466b5dd5fbd8b64032d86ea8cc45e3?cid=63a77ff40e794a12ae216a18befde98c,Isele Yi Leju / Asala Malikun (2 Song Medley),7,King Sunny Ade,Isele Yi Leju,0.42,0.532,1038733,0.32,0.524,1,0.382,-23.781,1,0.042,113.499,0.66
afro,Juju Masters,37i9dQZF1DX6b6kXUCiUJb,0hWU5u4RnVCso4EjW9KGmY,spotify:track:0hWU5u4RnVCso4EjW9KGmY,https://p.scdn.co/mp3-preview/7f82c6f5d6c173beb1094ed06b0983f6f543655e?cid=63a77ff40e794a12ae216a18befde98c,Paulina,11,Chief Commander Ebenezer Obey,Obey In the 60's (Vol 1),0.877,0.593,170200,0.772,0.365,4,0.137,-5.647,1,0.0407,169.258,0.982
afro,Juju Masters,37i9dQZF1DX6b6kXUCiUJb,1U85T4xoqO5DYDosbcbSNR,spotify:track:1U85T4xoqO5DYDosbcbSNR,https://p.scdn.co/mp3-preview/e196cb80be48dd9e41622faa299ddd87b9d75f1d?cid=63a77ff40e794a12ae216a18befde98c,Kira Kira - Live,2,King Sunny Ade,Live Live Juju,0.299,0.535,400107,0.574,0.00309,11,0.364,-19.695,0,0.0676,133.837,0.679
afro,Juju Masters,37i9dQZF1DX6b6kXUCiUJb,4EORTnx7RmSs2QJgvr0UsY,spotify:track:4EORTnx7RmSs2QJgvr0UsY,https://p.scdn.co/mp3-preview/70541f56738a02b6c895d7db510c55c012e82320?cid=63a77ff40e794a12ae216a18befde98c,Opening Medley: Drums / Gbe Mi Ro - Live,2,King Sunny Ade,Live Live Juju,0.268,0.515,597667,0.476,0.498,7,0.686,-21.473,1,0.0503,138.156,0.616
afro,Juju Masters,37i9dQZF1DX6b6kXUCiUJb,6PyA7e3noCILMPZLxtQTsO,spotify:track:6PyA7e3noCILMPZLxtQTsO,https://p.scdn.co/mp3-preview/fb19096a39c980cf443f3f6dab73a102f8d9b01a?cid=63a77ff40e794a12ae216a18befde98c,Fona Mi Han Mi (Show My Me Path),9,I.K. Dairo,Ashiko,0.692,0.578,493733,0.22,0.000851,11,0.205,-22.046,1,0.259,89.739,0.892
afro,Juju Masters,37i9dQZF1DX6b6kXUCiUJb,44q65hPu06DppPoqHmBfb3,spotify:track:44q65hPu06DppPoqHmBfb3,https://p.scdn.co/mp3-preview/c882233d4250b27d8d6bc0d374ac84d83e49b668?cid=63a77ff40e794a12ae216a18befde98c,Gbebe Mi Oluwa,14,Chief Commander Ebenezer Obey,Evergreen Songs Original 1,0.106,0.713,180987,0.525,0.0646,9,0.0469,-13.467,1,0.0875,115.863,0.934
afro,Juju Masters,37i9dQZF1DX6b6kXUCiUJb,5KKA2xfuxPgOpSlCuBpOAQ,spotify:track:5KKA2xfuxPgOpSlCuBpOAQ,https://p.scdn.co/mp3-preview/1917e5710091b5fdc0597708d260c0c3d0de10ee?cid=63a77ff40e794a12ae216a18befde98c,Appreciation,24,King Sunny Ade,Seven Degrees North,0.326,0.781,409027,0.913,0.823,7,0.215,-6.676,1,0.0441,124.416,0.924
afro,Juju Masters,37i9dQZF1DX6b6kXUCiUJb,5r32TDOEXtBzdLqnSlMoRR,spotify:track:5r32TDOEXtBzdLqnSlMoRR,https://p.scdn.co/mp3-preview/e86c25032fad65a49f44567874ae83d85db75ddf?cid=63a77ff40e794a12ae216a18befde98c,Ori Mi Koni Buru,14,Chief Commander Ebenezer Obey,Evergreen Songs Original 1,0.832,0.682,209400,0.588,0.458,3,0.118,-15.387,1,0.0516,110.706,0.948
afro,Juju Masters,37i9dQZF1DX6b6kXUCiUJb,3dvKQwFDsbdZ2dQuI07BlI,spotify:track:3dvKQwFDsbdZ2dQuI07BlI,https://p.scdn.co/mp3-preview/b96b1f2687fc1cf63799c35f13b37ee14c22664b?cid=63a77ff40e794a12ae216a18befde98c,Enia Lasan,17,Chief Commander Ebenezer Obey,Evergreen Songs Original 1,0.0817,0.577,370320,0.73,0.00475,1,0.241,-10.932,1,0.0421,124.076,0.961
afro,Juju Masters,37i9dQZF1DX6b6kXUCiUJb,0Gk4m1yedgsAMrFFGe9nIV,spotify:track:0Gk4m1yedgsAMrFFGe9nIV,https://p.scdn.co/mp3-preview/89b913718f6066a7698667814d7cb3a260971275?cid=63a77ff40e794a12ae216a18befde98c,Lanre Badmus,8,Chief Commander Ebenezer Obey,Evergreen Songs Original 1,0.0882,0.509,361293,0.602,0.00757,1,0.213,-12.453,1,0.0581,116.048,0.936
afro,Juju Masters,37i9dQZF1DX6b6kXUCiUJb,6mwRcx8kb7pGz54Iw9C0CJ,spotify:track:6mwRcx8kb7pGz54Iw9C0CJ,https://p.scdn.co/mp3-preview/25c4a1050241aaa0fe1484444ebfbb8b392b994d?cid=63a77ff40e794a12ae216a18befde98c,Adam and Eve Medley (Part 1),4,Chief Commander Ebenezer Obey,Adam and Eve,0.588,0.514,1236973,0.484,0.18,11,0.205,-14.286,0,0.0492,91.995,0.831
afro,Juju Masters,37i9dQZF1DX6b6kXUCiUJb,1vzSUbesgBJ5Y60aqQUf4F,spotify:track:1vzSUbesgBJ5Y60aqQUf4F,https://p.scdn.co/mp3-preview/451ba5db560a0362a97121c863afeece43d7d0b6?cid=63a77ff40e794a12ae216a18befde98c,Won Kere Si Number,14,Fatai Rolling Dollar,Won Kere Si Number,0.114,0.825,284147,0.813,1.67e-05,1,0.106,-5.895,1,0.13,102.055,0.894
afro,Juju Masters,37i9dQZF1DX6b6kXUCiUJb,4dcNp0ojOEFs1bHJTM7xRe,spotify:track:4dcNp0ojOEFs1bHJTM7xRe,https://p.scdn.co/mp3-preview/7d0cac204e693d701d24af8f945c325eb6b0d8f7?cid=63a77ff40e794a12ae216a18befde98c,Eye To Ma Ba Kowe Ke,4,Chief Commander Ebenezer Obey,Evergreen Songs Origina 20,0.168,0.659,1080707,0.554,0.0203,6,0.15,-12.815,1,0.0541,119.92,0.87
afro,Juju Masters,37i9dQZF1DX6b6kXUCiUJb,4a2npWSuIXbcAP9H4ihPZ9,spotify:track:4a2npWSuIXbcAP9H4ihPZ9,https://p.scdn.co/mp3-preview/a4cd345485fd545ba918b88c6c2bc7aa7b861084?cid=63a77ff40e794a12ae216a18befde98c,Iba Folouwa,18,Chief Commander Ebenezer Obey,Evergreen Songs Original 1,0.409,0.479,230653,0.535,0.781,0,0.225,-15.085,0,0.0729,107.018,0.892
afro,Juju Masters,37i9dQZF1DX6b6kXUCiUJb,1VkTzX6JXiFmkXRiQ6DWYv,spotify:track:1VkTzX6JXiFmkXRiQ6DWYv,https://p.scdn.co/mp3-preview/ce343d204d674caeb7f5ec5a1a00677bbca9402e?cid=63a77ff40e794a12ae216a18befde98c,Drumming Finale - Live,2,King Sunny Ade,Live Live Juju,0.0173,0.459,145600,0.62,0.857,4,0.739,-16.592,0,0.0821,158.346,0.713
