category_id,playlist_name,playlist_id,track_id,track_uri,track_preview_url,track_name,track_popularity,artist_name,album_name,acousticness,danceability,duration_ms,energy,instrumentalness,key,liveness,loudness,mode,speechiness,tempo,valence
classical,Jean Sibelius - Composer Weekly #005,37i9dQZF1DWSMyxanxz54I,35CTcDae67kOWOZQOOD2cF,spotify:track:35CTcDae67kOWOZQOOD2cF,https://p.scdn.co/mp3-preview/2b797e399bfec657723cd4270c9928786f78c336?cid=63a77ff40e794a12ae216a18befde98c,"Andante Festivo, JS 34b, (revised version for strings and timpani)",36,"Jean Sibelius,Lahti Symphony Orchestra,Osmo Vänskä",Sibelius: Snofrid / Cantata for the Coronation of Nicholas Ii / Rakastava,0.512,0.0908,338333,0.201,0.948,7,0.17,-17.868,1,0.0438,72.012,0.0365
classical,Jean Sibelius - Composer Weekly #005,37i9dQZF1DWSMyxanxz54I,4Q1jUe4aEXZ4SM6U2qwQCu,spotify:track:4Q1jUe4aEXZ4SM6U2qwQCu,https://p.scdn.co/mp3-preview/46812bd8d8b24c6518fdfc9a280a7351bed775a7?cid=63a77ff40e794a12ae216a18befde98c,"The Tempest: Suite No. 2, Op. 109: III. Dance of the Nymphs",20,"Jean Sibelius,Lahti Symphony Orchestra,Okko Kamu",Sibelius: The Tempest - The Bard - Tapiola,0.925,0.23,122853,0.00634,0.00518,0,0.119,-36.744,1,0.0425,130.868,0.0393
classical,Jean Sibelius - Composer Weekly #005,37i9dQZF1DWSMyxanxz54I,1X1h5ujJhh9kystDHXPAkF,spotify:track:1X1h5ujJhh9kystDHXPAkF,https://p.scdn.co/mp3-preview/04ca0b9dcdf48e9e2600ecf3644f62e6884178cb?cid=63a77ff40e794a12ae216a18befde98c,"6 Songs, Op. 18: No. 3, Venematka (The Journey by Boat)",18,"Jean Sibelius,Estonian Philharmonic Chamber Choir,Heikki Seppanen",Sibelius: Complete Works for Mixed Choir,0.995,0.319,109520,0.073,0.000203,1,0.311,-22.436,0,0.0349,94.415,0.506
classical,Jean Sibelius - Composer Weekly #005,37i9dQZF1DWSMyxanxz54I,3hHWhvw2hjwfngWcFjIzqr,spotify:track:3hHWhvw2hjwfngWcFjIzqr,https://p.scdn.co/mp3-preview/0daf33747975b10602d60ef8007df68b5132b63f?cid=63a77ff40e794a12ae216a18befde98c,"Finlandia, Op. 26",36,"Jean Sibelius,Lahti Symphony Orchestra,Osmo Vänskä",The Sound of Sibelius,0.933,0.181,507973,0.188,0.887,8,0.0989,-19.208,1,0.0392,74.637,0.041
classical,Jean Sibelius - Composer Weekly #005,37i9dQZF1DWSMyxanxz54I,259mbNWy2VQkFyjVsFbBBJ,spotify:track:259mbNWy2VQkFyjVsFbBBJ,https://p.scdn.co/mp3-preview/c34eea7fdfcfb01219ca8ee200ac6ca75c633401?cid=63a77ff40e794a12ae216a18befde98c,"Suite in E Major, JS 188: II. Allegro molto",17,"Jean Sibelius,Jaakko Kuusisto,Folke Gräsbeck","Sibelius: Complete Youth Production for Violin and Piano, Vol. 2",0.966,0.333,94440,0.149,0.576,9,0.198,-16.905,0,0.0477,157.688,0.0718
classical,Jean Sibelius - Composer Weekly #005,37i9dQZF1DWSMyxanxz54I,4unfLdcaDvlDlRGQU9HqQ0,spotify:track:4unfLdcaDvlDlRGQU9HqQ0,https://p.scdn.co/mp3-preview/e631339db814536bf4bacad8c49898e785b19e7d?cid=63a77ff40e794a12ae216a18befde98c,"Lemminkainen Suite, Op. 22: II. The Swan of Tuonela",18,"Jean Sibelius,Helsingin Kaupunginorkesteri,Leif Segerstam",Sibelius: The Essential Orchestral Favourites,0.816,0.0609,595093,0.0237,0.678,9,0.0666,-31.826,0,0.0431,52.637,0.0314
classical,Jean Sibelius - Composer Weekly #005,37i9dQZF1DWSMyxanxz54I,0e6p3FyqrZpFiXCSIoG0zA,spotify:track:0e6p3FyqrZpFiXCSIoG0zA,,"String Quartet In D Minor, Op.56 ""Voces Intimae"": 5. Allegro",0,"Jean Sibelius,Emerson String Quartet",Emerson String Quartet - The String Quartet Revealed,0.936,0.467,318720,0.193,0.921,5,0.0988,-23.299,1,0.041,116.298,0.372
classical,Jean Sibelius - Composer Weekly #005,37i9dQZF1DWSMyxanxz54I,133xymZ5YIarYNrsR1masb,spotify:track:133xymZ5YIarYNrsR1masb,https://p.scdn.co/mp3-preview/92a9263f0a0afbf11a26398921e4831067d43aa5?cid=63a77ff40e794a12ae216a18befde98c,"Symphony No. 2 in D, Op. 43: I. Allegretto",17,"Jean Sibelius,Boston Symphony Orchestra,Andris Nelsons",Boston Symphony Orchestra - Wagner and Sibelius,0.957,0.229,605293,0.1,0.908,2,0.105,-23.158,1,0.0404,105.251,0.0434
classical,Jean Sibelius - Composer Weekly #005,37i9dQZF1DWSMyxanxz54I,5JEJjKeiuFQl9gqy04ujGD,spotify:track:5JEJjKeiuFQl9gqy04ujGD,,"Violin Concerto in D minor, Op. 47: Finale: Allegro ma non tanto",0,"Jean Sibelius,Sergey Khachatryan","Sibelius, Khachaturian: Violin Concertos",0.778,0.353,468253,0.16,0.074,2,0.121,-24.025,1,0.0447,110.043,0.211
classical,Jean Sibelius - Composer Weekly #005,37i9dQZF1DWSMyxanxz54I,5DILEbcC5yhAynnuSXM0oG,spotify:track:5DILEbcC5yhAynnuSXM0oG,https://p.scdn.co/mp3-preview/481eb43b937ae8823bcc8e50bb640a3a307de7e6?cid=63a77ff40e794a12ae216a18befde98c,"Karelia Suite, Op. 11: III. Alla marcia: Moderato",21,"Jean Sibelius,New Zealand Symphony Orchestra,Pietari Inkinen",Sibelius: Symphony No. 2 - Karelia Suite,0.945,0.458,295120,0.2,0.88,9,0.151,-18.134,1,0.0378,78.058,0.101
classical,Jean Sibelius - Composer Weekly #005,37i9dQZF1DWSMyxanxz54I,4eKjzX5q193gDTGXOK8XfE,spotify:track:4eKjzX5q193gDTGXOK8XfE,,"Valse triste, Op.44",0,"Jean Sibelius,Berliner Philharmoniker,Herbert von Karajan",Grieg: Peer Gynt Suites / Sibelius: Valse triste,0.901,0.178,365250,0.00987,0.926,2,0.352,-27.04,1,0.0349,79.127,0.0988
classical,Jean Sibelius - Composer Weekly #005,37i9dQZF1DWSMyxanxz54I,7alI6wf3rBcvplUBNGq8fi,spotify:track:7alI6wf3rBcvplUBNGq8fi,https://p.scdn.co/mp3-preview/dac0b7a0e4d5604cb0a79c187d3437e9b2951292?cid=63a77ff40e794a12ae216a18befde98c,"Symphony No. 1 in E Minor, Op. 39: III. Scherzo: Allegro",15,"Jean Sibelius,Minnesota Orchestra,Osmo Vänskä",Sibelius: Symphonies Nos. 1 & 4,0.932,0.347,276173,0.122,0.836,7,0.111,-27.023,1,0.0536,137.611,0.0594
classical,Jean Sibelius - Composer Weekly #005,37i9dQZF1DWSMyxanxz54I,3Y53iguwfgv0CkOvBYBwGO,spotify:track:3Y53iguwfgv0CkOvBYBwGO,https://p.scdn.co/mp3-preview/a6bcb7a00c8ec20c5e6fa96ab9c03c79439c6160?cid=63a77ff40e794a12ae216a18befde98c,"The Origin of Fire, Op. 32 (revised version): Tulen Synty (The Origin of Fire), Op. 32 (revised version)",15,"Jean Sibelius,Tommi Hakala,YL Male Voice Choir,Lahti Symphony Orchestra,Osmo Vänskä",Sibelius: Tulen Synty (The Origin of Fire) Original and Revised Versions,0.97,0.132,554000,0.129,0.126,11,0.0654,-23.231,1,0.0446,75.06,0.0673
classical,Jean Sibelius - Composer Weekly #005,37i9dQZF1DWSMyxanxz54I,4HUaEjbOigb2CpKLc55PNh,spotify:track:4HUaEjbOigb2CpKLc55PNh,https://p.scdn.co/mp3-preview/e4fa915b67f3f4c5ec416c4ffb81dbe7740be379?cid=63a77ff40e794a12ae216a18befde98c,"Pohjola's Daughter, Op. 49",14,"Jean Sibelius,Radion sinfoniaorkesteri,Hannu Lintu",Sibelius: Lemminkäinen Legends & Pohjola's Daughter,0.893,0.218,823107,0.164,0.83,10,0.13,-22.608,1,0.0473,125.986,0.0394
classical,Jean Sibelius - Composer Weekly #005,37i9dQZF1DWSMyxanxz54I,17AvJ8JBrGYJ9IUq7oq46Z,spotify:track:17AvJ8JBrGYJ9IUq7oq46Z,https://p.scdn.co/mp3-preview/dce9880410332d9950615199582fc158fcfe3da4?cid=63a77ff40e794a12ae216a18befde98c,"Jaakarien marssi (March of the Finnish Jager Battalion), Op. 91a",13,"Jean Sibelius,YL Male Voice Choir,Lahti Symphony Orchestra,Osmo Vänskä","Sibelius, J.: Partsongs / Vapautettu Kuningatar / Rakastava / Laulu Lemminkaiselle (Yl Male Voice Choir)",0.974,0.562,150693,0.289,0.131,7,0.0737,-18.369,0,0.0321,109.957,0.514
classical,Jean Sibelius - Composer Weekly #005,37i9dQZF1DWSMyxanxz54I,5sguY3KUqNqPtZhkHMwLJR,spotify:track:5sguY3KUqNqPtZhkHMwLJR,https://p.scdn.co/mp3-preview/edd3560723ef75e322cf594977305bdada297cd6?cid=63a77ff40e794a12ae216a18befde98c,"Luonnotar, Op. 70",13,"Jean Sibelius,Helena Juntunen,Lahti Symphony Orchestra,Osmo Vänskä",Sibelius: Spirit of Nature (Luonnotar),0.943,0.239,542827,0.0451,0.000926,4,0.109,-24.152,1,0.0455,101.784,0.0372
classical,Jean Sibelius - Composer Weekly #005,37i9dQZF1DWSMyxanxz54I,0x8yfDMcMzMpUxE6YWprtu,spotify:track:0x8yfDMcMzMpUxE6YWprtu,,Symphony No. 5: III. Allegro molto,0,"Jean Sibelius,Sir Colin Davis,London Symphony Orchestra","Sibelius: Symphonies Nos. 1-7, Kullervo",0.9,0.104,552880,0.107,0.812,3,0.153,-21.172,1,0.0423,74.902,0.0555
classical,Jean Sibelius - Composer Weekly #005,37i9dQZF1DWSMyxanxz54I,5PrwpHvKNNHJxhStHZb5oh,spotify:track:5PrwpHvKNNHJxhStHZb5oh,https://p.scdn.co/mp3-preview/9b655a45312208912be4b3e5992a477457186c57?cid=63a77ff40e794a12ae216a18befde98c,Väinön virsi (`Väinön`s Song`) Op. 110,13,"Jean Sibelius,Ellerhein Girls' Choir/National Male Choir of Estonia/Estonian National Symphony Orchestra/Paavo Järvi,Paavo Järvi,Estonian National Symphony Orchestra",Sibelius:Cantatas,0.97,0.157,527520,0.151,0.852,5,0.095,-17.977,1,0.0332,87.955,0.0655
classical,Jean Sibelius - Composer Weekly #005,37i9dQZF1DWSMyxanxz54I,6VEcCV1hSV71SRQRsqegTk,spotify:track:6VEcCV1hSV71SRQRsqegTk,https://p.scdn.co/mp3-preview/73956fc9f7f5182b83fbf8ae5b33d69369a45caa?cid=63a77ff40e794a12ae216a18befde98c,Finlandia-Hymni,14,"Jean Sibelius,Jorma Panula,Tapiola Choir,Tapiola Sinfonietta","Choral Concert: Tapiola Choir - Merikanto, O. / Sibelius, J. / Pacius, F. / Tormis, V. / Mellnas, A. / Sallinen, A. / Jalkanen, P. / Hannikainen, P.",0.983,0.276,132160,0.102,0.00307,5,0.099,-21.375,1,0.0434,105.273,0.039
classical,Jean Sibelius - Composer Weekly #005,37i9dQZF1DWSMyxanxz54I,4FRNK7yMEqSbXoEVP4EbAD,spotify:track:4FRNK7yMEqSbXoEVP4EbAD,https://p.scdn.co/mp3-preview/6dadf5cfad7077a92d2c954e0cd2b96b2ff45a40?cid=63a77ff40e794a12ae216a18befde98c,"The Oceanides, Op.73",12,"Jean Sibelius,Hallé,Sir Mark Elder","Sibelius: Symphony No.2, The Oceanides, Pohjola's Daughter",0.914,0.175,630987,0.0776,0.91,7,0.0901,-25.76,1,0.0469,123.61,0.0387
classical,Jean Sibelius - Composer Weekly #005,37i9dQZF1DWSMyxanxz54I,6mMV8heGEa9zmdvZctDKE8,spotify:track:6mMV8heGEa9zmdvZctDKE8,,"The Bard - Symphonic Poem, Op.64",0,"Jean Sibelius,Gothenburg Symphony Orchestra,Neeme Järvi",Sibelius: Tone-poems,0.94,0.149,413400,0.00361,0.952,3,0.105,-31.761,0,0.0412,136.49,0.0391
classical,Jean Sibelius - Composer Weekly #005,37i9dQZF1DWSMyxanxz54I,1067m1muHJye5Bk0kQP0K6,spotify:track:1067m1muHJye5Bk0kQP0K6,https://p.scdn.co/mp3-preview/3b6303750667663df0a7f2469da2f753934240d0?cid=63a77ff40e794a12ae216a18befde98c,"Violin Sonata in F Major, JS 178: II. Andante",13,"Jean Sibelius,Jaakko Kuusisto,Folke Gräsbeck","Sibelius, J.: Sibelius Edition, Vol. 6 - Violin and Piano",0.985,0.231,363867,0.0429,0.639,9,0.08,-23.458,0,0.0402,94.395,0.0825
classical,Jean Sibelius - Composer Weekly #005,37i9dQZF1DWSMyxanxz54I,17nSWK8l2qWhzbBaRoBTWF,spotify:track:17nSWK8l2qWhzbBaRoBTWF,https://p.scdn.co/mp3-preview/3f780945c311c6b25d0d74cb199e7dbfe82db626?cid=63a77ff40e794a12ae216a18befde98c,"Kullervo, Op. 7: V. Kullervo's Death: Andante",12,"Jean Sibelius,Raimo Laukka,Lilli Paasikivi,Helsinki University Chorus,Lahti Symphony Orchestra,Osmo Vänskä","Sibelius: Kullervo, Op. 7",0.936,0.135,752000,0.104,0.574,4,0.228,-19.053,0,0.0397,73.779,0.0343
classical,Jean Sibelius - Composer Weekly #005,37i9dQZF1DWSMyxanxz54I,7y5xSk2FY1dhcKUouoqKAK,spotify:track:7y5xSk2FY1dhcKUouoqKAK,https://p.scdn.co/mp3-preview/73d2ddf6aedc62ff0c4a011af8fc7db20a57e598?cid=63a77ff40e794a12ae216a18befde98c,"Symphony No. 3 in C Major, Op. 52: III. Moderato; Allegro (ma non tanto)",12,"Jean Sibelius,Thomas Zehetmair,Royal Northern Sinfonia",Sibelius: Symphony No. 3 & Symphony No. 6 - Stravinsky: Concerto for Violin and Orchestra,0.922,0.236,496867,0.109,0.878,7,0.0644,-22.746,1,0.0418,107.715,0.0788
classical,Jean Sibelius - Composer Weekly #005,37i9dQZF1DWSMyxanxz54I,5kUuVKJf6MEeEQkykh88cV,spotify:track:5kUuVKJf6MEeEQkykh88cV,https://p.scdn.co/mp3-preview/15e96b58367fed7a4656122ebe39b432ee1a302a?cid=63a77ff40e794a12ae216a18befde98c,"Malinconia, Op. 20",13,"Jean Sibelius,Steven Isserlis,Olli Mustonen",Martinů: Cello Sonatas Nos. 1-3,0.99,0.236,655947,0.121,0.816,10,0.11,-22.514,1,0.0371,112.211,0.0357
classical,Jean Sibelius - Composer Weekly #005,37i9dQZF1DWSMyxanxz54I,1hwvkUjn7u189ifzwyzMJ5,spotify:track:1hwvkUjn7u189ifzwyzMJ5,https://p.scdn.co/mp3-preview/b9d2b3e121bfefc3456ba05bb07cc2dc316ec8e0?cid=63a77ff40e794a12ae216a18befde98c,Spring Song (1895 version),12,"Jean Sibelius,Lahti Symphony Orchestra,Osmo Vänskä",Sibelius: Rondo of the Waves,0.951,0.15,572760,0.179,0.943,2,0.0803,-17.506,1,0.04,74.979,0.0354
classical,Jean Sibelius - Composer Weekly #005,37i9dQZF1DWSMyxanxz54I,44g9gu1H7jnuwVMaUqzE1C,spotify:track:44g9gu1H7jnuwVMaUqzE1C,https://p.scdn.co/mp3-preview/4eb4d35873e3ceb5f95c3296088794c9406a3e58?cid=63a77ff40e794a12ae216a18befde98c,"Symphony No. 4 in A Minor, Op. 63: I. Tempo molto moderato, quasi adagio",12,"Jean Sibelius,New Zealand Symphony Orchestra,Pietari Inkinen",Sibelius: Symphonies Nos. 4 & 5,0.879,0.0646,633173,0.0373,0.882,11,0.155,-23.129,1,0.0448,70.316,0.0327
classical,Jean Sibelius - Composer Weekly #005,37i9dQZF1DWSMyxanxz54I,6gJAttEb87c9qs3lvTaL7K,spotify:track:6gJAttEb87c9qs3lvTaL7K,https://p.scdn.co/mp3-preview/0f068ae3c3c07e575b5245132725a9efcf6fd020?cid=63a77ff40e794a12ae216a18befde98c,"Ten Pieces, Op. 58: Des Abends, Op. 58: No. 5",12,"Jean Sibelius,Janne Mertanen",Sibelius Piano Works,0.985,0.332,309933,0.0101,0.874,5,0.106,-26.904,0,0.0558,60.541,0.0755
classical,Jean Sibelius - Composer Weekly #005,37i9dQZF1DWSMyxanxz54I,5qOIQrFunkEmKasuzGHjNo,spotify:track:5qOIQrFunkEmKasuzGHjNo,https://p.scdn.co/mp3-preview/ca08c4e85b3029e2be108b06f0153b0d8dd5ee45?cid=63a77ff40e794a12ae216a18befde98c,"Symphony No. 7 in C Major, Op.105 - 2013 Remastered Version",12,"Jean Sibelius,Paavo Berglund/Bournemouth Symphony Orchestra","Sibelius: Complete Symphonies, Tapiola, Karelia suite, Finlandia, The Bard",0.959,0.155,1322267,0.132,0.9,0,0.18,-22.971,1,0.0415,106.105,0.0378
classical,Jean Sibelius - Composer Weekly #005,37i9dQZF1DWSMyxanxz54I,1nqyxZH4AX0o2S9th6kRZL,spotify:track:1nqyxZH4AX0o2S9th6kRZL,https://p.scdn.co/mp3-preview/cc3ba8b993fba1d5828c27531ff95e817ae4f00c?cid=63a77ff40e794a12ae216a18befde98c,"Tapiola, Op. 112",20,"Jean Sibelius,Lahti Symphony Orchestra,Okko Kamu",Sibelius: The Tempest - The Bard - Tapiola,0.913,0.0625,1088467,0.0352,0.907,6,0.0928,-26.96,0,0.0451,52.197,0.0282
