category_id,playlist_name,playlist_id,track_id,track_uri,track_preview_url,track_name,track_popularity,artist_name,album_name,acousticness,danceability,duration_ms,energy,instrumentalness,key,liveness,loudness,mode,speechiness,tempo,valence
arab,Lebanon Sounds,37i9dQZF1DXaywRlmHaP59,5Q6M4jAG8VN2f8J7vHTs99,spotify:track:5Q6M4jAG8VN2f8J7vHTs99,https://p.scdn.co/mp3-preview/3ea408a3174d9c59e635ae6f12d17f82f6f2088c?cid=63a77ff40e794a12ae216a18befde98c,Ekhlaa,5,"Amir Yazbeck,Amina",Ekhlaa,0.166,0.687,266345,0.865,7.05e-06,5,0.0971,-2.256,0,0.068,115.008,0.635
arab,Lebanon Sounds,37i9dQZF1DXaywRlmHaP59,7rMIDlzotY6a0cCkQoeXi2,spotify:track:7rMIDlzotY6a0cCkQoeXi2,https://p.scdn.co/mp3-preview/c31760496432a347f72bd85f1b434ee577cd11d8?cid=63a77ff40e794a12ae216a18befde98c,Shou Hal Hala Aalayki,3,"Marwan Chami,Nancy Nasrallah",Shou Hal Hala Aalayki,0.339,0.521,191099,0.797,1.91e-06,0,0.0812,-5.28,1,0.168,99.068,0.668
arab,Lebanon Sounds,37i9dQZF1DXaywRlmHaP59,1CWiAOnlKwNC11mlhbLcxE,spotify:track:1CWiAOnlKwNC11mlhbLcxE,https://p.scdn.co/mp3-preview/78d00ced56c5035bafd38a11208e252ffc24113e?cid=63a77ff40e794a12ae216a18befde98c,Etmayal,25,Rabih Baroud,Etmayal,0.634,0.428,226724,0.721,2.71e-06,0,0.181,-5.238,0,0.0489,141.715,0.37
arab,Lebanon Sounds,37i9dQZF1DXaywRlmHaP59,4TFwNHre3zD7qMnV663L9x,spotify:track:4TFwNHre3zD7qMnV663L9x,https://p.scdn.co/mp3-preview/3eaf49d2734d84723a9ffcff706d674e3c16cd4f?cid=63a77ff40e794a12ae216a18befde98c,Fark Kebir,44,"Tamer Hosny,Nancy Ajram",Fark Kebir,0.363,0.715,162398,0.845,1.1e-06,8,0.0433,-6.145,0,0.0556,75.99,0.968
arab,Lebanon Sounds,37i9dQZF1DXaywRlmHaP59,6IJdUqvldDnOaRVqMCPY9D,spotify:track:6IJdUqvldDnOaRVqMCPY9D,https://p.scdn.co/mp3-preview/12f5b69bdbd49408389676e71d86000bc28b673b?cid=63a77ff40e794a12ae216a18befde98c,Elo,35,Nina Abdel Malak,Elo,0.937,0.475,147304,0.293,0.0,1,0.157,-10.821,0,0.0543,76.483,0.436
arab,Lebanon Sounds,37i9dQZF1DXaywRlmHaP59,6Za4NoQWfNUwV9PlWoKjX3,spotify:track:6Za4NoQWfNUwV9PlWoKjX3,https://p.scdn.co/mp3-preview/af4e1d879b104d2cf3d382d20c96c019fec8b559?cid=63a77ff40e794a12ae216a18befde98c,Mehlawi,30,Abboud,Mehlawi,0.0684,0.495,204789,0.757,1.6e-06,1,0.118,-5.854,0,0.0763,102.407,0.637
arab,Lebanon Sounds,37i9dQZF1DXaywRlmHaP59,1zPzRQQhhpZLSBQfss1kMZ,spotify:track:1zPzRQQhhpZLSBQfss1kMZ,https://p.scdn.co/mp3-preview/8729c62bac7b6f615c71845d306bbf17b8408b88?cid=63a77ff40e794a12ae216a18befde98c,Ishtaktilak Wallah,28,Rouba Khoury,Ishtaktilak Wallah,0.343,0.783,138821,0.777,0.0,7,0.293,-5.34,1,0.0703,139.971,0.532
arab,Lebanon Sounds,37i9dQZF1DXaywRlmHaP59,2BCWZhkwEhTI7SYNzwdCdu,spotify:track:2BCWZhkwEhTI7SYNzwdCdu,,Talfantelak,33,Abeer Nehme,Talfantelak,0.261,0.644,232397,0.749,0.0,0,0.231,-3.338,0,0.0379,126.961,0.729
arab,Lebanon Sounds,37i9dQZF1DXaywRlmHaP59,3SVoZ64GxkcyCDNFTE9Q5n,spotify:track:3SVoZ64GxkcyCDNFTE9Q5n,https://p.scdn.co/mp3-preview/5b2b3d39902331bb5ca4cb0f8b23a8ecba070028?cid=63a77ff40e794a12ae216a18befde98c,Taa,35,Adam,Taa,0.761,0.351,249652,0.448,0.0,0,0.214,-6.406,0,0.0327,92.087,0.334
arab,Lebanon Sounds,37i9dQZF1DXaywRlmHaP59,6G5QFUWSeAiwVp02KRWrby,spotify:track:6G5QFUWSeAiwVp02KRWrby,https://p.scdn.co/mp3-preview/fddf6722df715ce153c4de4338c74d29012e68a8?cid=63a77ff40e794a12ae216a18befde98c,Baatezer,30,Naji Osta,Baatezer,0.268,0.368,201770,0.608,4.9e-05,5,0.11,-10.722,0,0.162,170.001,0.372
arab,Lebanon Sounds,37i9dQZF1DXaywRlmHaP59,2N6DbsYMmdo0jDujsW192J,spotify:track:2N6DbsYMmdo0jDujsW192J,https://p.scdn.co/mp3-preview/fe74e2b09b995b3f8343dd4578a43d51f6e5527c?cid=63a77ff40e794a12ae216a18befde98c,لو نهدا حبه,27,Wael Jassar,لو نهدا حبه,0.515,0.624,243907,0.46,0.00508,5,0.102,-11.666,0,0.0439,80.932,0.785
arab,Lebanon Sounds,37i9dQZF1DXaywRlmHaP59,52XkiamJRqW7uFLoJkCMLk,spotify:track:52XkiamJRqW7uFLoJkCMLk,https://p.scdn.co/mp3-preview/d5d422e871d9d9cfce91c5b875a930f24c0d1116?cid=63a77ff40e794a12ae216a18befde98c,Bukra Ahla,36,Nina Abdel Malak,Bukra Ahla,0.89,0.596,160200,0.266,0.0,6,0.114,-10.951,0,0.0292,101.896,0.352
arab,Lebanon Sounds,37i9dQZF1DXaywRlmHaP59,0VgcPBRN0cVOJ2e2x7Qbhv,spotify:track:0VgcPBRN0cVOJ2e2x7Qbhv,https://p.scdn.co/mp3-preview/ccc184c9c9334d4536659ac91c43d63e704f8f4a?cid=63a77ff40e794a12ae216a18befde98c,LYA,42,Nancy Ajram,LYA,0.587,0.562,154636,0.443,0.0,5,0.0541,-6.462,0,0.0347,152.116,0.371
arab,Lebanon Sounds,37i9dQZF1DXaywRlmHaP59,0j3Hp6pMmhcKeZLUrbLfxx,spotify:track:0j3Hp6pMmhcKeZLUrbLfxx,https://p.scdn.co/mp3-preview/6d989f14196c25055d0cb178cc38d7e3fb337120?cid=63a77ff40e794a12ae216a18befde98c,Diroulha Laakal,31,Rabih Baroud,Diroulha Laakal,0.374,0.465,296884,0.737,0.0,11,0.111,-6.869,0,0.188,76.027,0.269
arab,Lebanon Sounds,37i9dQZF1DXaywRlmHaP59,4Z2OaJWH8t0nIrym5q9dVw,spotify:track:4Z2OaJWH8t0nIrym5q9dVw,https://p.scdn.co/mp3-preview/12ff6083e52f8e7d774ce013ee8418a053c2c9d8?cid=63a77ff40e794a12ae216a18befde98c,S'al Dmouii,32,Ziad Bourji,S'al Dmouii,0.341,0.514,254360,0.893,1.9e-06,9,0.136,-4.211,0,0.0552,123.958,0.407
arab,Lebanon Sounds,37i9dQZF1DXaywRlmHaP59,0y5cFlUfpAElNPIWrdMPGJ,spotify:track:0y5cFlUfpAElNPIWrdMPGJ,https://p.scdn.co/mp3-preview/7dd1e61c5ff548e72001ad0edb086b2bcc14487e?cid=63a77ff40e794a12ae216a18befde98c,Roll With It,40,"Massari,Mohammad Assaf",Tune In,0.0727,0.684,173811,0.761,0.0,5,0.231,-4.452,0,0.153,87.909,0.72
arab,Lebanon Sounds,37i9dQZF1DXaywRlmHaP59,2oGdgluBa6znoZVYDZZMVB,spotify:track:2oGdgluBa6znoZVYDZZMVB,https://p.scdn.co/mp3-preview/1903384b7d85372aa5904bd5719946cc29ba7f61?cid=63a77ff40e794a12ae216a18befde98c,Ya Kel El Omer,41,Hadi Aswad,Ya Kel El Omer,0.444,0.695,189245,0.833,0.0,3,0.159,-3.665,0,0.0892,98.03,0.505
arab,Lebanon Sounds,37i9dQZF1DXaywRlmHaP59,28bdcUznUDPjJEujZCABes,spotify:track:28bdcUznUDPjJEujZCABes,https://p.scdn.co/mp3-preview/73e0d99aba8b02abf35d6b833f6ccf81f2cd8339?cid=63a77ff40e794a12ae216a18befde98c,Elli Baana,46,Ragheb Alama,Elli Baana,0.062,0.529,264480,0.902,0.000397,10,0.812,-6.694,0,0.0509,194.059,0.929
arab,Lebanon Sounds,37i9dQZF1DXaywRlmHaP59,3kBFWV7Q6QzPhAtyMAjjM8,spotify:track:3kBFWV7Q6QzPhAtyMAjjM8,https://p.scdn.co/mp3-preview/6bfe2d4b83f45c8efa677416ed8f60cb5c6051b7?cid=63a77ff40e794a12ae216a18befde98c,Badna Nwalee El Jaw,51,Nancy Ajram,Badna Nwalee El Jaw,0.131,0.715,213323,0.98,0.000633,9,0.675,-4.187,0,0.0495,128.002,0.963
arab,Lebanon Sounds,37i9dQZF1DXaywRlmHaP59,7GIQCE20zD7VbTFju6eiuW,spotify:track:7GIQCE20zD7VbTFju6eiuW,https://p.scdn.co/mp3-preview/2c1f0a59cbcc1f095a67ad85c2b7033df66a89f4?cid=63a77ff40e794a12ae216a18befde98c,Awal Habib,35,Adam,Awal Habib,0.495,0.453,278073,0.518,2.47e-06,4,0.108,-10.479,0,0.0494,143.889,0.351
arab,Lebanon Sounds,37i9dQZF1DXaywRlmHaP59,06gEzjSwZDuzHoFvD84z5Y,spotify:track:06gEzjSwZDuzHoFvD84z5Y,https://p.scdn.co/mp3-preview/001f91791dcdd71412e2adc4a7aeea074d2fbb5b?cid=63a77ff40e794a12ae216a18befde98c,Aam Neltiki,22,Fadee Andrawos,Aam Neltiki,0.671,0.359,196032,0.508,0.0,9,0.0947,-6.971,1,0.0384,81.417,0.183
arab,Lebanon Sounds,37i9dQZF1DXaywRlmHaP59,4sMfDmsrCP44MXbD8oze4v,spotify:track:4sMfDmsrCP44MXbD8oze4v,https://p.scdn.co/mp3-preview/e25086aab4b439d12bf47231147e4b841c634758?cid=63a77ff40e794a12ae216a18befde98c,Touta,46,Haifa Wehbe,Hawwa,0.55,0.786,233143,0.818,0.136,1,0.0847,-4.742,0,0.0464,105.024,0.812
arab,Lebanon Sounds,37i9dQZF1DXaywRlmHaP59,5YbKorUZpw80vSSfyFXk7D,spotify:track:5YbKorUZpw80vSSfyFXk7D,https://p.scdn.co/mp3-preview/3ca0dcb8493399ee875c8bbe86c0dd3c3f6dcbe5?cid=63a77ff40e794a12ae216a18befde98c,A'ed Aala Albak,32,Ziad Bourji,A'ed Aala Albak,0.188,0.752,248676,0.718,2.13e-05,9,0.0819,-8.138,0,0.0888,102.018,0.854
arab,Lebanon Sounds,37i9dQZF1DXaywRlmHaP59,49n2x9XiLDVF57A9ALlfAC,spotify:track:49n2x9XiLDVF57A9ALlfAC,https://p.scdn.co/mp3-preview/108c2f0994b895d54f4b4448f8d7ab695f2622dc?cid=63a77ff40e794a12ae216a18befde98c,عم بكبر,27,Lynn Hayek,عم بكبر,0.0671,0.642,192480,0.888,1.91e-05,5,0.109,-5.0,0,0.0384,102.004,0.498
arab,Lebanon Sounds,37i9dQZF1DXaywRlmHaP59,5hKyBHoeaJM5qEJL6XX8w8,spotify:track:5hKyBHoeaJM5qEJL6XX8w8,https://p.scdn.co/mp3-preview/aef2cc29b922795d879963df26e74136e9899346?cid=63a77ff40e794a12ae216a18befde98c,Akhadet El Arar,40,Wael Kfoury,Akhadet El Arar,0.521,0.606,275157,0.744,0.0,5,0.17,-5.756,0,0.0386,130.11,0.714
arab,Lebanon Sounds,37i9dQZF1DXaywRlmHaP59,60fFwimwllbxqq5kgME3zy,spotify:track:60fFwimwllbxqq5kgME3zy,https://p.scdn.co/mp3-preview/a618552c8f91c4e6894d50ef35667827086f8722?cid=63a77ff40e794a12ae216a18befde98c,Habibi Albi,55,"Faydee,Leftside",Habibi Albi,0.183,0.67,183072,0.787,0.0,1,0.117,-4.878,0,0.076,100.01,0.714
arab,Lebanon Sounds,37i9dQZF1DXaywRlmHaP59,28zmyPB8wIhNUWwNmZrJJ4,spotify:track:28zmyPB8wIhNUWwNmZrJJ4,https://p.scdn.co/mp3-preview/dae7463489a13a6cb368d70ae2f57d7e7b5d661f?cid=63a77ff40e794a12ae216a18befde98c,Cavalry,30,Mashrou' Leila,Cavalry,0.0489,0.748,191969,0.584,0.0258,10,0.333,-8.071,1,0.0278,110.028,0.542
arab,Lebanon Sounds,37i9dQZF1DXaywRlmHaP59,0joxJdOyy3wuhQdcxdP9RW,spotify:track:0joxJdOyy3wuhQdcxdP9RW,https://p.scdn.co/mp3-preview/8515dba29e99caa5cebca7448df0741824dffa18?cid=63a77ff40e794a12ae216a18befde98c,Omer Aasal,43,Joseph Attieh,Omer Aasal,0.168,0.72,221400,0.719,4.47e-06,10,0.116,-7.576,0,0.0438,132.034,0.597
arab,Lebanon Sounds,37i9dQZF1DXaywRlmHaP59,4fxi1jtvhsb3FlEfFYsPBM,spotify:track:4fxi1jtvhsb3FlEfFYsPBM,https://p.scdn.co/mp3-preview/6912b9323ada770dd57e5f2897f1ca771ff0aad4?cid=63a77ff40e794a12ae216a18befde98c,Ya Ho,35,Najwa Karam,Ya Ho,0.6,0.51,238154,0.801,0.00163,1,0.0943,-5.491,1,0.24,189.935,0.731
arab,Lebanon Sounds,37i9dQZF1DXaywRlmHaP59,75L7w7BTN2thk83TKMG02q,spotify:track:75L7w7BTN2thk83TKMG02q,https://p.scdn.co/mp3-preview/2a9edd7c0c28e7afae70bbc747f2efa4e12e6411?cid=63a77ff40e794a12ae216a18befde98c,Leily Leily,38,"Melissa,Nayer",Leily Leily,0.14,0.737,235946,0.83,1.48e-05,4,0.125,-5.929,0,0.069,92.988,0.58
arab,Lebanon Sounds,37i9dQZF1DXaywRlmHaP59,3qL60pQTPUVC7qjslHTuaH,spotify:track:3qL60pQTPUVC7qjslHTuaH,,W Maak,4,Nancy Ajram,Nancy Ajram: Super Hits Collection,0.0111,0.729,221768,0.834,4.89e-06,5,0.108,-4.764,1,0.0859,125.039,0.564
arab,Lebanon Sounds,37i9dQZF1DXaywRlmHaP59,2uWZ8rUPqWBvMh8KVttSc6,spotify:track:2uWZ8rUPqWBvMh8KVttSc6,https://p.scdn.co/mp3-preview/e721339f17bc8ab93aa262c28fb0ef67e2510a9d?cid=63a77ff40e794a12ae216a18befde98c,Rah Terjaii,34,"Naji Osta,Salah El Kurdi",Rah Terjaii,0.716,0.549,344747,0.479,0.0,1,0.336,-6.439,0,0.0538,134.141,0.295
arab,Lebanon Sounds,37i9dQZF1DXaywRlmHaP59,57MzJQAKcizIPuwcUBgyQ2,spotify:track:57MzJQAKcizIPuwcUBgyQ2,https://p.scdn.co/mp3-preview/6e8185f66e1f5d51c88de9c186ebb78a1a9fb4c3?cid=63a77ff40e794a12ae216a18befde98c,Mesh Taye',39,Ziad Bourji,Mesh Taye',0.218,0.729,174816,0.644,0.0,9,0.0834,-5.621,0,0.0466,97.05,0.828
arab,Lebanon Sounds,37i9dQZF1DXaywRlmHaP59,3hCVuDxba8eCRd6j3Y8I9k,spotify:track:3hCVuDxba8eCRd6j3Y8I9k,,Wada't El Layl,24,Abeer Nehme,Wada't El Layl,0.144,0.598,272981,0.812,0.0,9,0.245,-5.614,0,0.0695,135.898,0.41
arab,Lebanon Sounds,37i9dQZF1DXaywRlmHaP59,1Jbtg7LSc64jQb59OsgBSa,spotify:track:1Jbtg7LSc64jQb59OsgBSa,https://p.scdn.co/mp3-preview/f5d16445916eb497d966fce34d0f8720cfd72ee1?cid=63a77ff40e794a12ae216a18befde98c,Aam Doub,24,Dina Hayek,Aam Doub,0.106,0.572,218825,0.899,0.0,7,0.349,-2.904,0,0.0669,165.966,0.552
arab,Lebanon Sounds,37i9dQZF1DXaywRlmHaP59,2eZmgY0XLZFulC5pFrlwD8,spotify:track:2eZmgY0XLZFulC5pFrlwD8,https://p.scdn.co/mp3-preview/5586ce68da2a801a6437799d4fa0f22814c34ce8?cid=63a77ff40e794a12ae216a18befde98c,Kifo Albik,22,Salim Assaf,Kifo Albik,0.14,0.541,219938,0.877,7.66e-05,0,0.0832,-4.304,0,0.0382,160.03,0.648
arab,Lebanon Sounds,37i9dQZF1DXaywRlmHaP59,0buC9pXvlhAJRmK6CJYf2z,spotify:track:0buC9pXvlhAJRmK6CJYf2z,https://p.scdn.co/mp3-preview/0353b87f79449fa7f8d300761752bf6c7c3a7d89?cid=63a77ff40e794a12ae216a18befde98c,Omy Er2osely,26,Assi El Helani,Omy Er2osely,0.216,0.489,315382,0.914,0.000231,7,0.197,-4.394,1,0.174,159.99,0.666
arab,Lebanon Sounds,37i9dQZF1DXaywRlmHaP59,4nPgDJlUU5bZp6KZio11pz,spotify:track:4nPgDJlUU5bZp6KZio11pz,https://p.scdn.co/mp3-preview/1613ffba257fce4135b1edf249db6f5d89286545?cid=63a77ff40e794a12ae216a18befde98c,"Tarik - From ""Tarik""",30,Hiba Tawaji,"Tarik (From ""Tarik"")",0.731,0.364,231680,0.693,0.0,0,0.164,-4.159,0,0.0659,159.27,0.505
arab,Lebanon Sounds,37i9dQZF1DXaywRlmHaP59,2bNAAeipEG8ubqLUIDZ07p,spotify:track:2bNAAeipEG8ubqLUIDZ07p,https://p.scdn.co/mp3-preview/d1a3409d4ce943b0bdc00bd40302cac6ab211c53?cid=63a77ff40e794a12ae216a18befde98c,"Baad El Yawm - From ""Mawt Amira""",21,Shiraz,"Baad El Yawm (From ""Mawt Amira"")",0.431,0.499,208018,0.624,0.0,5,0.146,-8.321,0,0.0701,149.967,0.335
arab,Lebanon Sounds,37i9dQZF1DXaywRlmHaP59,1RZtsALMgy16Z9RWcUUvI5,spotify:track:1RZtsALMgy16Z9RWcUUvI5,https://p.scdn.co/mp3-preview/7562ce06c4c27e8ea9e05fefd8f392e83e9ec96e?cid=63a77ff40e794a12ae216a18befde98c,Rakez Maaya,21,Ahmad Akkad,Rakez Maaya,0.0678,0.739,213577,0.829,0.0,10,0.115,-5.93,0,0.038,145.033,0.862
arab,Lebanon Sounds,37i9dQZF1DXaywRlmHaP59,2D3VJnq4dz815xzlvmdV6W,spotify:track:2D3VJnq4dz815xzlvmdV6W,,Bel Helm,18,Angi,Bel Helm,0.977,0.492,167507,0.122,0.0,4,0.116,-11.931,0,0.0477,137.873,0.224
arab,Lebanon Sounds,37i9dQZF1DXaywRlmHaP59,2iQdnuQOdEvHatoK2sP9KN,spotify:track:2iQdnuQOdEvHatoK2sP9KN,https://p.scdn.co/mp3-preview/f890d75a7d7fbf582d936f0e853deb5bd7d1c9af?cid=63a77ff40e794a12ae216a18befde98c,Ghareibah El Nas,39,Wael Jassar,Tew'edny Leih,0.0847,0.619,264856,0.753,3.32e-06,3,0.0852,-7.659,0,0.0438,136.93,0.851
arab,Lebanon Sounds,37i9dQZF1DXaywRlmHaP59,3Ij44KhmCIEvoR4pIfg5iq,spotify:track:3Ij44KhmCIEvoR4pIfg5iq,https://p.scdn.co/mp3-preview/7df68e547ce44da26d9d380c27b6a2a3105bb5cc?cid=63a77ff40e794a12ae216a18befde98c,Endi Galb,22,Rabih Baroud,Endi Galb,0.574,0.442,193515,0.41,0.0,2,0.0999,-9.724,0,0.0315,131.789,0.225
arab,Lebanon Sounds,37i9dQZF1DXaywRlmHaP59,0NwDTKsrWHzmBgam1WDqPi,spotify:track:0NwDTKsrWHzmBgam1WDqPi,https://p.scdn.co/mp3-preview/1c05ab7c9d58fee99d6b7d409c492735a523e6ef?cid=63a77ff40e794a12ae216a18befde98c,Wardi W Wardi,24,Dalida Khalil,Wardi W Wardi,0.229,0.785,183027,0.781,5.58e-05,0,0.183,-4.496,1,0.0323,130.021,0.828
arab,Lebanon Sounds,37i9dQZF1DXaywRlmHaP59,6tLqRYlfzFqNa86gr9UMia,spotify:track:6tLqRYlfzFqNa86gr9UMia,https://p.scdn.co/mp3-preview/7bd522788194bf85d6560ae93389256037342a5e?cid=63a77ff40e794a12ae216a18befde98c,Yalla Habibi - Summer Hit,47,"Ragheb Alama,Seyi Shay,Costi",Yalla Habibi (Summer Hit),0.0177,0.672,175781,0.92,0.00288,9,0.0821,-3.899,0,0.1,128.003,0.838
arab,Lebanon Sounds,37i9dQZF1DXaywRlmHaP59,17FRSjPbGJXvpnw6LJmgcd,spotify:track:17FRSjPbGJXvpnw6LJmgcd,https://p.scdn.co/mp3-preview/9a528449e2128fe4bce6bd6556b38e7337dc9411?cid=63a77ff40e794a12ae216a18befde98c,Wely,21,Michel Azzi,Wely,0.0171,0.67,249173,0.784,1.31e-06,0,0.0956,-8.015,0,0.04,127.998,0.629
arab,Lebanon Sounds,37i9dQZF1DXaywRlmHaP59,61k5XrVEJdOD5vCXcjBKF7,spotify:track:61k5XrVEJdOD5vCXcjBKF7,https://p.scdn.co/mp3-preview/6f805961b6f8eed927627aa4ce33977b05c7d36b?cid=63a77ff40e794a12ae216a18befde98c,Kifak Enta,32,Myriam Fares,Aman,0.58,0.704,224657,0.716,0.0,10,0.143,-7.272,0,0.04,126.0,0.708
arab,Lebanon Sounds,37i9dQZF1DXaywRlmHaP59,3iCE1hPR56Q15v3sM3JEjW,spotify:track:3iCE1hPR56Q15v3sM3JEjW,https://p.scdn.co/mp3-preview/730d7ae50ceab1fe136f0645156bce1d5bad2274?cid=63a77ff40e794a12ae216a18befde98c,Ana,32,Maritta Hallani,Maritta,0.0636,0.77,193657,0.73,1.55e-05,4,0.0692,-6.094,0,0.0611,125.076,0.681
arab,Lebanon Sounds,37i9dQZF1DXaywRlmHaP59,0DFUPo8TSpGN5iqRTpUgbN,spotify:track:0DFUPo8TSpGN5iqRTpUgbN,https://p.scdn.co/mp3-preview/ce8372da8c68e62b8a78785bb3e3304d0dadcb81?cid=63a77ff40e794a12ae216a18befde98c,Teabet,21,Salah Kurdi,Teabet,0.793,0.528,234382,0.458,1.3e-05,2,0.247,-7.163,0,0.0339,121.961,0.243
arab,Lebanon Sounds,37i9dQZF1DXaywRlmHaP59,51hN3ScR3uO358mhvpYJ8F,spotify:track:51hN3ScR3uO358mhvpYJ8F,https://p.scdn.co/mp3-preview/e667389978f1110a0d82c9768b64643fab4e6ce4?cid=63a77ff40e794a12ae216a18befde98c,Shou Helou,48,Ziad Bourji,Shou Helou,0.655,0.826,211047,0.719,0.0117,11,0.106,-4.654,0,0.0374,119.976,0.944
arab,Lebanon Sounds,37i9dQZF1DXaywRlmHaP59,0TdSgMULjB8ta0HNTmHndT,spotify:track:0TdSgMULjB8ta0HNTmHndT,https://p.scdn.co/mp3-preview/5c9a3c27f28c71cad06609b1d455c0c602ef0297?cid=63a77ff40e794a12ae216a18befde98c,El Kelmi Kelemtik,27,Naji Osta,El Kelmi Kelemtik,0.251,0.743,206420,0.887,2.09e-06,6,0.554,-5.084,0,0.0604,117.985,0.718
arab,Lebanon Sounds,37i9dQZF1DXaywRlmHaP59,61ij76waZnKpjgwPuvZ554,spotify:track:61ij76waZnKpjgwPuvZ554,https://p.scdn.co/mp3-preview/617d52e2714409ba6a35ae12df4a1e5641013226?cid=63a77ff40e794a12ae216a18befde98c,"Dak Almani Terashrash (feat. Hussam Jned, Dominique Hourani & Wael Jassar)",33,"Nader Al Atat,Hussam Jned,Dominique Hourani,Wael Jassar",Bawast Tyabik,0.4,0.493,348560,0.832,0.00041,7,0.321,-4.233,0,0.0675,116.537,0.562
arab,Lebanon Sounds,37i9dQZF1DXaywRlmHaP59,0H0p1d3CWMdl00opxiLF6H,spotify:track:0H0p1d3CWMdl00opxiLF6H,https://p.scdn.co/mp3-preview/867e3cbab4b3425fc3cdceab3321490f14dac3c2?cid=63a77ff40e794a12ae216a18befde98c,Bawast Tyabik,27,Nader Al Atat,Bawast Tyabik,0.329,0.734,236427,0.879,1.04e-06,11,0.4,-5.837,0,0.085,112.015,0.705
arab,Lebanon Sounds,37i9dQZF1DXaywRlmHaP59,2f5Q12IVBbICJD0sgxYR2F,spotify:track:2f5Q12IVBbICJD0sgxYR2F,https://p.scdn.co/mp3-preview/51e1d85e2c5ade8c0e2f3de34503e1a87793c73a?cid=63a77ff40e794a12ae216a18befde98c,ضلي اضحكي,45,Melhem Zein,الجرح اللي بعدو,0.312,0.744,247400,0.883,0.0,3,0.11,-5.43,0,0.0754,111.997,0.469
arab,Lebanon Sounds,37i9dQZF1DXaywRlmHaP59,3vzg53zLG6q8cDb211VQTn,spotify:track:3vzg53zLG6q8cDb211VQTn,https://p.scdn.co/mp3-preview/bfd635e51a379f194f0b5a027bec7ca393037050?cid=63a77ff40e794a12ae216a18befde98c,La Tisalouni - Dabke / Arabic,25,Mohamed Iskandar,"Shish Kebab Party 2: Armenian, Arabic, & Greek Kef Time",0.815,0.597,338064,0.912,6.01e-05,6,0.315,-3.305,1,0.0435,111.666,0.836
arab,Lebanon Sounds,37i9dQZF1DXaywRlmHaP59,76Lyz5z1wod0LhMDjtECAA,spotify:track:76Lyz5z1wod0LhMDjtECAA,,Alf W Meya,7,Nawal Al Zoghbi,Maarafsh Leih,0.0737,0.718,215040,0.921,2.83e-05,6,0.326,-6.383,1,0.0477,109.985,0.898
arab,Lebanon Sounds,37i9dQZF1DXaywRlmHaP59,11UGrRqiR53jqoLPRCwoPC,spotify:track:11UGrRqiR53jqoLPRCwoPC,https://p.scdn.co/mp3-preview/585563daf27ba9e911a4ec8d33be4885911684be?cid=63a77ff40e794a12ae216a18befde98c,Habeb Hebbak,22,Majd Moussally,Habeb Hebbak,0.175,0.663,247980,0.972,3.59e-05,8,0.0924,-2.644,1,0.0774,107.947,0.604
arab,Lebanon Sounds,37i9dQZF1DXaywRlmHaP59,24iXm4Z6Z9JjqlZmzbKHze,spotify:track:24iXm4Z6Z9JjqlZmzbKHze,https://p.scdn.co/mp3-preview/2b6d23021ee2fcb83e28807d87d6b10310e412b9?cid=63a77ff40e794a12ae216a18befde98c,Mosiba,26,Majd Moussally,Mosiba,0.325,0.691,201248,0.92,8.46e-05,6,0.175,-5.293,1,0.071,105.011,0.952
arab,Lebanon Sounds,37i9dQZF1DXaywRlmHaP59,1Ur8tg4vBnsSGHsepuxuo7,spotify:track:1Ur8tg4vBnsSGHsepuxuo7,https://p.scdn.co/mp3-preview/4772dc4d9eb7283b34996b26c2ff4debc97a9e6b?cid=63a77ff40e794a12ae216a18befde98c,Eddam El Kel,27,Darine Hadchiti,Eddam El Kel,0.247,0.645,282974,0.749,0.000137,7,0.211,-8.022,1,0.0796,100.043,0.662
arab,Lebanon Sounds,37i9dQZF1DXaywRlmHaP59,1rgvyUOKyq8dFN44ksLK4N,spotify:track:1rgvyUOKyq8dFN44ksLK4N,https://p.scdn.co/mp3-preview/1cd84d3a4d9c1d4153e3581f9ac308b1e18a6f6f?cid=63a77ff40e794a12ae216a18befde98c,Kif Badak 3ani Tghib,38,Shiraz,Kif Badak 3ani Tghib,0.195,0.818,274207,0.84,0.00085,4,0.275,-6.607,0,0.0446,100.009,0.593
arab,Lebanon Sounds,37i9dQZF1DXaywRlmHaP59,0s66u7aD64pkey4473qAAn,spotify:track:0s66u7aD64pkey4473qAAn,https://p.scdn.co/mp3-preview/c0e09119280374082f2980c62772987341d096ef?cid=63a77ff40e794a12ae216a18befde98c,Shu Mkhaba El Layl,20,Tania Kassis,Shu Mkhaba El Layl,0.169,0.439,207507,0.638,0.0,0,0.0661,-5.082,0,0.0351,96.856,0.766
