category_id,playlist_name,playlist_id,track_id,track_uri,track_preview_url,track_name,track_popularity,artist_name,album_name,acousticness,danceability,duration_ms,energy,instrumentalness,key,liveness,loudness,mode,speechiness,tempo,valence
classical,Orchestral Percussions,37i9dQZF1DX0wCUv3vXlUC,65HCrfE4O22mqsv2Y6jEJ1,spotify:track:65HCrfE4O22mqsv2Y6jEJ1,https://p.scdn.co/mp3-preview/6b2b6ba6b57622677c687244ddd242b0f3d14c9d?cid=63a77ff40e794a12ae216a18befde98c,"Aguas da Amazonia: No. 1, Madeira River",32,"Philip Glass,Third Coast Percussion",Paddle to the Sea,0.925,0.306,343897,0.371,0.928,0,0.137,-11.655,1,0.042,174.898,0.0363
classical,Orchestral Percussions,37i9dQZF1DX0wCUv3vXlUC,2xGoKnGydFe4PBCB2gwVaR,spotify:track:2xGoKnGydFe4PBCB2gwVaR,https://p.scdn.co/mp3-preview/2ad8f30efee817f80c6ce3091aa21bc96fe5c489?cid=63a77ff40e794a12ae216a18befde98c,"Reich: Nagoya Marimbas, for 2 Marimbas",29,"Steve Reich,Colin Currie",Striking a Balance,0.984,0.68,294960,0.256,0.927,9,0.0815,-20.679,0,0.074,102.693,0.672
classical,Orchestral Percussions,37i9dQZF1DX0wCUv3vXlUC,716I413UcUqg7N1wNF2jG3,spotify:track:716I413UcUqg7N1wNF2jG3,https://p.scdn.co/mp3-preview/d83c9529ea0ce6637c6a97c25756db582d6c3a6c?cid=63a77ff40e794a12ae216a18befde98c,"View from Olympus: No. 2, To Yelasto Paidi",17,"John Psathas,New Zealand Symphony Orchestra,Marc Taddei,Pedro Carneiro,Michael Houstoun",View from Olympus,0.885,0.268,482349,0.12,0.313,5,0.351,-24.089,0,0.0349,79.638,0.0459
classical,Orchestral Percussions,37i9dQZF1DX0wCUv3vXlUC,7IXN40EHOThZ351NDGqLS9,spotify:track:7IXN40EHOThZ351NDGqLS9,https://p.scdn.co/mp3-preview/2c4dd3b689a8f9823e4c5a31741002191d63d43b?cid=63a77ff40e794a12ae216a18befde98c,The Woodmans - Music from the Film: titles,16,"David Lang,Sō Percussion",Lang: The Woodmans - Music from the Film,0.995,0.309,426587,0.0558,0.918,5,0.111,-19.068,0,0.0369,71.953,0.0398
classical,Orchestral Percussions,37i9dQZF1DX0wCUv3vXlUC,1TNEDcTrcH0UNjZieLvw9D,spotify:track:1TNEDcTrcH0UNjZieLvw9D,https://p.scdn.co/mp3-preview/e456da4d44b9064c8727547c329f8ba4baa066db?cid=63a77ff40e794a12ae216a18befde98c,Concerto for Piano and Percussion Ensemble: I. With Intensity,14,"David R. Gillingham,Ji Hyun Kim,McCormick Percussion Group,Robert McCormick",Concerti for Piano with Percussion Orchestra,0.763,0.365,339107,0.236,0.127,1,0.0875,-20.019,0,0.0381,103.664,0.035
classical,Orchestral Percussions,37i9dQZF1DX0wCUv3vXlUC,5SZ3y0PLuIujSJj6Eb0kgk,spotify:track:5SZ3y0PLuIujSJj6Eb0kgk,https://p.scdn.co/mp3-preview/7beb4991a3db6d5806a451cf9c044ab1be2e8201?cid=63a77ff40e794a12ae216a18befde98c,"Concerto No. 2 in G Minor, Op. 8, RV 315, ""L'estate"" (Summer): III. Presto (arr. O Duo)",14,"Antonio Vivaldi,O Duo",Searching: Works for Percussion Duet,0.941,0.346,168667,0.348,0.872,0,0.0893,-19.34,0,0.0432,146.596,0.216
classical,Orchestral Percussions,37i9dQZF1DX0wCUv3vXlUC,7CDPhtfhGoCcA73fY8IwhQ,spotify:track:7CDPhtfhGoCcA73fY8IwhQ,https://p.scdn.co/mp3-preview/f343e24be7bdf6ab36894123921c9cfc7014eb5d?cid=63a77ff40e794a12ae216a18befde98c,Dreamachine: IV. Vulcan's Forge,13,"Michael Daugherty,Evelyn Glennie,Albany Symphony Orchestra,David Alan Miller","Daugherty: Dreamachine, Trail of Tears & Reflections on the Mississippi",0.554,0.488,548920,0.761,0.871,0,0.23,-14.691,0,0.133,147.753,0.121
classical,Orchestral Percussions,37i9dQZF1DX0wCUv3vXlUC,6FbUn5LVkVBds1otO1CXYB,spotify:track:6FbUn5LVkVBds1otO1CXYB,,Psappha,0,"Red Fish Blue Fish,Steven Schick","Xenakis, Iannis: Percussion Works",0.0553,0.531,843120,0.339,0.809,10,0.065,-19.687,0,0.19,132.3,0.0525
classical,Orchestral Percussions,37i9dQZF1DX0wCUv3vXlUC,3WceMYsWXQOr3xtlwXupST,spotify:track:3WceMYsWXQOr3xtlwXupST,https://p.scdn.co/mp3-preview/bde4ec5ccc1811d54f40fefb5e43f1b78c5942a9?cid=63a77ff40e794a12ae216a18befde98c,PULSE (Live),11,"Dobrinka Tabakova,Rolf Hind,Richard Uttley,Richard Benjafield,George Barton,Robert Campion,Isabelle Carré",Dobrinka Tabakova: PULSE (Live),0.982,0.397,686180,0.11,0.889,10,0.15,-23.461,0,0.0356,115.491,0.0743
classical,Orchestral Percussions,37i9dQZF1DX0wCUv3vXlUC,6LdZLzLBWb4Qw13OyZsWHx,spotify:track:6LdZLzLBWb4Qw13OyZsWHx,https://p.scdn.co/mp3-preview/34db7a1db9f2d314def6a5896e57cfd0661967be?cid=63a77ff40e794a12ae216a18befde98c,Seik Kyu Ahla (version 1),9,"Kyaw Kyaw Naing,Bang On A Can All-Stars",Bang On A Can Meets Kyaw Kyaw Naing,0.969,0.525,420293,0.426,0.939,3,0.085,-11.804,1,0.105,104.624,0.843
classical,Orchestral Percussions,37i9dQZF1DX0wCUv3vXlUC,1jp14NEyb6dbW8UB8tr9FP,spotify:track:1jp14NEyb6dbW8UB8tr9FP,https://p.scdn.co/mp3-preview/fd4d742d56d2a7ebc4ca331ff24b42d71141e62c?cid=63a77ff40e794a12ae216a18befde98c,G Song (arr. D. Bukowski for marimba and vibraphone),10,"Terry Riley,Dominik Bukowski,Kasia Kadłubowska",Transient,0.99,0.429,222213,0.0541,0.937,7,0.0889,-27.268,0,0.0399,115.583,0.21
classical,Orchestral Percussions,37i9dQZF1DX0wCUv3vXlUC,3JbfvMvcglI9NWiKHD0h4I,spotify:track:3JbfvMvcglI9NWiKHD0h4I,https://p.scdn.co/mp3-preview/a65ff6495b49a70c0ad2fbdb9a2cde09d16e7a10?cid=63a77ff40e794a12ae216a18befde98c,Ionisation,9,"Edgard Varèse,Amadinda Percussion Group","Cage: 4'33"" / Varese: Ionisation / Chavez: Toccata",0.244,0.489,346533,0.333,0.706,3,0.0969,-23.371,0,0.129,143.017,0.0653
classical,Orchestral Percussions,37i9dQZF1DX0wCUv3vXlUC,4XQkZ7B0itWNhvYl2YYDyy,spotify:track:4XQkZ7B0itWNhvYl2YYDyy,https://p.scdn.co/mp3-preview/c245671bbd4065bec686b6000af89a33acf779fd?cid=63a77ff40e794a12ae216a18befde98c,Fear-Release,8,"Ellen Reid,Los Angeles Percussion Quartet",Beyond,0.375,0.282,527092,0.0653,0.00869,9,0.0802,-20.143,0,0.0451,141.72,0.0353
classical,Orchestral Percussions,37i9dQZF1DX0wCUv3vXlUC,2Alq0A0RnGuKivjZoJ8bKX,spotify:track:2Alq0A0RnGuKivjZoJ8bKX,https://p.scdn.co/mp3-preview/7ecc33c2551159fabe6dff4124b48ae5f54623b5?cid=63a77ff40e794a12ae216a18befde98c,Rough Music: I. Toberac,10,"H.K. Gruber,Martin Grubinger,Lower Austrian Tonkünstler Orchestra,Kristjan Järvi","Gruber, H.K.: Rough Music / Zeitstimmung / Charivari",0.956,0.418,392493,0.104,0.563,10,0.108,-24.152,1,0.0369,115.081,0.208
classical,Orchestral Percussions,37i9dQZF1DX0wCUv3vXlUC,0tobtKHlHrnyjyzyMmJjxd,spotify:track:0tobtKHlHrnyjyzyMmJjxd,https://p.scdn.co/mp3-preview/9af116d112b73b4914b7f7b5c07097d24e9e9a76?cid=63a77ff40e794a12ae216a18befde98c,Trackings I,19,"Michael Byron,William Winant",Five American Percussion Pieces,0.757,0.191,793411,0.315,0.0132,5,0.139,-15.475,1,0.0324,91.876,0.0288
classical,Orchestral Percussions,37i9dQZF1DX0wCUv3vXlUC,4ehLDAv8MJRwsnGo3VCnwZ,spotify:track:4ehLDAv8MJRwsnGo3VCnwZ,https://p.scdn.co/mp3-preview/cff0ce93ee1f93a5795cea727c8a4bdd55a5e3d0?cid=63a77ff40e794a12ae216a18befde98c,Quartet: I. Fast,22,"Steve Reich,Colin Currie Group",Steve Reich: Pulse / Quartet,0.971,0.51,405853,0.237,0.92,9,0.0954,-18.908,1,0.064,152.085,0.226
classical,Orchestral Percussions,37i9dQZF1DX0wCUv3vXlUC,4kIxEgTGv2waTp874njX6W,spotify:track:4kIxEgTGv2waTp874njX6W,https://p.scdn.co/mp3-preview/6fbbbf8e62ae15873e8bfd93939adff2916fa78a?cid=63a77ff40e794a12ae216a18befde98c,Reflections on the Nature of Water: IV. Gently swelling,6,"Jacob Druckman,Group for Contemporary Music",Druckman: String Quartets Nos. 2 and 3,0.989,0.269,130760,0.0163,0.929,0,0.114,-28.954,0,0.0517,157.042,0.0739
classical,Orchestral Percussions,37i9dQZF1DX0wCUv3vXlUC,50AJ8BEXoToe02Avnljgx1,spotify:track:50AJ8BEXoToe02Avnljgx1,https://p.scdn.co/mp3-preview/f93872c5ed9b811de95f01f0f763f842bf76d44f?cid=63a77ff40e794a12ae216a18befde98c,Pulse,7,"Henry Cowell,Tetraktis Ensemble",Ionisation; Percussion Music,0.353,0.418,260232,0.318,0.294,9,0.0631,-22.264,1,0.0367,121.266,0.0362
classical,Orchestral Percussions,37i9dQZF1DX0wCUv3vXlUC,69Z71tpKPgsllPzFBSHzi8,spotify:track:69Z71tpKPgsllPzFBSHzi8,https://p.scdn.co/mp3-preview/706062158867db7c98cc7c1aadf89783db060c5d?cid=63a77ff40e794a12ae216a18befde98c,Ilimaq: The Sunken Gamelan,8,"John Luther Adams,Glenn Kotche",John Luther Adams: Ilimaq,0.865,0.142,208107,0.0649,0.971,8,0.349,-34.109,1,0.0491,141.147,0.0364
classical,Orchestral Percussions,37i9dQZF1DX0wCUv3vXlUC,04KnHQBkapTjPmLxlbIQa9,spotify:track:04KnHQBkapTjPmLxlbIQa9,https://p.scdn.co/mp3-preview/15b8d24f2aaccb77bd2d0d7bd85b3ce0403c571f?cid=63a77ff40e794a12ae216a18befde98c,Percussion Concerto,9,"Jennifer Higdon,Colin Currie,London Philharmonic Orchestra,Marin Alsop","Macmillan, J.: Confession of Isobel Gowdie (The) / Ades, T.: Chamber Symphony / Higdon, J.: Percussion Concerto",0.864,0.432,1410760,0.391,0.61,2,0.679,-18.757,0,0.0852,129.039,0.0694
classical,Orchestral Percussions,37i9dQZF1DX0wCUv3vXlUC,4AEBYuHPyZvbr9I6GVGezC,spotify:track:4AEBYuHPyZvbr9I6GVGezC,https://p.scdn.co/mp3-preview/ba2996cce647c1e6ec8b7130e99164d3f078dc61?cid=63a77ff40e794a12ae216a18befde98c,Ame no ki,6,"Toru Takemitsu,Tambuco",Música japonesa para percusiones,0.977,0.21,788400,0.00172,0.0878,6,0.13,-36.908,1,0.0491,67.729,0.0274
classical,Orchestral Percussions,37i9dQZF1DX0wCUv3vXlUC,6QBWuYH2jtyt2NR8d7DAqx,spotify:track:6QBWuYH2jtyt2NR8d7DAqx,https://p.scdn.co/mp3-preview/47347136509fc80deb6ad08617220e96a8628a79?cid=63a77ff40e794a12ae216a18befde98c,Timber: Part V,6,"Michael Gordon,Slagwerk Den Haag",Gordon: Timber,0.946,0.58,810733,0.712,0.878,9,0.0867,-14.218,0,0.0456,124.008,0.121
classical,Orchestral Percussions,37i9dQZF1DX0wCUv3vXlUC,2Ig7C2V9FKIu6huXhxHIiI,spotify:track:2Ig7C2V9FKIu6huXhxHIiI,https://p.scdn.co/mp3-preview/48f982ca6a5195961d297b6decfb5f2b69f0d69c?cid=63a77ff40e794a12ae216a18befde98c,Travel Diary: IV. Arrived. Phone Home,5,"Paul Lansky,Meehan/Perkins Duo",Travel Diary,0.97,0.309,387040,0.225,0.873,4,0.074,-19.575,0,0.102,172.593,0.0751
classical,Orchestral Percussions,37i9dQZF1DX0wCUv3vXlUC,0356G89BoWFcYoZcHEbVBB,spotify:track:0356G89BoWFcYoZcHEbVBB,https://p.scdn.co/mp3-preview/e60cd52638616d7368645160edb50a97eaedef5c?cid=63a77ff40e794a12ae216a18befde98c,Percussion Concerto: III. Ritmico con brio,6,"Joseph Schwantner,Christopher Lamb,Nashville Symphony Orchestra,Giancarlo Guerrero",Schwantner: Percussion Concerto - Morning's Embrace - Chasing Light…,0.814,0.402,651627,0.415,0.82,0,0.0903,-22.527,1,0.0554,137.88,0.0943
classical,Orchestral Percussions,37i9dQZF1DX0wCUv3vXlUC,2V7lMDca3mJC9UjFfGNy7a,spotify:track:2V7lMDca3mJC9UjFfGNy7a,,Drumming: Part IV,0,"Steve Reich,Leslie Scott,Tim Ferchen,Steve Chambers,Russ Hartenberger,Glen Velez,Bob Becker,James Preiss,Ben Harms,Cornelius Cardew,Jay Clayton,Joan La Barbara",Reich: Drumming,0.969,0.334,1137427,0.511,0.917,6,0.327,-17.838,1,0.0327,139.158,0.244
classical,Orchestral Percussions,37i9dQZF1DX0wCUv3vXlUC,2aJOtNpMw5ZO1xTw6XDqQR,spotify:track:2aJOtNpMw5ZO1xTw6XDqQR,https://p.scdn.co/mp3-preview/ef879d26ce13d0994d5707221d0a2ad51df9d253?cid=63a77ff40e794a12ae216a18befde98c,L'Arbre aux fleurs (2010) pour 5 percussions: I. Perles de jade,4,"Thierry Pécou,Percussions Claviers de Lyon",Pécou: Tremendum,0.959,0.487,537600,0.119,0.763,10,0.0741,-20.365,1,0.0406,100.699,0.044
classical,Orchestral Percussions,37i9dQZF1DX0wCUv3vXlUC,5mwU2biyzYhUKrOL2FF4Y8,spotify:track:5mwU2biyzYhUKrOL2FF4Y8,https://p.scdn.co/mp3-preview/733ed48ff4ee1174f34700b74c8478bf2e10c0dd?cid=63a77ff40e794a12ae216a18befde98c,Play,5,"Belinda Reynolds,Teresa McCollough,Thomas Burritt,Peggy Benkeser",Reynolds: Cover,0.987,0.409,403720,0.11,0.928,2,0.116,-20.826,0,0.0535,168.328,0.0756
classical,Orchestral Percussions,37i9dQZF1DX0wCUv3vXlUC,0yghAIOMaOup3ZgtX3Z8My,spotify:track:0yghAIOMaOup3ZgtX3Z8My,https://p.scdn.co/mp3-preview/baa53cee9c32216b3aa9816cc14124eb2a39ce3a?cid=63a77ff40e794a12ae216a18befde98c,fzzl,4,"Dan VanHassel,Joseph Van Hassel",Correlates: Solo Percussion Commissions,0.77,0.504,465880,0.587,0.938,5,0.11,-17.806,1,0.056,129.873,0.0387
classical,Orchestral Percussions,37i9dQZF1DX0wCUv3vXlUC,1ZctzSp4yr9LhbH78UoaxU,spotify:track:1ZctzSp4yr9LhbH78UoaxU,https://p.scdn.co/mp3-preview/e4dbd3ff827e7c3604876e113a655f3c5afe9844?cid=63a77ff40e794a12ae216a18befde98c,Sleep (arr. E. Hong),7,"Eric Whitacre,Edward Hong,Smoke and Mirrors Percussion Ensemble",Smoke and Mirrors Percussion Ensemble,0.991,0.155,327000,0.0155,0.856,0,0.116,-29.964,0,0.06,84.805,0.0314
classical,Orchestral Percussions,37i9dQZF1DX0wCUv3vXlUC,6QmweNuv1IMNpPAF1SqCuH,spotify:track:6QmweNuv1IMNpPAF1SqCuH,,Zyklus,0,"Karlheinz Stockhausen,Steven Schick",Complete Early Percussion Works,0.635,0.386,630240,0.0769,0.33,10,0.0953,-25.278,1,0.0836,76.442,0.0575
classical,Orchestral Percussions,37i9dQZF1DX0wCUv3vXlUC,0Pg3GW2dy06htF976r8Jwr,spotify:track:0Pg3GW2dy06htF976r8Jwr,https://p.scdn.co/mp3-preview/4456569377d18491668a71c6a0b423d1bec4977c?cid=63a77ff40e794a12ae216a18befde98c,Stubernic,11,"Mark Ford,University of Michigan Percussion Ensemble,Michael Udow",Transmutations and Metamorphoses,0.961,0.329,463493,0.317,0.865,2,0.0891,-12.31,0,0.0512,179.908,0.0494
classical,Orchestral Percussions,37i9dQZF1DX0wCUv3vXlUC,6gv9jJiPed2UOkjJSo6lBI,spotify:track:6gv9jJiPed2UOkjJSo6lBI,https://p.scdn.co/mp3-preview/3ab18ac73fe056b9b7cd7c47733d6b37cc84c2be?cid=63a77ff40e794a12ae216a18befde98c,Kala,8,"Akira Nishimura,Keiko Abe,Kroumata Percussion Ensemble",Miki / Takemitsu / Nishimura: Japanese Percussion Music,0.748,0.402,631080,0.111,0.0118,0,0.0543,-28.087,1,0.0411,113.642,0.201
classical,Orchestral Percussions,37i9dQZF1DX0wCUv3vXlUC,5gNyZNo5laagFvLnoIE1Kb,spotify:track:5gNyZNo5laagFvLnoIE1Kb,https://p.scdn.co/mp3-preview/1a0af9522631af709486fd50c373bf2392cdc860?cid=63a77ff40e794a12ae216a18befde98c,Snake's Dream,7,"Eric Sammut,June Hahn",Sailing in Seoul,0.989,0.394,215453,0.0778,0.961,2,0.109,-24.068,1,0.0598,105.634,0.164
classical,Orchestral Percussions,37i9dQZF1DX0wCUv3vXlUC,5HhMuAU4Y32lTYwAcAfnRv,spotify:track:5HhMuAU4Y32lTYwAcAfnRv,https://p.scdn.co/mp3-preview/ca9757b822d5d79baee1944572971643988a9830?cid=63a77ff40e794a12ae216a18befde98c,Kroumata Pieces,6,"Sven-David Sandström,Kroumata Percussion Ensemble",Cage / Katzer / Strindberg / Sandstrom: Music for Percussion,0.822,0.377,963360,0.526,0.812,5,0.111,-22.706,0,0.0525,137.509,0.0886
classical,Orchestral Percussions,37i9dQZF1DX0wCUv3vXlUC,2oguSE4F20c2pjVF1RZPn7,spotify:track:2oguSE4F20c2pjVF1RZPn7,https://p.scdn.co/mp3-preview/728ea40e869abfc65ff9f85db42c852943e86855?cid=63a77ff40e794a12ae216a18befde98c,Silver Streetcar for the Orchestra,4,"Håkon Stene,Alvin Lucier",Etude Begone Badum,0.871,0.0851,663040,0.842,0.898,9,0.288,-16.012,1,0.382,170.773,0.0191
classical,Orchestral Percussions,37i9dQZF1DX0wCUv3vXlUC,7ClAaS2v7fkiEhIJBfV1Se,spotify:track:7ClAaS2v7fkiEhIJBfV1Se,https://p.scdn.co/mp3-preview/74800fac53982f891b08878b0c7365785a49771e?cid=63a77ff40e794a12ae216a18befde98c,… without a chance,4,"Jonathan Leshnoff,Barry Dove,Svet Stoyanov,Dave DePeters",Leshnoff: Chamber Music,0.942,0.346,500827,0.116,0.547,10,0.113,-20.44,0,0.0523,81.32,0.039
classical,Orchestral Percussions,37i9dQZF1DX0wCUv3vXlUC,5UVeg0EOfLWCE4zbqBLHIy,spotify:track:5UVeg0EOfLWCE4zbqBLHIy,https://p.scdn.co/mp3-preview/6b9b190a74ed27250f733c43168d2dc4c1c02b00?cid=63a77ff40e794a12ae216a18befde98c,Want it. Need it. Have it.,3,"Adam Silverman,RoseWind Duo,Scott Herring,Clifford Leaman",Devils Garden / Angels Landing,0.983,0.37,562280,0.152,0.923,0,0.0912,-15.048,1,0.0406,155.36,0.064
classical,Orchestral Percussions,37i9dQZF1DX0wCUv3vXlUC,08ue2g4mHjmtsB1fcRBfEc,spotify:track:08ue2g4mHjmtsB1fcRBfEc,https://p.scdn.co/mp3-preview/5181efedd3d0a32328d583365fc82ac98923ca61?cid=63a77ff40e794a12ae216a18befde98c,Ballet Mecanique,19,"George Antheil,The Philadelphia Virtuosi Chamber Orchestra,Daniel Spalding",Antheil: Ballet Mecanique / Serenade for String Orchestra,0.778,0.408,966133,0.434,0.0144,1,0.121,-19.981,1,0.0499,145.594,0.168
classical,Orchestral Percussions,37i9dQZF1DX0wCUv3vXlUC,5MABlS6AfxCl3lCap7QaGt,spotify:track:5MABlS6AfxCl3lCap7QaGt,https://p.scdn.co/mp3-preview/32836cfc060140e8499563a425ab471151a04da9?cid=63a77ff40e794a12ae216a18befde98c,Mirage,4,"Yasuo Sueyoshi,Mika Takehara",Ishii: Thirteen Drums,0.974,0.477,556280,0.0107,0.828,7,0.229,-22.705,1,0.0867,126.308,0.0388
classical,Orchestral Percussions,37i9dQZF1DX0wCUv3vXlUC,5T9jPnjJQmKCPpkhOiYhnn,spotify:track:5T9jPnjJQmKCPpkhOiYhnn,https://p.scdn.co/mp3-preview/5caf55487640a6f79ee0ed6f30a125e96e1d7968?cid=63a77ff40e794a12ae216a18befde98c,Busted,4,"Steven Mackey,Peggy Benkeser,Michael Burritt",Music for Hammers and Sticks (New Music for Piano and Percussion),0.353,0.517,442680,0.29,0.738,9,0.126,-19.341,0,0.0922,106.433,0.0594
classical,Orchestral Percussions,37i9dQZF1DX0wCUv3vXlUC,0bVlWbHzDzFdcgrGU9URzD,spotify:track:0bVlWbHzDzFdcgrGU9URzD,https://p.scdn.co/mp3-preview/b942f6c05c6e6326523650d913705caab95cb651?cid=63a77ff40e794a12ae216a18befde98c,DNA,4,"Joan Tower,New England Conservatory Percussion Ensemble,Frank Epstein","American Music for Percussion, Vol. 1",0.712,0.351,593707,0.414,0.738,2,0.153,-22.306,0,0.0584,132.812,0.0386
classical,Orchestral Percussions,37i9dQZF1DX0wCUv3vXlUC,0Aqtvuem55P6lDnkApFIxr,spotify:track:0Aqtvuem55P6lDnkApFIxr,https://p.scdn.co/mp3-preview/29c601238e138ef9b966e6e5c5b1877d6d8a2485?cid=63a77ff40e794a12ae216a18befde98c,Percussion Quartet: Introduction/Song/Recitative/Monsters/Dance,3,"Lukas Foss,New Music Consort,Claire Heldrich",Pulse! Percussion Works,0.543,0.58,1115173,0.0537,0.0506,0,0.0749,-25.471,1,0.0849,134.398,0.218
classical,Orchestral Percussions,37i9dQZF1DX0wCUv3vXlUC,5p0pdywHf5E66AzBOFCnNy,spotify:track:5p0pdywHf5E66AzBOFCnNy,https://p.scdn.co/mp3-preview/706630addf071064a2dc6609b6b08bbba2b87f8d?cid=63a77ff40e794a12ae216a18befde98c,Fugue (1941),3,"Lou Harrison,Maelstrom Percussion Ensemble",Labrynth,0.69,0.392,244017,0.483,0.801,7,0.458,-15.797,1,0.0367,101.14,0.187
classical,Orchestral Percussions,37i9dQZF1DX0wCUv3vXlUC,0rpQlsrCJAp1qfXGrB6zYH,spotify:track:0rpQlsrCJAp1qfXGrB6zYH,https://p.scdn.co/mp3-preview/9e1c2d33559de2aa653c3169ab74cd4718dc0f14?cid=63a77ff40e794a12ae216a18befde98c,Goldrush,7,"Jacob Ter Veldhuis,Safri Duo",Safri Duo: Goldrush - Works for Percussion,0.912,0.368,766867,0.163,0.864,5,0.0784,-26.308,0,0.0549,124.185,0.0506
classical,Orchestral Percussions,37i9dQZF1DX0wCUv3vXlUC,7LLReq1oStHyeTpdLY7IRS,spotify:track:7LLReq1oStHyeTpdLY7IRS,https://p.scdn.co/mp3-preview/f75522638dd9d43baecc291f99c897b693878422?cid=63a77ff40e794a12ae216a18befde98c,Epitase pour guitare en Ixtacchihuatl pour ensemble de batteries,4,"Akira Miyoshi,Okada Percussion Ensemble,Mikio Hoshida",Mikio Hoshido Plays Akira Miyoshi,0.948,0.281,945707,0.037,0.397,7,0.0766,-20.425,0,0.0478,76.536,0.0361
classical,Orchestral Percussions,37i9dQZF1DX0wCUv3vXlUC,4eGRtUjXnJb17THjLKs7pQ,spotify:track:4eGRtUjXnJb17THjLKs7pQ,https://p.scdn.co/mp3-preview/2317aab3c9e5c7a4dc62a8f3968aaa3a9ee77946?cid=63a77ff40e794a12ae216a18befde98c,Darkness,3,"Franco Donatoni,Demoé Percussion Ensemble,Daniele Vineis",Franco Donatoni & Andrea Molino: Chamber Music,0.951,0.47,695507,0.341,0.385,2,0.231,-16.358,1,0.135,87.125,0.227
classical,Orchestral Percussions,37i9dQZF1DX0wCUv3vXlUC,7wmm8ycV3DwStuQK0LGkdH,spotify:track:7wmm8ycV3DwStuQK0LGkdH,https://p.scdn.co/mp3-preview/0e34058ca40724c1e229cad2d5e9b72acd93dce8?cid=63a77ff40e794a12ae216a18befde98c,Nemeton for solo Percussion,4,"Matthias Pintscher,Rainer Römer",Porträt-Reihe: Nemeton (Ensemble Modern Presents Rainer Römer),0.435,0.39,740413,0.0692,0.504,0,0.0822,-23.312,1,0.0905,76.465,0.0433
classical,Orchestral Percussions,37i9dQZF1DX0wCUv3vXlUC,3Rc7ekR2wQYdT2rNjQbk6o,spotify:track:3Rc7ekR2wQYdT2rNjQbk6o,https://p.scdn.co/mp3-preview/f482f62f190dafd26557a10bf6e22df588e3e056?cid=63a77ff40e794a12ae216a18befde98c,Stonewave: Part I.,4,"Rolf Wallin,Hans-Kristian Kjos Sorensen",Xenakis / Cage / Hedstrom / Klos Sorensen: Open Percussion,0.534,0.343,519800,0.156,0.914,8,0.114,-28.789,1,0.0747,127.938,0.0388
classical,Orchestral Percussions,37i9dQZF1DX0wCUv3vXlUC,0kQiYud3avNCHybFPVSlk8,spotify:track:0kQiYud3avNCHybFPVSlk8,,Third Construction,0,"John Cage,Third Coast Percussion",The Works for Percussion 2,0.661,0.454,617053,0.365,0.801,6,0.103,-21.424,1,0.0619,117.135,0.338
classical,Orchestral Percussions,37i9dQZF1DX0wCUv3vXlUC,0AMTRPK8xBGU4ALSizS43A,spotify:track:0AMTRPK8xBGU4ALSizS43A,https://p.scdn.co/mp3-preview/e115f40317359cdd7483d6be7997c2a4d522a7fd?cid=63a77ff40e794a12ae216a18befde98c,"Music For A Summer Evening, ""Makrokosmos III"": V. Music of the Starry Night",4,"George Crumb,Ingrid Lindgren,Barbro Dahlman,Seppo Asikainen,Rainer Kuisma",Crumb: Madrigals / Music For A Summer Evening (Makrokosmos Iii),0.757,0.277,748080,0.0283,0.263,1,0.0811,-20.454,1,0.0396,73.213,0.102
