category_id,playlist_name,playlist_id,track_id,track_uri,track_preview_url,track_name,track_popularity,artist_name,album_name,acousticness,danceability,duration_ms,energy,instrumentalness,key,liveness,loudness,mode,speechiness,tempo,valence
afro,This Is Kelly Khumalo,37i9dQZF1DX3VxoFMom3BD,6MwrdRuLan4tsA1geTiIcr,spotify:track:6MwrdRuLan4tsA1geTiIcr,,Ngiyaz'thandela,27,Kelly Khumalo,Ngiyaz'thandela,0.262,0.365,230413,0.746,0.0,8,0.128,-5.65,1,0.106,90.666,0.595
afro,This Is Kelly Khumalo,37i9dQZF1DX3VxoFMom3BD,0jqjeIdtU7K0bQ7UMHYEMH,spotify:track:0jqjeIdtU7K0bQ7UMHYEMH,,Dance Comigo,24,Kelly Khumalo,Unleashed,0.278,0.819,224347,0.488,0.0022,7,0.161,-8.212,1,0.0661,92.014,0.779
afro,This Is Kelly Khumalo,37i9dQZF1DX3VxoFMom3BD,7AVcFuCQDmUk1PC3EJIQgH,spotify:track:7AVcFuCQDmUk1PC3EJIQgH,,Jehova,25,"Kelly Khumalo,J Flo",Jehova,0.167,0.599,280851,0.718,0.000242,5,0.089,-6.609,0,0.0494,93.998,0.206
afro,This Is Kelly Khumalo,37i9dQZF1DX3VxoFMom3BD,4cjk95DiMb2Ypg2ucp6p0v,spotify:track:4cjk95DiMb2Ypg2ucp6p0v,,Asine,19,"Kelly Khumalo,NVL",Back To My Roots,0.537,0.564,281360,0.603,2.99e-05,0,0.229,-7.987,1,0.0341,84.002,0.374
afro,This Is Kelly Khumalo,37i9dQZF1DX3VxoFMom3BD,3OyvAMicjWUFfIuYhoGluD,spotify:track:3OyvAMicjWUFfIuYhoGluD,,Uthando,20,Kelly Khumalo,My Truth,0.4,0.496,293120,0.694,0.0,6,0.202,-5.321,1,0.041,148.104,0.429
afro,This Is Kelly Khumalo,37i9dQZF1DX3VxoFMom3BD,2f8kJL3aD8DIEffNpMNtCl,spotify:track:2f8kJL3aD8DIEffNpMNtCl,,Ngiyabuza,15,Kelly Khumalo,"The Past, The Present, The Future",0.237,0.556,292587,0.687,0.0,9,0.416,-5.339,1,0.0492,79.972,0.369
afro,This Is Kelly Khumalo,37i9dQZF1DX3VxoFMom3BD,2LpWr4DgEfcdwyc9Q6w8r1,spotify:track:2LpWr4DgEfcdwyc9Q6w8r1,,Sobabili,15,"Kelly Khumalo,Robby Malinga","The Past, The Present, The Future",0.548,0.452,336693,0.81,0.0,6,0.0828,-3.456,1,0.0532,74.935,0.62
afro,This Is Kelly Khumalo,37i9dQZF1DX3VxoFMom3BD,0j7FQkpv51dFzB1BmdQQb2,spotify:track:0j7FQkpv51dFzB1BmdQQb2,,Ngiyaz'thandela,16,Kelly Khumalo,Unleashed,0.262,0.365,230413,0.746,0.0,8,0.128,-5.65,1,0.106,90.666,0.595
afro,This Is Kelly Khumalo,37i9dQZF1DX3VxoFMom3BD,08yPLTvE6Aa9WnIlTCkKxp,spotify:track:08yPLTvE6Aa9WnIlTCkKxp,,Jehova,14,"Kelly Khumalo,J Flo",Unleashed,0.084,0.606,279813,0.758,0.000583,5,0.0742,-5.053,0,0.0439,93.986,0.338
afro,This Is Kelly Khumalo,37i9dQZF1DX3VxoFMom3BD,47dCbfshKYkbw40Wb49VKO,spotify:track:47dCbfshKYkbw40Wb49VKO,,Baby Please,9,"Kelly Khumalo,Robbie Malinga",My Truth,0.136,0.708,284680,0.675,0.0,7,0.106,-5.767,1,0.0491,83.985,0.875
afro,This Is Kelly Khumalo,37i9dQZF1DX3VxoFMom3BD,6vFrU2GSaR1Y20z4Eotczx,spotify:track:6vFrU2GSaR1Y20z4Eotczx,,Give It To Me,3,Kelly Khumalo,"The Past, The Present, The Future",0.0238,0.618,217187,0.767,0.00161,0,0.122,-4.891,0,0.0449,124.946,0.649
afro,This Is Kelly Khumalo,37i9dQZF1DX3VxoFMom3BD,0H8NrhXzcjgmvVYvwmSuK7,spotify:track:0H8NrhXzcjgmvVYvwmSuK7,,Thumela Omalume,16,"Kelly Khumalo,Vusi Nova",Unleashed,0.571,0.491,281933,0.688,0.0,4,0.258,-6.134,1,0.0974,151.825,0.632
afro,This Is Kelly Khumalo,37i9dQZF1DX3VxoFMom3BD,7AudANbjdms7mqoTzVOa1h,spotify:track:7AudANbjdms7mqoTzVOa1h,,Let Me Be,3,Kelly Khumalo,Simply,0.00701,0.781,284960,0.937,0.00824,2,0.0756,-5.476,1,0.0465,118.007,0.345
afro,This Is Kelly Khumalo,37i9dQZF1DX3VxoFMom3BD,4RQst4Re88iCXHS0xoEEVI,spotify:track:4RQst4Re88iCXHS0xoEEVI,,My Testimony,4,Kelly Khumalo,My Truth,0.17,0.415,244547,0.733,0.0,6,0.393,-5.055,0,0.0456,99.834,0.174
afro,This Is Kelly Khumalo,37i9dQZF1DX3VxoFMom3BD,6BcIyUF8Y28OJYgQGhzHD4,spotify:track:6BcIyUF8Y28OJYgQGhzHD4,,Iphupho Lami,3,Kelly Khumalo,"The Past, The Present, The Future",0.0393,0.492,253667,0.673,0.0,0,0.262,-4.391,0,0.0318,159.861,0.32
afro,This Is Kelly Khumalo,37i9dQZF1DX3VxoFMom3BD,35C0HWJ20M9oemIeGzHlHo,spotify:track:35C0HWJ20M9oemIeGzHlHo,,Woman,2,Kelly Khumalo,Simply,0.0161,0.722,294027,0.829,1.69e-06,9,0.0939,-5.799,0,0.0365,124.99,0.876
afro,This Is Kelly Khumalo,37i9dQZF1DX3VxoFMom3BD,0nWyeKtifWFqlg1yuROSRV,spotify:track:0nWyeKtifWFqlg1yuROSRV,,Nhliziyo Yam',14,Kelly Khumalo,Unleashed,0.499,0.521,306827,0.452,0.0,10,0.182,-6.846,1,0.0318,120.199,0.193
afro,This Is Kelly Khumalo,37i9dQZF1DX3VxoFMom3BD,2ZTZuVGC1QvC2Kwnjd9RNC,spotify:track:2ZTZuVGC1QvC2Kwnjd9RNC,,I Really Love You,2,Kelly Khumalo,"The Past, The Present, The Future",0.317,0.35,321013,0.553,0.0,7,0.0938,-5.053,1,0.0344,114.771,0.183
afro,This Is Kelly Khumalo,37i9dQZF1DX3VxoFMom3BD,08WHcGCjsOB3rqifvarVi1,spotify:track:08WHcGCjsOB3rqifvarVi1,,Isikhwele,2,Kelly Khumalo,Simply,0.0445,0.585,298427,0.785,0.0,8,0.172,-6.152,1,0.035,149.983,0.694
afro,This Is Kelly Khumalo,37i9dQZF1DX3VxoFMom3BD,6lH9O95XL4JMgQXHjI25mO,spotify:track:6lH9O95XL4JMgQXHjI25mO,,Senzo,6,Kelly Khumalo,My Truth,0.0192,0.36,198533,0.698,0.0,1,0.212,-5.307,0,0.0279,87.775,0.733
afro,This Is Kelly Khumalo,37i9dQZF1DX3VxoFMom3BD,6HJ0jngc95We0V5X7nXdnt,spotify:track:6HJ0jngc95We0V5X7nXdnt,,Happiness,10,Kelly Khumalo,Unleashed,0.265,0.575,218333,0.398,0.0,2,0.126,-7.101,1,0.0311,77.785,0.253
afro,This Is Kelly Khumalo,37i9dQZF1DX3VxoFMom3BD,5Kv737opEfw7kqkaNK14iO,spotify:track:5Kv737opEfw7kqkaNK14iO,,You Can Fly,2,Kelly Khumalo,Simply,0.31,0.52,311107,0.437,0.0,2,0.0807,-7.669,1,0.0311,109.945,0.269
afro,This Is Kelly Khumalo,37i9dQZF1DX3VxoFMom3BD,61qVmucJURIXnmzUh1Ym6V,spotify:track:61qVmucJURIXnmzUh1Ym6V,,We Makhelwane,3,Kelly Khumalo,"The Past, The Present, The Future",0.00859,0.753,353867,0.778,0.0569,8,0.064,-5.682,1,0.0452,124.991,0.753
afro,This Is Kelly Khumalo,37i9dQZF1DX3VxoFMom3BD,7y6iZ69pR6DNkFCr5v2ww7,spotify:track:7y6iZ69pR6DNkFCr5v2ww7,,Habibi (My Love),10,Kelly Khumalo,Unleashed,0.456,0.445,232400,0.6,0.0,6,0.171,-6.397,1,0.0536,204.693,0.428
afro,This Is Kelly Khumalo,37i9dQZF1DX3VxoFMom3BD,6eM0esscBgq6EkEmUQrt5T,spotify:track:6eM0esscBgq6EkEmUQrt5T,,Rise,2,Kelly Khumalo,"The Past, The Present, The Future",0.0301,0.579,211867,0.747,0.0,7,0.199,-5.071,1,0.0318,110.023,0.286
afro,This Is Kelly Khumalo,37i9dQZF1DX3VxoFMom3BD,02DR4oAq21h76Up15DSA7b,spotify:track:02DR4oAq21h76Up15DSA7b,,Ngiyanfela,2,Kelly Khumalo,Simply,0.13,0.722,297027,0.882,0.0,0,0.388,-4.928,0,0.0386,107.99,0.686
afro,This Is Kelly Khumalo,37i9dQZF1DX3VxoFMom3BD,7y1DDY7vAq6UxmFlofnVUN,spotify:track:7y1DDY7vAq6UxmFlofnVUN,,Thingo-Kwezi,3,Kelly Khumalo,My Truth,0.0245,0.662,241720,0.889,1.28e-05,8,0.312,-4.977,1,0.0474,123.228,0.627
afro,This Is Kelly Khumalo,37i9dQZF1DX3VxoFMom3BD,22eCtPOEItJh2ZzcJNDoXX,spotify:track:22eCtPOEItJh2ZzcJNDoXX,,Strong Woman,11,"Kelly Khumalo,Brenda Mtambo",Unleashed,0.474,0.56,258440,0.615,0.0,2,0.127,-6.127,1,0.0513,83.939,0.346
afro,This Is Kelly Khumalo,37i9dQZF1DX3VxoFMom3BD,0ffNv6jfKf0suNnSwcix0n,spotify:track:0ffNv6jfKf0suNnSwcix0n,,Onje Ngam',5,Kelly Khumalo,My Truth,0.459,0.419,240173,0.63,0.0,11,0.102,-6.076,1,0.0347,147.897,0.28
afro,This Is Kelly Khumalo,37i9dQZF1DX3VxoFMom3BD,1CDae4vivxejpdeP8Q3xiZ,spotify:track:1CDae4vivxejpdeP8Q3xiZ,,Ajaku,2,Kelly Khumalo,Simply,0.0344,0.729,277640,0.725,2.7e-05,10,0.105,-6.858,0,0.0474,117.983,0.795
afro,This Is Kelly Khumalo,37i9dQZF1DX3VxoFMom3BD,6zLiPIgmtvJcvpt43vKPfh,spotify:track:6zLiPIgmtvJcvpt43vKPfh,,Awuboni?,9,Kelly Khumalo,Unleashed,0.138,0.689,268933,0.667,0.0,11,0.0427,-5.905,0,0.124,159.981,0.666
afro,This Is Kelly Khumalo,37i9dQZF1DX3VxoFMom3BD,2H5LI491FVDw2pMjyHSanw,spotify:track:2H5LI491FVDw2pMjyHSanw,,Dance Africa - Reprise,3,Kelly Khumalo,My Truth,0.0818,0.812,234453,0.767,0.000996,1,0.0892,-6.651,0,0.0354,123.967,0.481
afro,This Is Kelly Khumalo,37i9dQZF1DX3VxoFMom3BD,6Bod0YxSpYfPWvmNDzg4Pp,spotify:track:6Bod0YxSpYfPWvmNDzg4Pp,,Scoop Of Ice Cream,8,Kelly Khumalo,Unleashed,0.851,0.345,274253,0.378,0.0,0,0.104,-8.025,1,0.057,82.141,0.141
afro,This Is Kelly Khumalo,37i9dQZF1DX3VxoFMom3BD,6XU246M8clNlKHAOQANghT,spotify:track:6XU246M8clNlKHAOQANghT,,Lonely Fool,11,"Kelly Khumalo,Kyle Deutsch",Unleashed,0.663,0.641,238747,0.778,0.0,11,0.101,-5.552,1,0.11,114.809,0.689
afro,This Is Kelly Khumalo,37i9dQZF1DX3VxoFMom3BD,4kUwBktiXqPseRC0rTC98i,spotify:track:4kUwBktiXqPseRC0rTC98i,,Power Of Love...,1,Kelly Khumalo,Simply,0.212,0.662,242187,0.651,0.0,10,0.184,-7.791,1,0.0751,107.937,0.675
afro,This Is Kelly Khumalo,37i9dQZF1DX3VxoFMom3BD,4InBPFRgQZjVb55VJYPlkl,spotify:track:4InBPFRgQZjVb55VJYPlkl,,Nakupenda,3,"Kelly Khumalo,Ntando",My Truth,0.186,0.373,271453,0.692,0.0,5,0.355,-6.732,1,0.114,169.748,0.468
afro,This Is Kelly Khumalo,37i9dQZF1DX3VxoFMom3BD,73LXjgrTrFQC4CgwrxBrvU,spotify:track:73LXjgrTrFQC4CgwrxBrvU,,Your Will,9,Kelly Khumalo,Unleashed,0.103,0.315,323253,0.584,0.0,7,0.0897,-5.812,0,0.0346,120.048,0.24
afro,This Is Kelly Khumalo,37i9dQZF1DX3VxoFMom3BD,5kRZ6vtFF42LOR5iTnVgBf,spotify:track:5kRZ6vtFF42LOR5iTnVgBf,,Baleka,2,Kelly Khumalo,Back To My Roots,0.214,0.667,260600,0.887,0.000457,5,0.0458,-6.47,1,0.0554,106.016,0.674
afro,This Is Kelly Khumalo,37i9dQZF1DX3VxoFMom3BD,1m2SVSBxrivHm68uj4tpVk,spotify:track:1m2SVSBxrivHm68uj4tpVk,,Together Apart,2,Kelly Khumalo,"The Past, The Present, The Future",0.373,0.478,269000,0.636,0.0,0,0.443,-5.941,1,0.029,95.125,0.258
afro,This Is Kelly Khumalo,37i9dQZF1DX3VxoFMom3BD,2mKZpIvQniYqce5EnpSLNs,spotify:track:2mKZpIvQniYqce5EnpSLNs,,Somizi,8,Kelly Khumalo,Back To My Roots,0.11,0.669,293187,0.716,0.0,6,0.0809,-6.402,0,0.0279,99.977,0.3
afro,This Is Kelly Khumalo,37i9dQZF1DX3VxoFMom3BD,0VeOpcmNrfMrGkLlR0DAW8,spotify:track:0VeOpcmNrfMrGkLlR0DAW8,,Ngi Ngazi,2,Kelly Khumalo,Simply,0.0871,0.668,205467,0.644,0.000205,10,0.0899,-6.812,0,0.0412,149.9,0.631
afro,This Is Kelly Khumalo,37i9dQZF1DX3VxoFMom3BD,01DNLZ0qk6nbBRrQD0tNgO,spotify:track:01DNLZ0qk6nbBRrQD0tNgO,,Little Girl,2,Kelly Khumalo,"The Past, The Present, The Future",0.536,0.646,283227,0.616,9.93e-05,0,0.0951,-7.756,1,0.0353,139.969,0.369
afro,This Is Kelly Khumalo,37i9dQZF1DX3VxoFMom3BD,3afB69tdCplScbxXSahJz6,spotify:track:3afB69tdCplScbxXSahJz6,,Thuma Mina,2,Kelly Khumalo,Back To My Roots,0.412,0.746,231693,0.755,0.0,7,0.079,-4.296,1,0.0393,105.006,0.838
afro,This Is Kelly Khumalo,37i9dQZF1DX3VxoFMom3BD,4SnnaWIuahO7LoEu7OfS67,spotify:track:4SnnaWIuahO7LoEu7OfS67,,Sister,1,Kelly Khumalo,Simply,0.414,0.57,258947,0.516,0.0,8,0.342,-8.865,1,0.0746,74.966,0.499
afro,This Is Kelly Khumalo,37i9dQZF1DX3VxoFMom3BD,3XZZUNsWtORLiameJF319v,spotify:track:3XZZUNsWtORLiameJF319v,,Niku Bambe,2,Kelly Khumalo,Back To My Roots,0.455,0.87,205947,0.757,0.00129,8,0.219,-5.132,1,0.0361,106.009,0.98
afro,This Is Kelly Khumalo,37i9dQZF1DX3VxoFMom3BD,5z731yBq2RLT9BmNlM22BQ,spotify:track:5z731yBq2RLT9BmNlM22BQ,,I Live For Love,8,Kelly Khumalo,"The Past, The Present, The Future",0.286,0.599,219760,0.57,2.21e-06,11,0.263,-6.393,1,0.0474,132.089,0.382
afro,This Is Kelly Khumalo,37i9dQZF1DX3VxoFMom3BD,5526K8yroF0AMEIjU9ZDm3,spotify:track:5526K8yroF0AMEIjU9ZDm3,,Baleka - Remix,2,Kelly Khumalo,Back To My Roots,0.358,0.697,257040,0.807,0.0017,5,0.0949,-5.931,1,0.0635,106.063,0.851
afro,This Is Kelly Khumalo,37i9dQZF1DX3VxoFMom3BD,5WVlbsL5CJVtahMOn73dcM,spotify:track:5WVlbsL5CJVtahMOn73dcM,,My Dream,2,Kelly Khumalo,"The Past, The Present, The Future",0.146,0.5,236267,0.73,1.54e-06,9,0.0694,-3.417,0,0.0308,95.019,0.184
afro,This Is Kelly Khumalo,37i9dQZF1DX3VxoFMom3BD,0XCGvwLlJRcezMkOpM9n1y,spotify:track:0XCGvwLlJRcezMkOpM9n1y,,Lost In Love,1,"Kelly Khumalo,Bantu",Simply,0.0016,0.682,299187,0.577,0.0419,11,0.0838,-11.528,0,0.0438,125.018,0.956
afro,This Is Kelly Khumalo,37i9dQZF1DX3VxoFMom3BD,79q7qUbVIfpn8J5llwaXLB,spotify:track:79q7qUbVIfpn8J5llwaXLB,,Ngofa Nawe,4,"Kelly Khumalo,NVL",Back To My Roots,0.496,0.785,227707,0.701,0.277,9,0.116,-8.496,1,0.0412,119.981,0.738
