category_id,playlist_name,playlist_id,track_id,track_uri,track_preview_url,track_name,track_popularity,artist_name,album_name,acousticness,danceability,duration_ms,energy,instrumentalness,key,liveness,loudness,mode,speechiness,tempo,valence
chill,Peaceful Meditation,37i9dQZF1DWZqd5JICZI0u,30VnmNoXmeNMlDR6MxLP5U,spotify:track:30VnmNoXmeNMlDR6MxLP5U,,Threads,26,Ebb & Flod,Moonrise,0.79,0.12,192793,0.0436,0.889,4,0.112,-22.044,1,0.0383,72.339,0.0361
chill,Peaceful Meditation,37i9dQZF1DWZqd5JICZI0u,1uSaD0JKNb5o8Wv29zULwf,spotify:track:1uSaD0JKNb5o8Wv29zULwf,https://p.scdn.co/mp3-preview/f2aa702d12eca463401a522ee89e611588fa5c2a?cid=63a77ff40e794a12ae216a18befde98c,Heavenly,68,Elise Magnefold,Heavenly,0.957,0.209,179015,0.0692,0.868,2,0.115,-23.987,0,0.046,68.543,0.0695
chill,Peaceful Meditation,37i9dQZF1DWZqd5JICZI0u,3mZprzE78ZgB9fPSNNb6GI,spotify:track:3mZprzE78ZgB9fPSNNb6GI,https://p.scdn.co/mp3-preview/387f2a53ee2d636a368927b0b6c265280dd1ac43?cid=63a77ff40e794a12ae216a18befde98c,Bouncing Clouds,64,Sava Sol,Bouncing Clouds,0.956,0.165,290286,0.0519,0.859,11,0.0971,-30.887,0,0.0376,129.742,0.0393
chill,Peaceful Meditation,37i9dQZF1DWZqd5JICZI0u,7pGXnT3DherrtZk2sqCVY2,spotify:track:7pGXnT3DherrtZk2sqCVY2,https://p.scdn.co/mp3-preview/e3c40f2c234794d12009639b784a347b2a6f0f77?cid=63a77ff40e794a12ae216a18befde98c,Imperfecta,65,Intentional Vibes,Tempus,0.971,0.154,234057,0.112,0.902,5,0.107,-28.112,1,0.0402,135.374,0.0684
chill,Peaceful Meditation,37i9dQZF1DWZqd5JICZI0u,2kYi4RwuTernByCJR6D4e1,spotify:track:2kYi4RwuTernByCJR6D4e1,https://p.scdn.co/mp3-preview/ca9600e344cd4d045046232f124db06f133c8215?cid=63a77ff40e794a12ae216a18befde98c,Monita,62,Vincent Brahn,Lake Navis,0.994,0.203,196000,0.0664,0.868,5,0.132,-24.621,1,0.0452,65.108,0.0433
chill,Peaceful Meditation,37i9dQZF1DWZqd5JICZI0u,0PSoQovKUDaVl7TBVGAmt4,spotify:track:0PSoQovKUDaVl7TBVGAmt4,https://p.scdn.co/mp3-preview/bae8cb0d39b71af50219508c885ea18b9db5faa5?cid=63a77ff40e794a12ae216a18befde98c,Wild Soul,64,The Aural Healer,Dream Catcher,0.977,0.0644,209700,0.2,0.724,9,0.0899,-21.546,1,0.0421,64.336,0.0385
chill,Peaceful Meditation,37i9dQZF1DWZqd5JICZI0u,6l8Xxuu9DMIEzZqfvedNZA,spotify:track:6l8Xxuu9DMIEzZqfvedNZA,https://p.scdn.co/mp3-preview/4ba086b5ef9298c0230d64680a48c6d57c9b0654?cid=63a77ff40e794a12ae216a18befde98c,Repetetive Chattering Mind,63,Eleanor Arroway,Findings Inside,0.459,0.154,193469,0.226,0.787,1,0.109,-19.43,1,0.036,70.723,0.0372
chill,Peaceful Meditation,37i9dQZF1DWZqd5JICZI0u,0OLknAPE9i8CXou7d9Hk4M,spotify:track:0OLknAPE9i8CXou7d9Hk4M,https://p.scdn.co/mp3-preview/cd89ebcc3e126fac4c655c665f54563afd9cd608?cid=63a77ff40e794a12ae216a18befde98c,Spiritual Conquest,60,Natural X,Spiritual Conquest,0.969,0.162,202015,0.00532,0.821,11,0.115,-36.77,1,0.0376,68.814,0.0307
chill,Peaceful Meditation,37i9dQZF1DWZqd5JICZI0u,448vZRidoOl0wUKibsp0vI,spotify:track:448vZRidoOl0wUKibsp0vI,https://p.scdn.co/mp3-preview/6f6dc40d545707660bac20d82d21768003d47b24?cid=63a77ff40e794a12ae216a18befde98c,Spiritual Touch,59,Michel LeBond,Re-Creating,0.989,0.107,257649,0.0888,0.953,10,0.377,-25.47,1,0.0346,91.065,0.181
chill,Peaceful Meditation,37i9dQZF1DWZqd5JICZI0u,211l6gKeErP58kN2gvzuQZ,spotify:track:211l6gKeErP58kN2gvzuQZ,https://p.scdn.co/mp3-preview/62968173b0a3c952d5013548894f52625df496e6?cid=63a77ff40e794a12ae216a18befde98c,Cosmos,65,Tejal Yann,Divine,0.992,0.157,271285,0.151,0.969,4,0.17,-24.236,1,0.0424,62.781,0.0379
chill,Peaceful Meditation,37i9dQZF1DWZqd5JICZI0u,1aGU4nNNTtbEFPakvzYN2Y,spotify:track:1aGU4nNNTtbEFPakvzYN2Y,https://p.scdn.co/mp3-preview/969c597c375a5b4cd9c1ad8e3943efb8de5a494d?cid=63a77ff40e794a12ae216a18befde98c,Solitude,51,Everlight,Presence,0.981,0.214,178909,0.0743,0.902,7,0.105,-23.434,0,0.044,68.47,0.0454
chill,Peaceful Meditation,37i9dQZF1DWZqd5JICZI0u,62dMYO4o4eV12FHXF7NT03,spotify:track:62dMYO4o4eV12FHXF7NT03,https://p.scdn.co/mp3-preview/a715237de6af03448aa523181f01ede1a83f2686?cid=63a77ff40e794a12ae216a18befde98c,Liberi,54,Zibra Inguzu,Yoga Gong,0.988,0.0715,200766,0.0106,0.886,11,0.0933,-33.866,0,0.0466,73.22,0.077
chill,Peaceful Meditation,37i9dQZF1DWZqd5JICZI0u,1aa3A3F6b5FZFtXAhtrybK,spotify:track:1aa3A3F6b5FZFtXAhtrybK,https://p.scdn.co/mp3-preview/45605cd158ab2af19ea24715584c673b85a34a09?cid=63a77ff40e794a12ae216a18befde98c,Time Travel,71,Antologie,Time Travel,0.696,0.12,184642,0.0585,0.939,3,0.11,-27.623,1,0.0383,78.662,0.0397
chill,Peaceful Meditation,37i9dQZF1DWZqd5JICZI0u,6WkXlCEHH8wkQ5xGytORl6,spotify:track:6WkXlCEHH8wkQ5xGytORl6,https://p.scdn.co/mp3-preview/53f60c6d9fb8fc432efa582ea7c3b63078704b7f?cid=63a77ff40e794a12ae216a18befde98c,Kebnekajse,59,Tranquil Cove,Ambient Hits,0.98,0.196,163680,0.0415,0.892,1,0.105,-26.728,0,0.0532,135.941,0.0764
chill,Peaceful Meditation,37i9dQZF1DWZqd5JICZI0u,72lTBttLvsJ7FXLhualmIN,spotify:track:72lTBttLvsJ7FXLhualmIN,https://p.scdn.co/mp3-preview/fa9494d01d4b16d77f745761a388f5172c19bd0a?cid=63a77ff40e794a12ae216a18befde98c,Parts of Reality,59,Moon Laika,Triangle,0.99,0.164,217933,0.00501,0.774,10,0.0882,-36.52,0,0.0445,130.417,0.0362
chill,Peaceful Meditation,37i9dQZF1DWZqd5JICZI0u,0whxteXpbXv6WUTOfAtmZb,spotify:track:0whxteXpbXv6WUTOfAtmZb,,Breath Of Life,16,Gavin Luke,Breath of Life,0.812,0.1,154070,0.196,0.827,10,0.11,-17.89,0,0.0379,87.955,0.0357
chill,Peaceful Meditation,37i9dQZF1DWZqd5JICZI0u,1mYTROYR85RaiaVEtQztis,spotify:track:1mYTROYR85RaiaVEtQztis,,Hibernation,23,Hushed,Hibernation,0.928,0.266,216678,0.0205,0.907,3,0.113,-29.372,1,0.0358,69.839,0.107
chill,Peaceful Meditation,37i9dQZF1DWZqd5JICZI0u,5tY0sWgi6v0UEibwYjfWlL,spotify:track:5tY0sWgi6v0UEibwYjfWlL,https://p.scdn.co/mp3-preview/9fa1a66eb02569443cfd9e23535758508e8a1810?cid=63a77ff40e794a12ae216a18befde98c,Reasons For Being,69,Deep Watch,Reasons For Being,0.98,0.141,176391,0.0282,0.906,7,0.104,-30.003,0,0.0454,145.22,0.0658
chill,Peaceful Meditation,37i9dQZF1DWZqd5JICZI0u,7JNSH4PQVgd3BMrEyfXXsO,spotify:track:7JNSH4PQVgd3BMrEyfXXsO,https://p.scdn.co/mp3-preview/d0c3193873cb3d57a04450674ecac1f4b8f5084b?cid=63a77ff40e794a12ae216a18befde98c,Underbart,53,The 2 Inversions,Yoga Music,0.985,0.188,144105,0.139,0.768,10,0.104,-21.075,1,0.0415,101.173,0.0367
chill,Peaceful Meditation,37i9dQZF1DWZqd5JICZI0u,45voMWDI6H94PF5aQZnWwg,spotify:track:45voMWDI6H94PF5aQZnWwg,https://p.scdn.co/mp3-preview/e704cf9ef8112d9c826e0f44c14311c860364bc2?cid=63a77ff40e794a12ae216a18befde98c,Meditation,52,Calma,Aura,0.77,0.0611,257872,0.054,0.836,9,0.109,-26.882,1,0.0483,62.118,0.028
chill,Peaceful Meditation,37i9dQZF1DWZqd5JICZI0u,7lP59sloyWgX1c3xA2ZTve,spotify:track:7lP59sloyWgX1c3xA2ZTve,https://p.scdn.co/mp3-preview/026f575182ce96891c4cb734b05bd3f745bf6c8f?cid=63a77ff40e794a12ae216a18befde98c,Morgensonne,48,Leerseite,Zauberer,0.837,0.064,227500,0.148,0.948,0,0.107,-19.212,1,0.0476,74.289,0.0358
chill,Peaceful Meditation,37i9dQZF1DWZqd5JICZI0u,75D9esOK7ASfcREQAvbtql,spotify:track:75D9esOK7ASfcREQAvbtql,https://p.scdn.co/mp3-preview/67fa30508180442a6685f2d70e6c762dcf574f5f?cid=63a77ff40e794a12ae216a18befde98c,Magica,70,Dream Runner,Magica,0.944,0.0951,177214,0.0872,0.96,7,0.0905,-24.168,1,0.0371,87.653,0.0389
chill,Peaceful Meditation,37i9dQZF1DWZqd5JICZI0u,7sja76lX8ntiFjv7iDxX5d,spotify:track:7sja76lX8ntiFjv7iDxX5d,,Suffer Well,15,Gavin Luke,Breath of Life,0.855,0.31,152402,0.0965,0.911,8,0.111,-21.503,1,0.0406,81.816,0.0597
chill,Peaceful Meditation,37i9dQZF1DWZqd5JICZI0u,0wpHo9ufyiNdbnr9lIe0B8,spotify:track:0wpHo9ufyiNdbnr9lIe0B8,https://p.scdn.co/mp3-preview/a3a576bcc034f745acfbc199bda30a34e7b43b6c?cid=63a77ff40e794a12ae216a18befde98c,Enter the Unseen,67,Steven Goldmund,Deep Below,0.826,0.0756,232385,0.0351,0.809,10,0.102,-29.021,1,0.0395,174.448,0.0638
chill,Peaceful Meditation,37i9dQZF1DWZqd5JICZI0u,5D1t5wq4NGB1Z1r0fkcscF,spotify:track:5D1t5wq4NGB1Z1r0fkcscF,https://p.scdn.co/mp3-preview/c9b9a79955c656c5021472be6ee7f9690121c50f?cid=63a77ff40e794a12ae216a18befde98c,Gelborn Heights,55,Guyara,Soft Slow Sleep,0.968,0.151,193349,0.0237,0.894,5,0.107,-29.067,0,0.055,139.79,0.0337
chill,Peaceful Meditation,37i9dQZF1DWZqd5JICZI0u,3TT0S61x8x2IFUn8lnqjq9,spotify:track:3TT0S61x8x2IFUn8lnqjq9,https://p.scdn.co/mp3-preview/2c6da47ffeb50cb76b6f67c1e5cf1c6b3c4e6419?cid=63a77ff40e794a12ae216a18befde98c,Visions of Sleep and Beyond,67,Momento,Visions of Sleep and Beyond,0.933,0.214,181875,0.0667,0.822,9,0.0899,-25.204,1,0.0422,71.877,0.0473
chill,Peaceful Meditation,37i9dQZF1DWZqd5JICZI0u,3O9i7hYrsLU99msJcjPOCL,spotify:track:3O9i7hYrsLU99msJcjPOCL,https://p.scdn.co/mp3-preview/84f7004eaf426ac0ce2e2487ae522df3a067f819?cid=63a77ff40e794a12ae216a18befde98c,Shaman Dreams,67,Primer Dia,Shaman Dreams,0.819,0.161,186500,0.0792,0.749,8,0.0971,-28.714,1,0.0398,139.613,0.0316
chill,Peaceful Meditation,37i9dQZF1DWZqd5JICZI0u,4zI7J4c58Br1tY10NDyhlR,spotify:track:4zI7J4c58Br1tY10NDyhlR,https://p.scdn.co/mp3-preview/488354926f46d476fd66b04a3e145f2eca157dcb?cid=63a77ff40e794a12ae216a18befde98c,Scintillans,60,Zibra Inguzu,Yoga Gong Karma,0.984,0.191,220781,0.0143,0.919,2,0.111,-27.967,1,0.0431,83.961,0.0621
chill,Peaceful Meditation,37i9dQZF1DWZqd5JICZI0u,3xjsbk8OtU1uR3FuOPS2NT,spotify:track:3xjsbk8OtU1uR3FuOPS2NT,https://p.scdn.co/mp3-preview/287ba848e5f64a635326e5c0c0c0bfb1b6c89aeb?cid=63a77ff40e794a12ae216a18befde98c,Escape Gravity,56,Juni Tinley,Escape Gravity,0.857,0.15,171760,0.0586,0.833,3,0.128,-28.755,1,0.0443,137.555,0.0357
chill,Peaceful Meditation,37i9dQZF1DWZqd5JICZI0u,350OnYMO9dRxFJ7feR1YYv,spotify:track:350OnYMO9dRxFJ7feR1YYv,https://p.scdn.co/mp3-preview/cc3ccc46733608be66fea092675b5f0c70ba130d?cid=63a77ff40e794a12ae216a18befde98c,La Torre Del Sueno,61,Meditaciónessa,Mariposas,0.991,0.149,230573,0.00987,0.952,5,0.102,-32.222,0,0.0582,139.577,0.0628
chill,Peaceful Meditation,37i9dQZF1DWZqd5JICZI0u,682LbPTgwSkwOQGS16OsW5,spotify:track:682LbPTgwSkwOQGS16OsW5,https://p.scdn.co/mp3-preview/fcf30efe7af872c228727ed66bbf46d7af968333?cid=63a77ff40e794a12ae216a18befde98c,Calling,54,Muni Yogi,Winds of Haryana,0.972,0.153,191237,0.0148,0.679,6,0.122,-34.538,1,0.0482,137.103,0.0376
chill,Peaceful Meditation,37i9dQZF1DWZqd5JICZI0u,5DuALA01mvSWTNM9xi2Rqm,spotify:track:5DuALA01mvSWTNM9xi2Rqm,https://p.scdn.co/mp3-preview/a1ff6fdcb8f5b728993f05791a63c0d7b1d99e7b?cid=63a77ff40e794a12ae216a18befde98c,Kyoto,52,Kumbhaka,Yoga Music,0.98,0.151,162776,0.0244,0.912,6,0.11,-32.248,0,0.04,65.585,0.0358
chill,Peaceful Meditation,37i9dQZF1DWZqd5JICZI0u,2IAZza3wdiTYT8QtO0hbLv,spotify:track:2IAZza3wdiTYT8QtO0hbLv,https://p.scdn.co/mp3-preview/4ed6de0cf14a7f8a1218b10dd24027d2cfad985f?cid=63a77ff40e794a12ae216a18befde98c,New Endings,64,Bon Vie,New Endings,0.989,0.226,188592,0.0315,0.964,0,0.124,-27.615,1,0.034,91.988,0.0381
chill,Peaceful Meditation,37i9dQZF1DWZqd5JICZI0u,1Naf16ekAHVTzYhhxoZCnQ,spotify:track:1Naf16ekAHVTzYhhxoZCnQ,https://p.scdn.co/mp3-preview/d85ccdc5c40a1cca09bd0ce6efe9a551434be983?cid=63a77ff40e794a12ae216a18befde98c,Phenomena,57,Primer Dia,Phenomena,0.964,0.151,166385,0.0422,0.959,0,0.0877,-24.499,1,0.0444,136.114,0.0326
chill,Peaceful Meditation,37i9dQZF1DWZqd5JICZI0u,21TG8QkajgXY6rWjIK5dFO,spotify:track:21TG8QkajgXY6rWjIK5dFO,https://p.scdn.co/mp3-preview/caec48c18e41d6279ba4cfdaaa8daa606b5cf4db?cid=63a77ff40e794a12ae216a18befde98c,St Germain 54,55,Paris Atmosphere,Paris Atmosphere,0.951,0.196,174000,0.0443,0.915,2,0.134,-24.841,1,0.0415,89.772,0.0395
chill,Peaceful Meditation,37i9dQZF1DWZqd5JICZI0u,5VrcwqoFCBercHZqmI0Qh9,spotify:track:5VrcwqoFCBercHZqmI0Qh9,https://p.scdn.co/mp3-preview/cb6112b29566725a6797ced688b43f3e3c5cef8a?cid=63a77ff40e794a12ae216a18befde98c,Breath,51,Vincent Brahn,Lake Navis,0.995,0.148,245000,0.117,0.88,10,0.0907,-20.906,0,0.0678,69.977,0.0313
chill,Peaceful Meditation,37i9dQZF1DWZqd5JICZI0u,0bnRIsBDDT2GyEozHCOcie,spotify:track:0bnRIsBDDT2GyEozHCOcie,https://p.scdn.co/mp3-preview/5898d0f0b1b4f9111c6f52199f1ff4dd881929e5?cid=63a77ff40e794a12ae216a18befde98c,Bio-Adoptions,60,Binary One,Other World,0.976,0.144,204914,0.0418,0.957,0,0.108,-26.223,1,0.038,139.441,0.0754
chill,Peaceful Meditation,37i9dQZF1DWZqd5JICZI0u,6LnG3cueIxb0SpZP3AfdUw,spotify:track:6LnG3cueIxb0SpZP3AfdUw,https://p.scdn.co/mp3-preview/304346684860bcffad1aea77947e30c969396876?cid=63a77ff40e794a12ae216a18befde98c,Triangle,65,Moon Laika,Triangle,0.989,0.279,106315,0.00639,0.838,0,0.109,-32.406,1,0.0383,68.484,0.175
chill,Peaceful Meditation,37i9dQZF1DWZqd5JICZI0u,2ogguaH3LQ2H8gsKKVypYU,spotify:track:2ogguaH3LQ2H8gsKKVypYU,https://p.scdn.co/mp3-preview/1efa14159f929dade2100c34b85acc08f7f595f5?cid=63a77ff40e794a12ae216a18befde98c,Going Home,55,Shiroishi,Home,0.968,0.204,216020,0.0799,0.922,0,0.0864,-22.987,0,0.0656,74.45,0.124
chill,Peaceful Meditation,37i9dQZF1DWZqd5JICZI0u,6U37NVS934UDNQtKGiVrQJ,spotify:track:6U37NVS934UDNQtKGiVrQJ,https://p.scdn.co/mp3-preview/95ebd08f5ac8570531bb94ff9c5b25b682561c0a?cid=63a77ff40e794a12ae216a18befde98c,Storyteller,64,Empty Space,Deep Shelter,0.892,0.0799,175059,0.105,0.952,2,0.103,-23.702,0,0.0352,171.444,0.0373
chill,Peaceful Meditation,37i9dQZF1DWZqd5JICZI0u,3dKEGve9GLAg0q8REFQpgY,spotify:track:3dKEGve9GLAg0q8REFQpgY,https://p.scdn.co/mp3-preview/193b0eb4eb8ecff6d02e42940fdd306309ce39df?cid=63a77ff40e794a12ae216a18befde98c,Campanis,58,Zibra Inguzu,Yoga Gong Karma,0.993,0.128,184931,0.0706,0.365,8,0.0746,-25.319,1,0.0481,97.535,0.0285
chill,Peaceful Meditation,37i9dQZF1DWZqd5JICZI0u,5kOy4Ap0QsN24vCL9H3KTt,spotify:track:5kOy4Ap0QsN24vCL9H3KTt,https://p.scdn.co/mp3-preview/f08635e5afb8dd113dc7727d50a1e55ca9e256da?cid=63a77ff40e794a12ae216a18befde98c,From Shores To Mountains,58,The 2 Inversions,From Shores To Mountains,0.988,0.131,145800,0.233,0.831,9,0.0936,-17.229,0,0.0364,90.691,0.0436
chill,Peaceful Meditation,37i9dQZF1DWZqd5JICZI0u,7ke9vQCAYUbCQ6Bo3BxqIV,spotify:track:7ke9vQCAYUbCQ6Bo3BxqIV,https://p.scdn.co/mp3-preview/01d61131e4cdf948222aff64281ab3846ab51ca0?cid=63a77ff40e794a12ae216a18befde98c,Cherry Blossom,57,Tokyo Atmospheres,Tokyo Atmospheres,0.857,0.214,218064,0.152,0.745,1,0.109,-22.086,1,0.0328,68.175,0.036
chill,Peaceful Meditation,37i9dQZF1DWZqd5JICZI0u,3qEJ0eRAf40TTrofN7rmP7,spotify:track:3qEJ0eRAf40TTrofN7rmP7,https://p.scdn.co/mp3-preview/a687f317309533b874bec3125e0da55ada126ac3?cid=63a77ff40e794a12ae216a18befde98c,La pluie de Saint Michel,56,Luc Sobonne,La Pluie de Saint Michel,0.343,0.145,151532,0.0403,0.796,9,0.104,-28.71,1,0.0458,141.848,0.0362
chill,Peaceful Meditation,37i9dQZF1DWZqd5JICZI0u,2XEZOoJC9nu2o5k3DpDyC6,spotify:track:2XEZOoJC9nu2o5k3DpDyC6,https://p.scdn.co/mp3-preview/20fce293b1d65f3fc572e688e527a3ef66578168?cid=63a77ff40e794a12ae216a18befde98c,Vitality - Relaxing Music for Zen Meditation and Deep Breathing,51,Spa Music Collective,"Mediterranea Spa Music - Mediterranean Spa Music. Relaxation Meditation Healing Music for Deep Meditation, Reiki, Massage, Chakra, Yoga and Tai Chi. Relaxing Sounds from the Islands in the Sun",0.847,0.123,338826,0.0427,0.881,2,0.111,-25.945,1,0.0324,166.657,0.0364
chill,Peaceful Meditation,37i9dQZF1DWZqd5JICZI0u,6jJkW2RUsOHCe4hiIk1tED,spotify:track:6jJkW2RUsOHCe4hiIk1tED,https://p.scdn.co/mp3-preview/5e0790c32c00139b1746cdf26e48c79fbbdae9a4?cid=63a77ff40e794a12ae216a18befde98c,Quiet Dreams,63,MVS,Quiet Dreams,0.988,0.188,204910,0.0249,0.866,10,0.112,-27.196,1,0.0373,91.814,0.0895
chill,Peaceful Meditation,37i9dQZF1DWZqd5JICZI0u,53sNuDhuyhtVTPNXbk4dEN,spotify:track:53sNuDhuyhtVTPNXbk4dEN,https://p.scdn.co/mp3-preview/5698ddd953eae62c0b5b2e077e1806d6f25cacb2?cid=63a77ff40e794a12ae216a18befde98c,Mind-Drift,65,Steven Goldmund,Drift Off,0.984,0.144,240000,0.0151,0.982,8,0.102,-32.452,1,0.0397,140.096,0.0385
chill,Peaceful Meditation,37i9dQZF1DWZqd5JICZI0u,5NRhAVJrW5o4FK1OKKgbgQ,spotify:track:5NRhAVJrW5o4FK1OKKgbgQ,https://p.scdn.co/mp3-preview/af7f11f46d57f32d9feb72a5b7a78863ac8d4620?cid=63a77ff40e794a12ae216a18befde98c,Lakeshore,65,Wolfgang Snow,Frostbite,0.476,0.618,150702,0.116,0.828,2,0.114,-17.498,1,0.0344,134.992,0.131
chill,Peaceful Meditation,37i9dQZF1DWZqd5JICZI0u,6k1DasduiT5LjawgYPg3pF,spotify:track:6k1DasduiT5LjawgYPg3pF,https://p.scdn.co/mp3-preview/ec7ca26b5a0950badc2eed7aaec78ba7c722d7c2?cid=63a77ff40e794a12ae216a18befde98c,Calmative,57,Vincente M,First Flower,0.99,0.258,222000,0.00379,0.949,7,0.0853,-29.298,1,0.0531,77.828,0.0812
chill,Peaceful Meditation,37i9dQZF1DWZqd5JICZI0u,3nV4LSDVjCjv2hDeeTkvCH,spotify:track:3nV4LSDVjCjv2hDeeTkvCH,https://p.scdn.co/mp3-preview/eb53215525310ec187039b8ca5aa305eaca011a6?cid=63a77ff40e794a12ae216a18befde98c,Mindful Composition,51,Enzo Electronic,Mindful Composition,0.983,0.212,209053,0.0487,0.941,1,0.106,-24.28,1,0.0483,105.396,0.0518
chill,Peaceful Meditation,37i9dQZF1DWZqd5JICZI0u,1VZmICoSKxQVj6DEOt0O0K,spotify:track:1VZmICoSKxQVj6DEOt0O0K,https://p.scdn.co/mp3-preview/8c01428f56f6de5ae89f64f0fd77ea8f35d23eb2?cid=63a77ff40e794a12ae216a18befde98c,Aware,59,Inkognitone,Aware,0.942,0.177,175263,0.0618,0.968,3,0.106,-22.682,1,0.0433,80.96,0.0383
chill,Peaceful Meditation,37i9dQZF1DWZqd5JICZI0u,15IzXs0Oln8qBHIJUYLSzM,spotify:track:15IzXs0Oln8qBHIJUYLSzM,https://p.scdn.co/mp3-preview/ce693f06f2db40661ed896f649ad421b908f0d33?cid=63a77ff40e794a12ae216a18befde98c,I Know You're Here,64,Everlight,Presence,0.949,0.193,205250,0.176,0.929,4,0.108,-22.795,0,0.0411,73.029,0.069
chill,Peaceful Meditation,37i9dQZF1DWZqd5JICZI0u,0BnOGTQYYZYEXsgA1ryRYT,spotify:track:0BnOGTQYYZYEXsgA1ryRYT,https://p.scdn.co/mp3-preview/8b0079282008399f5774e4d576e5ca98ae2ea5ee?cid=63a77ff40e794a12ae216a18befde98c,Horizon,55,Landscapes Of Joy,Dreaming Of The Horizon,0.923,0.193,214580,0.0325,0.903,7,0.102,-20.486,1,0.0453,70.207,0.0457
chill,Peaceful Meditation,37i9dQZF1DWZqd5JICZI0u,4pRiULkvghCp6XM3U5t2d8,spotify:track:4pRiULkvghCp6XM3U5t2d8,https://p.scdn.co/mp3-preview/5510caab8b8a5c5d80811ced27351a720f6a712a?cid=63a77ff40e794a12ae216a18befde98c,Two Soon,55,String Balloons,One Go,0.949,0.475,303410,0.068,0.908,3,0.106,-20.915,1,0.0401,117.795,0.0451
chill,Peaceful Meditation,37i9dQZF1DWZqd5JICZI0u,6uZqFdxRsSXgswqtKKBYK7,spotify:track:6uZqFdxRsSXgswqtKKBYK7,https://p.scdn.co/mp3-preview/ba88f2fa462a83fa55cff62fe156629425535af1?cid=63a77ff40e794a12ae216a18befde98c,Deep Dream,58,Niigata,Deep Dream,0.991,0.179,224981,0.0972,0.942,7,0.101,-26.884,0,0.0481,132.111,0.218
chill,Peaceful Meditation,37i9dQZF1DWZqd5JICZI0u,3lSRMSkO5kSKrtst3OJ29L,spotify:track:3lSRMSkO5kSKrtst3OJ29L,https://p.scdn.co/mp3-preview/265bb4b30be65732ed06e5ef055de7288ac31918?cid=63a77ff40e794a12ae216a18befde98c,Om Mantra,52,Advaitas,Om Mantra,0.967,0.238,219628,0.355,0.853,2,0.103,-16.485,0,0.0368,92.593,0.0556
chill,Peaceful Meditation,37i9dQZF1DWZqd5JICZI0u,23puVz6Rhiq8Wax9KxnZtW,spotify:track:23puVz6Rhiq8Wax9KxnZtW,https://p.scdn.co/mp3-preview/909f2b6c51dde7eeb3ea3240dcc7b7d5d4be3d99?cid=63a77ff40e794a12ae216a18befde98c,The Healing Process,64,Koh Lantana,The Healing Process,0.926,0.241,161442,0.0553,0.93,3,0.108,-23.605,1,0.0336,135.859,0.0643
chill,Peaceful Meditation,37i9dQZF1DWZqd5JICZI0u,2V2KniBSfVfrmXGqzPvHrh,spotify:track:2V2KniBSfVfrmXGqzPvHrh,https://p.scdn.co/mp3-preview/f81f0f560aa6ef8e077ef6336b7a1f8d5061cfb9?cid=63a77ff40e794a12ae216a18befde98c,Sweet Life,55,Soul Secret,"So Far Away, But Still At Home",0.898,0.382,425027,0.152,0.943,2,0.0954,-14.997,1,0.0333,110.035,0.0762
chill,Peaceful Meditation,37i9dQZF1DWZqd5JICZI0u,1jBmAt2PKYf86TeUPdamF3,spotify:track:1jBmAt2PKYf86TeUPdamF3,https://p.scdn.co/mp3-preview/2c83c603077d8fd009cc0a9eed751c9d18eb9e9d?cid=63a77ff40e794a12ae216a18befde98c,Barceloneta,53,Barcelona Atmosphere,Barcelona Atmosphere,0.944,0.1,250286,0.149,0.95,9,0.14,-23.935,1,0.0423,83.857,0.046
chill,Peaceful Meditation,37i9dQZF1DWZqd5JICZI0u,14BDuD5GagBNTMrHekdBzM,spotify:track:14BDuD5GagBNTMrHekdBzM,,Golden Chant,22,Joseph Beg,Gentle Arrival,0.903,0.139,310368,0.0232,0.774,6,0.115,-31.61,1,0.0414,71.405,0.039
chill,Peaceful Meditation,37i9dQZF1DWZqd5JICZI0u,0vBF31MfEp7DDHHIfbxwIH,spotify:track:0vBF31MfEp7DDHHIfbxwIH,https://p.scdn.co/mp3-preview/c432f7e9ab9f95b831e69606c2d588cfb93d5b92?cid=63a77ff40e794a12ae216a18befde98c,Lux,62,Zibra Inguzu,Yoga Gong,0.936,0.151,195937,0.00678,0.902,10,0.127,-35.997,1,0.0587,105.758,0.0329
chill,Peaceful Meditation,37i9dQZF1DWZqd5JICZI0u,7tRSo93dz0b2zK7Pf5gSNn,spotify:track:7tRSo93dz0b2zK7Pf5gSNn,https://p.scdn.co/mp3-preview/6d29f75f8792e8ecea0e0254d4abea986939ec99?cid=63a77ff40e794a12ae216a18befde98c,Aum Boreal,55,Mahgreb Machine,Aum Boreal,0.959,0.0792,184000,0.186,0.918,8,0.291,-22.858,1,0.04,81.332,0.039
chill,Peaceful Meditation,37i9dQZF1DWZqd5JICZI0u,41hfLPgLlHIBPaiPw2q8tV,spotify:track:41hfLPgLlHIBPaiPw2q8tV,https://p.scdn.co/mp3-preview/57358cef4e8bbb2276f51e2866410d561029fc0d?cid=63a77ff40e794a12ae216a18befde98c,Purple Heart,57,Izumi Tanaka,Purple Heart,0.995,0.39,218333,0.00389,0.865,1,0.0871,-28.861,1,0.0508,70.348,0.0796
chill,Peaceful Meditation,37i9dQZF1DWZqd5JICZI0u,3FuXJmeecQATZpGFQJNgxc,spotify:track:3FuXJmeecQATZpGFQJNgxc,https://p.scdn.co/mp3-preview/2cbb71da7afafa0853fd89083a6d668d73b07465?cid=63a77ff40e794a12ae216a18befde98c,Morning Dew,50,Pim Miles,Moments,0.99,0.203,201273,0.176,0.896,10,0.11,-17.688,1,0.0431,134.21,0.0553
chill,Peaceful Meditation,37i9dQZF1DWZqd5JICZI0u,65BziyHWyQzCr03AbGD5zC,spotify:track:65BziyHWyQzCr03AbGD5zC,https://p.scdn.co/mp3-preview/b8e8e39f94adc6f96cda74a3aa6c7f19134a1c7e?cid=63a77ff40e794a12ae216a18befde98c,Cumbres Del Ajusco,55,Mexico City Atmospheres,Mexico City Atmospheres,0.771,0.0998,250968,0.247,0.925,0,0.114,-18.888,1,0.0419,77.94,0.0474
chill,Peaceful Meditation,37i9dQZF1DWZqd5JICZI0u,0AXQFmU88hVhan5teKTPl5,spotify:track:0AXQFmU88hVhan5teKTPl5,https://p.scdn.co/mp3-preview/c1e6ada42329d7b261ee3db5fc825b94ff099f84?cid=63a77ff40e794a12ae216a18befde98c,Path of Light,65,Moments of Clarity,Path of Light,0.992,0.0657,220446,0.0739,0.934,3,0.119,-20.907,0,0.0454,57.31,0.0358
chill,Peaceful Meditation,37i9dQZF1DWZqd5JICZI0u,4bx9Lbbsb2VnHkxwqd3NQ1,spotify:track:4bx9Lbbsb2VnHkxwqd3NQ1,https://p.scdn.co/mp3-preview/24a0cd66b9c87e9deacf01fa443fad144ee54c98?cid=63a77ff40e794a12ae216a18befde98c,From the Other Side,58,Dream Runner,Mare Tranquilis,0.901,0.186,175357,0.089,0.771,2,0.0985,-27.017,1,0.0377,71.3,0.0906
chill,Peaceful Meditation,37i9dQZF1DWZqd5JICZI0u,4RW3rLdFGTmGWRFe5G6epg,spotify:track:4RW3rLdFGTmGWRFe5G6epg,https://p.scdn.co/mp3-preview/4438dbcce39a75f36adeb6d3736cf47f3986237d?cid=63a77ff40e794a12ae216a18befde98c,Central Park,50,N.Y. Atmosphere,N.Y. Atmosphere,0.938,0.161,262000,0.193,0.959,11,0.106,-24.546,0,0.0436,133.47,0.132
chill,Peaceful Meditation,37i9dQZF1DWZqd5JICZI0u,2tl1FkMOJBxILCVsIWO5gg,spotify:track:2tl1FkMOJBxILCVsIWO5gg,https://p.scdn.co/mp3-preview/284d029058fd55ea8091c25b6790c078830ca583?cid=63a77ff40e794a12ae216a18befde98c,Closer,62,Dream Runner,Magica,0.978,0.141,126069,0.0646,0.94,4,0.0881,-21.823,0,0.0435,68.364,0.0343
chill,Peaceful Meditation,37i9dQZF1DWZqd5JICZI0u,3sC4Zd7TSXo8jbCokNFQQn,spotify:track:3sC4Zd7TSXo8jbCokNFQQn,,Limbo,15,They Dream By Day,Limbo,0.729,0.142,133662,0.101,0.282,2,0.0701,-23.971,1,0.0343,85.271,0.0397
chill,Peaceful Meditation,37i9dQZF1DWZqd5JICZI0u,5R9ukMX7BDIy1WJYsAhBD6,spotify:track:5R9ukMX7BDIy1WJYsAhBD6,https://p.scdn.co/mp3-preview/9a4cffc0ac814be5ba231a6318b1923702cf4925?cid=63a77ff40e794a12ae216a18befde98c,Sette Oche,56,Roma Atmosphere,Roma Atmosphere,0.978,0.103,245714,0.086,0.963,9,0.0987,-20.715,0,0.0399,57.545,0.037
chill,Peaceful Meditation,37i9dQZF1DWZqd5JICZI0u,2HKdtGy9D4GBnSA86qqsZ9,spotify:track:2HKdtGy9D4GBnSA86qqsZ9,https://p.scdn.co/mp3-preview/b0d6b48fc37a84e6546588ca65e11f547eeeedfc?cid=63a77ff40e794a12ae216a18befde98c,Moments,50,Pim Miles,Moments,0.981,0.1,218710,0.0263,0.978,7,0.0868,-27.13,1,0.051,70.473,0.0795
chill,Peaceful Meditation,37i9dQZF1DWZqd5JICZI0u,4Dj3FMZMMBXCxNkJ25o2Ta,spotify:track:4Dj3FMZMMBXCxNkJ25o2Ta,https://p.scdn.co/mp3-preview/7740ef50354c4cba733a122bd42af9103f7e879e?cid=63a77ff40e794a12ae216a18befde98c,Hong Kong Skyline,59,Hong Kong Atmosphere,Hong Kong Atmosphere,0.905,0.166,234000,0.171,0.966,5,0.13,-27.129,0,0.0355,70.005,0.0377
chill,Peaceful Meditation,37i9dQZF1DWZqd5JICZI0u,1UFmSqbxVtP5pl9r8KdeY1,spotify:track:1UFmSqbxVtP5pl9r8KdeY1,https://p.scdn.co/mp3-preview/b4d9f13cc9556e4c281c0f2d5e7480c9ac4b4efa?cid=63a77ff40e794a12ae216a18befde98c,Endless Fragments of Time,56,Deep Watch,Endless Fragments of Time,0.947,0.0958,216000,0.0259,0.844,10,0.102,-33.443,0,0.0438,162.542,0.0632
chill,Peaceful Meditation,37i9dQZF1DWZqd5JICZI0u,4RnDh1ovWF24qCsTma9pgV,spotify:track:4RnDh1ovWF24qCsTma9pgV,https://p.scdn.co/mp3-preview/17a33524f59a3b6952380475f1b27e8b5986b3fb?cid=63a77ff40e794a12ae216a18befde98c,Life In Reverse,58,Pim Miles,Moments,0.962,0.162,230323,0.0291,0.95,0,0.329,-27.488,1,0.0381,78.725,0.045
chill,Peaceful Meditation,37i9dQZF1DWZqd5JICZI0u,3eIxdm9dIgW7gtVdrIhanL,spotify:track:3eIxdm9dIgW7gtVdrIhanL,https://p.scdn.co/mp3-preview/50e322326000da70ec57070bb254f5585f59b776?cid=63a77ff40e794a12ae216a18befde98c,Twin Peaks Theme,54,Tranquil Cove,Ambient Hits,0.961,0.116,210995,0.0809,0.962,8,0.109,-24.907,1,0.0442,85.632,0.0436
chill,Peaceful Meditation,37i9dQZF1DWZqd5JICZI0u,343ddQVZOlgpQ4FWiSwMHP,spotify:track:343ddQVZOlgpQ4FWiSwMHP,,Findings,11,August Wilhelmsson,Findings,0.968,0.168,202747,0.23,0.887,7,0.337,-17.991,0,0.0363,130.06,0.0393
chill,Peaceful Meditation,37i9dQZF1DWZqd5JICZI0u,0iRwhMd8Dk4D6HBVsU5Mei,spotify:track:0iRwhMd8Dk4D6HBVsU5Mei,https://p.scdn.co/mp3-preview/0fe49a15fbe58438535c0e22f8a37d4d54e556a2?cid=63a77ff40e794a12ae216a18befde98c,Best Friends,53,Izumi Tanaka,Purple Heart,0.993,0.252,204688,0.00316,0.896,0,0.078,-30.221,1,0.0525,71.717,0.0453
chill,Peaceful Meditation,37i9dQZF1DWZqd5JICZI0u,754M7kBYPjPcPpyoN3Ti8C,spotify:track:754M7kBYPjPcPpyoN3Ti8C,https://p.scdn.co/mp3-preview/413e7a9996eb6e502b47edcb30df63f7ada42e49?cid=63a77ff40e794a12ae216a18befde98c,Enchanted Dreams,53,Antologie,Yoga Music,0.978,0.167,197838,0.183,0.838,10,0.11,-20.844,0,0.0472,57.257,0.0328
chill,Peaceful Meditation,37i9dQZF1DWZqd5JICZI0u,1uO9ZJFzDuwQ2XzmHt5TmN,spotify:track:1uO9ZJFzDuwQ2XzmHt5TmN,https://p.scdn.co/mp3-preview/5ca01372b9e13ba2a3dead0e24243fc7d12e1769?cid=63a77ff40e794a12ae216a18befde98c,Incubations,57,Roland Mercier,Yoga Music,0.987,0.194,189000,0.0388,0.761,2,0.104,-28.622,0,0.0421,83.457,0.0952
chill,Peaceful Meditation,37i9dQZF1DWZqd5JICZI0u,3vDKBXhismlvnpXbm9DAdc,spotify:track:3vDKBXhismlvnpXbm9DAdc,https://p.scdn.co/mp3-preview/1ddc5e4f0fa35b3fe4080c85cc55266c59431299?cid=63a77ff40e794a12ae216a18befde98c,The Age of the Earth,54,Complex Reality,Shadow of a Dream,0.995,0.364,199758,0.00592,0.833,5,0.0963,-31.109,0,0.041,60.231,0.0432
chill,Peaceful Meditation,37i9dQZF1DWZqd5JICZI0u,4ZyDRqls8dAig1XSfECoDS,spotify:track:4ZyDRqls8dAig1XSfECoDS,https://p.scdn.co/mp3-preview/a9f5882bab272a849916b42c1928a738a1ac0282?cid=63a77ff40e794a12ae216a18befde98c,Lost and Found,52,EIXE,Lost and Found,0.981,0.237,115109,0.043,0.935,3,0.11,-25.932,0,0.0501,68.553,0.132
chill,Peaceful Meditation,37i9dQZF1DWZqd5JICZI0u,7wWAcQnMR6So9G1bPq3AAC,spotify:track:7wWAcQnMR6So9G1bPq3AAC,https://p.scdn.co/mp3-preview/71e3bc90d49f98ccd72d29a15a308a3097abe3bd?cid=63a77ff40e794a12ae216a18befde98c,Bookstore cafe,49,N.Y. Atmosphere,N.Y. Atmosphere,0.86,0.101,200633,0.221,0.927,9,0.0841,-24.595,0,0.0571,208.969,0.25
chill,Peaceful Meditation,37i9dQZF1DWZqd5JICZI0u,7gpL5CorPuYBthvZkPPFGd,spotify:track:7gpL5CorPuYBthvZkPPFGd,https://p.scdn.co/mp3-preview/27bab7a38e1b6a3b913b3d4e37ab79ed2e3a3b72?cid=63a77ff40e794a12ae216a18befde98c,Glitching,65,Solvekin,Glitching,0.994,0.161,138798,0.00613,0.846,0,0.0895,-38.027,1,0.039,74.671,0.0363
chill,Peaceful Meditation,37i9dQZF1DWZqd5JICZI0u,49WYvbLAlLn9e663fBmCUl,spotify:track:49WYvbLAlLn9e663fBmCUl,https://p.scdn.co/mp3-preview/53e07ee5acb20a0481ce5602348300f538f251df?cid=63a77ff40e794a12ae216a18befde98c,Divine,64,Tejal Yann,Divine,0.959,0.176,289804,0.134,0.977,10,0.0995,-23.973,1,0.0405,86.705,0.0546
chill,Peaceful Meditation,37i9dQZF1DWZqd5JICZI0u,3WeYjOyamokKdl3cvQysZq,spotify:track:3WeYjOyamokKdl3cvQysZq,https://p.scdn.co/mp3-preview/0423484de86ff816db025d82daac1ce55d4aa82f?cid=63a77ff40e794a12ae216a18befde98c,Skylines,65,Primer Dia,Magnetic,0.964,0.198,166901,0.125,0.92,0,0.112,-22.252,1,0.041,95.653,0.0388
chill,Peaceful Meditation,37i9dQZF1DWZqd5JICZI0u,5A86ZAFtWgp06gYtlQPN5v,spotify:track:5A86ZAFtWgp06gYtlQPN5v,https://p.scdn.co/mp3-preview/60174468498f32e09a1930a57198eee46cc6af01?cid=63a77ff40e794a12ae216a18befde98c,Mindful and Free,51,Figaro Castello,Sacred Woods,0.991,0.417,247284,0.0173,0.863,8,0.108,-32.672,1,0.0269,71.973,0.378
chill,Peaceful Meditation,37i9dQZF1DWZqd5JICZI0u,1tZxzyEBPmsMTOpc6t005r,spotify:track:1tZxzyEBPmsMTOpc6t005r,https://p.scdn.co/mp3-preview/42435896236064c6925e522441c819bca260da60?cid=63a77ff40e794a12ae216a18befde98c,As She Awakens,65,Leerseite,Monument,0.982,0.289,195429,0.0386,0.875,0,0.0802,-24.586,1,0.037,68.734,0.0395
chill,Peaceful Meditation,37i9dQZF1DWZqd5JICZI0u,4YhwpzwqfWEt04ki6wLUVk,spotify:track:4YhwpzwqfWEt04ki6wLUVk,https://p.scdn.co/mp3-preview/11bb68b3a9707f7e5175f2c2bd4a6e883032f705?cid=63a77ff40e794a12ae216a18befde98c,In my quiet hour,61,Nicholas Sipka,In My Quiet Hour,0.99,0.229,126050,0.0017,0.948,11,0.105,-28.984,1,0.0447,71.106,0.45
chill,Peaceful Meditation,37i9dQZF1DWZqd5JICZI0u,1vSqYZ2q0cvwlWNAzkzeOq,spotify:track:1vSqYZ2q0cvwlWNAzkzeOq,https://p.scdn.co/mp3-preview/f5fa281218a2ef074811bafae6a3c1a42f570bc4?cid=63a77ff40e794a12ae216a18befde98c,Mellifluous,60,Opus Monik,Mellifluous,0.899,0.187,118295,0.0906,0.961,0,0.11,-21.033,1,0.0384,72.285,0.0715
chill,Peaceful Meditation,37i9dQZF1DWZqd5JICZI0u,7vCDAK4DJNr1GHYEG3Ylyp,spotify:track:7vCDAK4DJNr1GHYEG3Ylyp,https://p.scdn.co/mp3-preview/f7b3cadb84f74a11abd91d19f8eb4ddee870b352?cid=63a77ff40e794a12ae216a18befde98c,Sueño tranquilo,64,Pedro Caceres,Sueño tranquilo,0.983,0.239,182241,0.0237,0.95,7,0.107,-22.072,1,0.0403,140.616,0.0698
chill,Peaceful Meditation,37i9dQZF1DWZqd5JICZI0u,04joznr5hR5oMYSmou54lX,spotify:track:04joznr5hR5oMYSmou54lX,https://p.scdn.co/mp3-preview/460e75be69de4c5bcb2074adca293043fcd6d934?cid=63a77ff40e794a12ae216a18befde98c,Gentle Mindset,59,Cedar Woods,Prayers & Observations,0.989,0.378,153488,0.0071,0.884,10,0.398,-31.988,1,0.0362,172.287,0.197
chill,Peaceful Meditation,37i9dQZF1DWZqd5JICZI0u,6PySB4GoTTMKXhH4Ksaugj,spotify:track:6PySB4GoTTMKXhH4Ksaugj,https://p.scdn.co/mp3-preview/5a9dabd4b7d1a66c513a2be0dcc5026e6796c5b5?cid=63a77ff40e794a12ae216a18befde98c,Benevolent,63,Yonder Dale,These Steady Hands,0.911,0.121,188459,0.194,0.854,9,0.11,-17.193,0,0.0356,83.747,0.257
chill,Peaceful Meditation,37i9dQZF1DWZqd5JICZI0u,5H14dJbhKeaU1ffTMmIGJi,spotify:track:5H14dJbhKeaU1ffTMmIGJi,https://p.scdn.co/mp3-preview/5dc0f365245e88b12cb97d3d7833a72e24796ae3?cid=63a77ff40e794a12ae216a18befde98c,Observations From A Faraway Place,69,Rannar Sillard,Dream Voucher,0.826,0.176,142074,0.117,0.885,7,0.124,-22.34,1,0.0401,76.125,0.142
chill,Peaceful Meditation,37i9dQZF1DWZqd5JICZI0u,2c15DLDKQDhMVWk3CQ2GZ4,spotify:track:2c15DLDKQDhMVWk3CQ2GZ4,https://p.scdn.co/mp3-preview/e714553424d103cc720cab619942599c8eaa8fa4?cid=63a77ff40e794a12ae216a18befde98c,Mind Retreat,60,Leerseite,Monument,0.981,0.253,177750,0.117,0.845,2,0.0948,-21.979,1,0.0721,78.36,0.0971
chill,Peaceful Meditation,37i9dQZF1DWZqd5JICZI0u,15Ux5Q2w2KTf0WIoACVyIA,spotify:track:15Ux5Q2w2KTf0WIoACVyIA,https://p.scdn.co/mp3-preview/1f793b496343248b9ef9264e16c6f69a070df601?cid=63a77ff40e794a12ae216a18befde98c,Beams,49,Ookean,Forest Findings,0.926,0.162,210085,0.174,0.947,1,0.0979,-18.391,1,0.0385,139.615,0.0341
chill,Peaceful Meditation,37i9dQZF1DWZqd5JICZI0u,0io5G6zhH08VkwWfVLrGZk,spotify:track:0io5G6zhH08VkwWfVLrGZk,https://p.scdn.co/mp3-preview/928f66c5aba501f94f33a57a23736706d850353e?cid=63a77ff40e794a12ae216a18befde98c,Spirit of Dalen,56,The Aural Healer,Dream Catcher,0.97,0.158,192000,0.123,0.971,8,0.106,-19.798,1,0.0362,68.921,0.0812
chill,Peaceful Meditation,37i9dQZF1DWZqd5JICZI0u,4YykWH4RXegyeyM5bMiUwU,spotify:track:4YykWH4RXegyeyM5bMiUwU,https://p.scdn.co/mp3-preview/a6a5a6132ccd01f03a6b65a7193913c700802089?cid=63a77ff40e794a12ae216a18befde98c,Sabin,54,William Edessa,Tao,0.992,0.247,210000,0.217,0.923,0,0.0753,-18.102,1,0.0721,68.198,0.0389
chill,Peaceful Meditation,37i9dQZF1DWZqd5JICZI0u,2Gdybo91D2AszWaPKGLrul,spotify:track:2Gdybo91D2AszWaPKGLrul,https://p.scdn.co/mp3-preview/e8b2bfb9cccddf6647f05b2b85aef4977f386b9a?cid=63a77ff40e794a12ae216a18befde98c,Family Dawn,54,Eleanor Arroway,Personal Experiences,0.934,0.0799,228484,0.0928,0.893,8,0.0921,-26.22,1,0.0385,74.725,0.047
chill,Peaceful Meditation,37i9dQZF1DWZqd5JICZI0u,3vI65B6xni7XUKCEa3sOUE,spotify:track:3vI65B6xni7XUKCEa3sOUE,https://p.scdn.co/mp3-preview/506fa16210e54c9b386777fab6481048f966b909?cid=63a77ff40e794a12ae216a18befde98c,Guardian,58,Everlight,Presence,0.969,0.158,210804,0.111,0.981,9,0.0819,-20.314,0,0.0339,75.359,0.0333
chill,Peaceful Meditation,37i9dQZF1DWZqd5JICZI0u,7kbiF2WwENN3Z5yOZ2X0R2,spotify:track:7kbiF2WwENN3Z5yOZ2X0R2,https://p.scdn.co/mp3-preview/daa8886c243e298db1efd67532deade22ca7057f?cid=63a77ff40e794a12ae216a18befde98c,Relajación espiritual,56,Toga Bali,Relajación espiritual,0.984,0.169,190752,0.0283,0.907,11,0.114,-24.823,1,0.0398,91.745,0.056
chill,Peaceful Meditation,37i9dQZF1DWZqd5JICZI0u,2m9dwTEyYuMREZTttiFKmF,spotify:track:2m9dwTEyYuMREZTttiFKmF,https://p.scdn.co/mp3-preview/927c934f842cb7e142a73ff2a7133a529cd67144?cid=63a77ff40e794a12ae216a18befde98c,Colors Of The Moon,50,Mandala Dreams,Winds Of Fuji,0.962,0.086,229997,0.266,0.974,9,0.0753,-15.263,1,0.0438,63.219,0.0476
chill,Peaceful Meditation,37i9dQZF1DWZqd5JICZI0u,7hXKIp3IX3nrvHkq34zbMG,spotify:track:7hXKIp3IX3nrvHkq34zbMG,https://p.scdn.co/mp3-preview/1e9ccd9864690c85cf9c1de9c0b380ce13634b0d?cid=63a77ff40e794a12ae216a18befde98c,The Art Of Love,64,Sahlene Williams,The Art Of Love,0.967,0.188,185880,0.0259,0.957,11,0.103,-23.169,1,0.0369,78.517,0.0625
chill,Peaceful Meditation,37i9dQZF1DWZqd5JICZI0u,7xD5j8ZCGDAPTTH5EfAVRf,spotify:track:7xD5j8ZCGDAPTTH5EfAVRf,https://p.scdn.co/mp3-preview/f84b6558e4ffce6a66fb5dc64373c03c87cb4f6c?cid=63a77ff40e794a12ae216a18befde98c,Relaxation,67,Yolta,Relaxation,0.951,0.281,216609,0.0197,0.889,1,0.108,-21.443,1,0.0353,135.488,0.039
chill,Peaceful Meditation,37i9dQZF1DWZqd5JICZI0u,65YJeKP2rTIXKOG34CLvZ5,spotify:track:65YJeKP2rTIXKOG34CLvZ5,https://p.scdn.co/mp3-preview/c22ed67ba6a6581fc7b5adcb5edd59dfcffc1eb4?cid=63a77ff40e794a12ae216a18befde98c,Mi Querida Flor,58,Momento,Focus,0.95,0.317,155294,0.188,0.951,7,0.0691,-21.665,1,0.0477,68.39,0.0634
chill,Peaceful Meditation,37i9dQZF1DWZqd5JICZI0u,3BBdYYzMkqcGBnRx7ZdZiM,spotify:track:3BBdYYzMkqcGBnRx7ZdZiM,https://p.scdn.co/mp3-preview/897edf834f1c38966db216d60328ea1074e6c49c?cid=63a77ff40e794a12ae216a18befde98c,Spirit of Harmony,58,Joseph McGrahl,Spirit of Harmony,0.987,0.18,202819,0.0319,0.909,5,0.1,-26.099,1,0.0375,72.903,0.115
chill,Peaceful Meditation,37i9dQZF1DWZqd5JICZI0u,0EbvVi0EEW2uSepHX83sY4,spotify:track:0EbvVi0EEW2uSepHX83sY4,https://p.scdn.co/mp3-preview/968097cdde686e3531d054f701bf4a548bdfbb4b?cid=63a77ff40e794a12ae216a18befde98c,Violin Tales,48,Leyenda,Lost Tales,0.681,0.0994,203270,0.113,0.935,7,0.108,-21.146,1,0.0427,87.943,0.0374
chill,Peaceful Meditation,37i9dQZF1DWZqd5JICZI0u,7BQDfK8Emfh80YJuvoGrb4,spotify:track:7BQDfK8Emfh80YJuvoGrb4,https://p.scdn.co/mp3-preview/f559d3badcbfb8c3e5ba0827cf09479530f11334?cid=63a77ff40e794a12ae216a18befde98c,Movements of Dimensions,65,Everlight,The One We Got,0.981,0.082,160393,0.0782,0.926,0,0.107,-22.579,1,0.0368,76.787,0.0369
chill,Peaceful Meditation,37i9dQZF1DWZqd5JICZI0u,4686Ouag9G1NhsSQUDVTC8,spotify:track:4686Ouag9G1NhsSQUDVTC8,https://p.scdn.co/mp3-preview/b8108b630a2abf4313240e59c8f41f246be08dc9?cid=63a77ff40e794a12ae216a18befde98c,From Above,62,Steven Goldmund,Integrating,0.958,0.314,234353,0.0454,0.882,3,0.128,-24.286,1,0.0319,84.837,0.0371
chill,Peaceful Meditation,37i9dQZF1DWZqd5JICZI0u,6kriUZjaZBG5GWfIRwm2tS,spotify:track:6kriUZjaZBG5GWfIRwm2tS,https://p.scdn.co/mp3-preview/9f3c5132cc025407ec5a924ed98fa6e82598d74e?cid=63a77ff40e794a12ae216a18befde98c,A Spirit Level,44,Joseph Beg,A Spirit Level,0.628,0.0642,356625,0.164,0.929,6,0.119,-19.071,1,0.0427,71.814,0.0363
chill,Peaceful Meditation,37i9dQZF1DWZqd5JICZI0u,0fzFidsOykOCSMsby6Gmm6,spotify:track:0fzFidsOykOCSMsby6Gmm6,https://p.scdn.co/mp3-preview/0f8cff7515f39ce2d1eb252e669c70ed76bb778a?cid=63a77ff40e794a12ae216a18befde98c,Magnetic,64,Primer Dia,Magnetic,0.838,0.184,165000,0.194,0.971,5,0.111,-18.356,1,0.0418,76.416,0.0363
chill,Peaceful Meditation,37i9dQZF1DWZqd5JICZI0u,2ibz7CAzOKyqgjo7sXeUU0,spotify:track:2ibz7CAzOKyqgjo7sXeUU0,https://p.scdn.co/mp3-preview/c3dd8bdeade628fd7194d1ad86bbea660ffd7490?cid=63a77ff40e794a12ae216a18befde98c,Digitalized Waves Of Unspoken Distances,53,Ave Air,Suburban Call For Concrete Dreams,0.686,0.198,246711,0.166,0.924,0,0.0851,-21.153,0,0.0324,87.088,0.0395
chill,Peaceful Meditation,37i9dQZF1DWZqd5JICZI0u,09g7JMQLhGPspMm1hfeqCc,spotify:track:09g7JMQLhGPspMm1hfeqCc,https://p.scdn.co/mp3-preview/3bb4eeb1f68de864f9cb081101110084264438cf?cid=63a77ff40e794a12ae216a18befde98c,First Bridge,68,Voyager,Bridge,0.93,0.0777,128672,0.083,0.707,0,0.0843,-27.513,1,0.0436,175.335,0.0394
chill,Peaceful Meditation,37i9dQZF1DWZqd5JICZI0u,37bWNUTzhM1DvYyOEXY0rC,spotify:track:37bWNUTzhM1DvYyOEXY0rC,https://p.scdn.co/mp3-preview/95863ed1aa8999badff31e24722166f7cc8954e2?cid=63a77ff40e794a12ae216a18befde98c,...There You Are!,66,Intentional Vibes,E T,0.968,0.0797,226364,0.032,0.977,5,0.364,-28.533,1,0.0464,62.399,0.0715
chill,Peaceful Meditation,37i9dQZF1DWZqd5JICZI0u,6e6xf3BuRf9o7pz1koO4ku,spotify:track:6e6xf3BuRf9o7pz1koO4ku,https://p.scdn.co/mp3-preview/306f79464e35ab77eb233cc3e3c426da933dbc9c?cid=63a77ff40e794a12ae216a18befde98c,In Her Temple,67,Momento,Visions of Sleep and Beyond,0.838,0.196,271935,0.168,0.932,9,0.11,-25.875,0,0.0654,68.745,0.0378
chill,Peaceful Meditation,37i9dQZF1DWZqd5JICZI0u,5hD7Ezq0E8nwz7z2xNMlVH,spotify:track:5hD7Ezq0E8nwz7z2xNMlVH,https://p.scdn.co/mp3-preview/091f8fe3890c47ccb3d6bd6dc6330a4fe86005ce?cid=63a77ff40e794a12ae216a18befde98c,Spiritual Awakening,65,Tejal Yann,Divine,0.906,0.0624,234382,0.164,0.916,5,0.111,-22.92,1,0.0374,66.259,0.0396
chill,Peaceful Meditation,37i9dQZF1DWZqd5JICZI0u,5mgbGh47Sm1s8swwlGsSbW,spotify:track:5mgbGh47Sm1s8swwlGsSbW,https://p.scdn.co/mp3-preview/ed3a1e6d67f6598e0a7bb3bafd81a3ddbf09f1a2?cid=63a77ff40e794a12ae216a18befde98c,Attention Caller,64,Binary One,Hyper Focus,0.866,0.085,203556,0.0181,0.814,8,0.0906,-27.377,1,0.0427,84.041,0.0353
chill,Peaceful Meditation,37i9dQZF1DWZqd5JICZI0u,4EWCM7S4DAtpSJ0BOiM9LK,spotify:track:4EWCM7S4DAtpSJ0BOiM9LK,https://p.scdn.co/mp3-preview/d1b6c4868ca9cab60a6dec92cba194f4a6eecd43?cid=63a77ff40e794a12ae216a18befde98c,legacy,64,node: project,legacy,0.945,0.0787,249500,0.0286,0.952,0,0.112,-27.679,1,0.0469,185.948,0.117
chill,Peaceful Meditation,37i9dQZF1DWZqd5JICZI0u,7gcBSI6Mct6bp2rmjauJ4B,spotify:track:7gcBSI6Mct6bp2rmjauJ4B,https://p.scdn.co/mp3-preview/6b8630fbe6111685cf172ca042788f86b9ea8e90?cid=63a77ff40e794a12ae216a18befde98c,Deep Healing,64,Calma,Aura,0.903,0.164,189924,0.0849,0.909,7,0.13,-23.566,0,0.0328,86.967,0.0324
chill,Peaceful Meditation,37i9dQZF1DWZqd5JICZI0u,6cPMumXMqkeN8sKAE29uOB,spotify:track:6cPMumXMqkeN8sKAE29uOB,https://p.scdn.co/mp3-preview/4906ccf3248febe8ded91d226348cea995ba8eb9?cid=63a77ff40e794a12ae216a18befde98c,Zauberer,64,Leerseite,Zauberer,0.966,0.202,208516,0.127,0.929,0,0.0894,-19.631,1,0.0463,69.908,0.0643
chill,Peaceful Meditation,37i9dQZF1DWZqd5JICZI0u,1rmzrj7yN1Vn0r2qmSPOJ7,spotify:track:1rmzrj7yN1Vn0r2qmSPOJ7,https://p.scdn.co/mp3-preview/24a9ef262a6102d6f99d46fa8af85d0e50c93250?cid=63a77ff40e794a12ae216a18befde98c,At the End of Our Day,64,Eleanor Arroway,Personal Experiences,0.986,0.131,254955,0.0438,0.97,8,0.102,-26.388,1,0.0356,71.948,0.0383
chill,Peaceful Meditation,37i9dQZF1DWZqd5JICZI0u,13qipLyri7I5paTjFs6RIa,spotify:track:13qipLyri7I5paTjFs6RIa,https://p.scdn.co/mp3-preview/7158f9c6d161736c62e8f8382ab383e42a091af1?cid=63a77ff40e794a12ae216a18befde98c,Lunar descent,61,Seismic Shift,Lunar Descent,0.913,0.15,128025,0.324,0.945,5,0.0846,-13.718,0,0.0387,136.684,0.0341
chill,Peaceful Meditation,37i9dQZF1DWZqd5JICZI0u,2A1JViJP0YMiMmjtqjOKAQ,spotify:track:2A1JViJP0YMiMmjtqjOKAQ,https://p.scdn.co/mp3-preview/b022f3fd96e637cabaa51bd415a61db34736947f?cid=63a77ff40e794a12ae216a18befde98c,Beings,63,Intentional Vibes,Tranquilities,0.985,0.202,278105,0.0525,0.93,8,0.104,-25.078,1,0.0352,77.523,0.0319
chill,Peaceful Meditation,37i9dQZF1DWZqd5JICZI0u,6SxcRJNPDlwiciVkzxu0oC,spotify:track:6SxcRJNPDlwiciVkzxu0oC,https://p.scdn.co/mp3-preview/f529dbf82c0cbed7906e64d92fa441e4e52dc703?cid=63a77ff40e794a12ae216a18befde98c,Polar Drone,63,Binaural Landscapes,Drones,0.921,0.154,215063,0.046,0.754,9,0.107,-33.115,0,0.0478,76.256,0.0342
chill,Peaceful Meditation,37i9dQZF1DWZqd5JICZI0u,6IjGXmSzA9uTQViwu9NO0r,spotify:track:6IjGXmSzA9uTQViwu9NO0r,https://p.scdn.co/mp3-preview/87671af4063813eff9accb1c1a4dc8dd82cb1875?cid=63a77ff40e794a12ae216a18befde98c,Clouds,64,Yorokobi,Clouds,0.955,0.204,141875,0.229,0.823,2,0.0763,-22.247,1,0.0501,63.657,0.115
chill,Peaceful Meditation,37i9dQZF1DWZqd5JICZI0u,1pLbdZxfqP0jPqCbJB4A5N,spotify:track:1pLbdZxfqP0jPqCbJB4A5N,https://p.scdn.co/mp3-preview/175e9636bf327217f667755d178ea4a3631f25ae?cid=63a77ff40e794a12ae216a18befde98c,Fortress,64,Everlight,The One We Got,0.865,0.0907,200597,0.0335,0.915,9,0.104,-25.092,0,0.0396,82.928,0.0725
chill,Peaceful Meditation,37i9dQZF1DWZqd5JICZI0u,7apRzgUmowaP3Xc0syvoa5,spotify:track:7apRzgUmowaP3Xc0syvoa5,https://p.scdn.co/mp3-preview/56bad9a2f18fd064261ca93315998b67b0e5b373?cid=63a77ff40e794a12ae216a18befde98c,Soul Touch,66,Steven Goldmund,Integrating,0.984,0.145,246487,0.0465,0.937,2,0.0917,-27.681,1,0.0371,139.913,0.0331
chill,Peaceful Meditation,37i9dQZF1DWZqd5JICZI0u,5Jxym542I1NBxCm6N2i2uo,spotify:track:5Jxym542I1NBxCm6N2i2uo,https://p.scdn.co/mp3-preview/6a3e28703fed7c96e7972c6a2cec1a8decdc2b70?cid=63a77ff40e794a12ae216a18befde98c,Imgur,66,Pola Ris,Sleep,0.936,0.148,229078,0.0113,0.7,1,0.133,-33.791,0,0.041,138.396,0.0376
chill,Peaceful Meditation,37i9dQZF1DWZqd5JICZI0u,5fQDgZlXiwaIxQtL0DvhhJ,spotify:track:5fQDgZlXiwaIxQtL0DvhhJ,https://p.scdn.co/mp3-preview/ecaec5128130ed4d7669db44f2badfe7474993fd?cid=63a77ff40e794a12ae216a18befde98c,The Light,64,Venom Faun,Focus,0.828,0.233,211954,0.103,0.905,11,0.111,-21.291,1,0.0469,62.148,0.0272
chill,Peaceful Meditation,37i9dQZF1DWZqd5JICZI0u,1yOlQ6v0E3Jgo9iY0dtMyQ,spotify:track:1yOlQ6v0E3Jgo9iY0dtMyQ,https://p.scdn.co/mp3-preview/8d2f0f6cfd9ce9f1d375ed8bd38accbab01df381?cid=63a77ff40e794a12ae216a18befde98c,Gamma Freq Pads,62,Masters of Binaurality,Total Sleep And Relaxation,0.713,0.205,220606,0.121,0.939,10,0.11,-16.988,0,0.0489,71.895,0.0283
chill,Peaceful Meditation,37i9dQZF1DWZqd5JICZI0u,1qjktDcnb02OCdkbHMxXEp,spotify:track:1qjktDcnb02OCdkbHMxXEp,https://p.scdn.co/mp3-preview/a6805adde7e3e93939603ed9ebdf13affe351efd?cid=63a77ff40e794a12ae216a18befde98c,Above The Clouds,64,Evan Michael Brown,Above The Clouds,0.94,0.185,190000,0.161,0.901,0,0.0913,-15.935,1,0.0357,110.063,0.0666
chill,Peaceful Meditation,37i9dQZF1DWZqd5JICZI0u,2g2Lu60cPD86AehKNRWKHK,spotify:track:2g2Lu60cPD86AehKNRWKHK,https://p.scdn.co/mp3-preview/0a8c42a3a6c722e6d03d55df447ca765ba24cab0?cid=63a77ff40e794a12ae216a18befde98c,369 Seconds Of Bliss,52,369,369 Seconds Of Bliss,0.986,0.206,370250,0.0638,0.926,0,0.109,-23.365,1,0.057,68.778,0.0388
chill,Peaceful Meditation,37i9dQZF1DWZqd5JICZI0u,2upeTuDpLgUnrHXb8LC6A9,spotify:track:2upeTuDpLgUnrHXb8LC6A9,https://p.scdn.co/mp3-preview/1f412f8a6ed7c5e63cd8bee7448db5a216a5a76c?cid=63a77ff40e794a12ae216a18befde98c,Rush,47,Synchrophonic,Drones and Beats,0.995,0.2,222436,0.0535,0.852,4,0.106,-27.616,1,0.0584,139.489,0.0262
chill,Peaceful Meditation,37i9dQZF1DWZqd5JICZI0u,1MTVl5IOywFaOQWcFvVpIs,spotify:track:1MTVl5IOywFaOQWcFvVpIs,https://p.scdn.co/mp3-preview/4df6180349541228129eadb23cdc0e71213e7fa7?cid=63a77ff40e794a12ae216a18befde98c,Without,63,Bodil Blanche,Without,0.843,0.145,244800,0.269,0.953,8,0.0923,-18.975,1,0.0452,51.555,0.0329
