category_id,playlist_name,playlist_id,track_id,track_uri,track_preview_url,track_name,track_popularity,artist_name,album_name,acousticness,danceability,duration_ms,energy,instrumentalness,key,liveness,loudness,mode,speechiness,tempo,valence
afro,Ginger Me,37i9dQZF1DX0SlHbqMm3vJ,6WbTfm49HzrMfZhfOaahVK,spotify:track:6WbTfm49HzrMfZhfOaahVK,https://p.scdn.co/mp3-preview/f510b614c81730a03b433007c6e241699ea72c60?cid=63a77ff40e794a12ae216a18befde98c,Kinda Love,48,Elle Varner,Kinda Love,0.197,0.63,194502,0.641,4.3e-05,2,0.107,-7.743,1,0.0829,95.912,0.364
afro,Ginger Me,37i9dQZF1DX0SlHbqMm3vJ,5HqngsF3BE19077Ilnw7N5,spotify:track:5HqngsF3BE19077Ilnw7N5,https://p.scdn.co/mp3-preview/3dcc19502064e768e660c9689b214cead6aa5d36?cid=63a77ff40e794a12ae216a18befde98c,Case,55,Teni,Case,0.358,0.81,202449,0.638,0.0,8,0.211,-4.778,1,0.0398,102.003,0.778
afro,Ginger Me,37i9dQZF1DX0SlHbqMm3vJ,6EP8kXAGRNyn5VFoq4deSs,spotify:track:6EP8kXAGRNyn5VFoq4deSs,https://p.scdn.co/mp3-preview/49017d792590d456f2286ca56fa64d1d78a20e90?cid=63a77ff40e794a12ae216a18befde98c,Wait for You,41,"melvitto,Oxlade",Thenightisyoung.,0.916,0.674,254315,0.204,0.000355,8,0.0931,-11.169,0,0.161,58.012,0.56
afro,Ginger Me,37i9dQZF1DX0SlHbqMm3vJ,684hZgWhW3ZfCzSnlBtyBC,spotify:track:684hZgWhW3ZfCzSnlBtyBC,https://p.scdn.co/mp3-preview/b50d69e6814cec7829088caaedb7eabbdfd27c04?cid=63a77ff40e794a12ae216a18befde98c,Before You Wake Up,51,Adekunle Gold,Before You Wake Up,0.499,0.629,174500,0.821,0.0,8,0.411,-3.4,0,0.17,63.59,0.715
afro,Ginger Me,37i9dQZF1DX0SlHbqMm3vJ,0whUOKHJ2FK9InBanfwEci,spotify:track:0whUOKHJ2FK9InBanfwEci,https://p.scdn.co/mp3-preview/bcc4b510a3b09f90a77873f617859e9d494c5b6e?cid=63a77ff40e794a12ae216a18befde98c,Angela,50,Kuami Eugene,Angela,0.0235,0.653,187298,0.651,2.98e-05,3,0.221,-3.165,1,0.0723,200.075,0.92
afro,Ginger Me,37i9dQZF1DX0SlHbqMm3vJ,3m9mCf1HBkYm1PoHE5YHCP,spotify:track:3m9mCf1HBkYm1PoHE5YHCP,https://p.scdn.co/mp3-preview/4ba2b5d22f0e146d0dc9467bd52b56c994345abf?cid=63a77ff40e794a12ae216a18befde98c,Ride With You,38,"Funbi,Efya",Serenade,0.6,0.828,205313,0.524,0.121,0,0.0772,-10.464,1,0.0714,96.951,0.964
afro,Ginger Me,37i9dQZF1DX0SlHbqMm3vJ,0rTLHuXb86kLYCwh9yS4Bf,spotify:track:0rTLHuXb86kLYCwh9yS4Bf,https://p.scdn.co/mp3-preview/fc00b7c6f058fc0fc69f5a7d42baaaebeb2adfc4?cid=63a77ff40e794a12ae216a18befde98c,UTERO,37,Tay Iwar,GEMINI,0.0446,0.593,192289,0.512,9.48e-06,0,0.107,-10.449,1,0.0455,74.971,0.452
afro,Ginger Me,37i9dQZF1DX0SlHbqMm3vJ,78OamdavEV2JxOKpQJkm5v,spotify:track:78OamdavEV2JxOKpQJkm5v,https://p.scdn.co/mp3-preview/7028944ff00b07500d76d382a575ce6873a6c68f?cid=63a77ff40e794a12ae216a18befde98c,Kojo (feat. Sarkodie),43,"Kizz Daniel,Sarkodie",No Bad Songz,0.528,0.905,204843,0.667,0.000148,10,0.0777,-7.662,0,0.133,102.021,0.751
afro,Ginger Me,37i9dQZF1DX0SlHbqMm3vJ,02KGBPy9mVdvo4dPXxt3h5,spotify:track:02KGBPy9mVdvo4dPXxt3h5,https://p.scdn.co/mp3-preview/56b2a22824b8b226d87fda9864d13ea233ec2a43?cid=63a77ff40e794a12ae216a18befde98c,Baby,51,Joeboy,Baby,0.142,0.785,165448,0.806,0.000285,11,0.147,-5.34,1,0.0558,105.001,0.539
afro,Ginger Me,37i9dQZF1DX0SlHbqMm3vJ,1ORPbLhAdmlp49fzpUTR0y,spotify:track:1ORPbLhAdmlp49fzpUTR0y,https://p.scdn.co/mp3-preview/3dacf25df4a78417c4ee79f2b0da6cfdee002823?cid=63a77ff40e794a12ae216a18befde98c,Gimme Love,42,"Seyi Shay,Runtown",Gimme Love,0.204,0.836,220815,0.682,0.000404,11,0.107,-4.86,0,0.0941,100.016,0.312
afro,Ginger Me,37i9dQZF1DX0SlHbqMm3vJ,5qnPDwHVBgG2J75hhxSr0B,spotify:track:5qnPDwHVBgG2J75hhxSr0B,https://p.scdn.co/mp3-preview/3a76b9452a656e6224fdd5a9be73237d32b7586c?cid=63a77ff40e794a12ae216a18befde98c,Number One,42,Yemi Alade,Number One,0.0981,0.74,207537,0.66,5.4e-05,1,0.0911,-4.404,0,0.0334,105.004,0.866
afro,Ginger Me,37i9dQZF1DX0SlHbqMm3vJ,4SYnhnD6V2sqa6Zc0SsGlq,spotify:track:4SYnhnD6V2sqa6Zc0SsGlq,https://p.scdn.co/mp3-preview/b148e50772e3db0b86303df34c923d505078d1f2?cid=63a77ff40e794a12ae216a18befde98c,Mr Rebel,39,Tems,Mr Rebel,0.896,0.55,236382,0.315,1.41e-06,0,0.0714,-13.966,0,0.34,86.384,0.691
afro,Ginger Me,37i9dQZF1DX0SlHbqMm3vJ,7CbWi23DCDc3vOpGQYLiff,spotify:track:7CbWi23DCDc3vOpGQYLiff,https://p.scdn.co/mp3-preview/588b6463d1e9bf4b8a55fc8278ee3c0671b722d2?cid=63a77ff40e794a12ae216a18befde98c,African Princess,39,Korede Bello,African Princess,0.0881,0.776,233314,0.707,1.3e-05,0,0.301,-5.834,1,0.0779,99.969,0.83
afro,Ginger Me,37i9dQZF1DX0SlHbqMm3vJ,3dvX3HlMswBhiuhaDBDjUb,spotify:track:3dvX3HlMswBhiuhaDBDjUb,https://p.scdn.co/mp3-preview/5d8a088571e17b7fd4f5534b51e8562689c9853d?cid=63a77ff40e794a12ae216a18befde98c,Meji Meji,41,"DaVido,Kuami Eugene",Meji Meji,0.142,0.761,191190,0.876,1.45e-05,7,0.251,-2.182,1,0.0553,103.009,0.568
afro,Ginger Me,37i9dQZF1DX0SlHbqMm3vJ,35ygPuAuy0OOQmAUpDqLXu,spotify:track:35ygPuAuy0OOQmAUpDqLXu,https://p.scdn.co/mp3-preview/567bf2f8b131f4e0a94f3dccdf46a6a711a009a6?cid=63a77ff40e794a12ae216a18befde98c,African Woman,42,1da Banton,African Woman,0.29,0.674,208300,0.729,9.44e-06,1,0.121,-3.832,1,0.0475,97.836,0.81
afro,Ginger Me,37i9dQZF1DX0SlHbqMm3vJ,5mN3xSyvCmFy1jkdA98IfS,spotify:track:5mN3xSyvCmFy1jkdA98IfS,https://p.scdn.co/mp3-preview/70046d75edd7510b356212dd86ba77740ad94fea?cid=63a77ff40e794a12ae216a18befde98c,Fever,61,WizKid,Fever,0.544,0.755,252245,0.806,0.000114,0,0.0908,-4.618,0,0.0479,98.008,0.892
afro,Ginger Me,37i9dQZF1DX0SlHbqMm3vJ,6eFm4JMfZin0p6gOcfworu,spotify:track:6eFm4JMfZin0p6gOcfworu,https://p.scdn.co/mp3-preview/bfab1d310938db1977e94875467a87eed86df165?cid=63a77ff40e794a12ae216a18befde98c,Dial Me,40,"Nonso Amadi,Kida Kudz",Dial Me,0.261,0.905,138113,0.558,0.0136,2,0.0446,-5.494,1,0.099,105.983,0.897
afro,Ginger Me,37i9dQZF1DX0SlHbqMm3vJ,65WL8JmmCmflNRYAlTb3MT,spotify:track:65WL8JmmCmflNRYAlTb3MT,https://p.scdn.co/mp3-preview/5d44e6c32ad9192274d3da4bf801e496ad105390?cid=63a77ff40e794a12ae216a18befde98c,Mixed Signals (Feat. Efya),32,Lynxxx,This Is Lynxxx,0.575,0.873,303198,0.65,2.09e-05,0,0.077,-7.704,1,0.174,104.975,0.844
afro,Ginger Me,37i9dQZF1DX0SlHbqMm3vJ,2KG2MggKHSVTKR8nLJX8DV,spotify:track:2KG2MggKHSVTKR8nLJX8DV,https://p.scdn.co/mp3-preview/a9322d91f84e561227f8b102260560b87bb8aee9?cid=63a77ff40e794a12ae216a18befde98c,So Mi So,53,Wande Coal,So Mi So,0.0062,0.754,245182,0.524,0.000141,2,0.268,-13.453,1,0.0481,105.062,0.4
afro,Ginger Me,37i9dQZF1DX0SlHbqMm3vJ,0uuzhLSMcJhZIY93Fgf0Wn,spotify:track:0uuzhLSMcJhZIY93Fgf0Wn,,Future In Your Eyes,36,Tjan,Future In Your Eyes,0.435,0.641,246513,0.682,0.0,9,0.616,-8.14,0,0.0675,90.01,0.699
afro,Ginger Me,37i9dQZF1DX0SlHbqMm3vJ,1MJJ9lXWKHjRdWxSk3BpTo,spotify:track:1MJJ9lXWKHjRdWxSk3BpTo,https://p.scdn.co/mp3-preview/891617b8c6918a45f5c41099b480e9f2cf8b2140?cid=63a77ff40e794a12ae216a18befde98c,Desire (feat. Funbi & Tay Iwar),41,"Odunsi (The Engine),Higo,Funbi,Tay Iwar",Desire (feat. Funbi & Tay Iwar),0.703,0.505,245656,0.487,0.37,1,0.111,-13.037,1,0.0782,171.972,0.409
afro,Ginger Me,37i9dQZF1DX0SlHbqMm3vJ,2gjlTNekWAQNZ5zJSd5fiO,spotify:track:2gjlTNekWAQNZ5zJSd5fiO,https://p.scdn.co/mp3-preview/721cec7692fb13aae01f266aaa0352f323d44271?cid=63a77ff40e794a12ae216a18befde98c,Only Girl,42,"Adekunle Gold,Moelogo",Only Girl,0.309,0.84,210000,0.673,0.0,5,0.117,-5.227,0,0.075,105.941,0.842
afro,Ginger Me,37i9dQZF1DX0SlHbqMm3vJ,3LK31b4kOhptnHxoF7vP6V,spotify:track:3LK31b4kOhptnHxoF7vP6V,https://p.scdn.co/mp3-preview/17dcb12ba6822da230a903cca8b10e5154cb856b?cid=63a77ff40e794a12ae216a18befde98c,Coco,40,"Juls,Odunsi (The Engine),Santi",Leap of Faith,0.0432,0.738,188056,0.574,1.13e-05,8,0.172,-10.186,0,0.104,105.01,0.535
afro,Ginger Me,37i9dQZF1DX0SlHbqMm3vJ,2oMerdOdPAEpv67uVjtTUJ,spotify:track:2oMerdOdPAEpv67uVjtTUJ,https://p.scdn.co/mp3-preview/b16a1f05cf40e7b3721c2b54b83b974f671d917a?cid=63a77ff40e794a12ae216a18befde98c,Chemistry,44,"Falz,Simi",Chemistry,0.789,0.825,228415,0.608,2.57e-06,0,0.104,-5.758,1,0.251,117.743,0.768
afro,Ginger Me,37i9dQZF1DX0SlHbqMm3vJ,620mLWTKyblKdacAJCzafB,spotify:track:620mLWTKyblKdacAJCzafB,,Gbewa,0,Yung L,Gbewa,0.0603,0.839,213107,0.779,0.000909,7,0.117,-6.596,1,0.108,109.987,0.293
afro,Ginger Me,37i9dQZF1DX0SlHbqMm3vJ,3snBeHf2b3vBXLtuLXMyxW,spotify:track:3snBeHf2b3vBXLtuLXMyxW,https://p.scdn.co/mp3-preview/9c0fa797bf2433318c6249f31f674cdd81354b31?cid=63a77ff40e794a12ae216a18befde98c,Your Love,34,LeriQ,Your Love,0.0884,0.789,169542,0.333,5.58e-05,1,0.146,-6.804,0,0.148,125.196,0.143
afro,Ginger Me,37i9dQZF1DX0SlHbqMm3vJ,1SzxoYXUXqg26aP2FYD6P5,spotify:track:1SzxoYXUXqg26aP2FYD6P5,https://p.scdn.co/mp3-preview/92290c000a011b900cc0361050afa7334588a7d1?cid=63a77ff40e794a12ae216a18befde98c,Mamee - Radio,35,"Efya,Mr Eazi",Mamee,0.281,0.801,202111,0.837,0.0335,9,0.108,-4.115,0,0.0382,101.042,0.777
afro,Ginger Me,37i9dQZF1DX0SlHbqMm3vJ,7L8gX9VnvL32lNZEIyi1qs,spotify:track:7L8gX9VnvL32lNZEIyi1qs,https://p.scdn.co/mp3-preview/4135c3d95506d8f80e6325bb36115493b34a9b6d?cid=63a77ff40e794a12ae216a18befde98c,Woju,39,Kiss Daniel,New Era,0.264,0.817,204330,0.874,0.000244,7,0.0639,-3.726,1,0.0435,114.006,0.972
afro,Ginger Me,37i9dQZF1DX0SlHbqMm3vJ,2dWEzqyLmdbUTTzf8TXn9Z,spotify:track:2dWEzqyLmdbUTTzf8TXn9Z,https://p.scdn.co/mp3-preview/925ea2c9610f6df633d6f9f4515c00f061c57263?cid=63a77ff40e794a12ae216a18befde98c,Magic,39,Boj,Magic,0.353,0.795,191179,0.652,0.00763,4,0.0698,-5.643,0,0.0685,105.994,0.961
afro,Ginger Me,37i9dQZF1DX0SlHbqMm3vJ,26pQRo1SH7MhMdhG2qO0V3,spotify:track:26pQRo1SH7MhMdhG2qO0V3,https://p.scdn.co/mp3-preview/6651201750a93411cff20a55e9987fc0c2c0f6d0?cid=63a77ff40e794a12ae216a18befde98c,Jowo,35,1da Banton,Jowo,0.288,0.578,236304,0.598,1.87e-06,1,0.0614,-6.703,1,0.0766,98.489,0.491
afro,Ginger Me,37i9dQZF1DX0SlHbqMm3vJ,5Vp6x6DnVjh2JDaC4It6ak,spotify:track:5Vp6x6DnVjh2JDaC4It6ak,https://p.scdn.co/mp3-preview/8ea2827881fe035f8c408e05bc45a9dfe3d49991?cid=63a77ff40e794a12ae216a18befde98c,Assurance,55,DaVido,Assurance,0.275,0.665,249320,0.799,2.99e-06,4,0.0756,-3.244,0,0.115,206.007,0.806
afro,Ginger Me,37i9dQZF1DX0SlHbqMm3vJ,3gpkymWwJkRLqe0hA6qePz,spotify:track:3gpkymWwJkRLqe0hA6qePz,https://p.scdn.co/mp3-preview/703fade3ab00a66ad8c50899061f2f180f3eaebd?cid=63a77ff40e794a12ae216a18befde98c,Pour Me Water,44,Mr Eazi,Pour Me Water,0.145,0.676,168110,0.518,0.000953,8,0.0862,-7.464,0,0.147,133.29,0.713
afro,Ginger Me,37i9dQZF1DX0SlHbqMm3vJ,2Me8dFaaNQOtFdNKgkJucu,spotify:track:2Me8dFaaNQOtFdNKgkJucu,https://p.scdn.co/mp3-preview/93eaee6da868b102c340f730cc194dd035050b38?cid=63a77ff40e794a12ae216a18befde98c,Amaka,49,2Baba,Amaka,0.284,0.861,227707,0.698,1.05e-06,0,0.0715,-3.144,0,0.135,104.031,0.849
afro,Ginger Me,37i9dQZF1DX0SlHbqMm3vJ,16BP041zavpqw3aHCpC4Et,spotify:track:16BP041zavpqw3aHCpC4Et,https://p.scdn.co/mp3-preview/41be280f0175074063e0a0fc01eba92cbe0384a4?cid=63a77ff40e794a12ae216a18befde98c,Kwasia (feat. Eugy),43,"Nonso Amadi,Eugy",Kwasia,0.258,0.519,203478,0.475,0.00633,10,0.098,-9.034,0,0.0882,91.948,0.512
afro,Ginger Me,37i9dQZF1DX0SlHbqMm3vJ,4xJ8hg1QCIkV0y58LFX8aI,spotify:track:4xJ8hg1QCIkV0y58LFX8aI,https://p.scdn.co/mp3-preview/c5bf0c1a076794431c73fd6d7457bde6115ca6c4?cid=63a77ff40e794a12ae216a18befde98c,One Step Closer,33,"LADIPOE,Funbi",T.A.P (Talk About Poe),0.538,0.773,221739,0.471,1.27e-05,1,0.0837,-9.518,1,0.242,94.017,0.356
afro,Ginger Me,37i9dQZF1DX0SlHbqMm3vJ,6mbYge62CUBPQkMzhLWcfN,spotify:track:6mbYge62CUBPQkMzhLWcfN,https://p.scdn.co/mp3-preview/9684425f11f5c74c6a2e0d2d0bfb948e7642d88c?cid=63a77ff40e794a12ae216a18befde98c,Comfort You,51,"Willie X.O,Popcaan,Tory Lanez",Comfort You,0.0495,0.726,260000,0.63,2.19e-06,9,0.0984,-7.237,1,0.126,96.122,0.658
afro,Ginger Me,37i9dQZF1DX0SlHbqMm3vJ,7hD4Wp0REsrhhGaPDXJHFp,spotify:track:7hD4Wp0REsrhhGaPDXJHFp,https://p.scdn.co/mp3-preview/f9df00297a24c734630cf79ebc192b86e6e534a8?cid=63a77ff40e794a12ae216a18befde98c,Love On Weekends,35,"Show Dem Camp,Tomi Agape,LADIPOE",Palmwine Music 2,0.823,0.807,197353,0.496,0.479,9,0.104,-9.031,0,0.157,103.213,0.672
afro,Ginger Me,37i9dQZF1DX0SlHbqMm3vJ,6MOOWRjaj2K6wYmqbhnUFW,spotify:track:6MOOWRjaj2K6wYmqbhnUFW,https://p.scdn.co/mp3-preview/df30859d7d8d081f8483c12911fe13fd6cdfca67?cid=63a77ff40e794a12ae216a18befde98c,Kolesi,34,"D'Tunes,Teni",Kolesi,0.124,0.707,226011,0.863,0.000343,7,0.276,-2.128,1,0.0557,105.107,0.873
afro,Ginger Me,37i9dQZF1DX0SlHbqMm3vJ,0vjNDU8P7B4jbOoXKLTzwg,spotify:track:0vjNDU8P7B4jbOoXKLTzwg,https://p.scdn.co/mp3-preview/9f6ddfccf5cee3db6e59a055fbf08ef77d8c4c2c?cid=63a77ff40e794a12ae216a18befde98c,Touch the Floor (feat. Masego),36,"VanJess,Masego",Touch the Floor (feat. Masego),0.139,0.841,257463,0.531,1.44e-05,11,0.0424,-12.905,0,0.293,104.964,0.625
afro,Ginger Me,37i9dQZF1DX0SlHbqMm3vJ,2f9LSU0aBW04w6KL26DW8r,spotify:track:2f9LSU0aBW04w6KL26DW8r,https://p.scdn.co/mp3-preview/ca795c3a1cf30f6e1bc66ba908cf4fc457357fbb?cid=63a77ff40e794a12ae216a18befde98c,Come Closer,54,"WizKid,Drake",Come Closer,0.138,0.835,211274,0.457,1.96e-06,4,0.109,-7.455,0,0.204,99.99,0.544
afro,Ginger Me,37i9dQZF1DX0SlHbqMm3vJ,3dYxuhgPoFTyCGyvAam2uu,spotify:track:3dYxuhgPoFTyCGyvAam2uu,https://p.scdn.co/mp3-preview/40171e7041fc6087c74db169ee9b13e90630dcff?cid=63a77ff40e794a12ae216a18befde98c,Juice Box,31,"Mystro,Nonso Amadi",Juice Box,0.612,0.594,180062,0.424,0.0,7,0.081,-8.034,1,0.0868,126.559,0.453
afro,Ginger Me,37i9dQZF1DX0SlHbqMm3vJ,1rIjgbNOwQTp5EYAzaRFmw,spotify:track:1rIjgbNOwQTp5EYAzaRFmw,https://p.scdn.co/mp3-preview/fb277a13c95ba34f8845cbbbfbdc6e260609a68c?cid=63a77ff40e794a12ae216a18befde98c,Awa Love,32,Johnny Drille,Awa Love,0.417,0.655,263521,0.635,0.0,11,0.344,-8.862,1,0.0334,108.017,0.75
afro,Ginger Me,37i9dQZF1DX0SlHbqMm3vJ,5m9NR9QpVFvMG6vAniG6TT,spotify:track:5m9NR9QpVFvMG6vAniG6TT,https://p.scdn.co/mp3-preview/5d18a592c852a98b79a04bf6646a0b1ade088d2b?cid=63a77ff40e794a12ae216a18befde98c,Original Baby - Remix,33,"Simi,2Baba",Simisola (Deluxe),0.446,0.512,226000,0.69,0.0,0,0.192,-6.531,1,0.332,171.267,0.896
afro,Ginger Me,37i9dQZF1DX0SlHbqMm3vJ,2zLrkxkCtPXoNzl8213Pky,spotify:track:2zLrkxkCtPXoNzl8213Pky,https://p.scdn.co/mp3-preview/cb503dd3cf71c2c66e4be62735a7f4156e883f1c?cid=63a77ff40e794a12ae216a18befde98c,Someone Like You,33,Flavour,Someone Like You,0.92,0.735,224705,0.287,1.49e-06,2,0.254,-12.422,1,0.039,104.05,0.557
afro,Ginger Me,37i9dQZF1DX0SlHbqMm3vJ,5kipefMpI4BJrfOszAxdrO,spotify:track:5kipefMpI4BJrfOszAxdrO,https://p.scdn.co/mp3-preview/cf628da654f93f8cf13e5aae001cb84c24129b7b?cid=63a77ff40e794a12ae216a18befde98c,Toh Bad,31,Niyola,Toh Bad,0.309,0.614,237611,0.876,0.000522,5,0.083,-2.557,0,0.0474,102.001,0.752
afro,Ginger Me,37i9dQZF1DX0SlHbqMm3vJ,0DJuhvcgV1jaxg1Zd0xyQq,spotify:track:0DJuhvcgV1jaxg1Zd0xyQq,https://p.scdn.co/mp3-preview/5647461cf1203514492574f769c933fa84d964a7?cid=63a77ff40e794a12ae216a18befde98c,Tonight (feat. Wizkid),43,"R2Bees,WizKid",Tonight (feat. Wizkid),0.18,0.687,211827,0.894,1.58e-05,10,0.263,-4.108,0,0.128,101.969,0.833
afro,Ginger Me,37i9dQZF1DX0SlHbqMm3vJ,3FdZ5GwBSpmXxRFtggwlY6,spotify:track:3FdZ5GwBSpmXxRFtggwlY6,https://p.scdn.co/mp3-preview/73595cfba20c005c30c7de77bfed86af86425cd7?cid=63a77ff40e794a12ae216a18befde98c,Ireti,33,Moelogo,Ireti,0.164,0.709,251379,0.696,5.33e-06,10,0.28,-6.393,1,0.0412,116.005,0.392
afro,Ginger Me,37i9dQZF1DX0SlHbqMm3vJ,0VnOXysIUXFfqnnixpBXnV,spotify:track:0VnOXysIUXFfqnnixpBXnV,,Let Me Know,2,Maleek Berry,Last Daze Of Summer,0.491,0.73,185143,0.694,4.39e-05,6,0.15,-4.736,1,0.273,104.747,0.648
afro,Ginger Me,37i9dQZF1DX0SlHbqMm3vJ,4LbEUmACVAFj8e0WrMUdlN,spotify:track:4LbEUmACVAFj8e0WrMUdlN,https://p.scdn.co/mp3-preview/83bdad5d6ba4fae042f60404d97019366c7cc538?cid=63a77ff40e794a12ae216a18befde98c,Rock Your Body,56,Burna Boy,Outside,0.107,0.801,221228,0.623,0.00396,0,0.0853,-7.861,1,0.0982,104.985,0.801
afro,Ginger Me,37i9dQZF1DX0SlHbqMm3vJ,4zI3yq6BBpbnKZYv6duHdq,spotify:track:4zI3yq6BBpbnKZYv6duHdq,https://p.scdn.co/mp3-preview/59170516ad06392556da7301d5304b09c115c5a1?cid=63a77ff40e794a12ae216a18befde98c,Duro,52,Tekno,Duro,0.282,0.74,212000,0.84,0.000156,6,0.0955,-3.815,0,0.086,89.818,0.967
afro,Ginger Me,37i9dQZF1DX0SlHbqMm3vJ,5WrrKyhWgHbqelmd2ENpSf,spotify:track:5WrrKyhWgHbqelmd2ENpSf,https://p.scdn.co/mp3-preview/ec341e24a4cb23015217682817da8c43e7a62fba?cid=63a77ff40e794a12ae216a18befde98c,African Queen,33,2Baba,Face 2 Face 10.0,0.35,0.479,260987,0.773,0.0,10,0.392,-6.112,1,0.349,77.346,0.563
afro,Ginger Me,37i9dQZF1DX0SlHbqMm3vJ,7mZEm2h5LUlQ1VVgZ8e6Uv,spotify:track:7mZEm2h5LUlQ1VVgZ8e6Uv,https://p.scdn.co/mp3-preview/c0d7adf3f6352301f4a2769b8d985435acb73c59?cid=63a77ff40e794a12ae216a18befde98c,Go Down,32,Yemi Alade,Mama Afrique EP,0.592,0.867,225667,0.532,1.73e-06,11,0.0946,-5.465,0,0.075,108.08,0.755
afro,Ginger Me,37i9dQZF1DX0SlHbqMm3vJ,4voOsb8qpJ569JaMiGAyrl,spotify:track:4voOsb8qpJ569JaMiGAyrl,https://p.scdn.co/mp3-preview/f3c6a7b39bf915cffaf3e0bc7f4fbbad6c9dfd8a?cid=63a77ff40e794a12ae216a18befde98c,Slow Down (feat. Wiz Kid),44,"R2Bees,WizKid",Refuse to Be Broke: Da Revolution 2,0.116,0.52,261547,0.717,0.0,6,0.249,-3.006,0,0.389,135.55,0.704
afro,Ginger Me,37i9dQZF1DX0SlHbqMm3vJ,1Iir2Q3MGNfWP9l3iBImxP,spotify:track:1Iir2Q3MGNfWP9l3iBImxP,https://p.scdn.co/mp3-preview/3cba91ce17c6ea04d8be1ec3e7d5af15f2361223?cid=63a77ff40e794a12ae216a18befde98c,Fallen In Love,39,Chidinma,Neptune,0.07,0.781,225000,0.884,0.0,5,0.0989,-2.588,1,0.0657,112.024,0.789
afro,Ginger Me,37i9dQZF1DX0SlHbqMm3vJ,1khwQCQqFymX96nrRTnM8e,spotify:track:1khwQCQqFymX96nrRTnM8e,https://p.scdn.co/mp3-preview/23235df29a0cde16819bae88ce7dba69c4a8a684?cid=63a77ff40e794a12ae216a18befde98c,Good Morning,37,Brymo,#TheSonOfaKapenta,0.0368,0.62,259853,0.578,0.0,11,0.32,-9.681,0,0.125,105.082,0.488
afro,Ginger Me,37i9dQZF1DX0SlHbqMm3vJ,7vpMQ2vmU6O2qFG7aNKwiL,spotify:track:7vpMQ2vmU6O2qFG7aNKwiL,https://p.scdn.co/mp3-preview/53320f9504d382c04be2dff5a8344855b8c09044?cid=63a77ff40e794a12ae216a18befde98c,Skin Tight (feat. Efya),57,"Mr Eazi,Efya",Skin Tight (feat. Efya),0.152,0.654,248627,0.439,1.11e-05,9,0.111,-7.114,0,0.263,111.358,0.512
afro,Ginger Me,37i9dQZF1DX0SlHbqMm3vJ,56FUvV0o4FVhiKQPc6crQ7,spotify:track:56FUvV0o4FVhiKQPc6crQ7,https://p.scdn.co/mp3-preview/878adc19e8883ec8e2c13a40519c61a1f06e9657?cid=63a77ff40e794a12ae216a18befde98c,Mad over You,58,Runtown,Mad over You,0.458,0.842,215907,0.543,0.000135,4,0.102,-4.778,0,0.0483,107.048,0.787
afro,Ginger Me,37i9dQZF1DX0SlHbqMm3vJ,6dG4eqxJjso7IybuWbRVTt,spotify:track:6dG4eqxJjso7IybuWbRVTt,https://p.scdn.co/mp3-preview/289a2498c28c1d11470733cd94890c9e87580808?cid=63a77ff40e794a12ae216a18befde98c,Queen (feat. Chronixx),37,"Estelle,Chronixx",Lovers Rock,0.511,0.442,217215,0.627,0.000135,11,0.105,-7.701,0,0.102,91.887,0.518
afro,Ginger Me,37i9dQZF1DX0SlHbqMm3vJ,5KqirvEyJnFT155q4zQJOp,spotify:track:5KqirvEyJnFT155q4zQJOp,https://p.scdn.co/mp3-preview/4e8710a5774ee4fa4af9706dfd3ec0adc92d5384?cid=63a77ff40e794a12ae216a18befde98c,Very Connected (feat. Flavour),39,"Fiokee,Flavour",Very Connected (feat. Flavour),0.182,0.777,213880,0.737,0.285,9,0.156,-3.084,0,0.055,101.085,0.717
afro,Ginger Me,37i9dQZF1DX0SlHbqMm3vJ,0vZB18D4Tp96iJDUk8Htzj,spotify:track:0vZB18D4Tp96iJDUk8Htzj,https://p.scdn.co/mp3-preview/08da3c760f47f6421c9e95aaed13f9dbe5031ab1?cid=63a77ff40e794a12ae216a18befde98c,Sweetest Thing,32,"Ric Hassani,Fiokee",Sweetest Thing,0.211,0.594,151171,0.847,1.3e-06,9,0.366,-3.266,1,0.341,209.919,0.848
