category_id,playlist_name,playlist_id,track_id,track_uri,track_preview_url,track_name,track_popularity,artist_name,album_name,acousticness,danceability,duration_ms,energy,instrumentalness,key,liveness,loudness,mode,speechiness,tempo,valence
afro,This Is Sade,37i9dQZF1DZ06evO2piM6c,6aXGgKVRGXlMqQYCIQqo4s,spotify:track:6aXGgKVRGXlMqQYCIQqo4s,https://p.scdn.co/mp3-preview/b760847da7fedba5e96b0d2c5f6464f03f51ecde?cid=63a77ff40e794a12ae216a18befde98c,By Your Side,66,Sade,Lovers Rock,0.0901,0.653,274600,0.433,0.00394,11,0.0765,-10.487,1,0.0295,146.097,0.582
afro,This Is Sade,37i9dQZF1DZ06evO2piM6c,42vYxMAWsFpBOS7hgAdzqW,spotify:track:42vYxMAWsFpBOS7hgAdzqW,https://p.scdn.co/mp3-preview/acde2fa0566ab7da3fb485ae8a2166f83b043624?cid=63a77ff40e794a12ae216a18befde98c,No Ordinary Love,63,Sade,Love Deluxe,0.468,0.629,440467,0.364,0.0198,11,0.0941,-12.259,0,0.038,166.254,0.699
afro,This Is Sade,37i9dQZF1DZ06evO2piM6c,5EwNOL1CWnM74ptsVvW9OV,spotify:track:5EwNOL1CWnM74ptsVvW9OV,https://p.scdn.co/mp3-preview/ff6beea8f4b2c2f063eddcc490f04316fb3ad54f?cid=63a77ff40e794a12ae216a18befde98c,Your Love Is King - Remastered,62,Sade,The Ultimate Collection,0.482,0.728,221293,0.492,6.24e-05,9,0.0354,-5.054,1,0.0269,134.616,0.616
afro,This Is Sade,37i9dQZF1DZ06evO2piM6c,4KJzJxpqE5aR4zj8LiH652,spotify:track:4KJzJxpqE5aR4zj8LiH652,https://p.scdn.co/mp3-preview/c64c127107d130fb63e465213689bb86db4cda91?cid=63a77ff40e794a12ae216a18befde98c,The Sweetest Taboo,59,Sade,Promise,0.128,0.752,277153,0.824,0.0103,10,0.306,-9.455,0,0.0447,91.563,0.961
afro,This Is Sade,37i9dQZF1DZ06evO2piM6c,3vvTGcClIV5mocdasOIDsb,spotify:track:3vvTGcClIV5mocdasOIDsb,https://p.scdn.co/mp3-preview/77e8f718b365eb03df5c6ee659b468264cbbe810?cid=63a77ff40e794a12ae216a18befde98c,The Big Unknown,56,Sade,The Big Unknown,0.667,0.591,261467,0.135,0.00112,9,0.108,-15.409,0,0.043,139.956,0.0691
afro,This Is Sade,37i9dQZF1DZ06evO2piM6c,0bgsj8kz5zWbQ6njk2Oqoz,spotify:track:0bgsj8kz5zWbQ6njk2Oqoz,https://p.scdn.co/mp3-preview/7cfb8cc801c4f393414df1995a78c86b119eea28?cid=63a77ff40e794a12ae216a18befde98c,Soldier of Love,54,Sade,Soldier of Love,0.0117,0.775,356653,0.572,0.0291,0,0.0847,-8.427,0,0.0632,90.023,0.64
afro,This Is Sade,37i9dQZF1DZ06evO2piM6c,28XDE6yXI6Bp4U3nLSGqzp,spotify:track:28XDE6yXI6Bp4U3nLSGqzp,https://p.scdn.co/mp3-preview/a780cd25a993406e4f2538fbb7ca891392e7f748?cid=63a77ff40e794a12ae216a18befde98c,Smooth Operator - Remastered,61,Sade,The Ultimate Collection,0.0758,0.687,256147,0.684,0.000808,9,0.0441,-5.181,0,0.032,119.193,0.96
afro,This Is Sade,37i9dQZF1DZ06evO2piM6c,5bNxRtWEEUu3myoEYL9687,spotify:track:5bNxRtWEEUu3myoEYL9687,https://p.scdn.co/mp3-preview/0d0bc56f86fb5320432fac218cdfb2bd81a9a559?cid=63a77ff40e794a12ae216a18befde98c,Kiss of Life,53,Sade,The Best Of Sade,0.631,0.724,251333,0.472,0.0374,6,0.0968,-11.298,0,0.0279,97.11,0.779
afro,This Is Sade,37i9dQZF1DZ06evO2piM6c,0QJO0Pb4yfzXIbVcidpy4m,spotify:track:0QJO0Pb4yfzXIbVcidpy4m,https://p.scdn.co/mp3-preview/68ef74487a5e728047d7606aaa6763b2845ce152?cid=63a77ff40e794a12ae216a18befde98c,Love Is Stronger Than Pride,54,Sade,Stronger Than Pride,0.766,0.566,258027,0.335,0.000366,4,0.0824,-12.417,0,0.0293,87.617,0.317
afro,This Is Sade,37i9dQZF1DZ06evO2piM6c,3tzD0EbTZZwUzVmab9RCYT,spotify:track:3tzD0EbTZZwUzVmab9RCYT,https://p.scdn.co/mp3-preview/378c6a9b27eea48133e4f0fc25936cae952e7f2b?cid=63a77ff40e794a12ae216a18befde98c,Lovers Rock,51,Sade,Lovers Rock,0.0232,0.746,253107,0.453,0.000695,2,0.0748,-11.767,1,0.0439,146.011,0.756
afro,This Is Sade,37i9dQZF1DZ06evO2piM6c,3q5YxzWc8Sx10l4nbUomIZ,spotify:track:3q5YxzWc8Sx10l4nbUomIZ,https://p.scdn.co/mp3-preview/2d3b42dba1fd98c6d43f098444d479635274cf77?cid=63a77ff40e794a12ae216a18befde98c,Cherish the Day - Remastered,56,Sade,The Ultimate Collection,0.152,0.73,378627,0.544,0.115,1,0.121,-9.231,1,0.0466,80.029,0.436
afro,This Is Sade,37i9dQZF1DZ06evO2piM6c,3F6dDV4voQ5OTTYpzpIVYt,spotify:track:3F6dDV4voQ5OTTYpzpIVYt,https://p.scdn.co/mp3-preview/4c73c562303d6c086950a3017e5f59d6c9983047?cid=63a77ff40e794a12ae216a18befde98c,"Flower of the Universe (From Disney's ""A Wrinkle in Time"")",52,Sade,"Flower of the Universe (From Disney's ""A Wrinkle in Time"")",0.964,0.623,229413,0.215,0.000183,9,0.116,-14.142,0,0.0343,99.895,0.106
afro,This Is Sade,37i9dQZF1DZ06evO2piM6c,2ZEwMwHaUECDWKkDh8rL0O,spotify:track:2ZEwMwHaUECDWKkDh8rL0O,https://p.scdn.co/mp3-preview/d53d14651fb9153c878343804c9e3ffd6571dea8?cid=63a77ff40e794a12ae216a18befde98c,The Moon and the Sky,50,Sade,Soldier of Love,0.61,0.597,267560,0.556,0.000412,11,0.118,-7.144,0,0.032,73.985,0.513
afro,This Is Sade,37i9dQZF1DZ06evO2piM6c,5ICkfiPmiIJwJnPt2apn3s,spotify:track:5ICkfiPmiIJwJnPt2apn3s,https://p.scdn.co/mp3-preview/517e9cc5390ba56ad275e48af9c3858cd550f2b8?cid=63a77ff40e794a12ae216a18befde98c,Somebody Already Broke My Heart,51,Sade,Lovers Rock,0.0266,0.77,301267,0.286,0.472,5,0.314,-9.584,0,0.0815,168.072,0.57
afro,This Is Sade,37i9dQZF1DZ06evO2piM6c,54rn4mAECVoFxqUtrh3W9Z,spotify:track:54rn4mAECVoFxqUtrh3W9Z,https://p.scdn.co/mp3-preview/ea0cdc78cfe369cbe37bfc0ae2f65cd3570d4ec6?cid=63a77ff40e794a12ae216a18befde98c,Hang On to Your Love - Remastered,53,Sade,The Ultimate Collection,0.112,0.84,269240,0.713,4.29e-06,7,0.0783,-6.593,1,0.0296,107.897,0.965
afro,This Is Sade,37i9dQZF1DZ06evO2piM6c,0IuvnSzxQJm4TcnfaaZcah,spotify:track:0IuvnSzxQJm4TcnfaaZcah,https://p.scdn.co/mp3-preview/3a296c04d79b691bf925ef9f2efdb6d133fa7378?cid=63a77ff40e794a12ae216a18befde98c,I Couldn't Love You More,51,Sade,Love Deluxe,0.79,0.749,228293,0.16,0.227,7,0.122,-18.744,1,0.0307,98.141,0.206
afro,This Is Sade,37i9dQZF1DZ06evO2piM6c,5t1XSW7ouuzXsJOScQyP4U,spotify:track:5t1XSW7ouuzXsJOScQyP4U,https://p.scdn.co/mp3-preview/ba2fa258388971db567463aeaa1877d8fc57487a?cid=63a77ff40e794a12ae216a18befde98c,Why Can't We Live Together,50,Sade,Diamond Life,0.808,0.837,328333,0.322,0.877,10,0.0966,-10.161,1,0.0356,104.499,0.962
afro,This Is Sade,37i9dQZF1DZ06evO2piM6c,6wa2IezvDaifwPvCCokINY,spotify:track:6wa2IezvDaifwPvCCokINY,https://p.scdn.co/mp3-preview/70c2857eaf51d9f4a30e384f5cd4cb883cf84e57?cid=63a77ff40e794a12ae216a18befde98c,King of Sorrow,51,Sade,Lovers Rock,0.384,0.724,292800,0.421,0.0258,8,0.0732,-9.938,1,0.0427,82.495,0.38
afro,This Is Sade,37i9dQZF1DZ06evO2piM6c,6pBDa5KwQ51kbs4WusIPPw,spotify:track:6pBDa5KwQ51kbs4WusIPPw,https://p.scdn.co/mp3-preview/64d1de298213f59e9eef78075f030afd56237ccd?cid=63a77ff40e794a12ae216a18befde98c,Nothing Can Come Between Us - Remastered,52,Sade,The Ultimate Collection,0.406,0.728,232667,0.68,0.34,5,0.0513,-9.488,0,0.0301,103.74,0.914
afro,This Is Sade,37i9dQZF1DZ06evO2piM6c,16cVJxaCIgiLhrI5WC0j1y,spotify:track:16cVJxaCIgiLhrI5WC0j1y,https://p.scdn.co/mp3-preview/61fd5595d3b629c39e54ce372f0fee03272d4ecd?cid=63a77ff40e794a12ae216a18befde98c,Bullet Proof Soul,49,Sade,Love Deluxe,0.269,0.624,324667,0.22,0.0501,7,0.126,-16.506,1,0.0367,158.253,0.545
afro,This Is Sade,37i9dQZF1DZ06evO2piM6c,6tl0rKudQ0U0zJy8EqX891,spotify:track:6tl0rKudQ0U0zJy8EqX891,https://p.scdn.co/mp3-preview/b753b378b75ab3d6320ad79bc182ab47384e2e81?cid=63a77ff40e794a12ae216a18befde98c,Paradise,50,Sade,The Best Of Sade,0.309,0.739,217467,0.791,0.397,1,0.0679,-7.873,1,0.0377,99.82,0.968
afro,This Is Sade,37i9dQZF1DZ06evO2piM6c,3NSLo1uzXcUzbU6nmCL6PF,spotify:track:3NSLo1uzXcUzbU6nmCL6PF,https://p.scdn.co/mp3-preview/8b8d3f60fb1f5921cbcda33b2ae92bbfa0d09a35?cid=63a77ff40e794a12ae216a18befde98c,Flow,49,Sade,Lovers Rock,0.0887,0.788,274467,0.358,0.343,7,0.0928,-11.297,1,0.0963,83.956,0.543
afro,This Is Sade,37i9dQZF1DZ06evO2piM6c,3AJ8EYzoSF20o1WVkvWjz4,spotify:track:3AJ8EYzoSF20o1WVkvWjz4,https://p.scdn.co/mp3-preview/b20db23ccd12b8897e2603c024d726e08a650f47?cid=63a77ff40e794a12ae216a18befde98c,When Am I Going to Make a Living,48,Sade,Diamond Life,0.471,0.693,205973,0.652,0.0,9,0.0922,-6.524,1,0.0288,94.322,0.83
afro,This Is Sade,37i9dQZF1DZ06evO2piM6c,3MacKrBQf7wsyU2GiIxWVw,spotify:track:3MacKrBQf7wsyU2GiIxWVw,https://p.scdn.co/mp3-preview/e54b69d6c3afa53c3de7f2d8059f66d926d87811?cid=63a77ff40e794a12ae216a18befde98c,Pearls,49,Sade,Love Deluxe,0.847,0.118,273227,0.131,0.00214,7,0.107,-16.277,0,0.0291,86.277,0.0397
afro,This Is Sade,37i9dQZF1DZ06evO2piM6c,1DKYtHoBNbqjMLqvpw7o73,spotify:track:1DKYtHoBNbqjMLqvpw7o73,https://p.scdn.co/mp3-preview/1db5a4b6cf6fd7961be9534a1a07a3dcc90600ed?cid=63a77ff40e794a12ae216a18befde98c,In Another Time,49,Sade,Soldier of Love,0.571,0.621,304413,0.38,0.0227,5,0.108,-9.318,1,0.0292,147.696,0.223
afro,This Is Sade,37i9dQZF1DZ06evO2piM6c,5hJ4a9b026ar6tkYzFL6j3,spotify:track:5hJ4a9b026ar6tkYzFL6j3,https://p.scdn.co/mp3-preview/a503a122fc33e7906a98637ec5a43fe86fbbb379?cid=63a77ff40e794a12ae216a18befde98c,The Sweetest Gift,48,Sade,Lovers Rock,0.911,0.686,138827,0.0904,0.000633,0,0.105,-18.349,1,0.04,120.627,0.283
afro,This Is Sade,37i9dQZF1DZ06evO2piM6c,444TKITlaXeCY106yvBTb1,spotify:track:444TKITlaXeCY106yvBTb1,https://p.scdn.co/mp3-preview/567fe60d7b39dfd4d02974c7343f86b33b8777b0?cid=63a77ff40e794a12ae216a18befde98c,Cherry Pie,48,Sade,Diamond Life,0.38,0.693,378733,0.758,0.0084,5,0.13,-9.757,1,0.0369,97.349,0.791
afro,This Is Sade,37i9dQZF1DZ06evO2piM6c,54I2P2uuNW3WUhBT5pzpmg,spotify:track:54I2P2uuNW3WUhBT5pzpmg,https://p.scdn.co/mp3-preview/a27055f3f143ca0d34bb9602df684475fe899284?cid=63a77ff40e794a12ae216a18befde98c,Feel No Pain,49,Sade,Love Deluxe,0.0852,0.708,309200,0.427,0.0726,8,0.114,-9.443,1,0.0543,164.238,0.498
afro,This Is Sade,37i9dQZF1DZ06evO2piM6c,10kh9WpO4XlJWhJKfW4I7t,spotify:track:10kh9WpO4XlJWhJKfW4I7t,https://p.scdn.co/mp3-preview/96a109aeaf7c66cabdb76f4ece15fad232c341df?cid=63a77ff40e794a12ae216a18befde98c,Babyfather,48,Sade,Soldier of Love,0.0387,0.76,278640,0.595,4.89e-05,11,0.0835,-9.481,0,0.0354,137.993,0.745
afro,This Is Sade,37i9dQZF1DZ06evO2piM6c,6rdsexh3eZI7NJ6Ox2DWR5,spotify:track:6rdsexh3eZI7NJ6Ox2DWR5,https://p.scdn.co/mp3-preview/d2563752bc37c06b39ab634c435204f571f8b8e7?cid=63a77ff40e794a12ae216a18befde98c,Is It a Crime,49,Sade,The Best Of Sade,0.223,0.451,381560,0.376,0.00506,5,0.184,-10.398,0,0.0329,122.34,0.542
afro,This Is Sade,37i9dQZF1DZ06evO2piM6c,2rMcBeVjRZgGi2auvHSepf,spotify:track:2rMcBeVjRZgGi2auvHSepf,https://p.scdn.co/mp3-preview/a22dbb590af02d67e633bb22142e86a56130cf70?cid=63a77ff40e794a12ae216a18befde98c,I Never Thought I'd See the Day,48,Sade,Stronger Than Pride,0.864,0.267,253200,0.106,0.00127,8,0.0716,-16.531,0,0.0372,114.894,0.0543
afro,This Is Sade,37i9dQZF1DZ06evO2piM6c,5u96Mfn0iLEW2Ch6zVSJNV,spotify:track:5u96Mfn0iLEW2Ch6zVSJNV,https://p.scdn.co/mp3-preview/d242e82a1e1f6643f24b17f94d3d28af5b8a48b0?cid=63a77ff40e794a12ae216a18befde98c,Like a Tattoo,48,Sade,Love Deluxe,0.922,0.557,218000,0.16,0.000756,5,0.0996,-16.302,0,0.0315,136.014,0.133
afro,This Is Sade,37i9dQZF1DZ06evO2piM6c,4vDEmPJnjXdLKHavvcS1nt,spotify:track:4vDEmPJnjXdLKHavvcS1nt,https://p.scdn.co/mp3-preview/73c20f71e23c47309aa2d1bb9f7fe3098eb7e5e2?cid=63a77ff40e794a12ae216a18befde98c,Frankie's First Affair,47,Sade,Diamond Life,0.402,0.753,278307,0.517,1.31e-05,0,0.129,-7.093,1,0.0231,104.542,0.631
afro,This Is Sade,37i9dQZF1DZ06evO2piM6c,0V7dub77HhBIvjR7MaO56y,spotify:track:0V7dub77HhBIvjR7MaO56y,https://p.scdn.co/mp3-preview/489dcb51b9e8987090af009cf69b1efaa1428051?cid=63a77ff40e794a12ae216a18befde98c,Skin,47,Sade,Soldier of Love,0.0279,0.803,252307,0.384,0.379,5,0.112,-12.451,0,0.0493,144.051,0.675
afro,This Is Sade,37i9dQZF1DZ06evO2piM6c,42IfNkZCyWKZQ2zjdMx7hX,spotify:track:42IfNkZCyWKZQ2zjdMx7hX,https://p.scdn.co/mp3-preview/9cbcdaabf15ce2107f106171159f36b5ae5a6410?cid=63a77ff40e794a12ae216a18befde98c,Keep Looking,48,Sade,Stronger Than Pride,0.18,0.729,321600,0.836,0.0253,2,0.0701,-8.494,1,0.031,93.607,0.944
afro,This Is Sade,37i9dQZF1DZ06evO2piM6c,7kxlLpApseasHTXpxIu9l9,spotify:track:7kxlLpApseasHTXpxIu9l9,https://p.scdn.co/mp3-preview/76eb76e65eaa4f065d7d857952fa33f1673a5bab?cid=63a77ff40e794a12ae216a18befde98c,Jezebel,46,Sade,The Best Of Sade,0.804,0.579,329107,0.225,6.65e-05,2,0.124,-12.419,0,0.029,92.431,0.202
afro,This Is Sade,37i9dQZF1DZ06evO2piM6c,7FAKnnZKZNY53jZliV5IiF,spotify:track:7FAKnnZKZNY53jZliV5IiF,https://p.scdn.co/mp3-preview/18e79ea2088872cc836a6d2f3d5903e44812c100?cid=63a77ff40e794a12ae216a18befde98c,Tar Baby,46,Sade,Promise,0.381,0.635,237912,0.659,0.0,1,0.278,-7.991,0,0.0264,97.138,0.385
afro,This Is Sade,37i9dQZF1DZ06evO2piM6c,2MYrRBXN6kfZLQaTzlFrXD,spotify:track:2MYrRBXN6kfZLQaTzlFrXD,https://p.scdn.co/mp3-preview/15a6ea46899642df228d4a1099bd2020af87aa44?cid=63a77ff40e794a12ae216a18befde98c,Morning Bird,47,Sade,Soldier of Love,0.678,0.359,234267,0.126,0.000483,7,0.143,-17.325,0,0.0405,175.466,0.0636
afro,This Is Sade,37i9dQZF1DZ06evO2piM6c,647Fewb7o3mtM9qUTT9l2r,spotify:track:647Fewb7o3mtM9qUTT9l2r,https://p.scdn.co/mp3-preview/57713b9d48fb350746ddf6804028df5870bc6343?cid=63a77ff40e794a12ae216a18befde98c,Haunt Me,47,Sade,Stronger Than Pride,0.965,0.631,350293,0.214,0.11,9,0.0934,-14.364,0,0.0288,105.208,0.128
afro,This Is Sade,37i9dQZF1DZ06evO2piM6c,0DTYhzGswUd7RIlfg0W1Uy,spotify:track:0DTYhzGswUd7RIlfg0W1Uy,https://p.scdn.co/mp3-preview/c36801a76731a23aa541a3d7e0e63966c3e8c3cd?cid=63a77ff40e794a12ae216a18befde98c,Never as Good as the First Time,47,Sade,The Best Of Sade,0.245,0.69,237560,0.819,0.0049,6,0.0565,-7.63,0,0.0351,107.762,0.841
afro,This Is Sade,37i9dQZF1DZ06evO2piM6c,1duUL0rWiiSlRs7qpnkQcE,spotify:track:1duUL0rWiiSlRs7qpnkQcE,https://p.scdn.co/mp3-preview/9ecbaf5491e7ebaf50420b0b49bd68bf06eaf4b6?cid=63a77ff40e794a12ae216a18befde98c,War of the Hearts,46,Sade,Promise,0.461,0.512,407867,0.455,0.436,2,0.124,-8.595,1,0.03,181.112,0.582
afro,This Is Sade,37i9dQZF1DZ06evO2piM6c,49ekj2da8FEzjVCsZ7s4HT,spotify:track:49ekj2da8FEzjVCsZ7s4HT,https://p.scdn.co/mp3-preview/89c57a1c8f37a9eeb43eb0fb19c3b074463b2a69?cid=63a77ff40e794a12ae216a18befde98c,I Will Be Your Friend,46,Sade,Diamond Life,0.605,0.774,283427,0.598,0.0268,6,0.066,-9.846,0,0.0323,118.429,0.868
afro,This Is Sade,37i9dQZF1DZ06evO2piM6c,2EHAawWK2CroKV4XbKKThT,spotify:track:2EHAawWK2CroKV4XbKKThT,https://p.scdn.co/mp3-preview/f5b642532f1dd017dd044b2f29b5b46ba3816210?cid=63a77ff40e794a12ae216a18befde98c,Clean Heart,47,Sade,Stronger Than Pride,0.341,0.715,241667,0.401,0.00207,6,0.0697,-11.051,1,0.0242,97.292,0.511
afro,This Is Sade,37i9dQZF1DZ06evO2piM6c,5sSrhbjKD0u1uqyU0gMW0R,spotify:track:5sSrhbjKD0u1uqyU0gMW0R,https://p.scdn.co/mp3-preview/234e7f9c38263f457450e019e24269519466dc10?cid=63a77ff40e794a12ae216a18befde98c,Paradise / Nothing Can Come Between Us - Live 2011,45,Sade,Bring Me Home - Live 2011,0.117,0.603,382000,0.962,0.0345,10,0.945,-7.22,0,0.0982,96.997,0.515
afro,This Is Sade,37i9dQZF1DZ06evO2piM6c,3JKALZO0wYICjKgq8AoYq7,spotify:track:3JKALZO0wYICjKgq8AoYq7,https://p.scdn.co/mp3-preview/60acb1e827fc118e055725fbf4552cdee70d4914?cid=63a77ff40e794a12ae216a18befde98c,You're Not the Man,45,Sade,Promise,0.423,0.561,310000,0.36,9.35e-05,9,0.0526,-11.366,1,0.0422,78.841,0.177
afro,This Is Sade,37i9dQZF1DZ06evO2piM6c,4OHx7uQjZKIFVMXGr1S05c,spotify:track:4OHx7uQjZKIFVMXGr1S05c,https://p.scdn.co/mp3-preview/cf7a8bad46c36a4f6379e438410743f80f3a4891?cid=63a77ff40e794a12ae216a18befde98c,Turn My Back On You,47,Sade,Stronger Than Pride,0.153,0.9,366693,0.383,0.414,5,0.0963,-11.546,1,0.0795,99.325,0.901
