category_id,playlist_name,playlist_id,track_id,track_uri,track_preview_url,track_name,track_popularity,artist_name,album_name,acousticness,danceability,duration_ms,energy,instrumentalness,key,liveness,loudness,mode,speechiness,tempo,valence
blues,Feeling Blue,37i9dQZF1DX7Y7BqFok9IQ,56cQKq9cveZtNl2c284ttH,spotify:track:56cQKq9cveZtNl2c284ttH,,Five Long Years - Remastered,45,Freddie King,The Best Of Freddie King: The Shelter Years,0.448,0.546,259293,0.424,0.00204,2,0.0868,-9.275,1,0.0409,147.8,0.425
blues,Feeling Blue,37i9dQZF1DX7Y7BqFok9IQ,4Uwno0Vk8Onh37MXJ0PbNu,spotify:track:4Uwno0Vk8Onh37MXJ0PbNu,,Nobody Knows You When You're Down And Out - Remixed Version,32,Derek & The Dominos,The Layla Sessions,0.877,0.498,300791,0.342,0.0784,0,0.407,-13.847,1,0.0287,82.195,0.417
blues,Feeling Blue,37i9dQZF1DX7Y7BqFok9IQ,15arjwNdYNSiwWHRDBJ6zQ,spotify:track:15arjwNdYNSiwWHRDBJ6zQ,,The Thrill Is Gone,5,"B.B. King,Tracy Chapman",Deuces Wild,0.0673,0.695,300427,0.493,0.00335,9,0.105,-9.539,0,0.0308,86.862,0.26
blues,Feeling Blue,37i9dQZF1DX7Y7BqFok9IQ,0tYJ6uY0ETQOtOM8KySMSp,spotify:track:0tYJ6uY0ETQOtOM8KySMSp,https://p.scdn.co/mp3-preview/6a16026ae1cd29868ca32c64ac7563aeaee14560?cid=63a77ff40e794a12ae216a18befde98c,Mean Mistreater,47,Johnny Winter,Johnny Winter,0.736,0.554,232453,0.49,0.00728,9,0.327,-8.725,1,0.0267,67.591,0.578
blues,Feeling Blue,37i9dQZF1DX7Y7BqFok9IQ,30sJmjuLalNSzlRIml1PlJ,spotify:track:30sJmjuLalNSzlRIml1PlJ,https://p.scdn.co/mp3-preview/cd8a2b9fcc848e006eabbb40a52e891cbfc337a5?cid=63a77ff40e794a12ae216a18befde98c,Sure Got Cold After the Rain Fell,45,ZZ Top,Rio Grande Mud,0.304,0.396,440947,0.424,0.175,2,0.103,-10.812,1,0.0298,129.597,0.216
blues,Feeling Blue,37i9dQZF1DX7Y7BqFok9IQ,0oQtjAjUeksVd9gHE5fl02,spotify:track:0oQtjAjUeksVd9gHE5fl02,https://p.scdn.co/mp3-preview/23b3e06a63511468d658d0baba6482edcc50b3d8?cid=63a77ff40e794a12ae216a18befde98c,Drown in My Own Tears,49,Ray Charles,"Ray Charles (aka: Hallelujah, I Love Her So)",0.861,0.535,201866,0.177,1.97e-06,1,0.11,-11.311,1,0.0384,134.764,0.404
blues,Feeling Blue,37i9dQZF1DX7Y7BqFok9IQ,05JGVUwt7XJk5FPqH0Wsch,spotify:track:05JGVUwt7XJk5FPqH0Wsch,,Walking Away,37,Jonny Lang,Wander This World,0.0884,0.562,254827,0.638,6.42e-06,0,0.149,-5.12,1,0.0328,115.674,0.585
blues,Feeling Blue,37i9dQZF1DX7Y7BqFok9IQ,6c2AVy8Szc2nRJe2SfvZ2M,spotify:track:6c2AVy8Szc2nRJe2SfvZ2M,https://p.scdn.co/mp3-preview/986bbec291ce7861a402636b422289923faab805?cid=63a77ff40e794a12ae216a18befde98c,Love That Burns,32,Fleetwood Mac,Mr Wonderful,0.147,0.522,304160,0.223,6.1e-06,2,0.219,-12.703,0,0.0354,138.782,0.292
blues,Feeling Blue,37i9dQZF1DX7Y7BqFok9IQ,5F1PDuoQ9ajtBnKAPVOqT4,spotify:track:5F1PDuoQ9ajtBnKAPVOqT4,,The Sky Is Crying,41,Albert King,Stax Profiles: Albert King,0.242,0.436,251573,0.547,0.0974,6,0.288,-12.301,1,0.0698,181.415,0.755
blues,Feeling Blue,37i9dQZF1DX7Y7BqFok9IQ,09ZLCAXgUrQb6cDb3MiYn0,spotify:track:09ZLCAXgUrQb6cDb3MiYn0,,Long Distance Call,3,Muddy Waters,The Definitive Collection,0.865,0.492,158933,0.286,0.000347,5,0.132,-10.823,1,0.0432,185.727,0.534
blues,Feeling Blue,37i9dQZF1DX7Y7BqFok9IQ,7keRsHHqmuFRv8agWvaYxE,spotify:track:7keRsHHqmuFRv8agWvaYxE,,I'd Rather Go Blind,37,Etta James,Tell Mama The Complete Muscle Shoals Sessions,0.661,0.539,156667,0.398,0.000519,9,0.191,-6.513,1,0.0253,81.579,0.588
blues,Feeling Blue,37i9dQZF1DX7Y7BqFok9IQ,3QwDN08fGnGfRrsn5wLTej,spotify:track:3QwDN08fGnGfRrsn5wLTej,https://p.scdn.co/mp3-preview/bac0ac0cf49adfe1266a5dbfff6b27b03685d52a?cid=63a77ff40e794a12ae216a18befde98c,Cold Shot,51,Stevie Ray Vaughan,Couldn't Stand The Weather (Legacy Edition),0.344,0.427,240987,0.553,0.000956,6,0.227,-11.434,0,0.0405,109.629,0.674
blues,Feeling Blue,37i9dQZF1DX7Y7BqFok9IQ,51R3YhOIXXaCPcvdB9k21j,spotify:track:51R3YhOIXXaCPcvdB9k21j,https://p.scdn.co/mp3-preview/67d7c710a570a8ba3acd13342b8193ab061dd128?cid=63a77ff40e794a12ae216a18befde98c,Blues Get Off My Shoulder,43,Robert Cray,Nothin But Love,0.0874,0.523,194440,0.717,0.001,5,0.0866,-3.84,1,0.0353,114.021,0.313
blues,Feeling Blue,37i9dQZF1DX7Y7BqFok9IQ,0hORgg6aV6GgDn5VQfZpcl,spotify:track:0hORgg6aV6GgDn5VQfZpcl,,Stone Crazy,29,Buddy Guy,20th Century Masters: The Millennium Collection: Best of Buddy Guy,0.847,0.453,433307,0.675,0.00243,2,0.211,-4.947,1,0.141,172.737,0.54
blues,Feeling Blue,37i9dQZF1DX7Y7BqFok9IQ,71zy5nvPveBvRVhR5IduJW,spotify:track:71zy5nvPveBvRVhR5IduJW,,Somebody Loan Me A Dime,42,Fenton Robinson,Somebody Loan Me A Dime,0.468,0.668,179693,0.583,3.62e-05,3,0.337,-8.889,1,0.0768,118.655,0.818
blues,Feeling Blue,37i9dQZF1DX7Y7BqFok9IQ,2P5h4lcZ3BdbVkCbjWSNrq,spotify:track:2P5h4lcZ3BdbVkCbjWSNrq,https://p.scdn.co/mp3-preview/e18c1f97080b37dc1aadcdd983584bfd08c6d855?cid=63a77ff40e794a12ae216a18befde98c,How Blue Can You Get,41,The Jeff Healey Band,Mess Of Blues,0.488,0.405,535067,0.408,0.00584,5,0.737,-12.963,1,0.0788,97.509,0.607
blues,Feeling Blue,37i9dQZF1DX7Y7BqFok9IQ,4vvBxMwo7U5oIYP10Apgwx,spotify:track:4vvBxMwo7U5oIYP10Apgwx,,Born Under A Bad Sign,3,Albert King,The Very Best Of Albert King,0.513,0.698,166307,0.662,0.000229,11,0.0362,-5.97,1,0.0272,91.39,0.905
blues,Feeling Blue,37i9dQZF1DX7Y7BqFok9IQ,6OX2RKQdMDiv6D4a6QRYlX,spotify:track:6OX2RKQdMDiv6D4a6QRYlX,,,0,,,0.817,0.721,147680,0.3,0.000413,1,0.0921,-9.181,1,0.0758,67.548,0.526
blues,Feeling Blue,37i9dQZF1DX7Y7BqFok9IQ,2Yt8XDP6HIWvlwC0n4pAkl,spotify:track:2Yt8XDP6HIWvlwC0n4pAkl,,Devil Got My Woman,3,Gregg Allman,Low Country Blues,0.699,0.524,292600,0.364,0.0723,9,0.164,-10.793,1,0.027,77.785,0.101
blues,Feeling Blue,37i9dQZF1DX7Y7BqFok9IQ,1XZ2xceHCOm3qYuYyIELuo,spotify:track:1XZ2xceHCOm3qYuYyIELuo,https://p.scdn.co/mp3-preview/79209adc51ae0354d9aee5f7dc3db70834208797?cid=63a77ff40e794a12ae216a18befde98c,Love in Vain,39,Eric Clapton,Me and Mr. Johnson,0.736,0.656,241907,0.605,0.0235,4,0.217,-7.899,0,0.0266,77.621,0.682
