category_id,playlist_name,playlist_id,track_id,track_uri,track_preview_url,track_name,track_popularity,artist_name,album_name,acousticness,danceability,duration_ms,energy,instrumentalness,key,liveness,loudness,mode,speechiness,tempo,valence
dinner,Piano Dinner,37i9dQZF1DWZVU32KsYGUK,3Z0n8POAcDQCSyxA06cqbW,spotify:track:3Z0n8POAcDQCSyxA06cqbW,https://p.scdn.co/mp3-preview/dd9cf867d8ff2f8239d837ee026a51a67aa18ccf?cid=63a77ff40e794a12ae216a18befde98c,Tone of Love,64,Charles Bolt,Tone of Love,0.995,0.472,198953,0.0527,0.969,7,0.115,-21.17,1,0.0623,87.71,0.227
dinner,Piano Dinner,37i9dQZF1DWZVU32KsYGUK,4UYin1lrCwg96nRWRUfr5V,spotify:track:4UYin1lrCwg96nRWRUfr5V,https://p.scdn.co/mp3-preview/a9c15a7884932dc8228346e2b2cd0578097ad3fe?cid=63a77ff40e794a12ae216a18befde98c,Tampa,64,Heinz Goldblatt,Tampa,0.992,0.222,153928,0.0904,0.95,4,0.103,-22.763,1,0.0589,204.826,0.419
dinner,Piano Dinner,37i9dQZF1DWZVU32KsYGUK,4KYnY8kcM4vNdAeUWcLs8u,spotify:track:4KYnY8kcM4vNdAeUWcLs8u,https://p.scdn.co/mp3-preview/9ec716e91556309cc959cbd08da0a60bec9e767b?cid=63a77ff40e794a12ae216a18befde98c,Sarabande,54,Sufi Sheman,Sarabande,0.993,0.558,126545,0.0576,0.947,1,0.106,-21.296,0,0.0396,72.189,0.222
dinner,Piano Dinner,37i9dQZF1DWZVU32KsYGUK,4H157dvrPw2S3W8tMiOQVr,spotify:track:4H157dvrPw2S3W8tMiOQVr,https://p.scdn.co/mp3-preview/12df62d08b756b5fb39fc7f9fc87d48487c10765?cid=63a77ff40e794a12ae216a18befde98c,Princess Elvira,62,Ana Olgica,Princess Elvira,0.995,0.45,132363,0.0164,0.947,10,0.112,-30.167,1,0.0456,66.682,0.265
dinner,Piano Dinner,37i9dQZF1DWZVU32KsYGUK,4FoGnUdmnEsTxrsvRofMZr,spotify:track:4FoGnUdmnEsTxrsvRofMZr,https://p.scdn.co/mp3-preview/13f7e0eb1a00cf01dea29dab9f77cf946f7b5faa?cid=63a77ff40e794a12ae216a18befde98c,Old Habit,60,Jutila,Old Habit,0.993,0.326,123750,0.0561,0.857,6,0.0866,-27.59,1,0.0425,86.913,0.454
dinner,Piano Dinner,37i9dQZF1DWZVU32KsYGUK,2BCqoaveLAckZysaXtFObx,spotify:track:2BCqoaveLAckZysaXtFObx,https://p.scdn.co/mp3-preview/578858591910f49d2f44f936dee60ac927d1407c?cid=63a77ff40e794a12ae216a18befde98c,Reflections,48,Dilia,Reflections,0.995,0.52,168917,0.0164,0.932,0,0.103,-28.774,1,0.0395,174.208,0.299
dinner,Piano Dinner,37i9dQZF1DWZVU32KsYGUK,5z7sxlo3kf8eg8s3Zkb8dQ,spotify:track:5z7sxlo3kf8eg8s3Zkb8dQ,https://p.scdn.co/mp3-preview/01e608825215528d419d5ad8d624db459cdd0d8c?cid=63a77ff40e794a12ae216a18befde98c,어스름,56,Woong Sun Hee,어스름,0.987,0.157,98419,0.0437,0.881,2,0.11,-28.792,1,0.0404,166.783,0.603
dinner,Piano Dinner,37i9dQZF1DWZVU32KsYGUK,5smg7I3dlFezDBYjLY2f0S,spotify:track:5smg7I3dlFezDBYjLY2f0S,https://p.scdn.co/mp3-preview/eecd0c20948b290eb8a33e4857a1c9fb08987d65?cid=63a77ff40e794a12ae216a18befde98c,Mrs. Smith,64,Rebour,Piano & Chill,0.983,0.401,107464,0.0268,0.879,0,0.121,-23.912,1,0.0449,121.47,0.0725
dinner,Piano Dinner,37i9dQZF1DWZVU32KsYGUK,6388HGab7WTMCCJYYtHQ2z,spotify:track:6388HGab7WTMCCJYYtHQ2z,https://p.scdn.co/mp3-preview/819750903524887ef5e89a063259fe552ce5aae9?cid=63a77ff40e794a12ae216a18befde98c,Moments,59,Alexis Ffrench,Evolution,0.993,0.453,213645,0.0452,0.936,8,0.0975,-27.344,1,0.0446,132.226,0.093
dinner,Piano Dinner,37i9dQZF1DWZVU32KsYGUK,0lFk8GCAu5gbxNCxPGuoOU,spotify:track:0lFk8GCAu5gbxNCxPGuoOU,https://p.scdn.co/mp3-preview/703bd1c5a8bd72638d44daabcc6fbad27c3016e3?cid=63a77ff40e794a12ae216a18befde98c,feather,60,Matti Aalto,at piece,0.993,0.326,170500,0.00947,0.891,5,0.11,-27.684,1,0.0404,116.655,0.236
dinner,Piano Dinner,37i9dQZF1DWZVU32KsYGUK,3YDkHm6Pq1E3pScL9rTCSs,spotify:track:3YDkHm6Pq1E3pScL9rTCSs,https://p.scdn.co/mp3-preview/25de799835bf958ba50476fed7a9292a30689432?cid=63a77ff40e794a12ae216a18befde98c,Linden,48,8th Floor Wide,Linden,0.985,0.197,185951,0.0357,0.882,4,0.108,-25.042,1,0.0435,169.677,0.28
dinner,Piano Dinner,37i9dQZF1DWZVU32KsYGUK,2OaoXYurShXZuFU5hmUva6,spotify:track:2OaoXYurShXZuFU5hmUva6,https://p.scdn.co/mp3-preview/157e74e7c69923b3311f299726fb06c3f1324334?cid=63a77ff40e794a12ae216a18befde98c,The Garden,41,Vita Menzer,The Garden,0.994,0.505,147431,0.0191,0.947,11,0.108,-27.918,1,0.0476,75.254,0.263
dinner,Piano Dinner,37i9dQZF1DWZVU32KsYGUK,64VKvc1315CpzlKRw77hK7,spotify:track:64VKvc1315CpzlKRw77hK7,https://p.scdn.co/mp3-preview/1b8768c193677c41ac82125f476b7a04b817bb33?cid=63a77ff40e794a12ae216a18befde98c,What May Come,43,Gavin Luke,To the Moon and Beyond,0.957,0.389,168474,0.0483,0.9,1,0.102,-20.849,1,0.0339,81.917,0.337
dinner,Piano Dinner,37i9dQZF1DWZVU32KsYGUK,5M7jRqLKDMoOGPeVp1TslS,spotify:track:5M7jRqLKDMoOGPeVp1TslS,https://p.scdn.co/mp3-preview/5d8dff2c9f88e5fb0adfbc8b66b3008442dc7b18?cid=63a77ff40e794a12ae216a18befde98c,Sirenomelia,43,Isobel Noble,Sirenomelia,0.996,0.455,154500,0.0699,0.957,4,0.101,-21.782,1,0.0649,50.585,0.208
dinner,Piano Dinner,37i9dQZF1DWZVU32KsYGUK,0TRIGqdgqVtZBATepPWjts,spotify:track:0TRIGqdgqVtZBATepPWjts,https://p.scdn.co/mp3-preview/159dfd7eee3654ff304d4cceb8c6fc40dcd7525f?cid=63a77ff40e794a12ae216a18befde98c,"New Night, New Dream",43,Charles Bolt,"New Night, New Dream",0.993,0.468,181714,0.0333,0.957,3,0.128,-20.956,1,0.0436,77.621,0.33
dinner,Piano Dinner,37i9dQZF1DWZVU32KsYGUK,6VlbG0tPE1gmML6UWVKglZ,spotify:track:6VlbG0tPE1gmML6UWVKglZ,https://p.scdn.co/mp3-preview/de44d3527e478b5011752d16fb176a89e3fccae3?cid=63a77ff40e794a12ae216a18befde98c,Harvest,45,Samantha Odell,Harvest,0.976,0.297,144757,0.0675,0.93,11,0.111,-24.374,1,0.0377,71.064,0.269
dinner,Piano Dinner,37i9dQZF1DWZVU32KsYGUK,2bUMk8naDcabvgipR14U22,spotify:track:2bUMk8naDcabvgipR14U22,https://p.scdn.co/mp3-preview/2b33ead25f9cd98090e4fe896d9348ed97788c88?cid=63a77ff40e794a12ae216a18befde98c,In Love,53,Alec Windt,In Love,0.99,0.491,116268,0.0116,0.959,2,0.0982,-24.474,1,0.0612,74.985,0.441
dinner,Piano Dinner,37i9dQZF1DWZVU32KsYGUK,4IaQbK6vmi0mqXrv17eoav,spotify:track:4IaQbK6vmi0mqXrv17eoav,https://p.scdn.co/mp3-preview/d411211a9036f7a0fdc1723a9c795efea08dd6f0?cid=63a77ff40e794a12ae216a18befde98c,Pour l'amour de toi,63,Piotr Miteska,Pour l'amour de toi,0.993,0.365,108506,0.0341,0.923,2,0.0867,-25.934,1,0.0408,63.501,0.104
dinner,Piano Dinner,37i9dQZF1DWZVU32KsYGUK,1M9b6vGSZUoRr8AKkRBs3b,spotify:track:1M9b6vGSZUoRr8AKkRBs3b,https://p.scdn.co/mp3-preview/50de192fc0caff7da9b3564c000f652d978285c2?cid=63a77ff40e794a12ae216a18befde98c,Go Peaceful,51,Wynton Davidson,Omnipresence,0.994,0.461,171750,0.0171,0.971,11,0.103,-24.448,1,0.0767,128.953,0.181
dinner,Piano Dinner,37i9dQZF1DWZVU32KsYGUK,6QIiVSH7jbkZWfdGgladgB,spotify:track:6QIiVSH7jbkZWfdGgladgB,https://p.scdn.co/mp3-preview/54b59570155c16bcf4214ca11700da97e691f833?cid=63a77ff40e794a12ae216a18befde98c,Harbour,45,Bela Nemeth,Harbour,0.996,0.476,134235,0.0031,0.953,0,0.0933,-27.6,1,0.0476,72.903,0.345
dinner,Piano Dinner,37i9dQZF1DWZVU32KsYGUK,4mV2e8xKbQme3MQeaBAFqA,spotify:track:4mV2e8xKbQme3MQeaBAFqA,https://p.scdn.co/mp3-preview/cc53db1dc62fc81efafe57825dcee41183aa5c44?cid=63a77ff40e794a12ae216a18befde98c,Parallellities,44,Sidney Godot,Abstractions,0.995,0.732,158546,0.0232,0.947,3,0.113,-21.985,1,0.0589,97.973,0.185
dinner,Piano Dinner,37i9dQZF1DWZVU32KsYGUK,1BPrChYcVUL7S6mEdPxFux,spotify:track:1BPrChYcVUL7S6mEdPxFux,https://p.scdn.co/mp3-preview/bf548a6304fc63fa2d1d63ee0bf8a5a52c1eb002?cid=63a77ff40e794a12ae216a18befde98c,Swear on this Life,53,Fabienne Willis,Swear on this Life,0.993,0.468,132773,0.0126,0.917,0,0.108,-27.246,1,0.059,67.408,0.357
dinner,Piano Dinner,37i9dQZF1DWZVU32KsYGUK,7hnHIeg2UVBYmxkvhmaOts,spotify:track:7hnHIeg2UVBYmxkvhmaOts,https://p.scdn.co/mp3-preview/092a05c445e2419465504ae55b4b83290c8d606c?cid=63a77ff40e794a12ae216a18befde98c,La mariposa,59,Carmín Aponte,La mariposa,0.994,0.391,134500,0.142,0.887,7,0.111,-20.42,0,0.0339,111.491,0.655
dinner,Piano Dinner,37i9dQZF1DWZVU32KsYGUK,1yLnEcb1aV7UNCrexyBf55,spotify:track:1yLnEcb1aV7UNCrexyBf55,https://p.scdn.co/mp3-preview/6c0fabadc138766f2b64d79e29bf1bad55b28170?cid=63a77ff40e794a12ae216a18befde98c,A Window To The Past,39,Robert Wells,A Window To The Past,0.991,0.531,219475,0.0409,0.922,2,0.0904,-18.846,0,0.0643,110.207,0.149
dinner,Piano Dinner,37i9dQZF1DWZVU32KsYGUK,3e7815hbTe30BPnkS2wUlk,spotify:track:3e7815hbTe30BPnkS2wUlk,https://p.scdn.co/mp3-preview/920a58662dd5079b7c3c58203226bfbf2146caa0?cid=63a77ff40e794a12ae216a18befde98c,The Final Waltz,56,Réka Ioescu,The Final Waltz,0.983,0.434,180000,0.079,0.927,5,0.13,-21.566,1,0.046,68.667,0.176
dinner,Piano Dinner,37i9dQZF1DWZVU32KsYGUK,2cIZnj2au400srT96TbOUO,spotify:track:2cIZnj2au400srT96TbOUO,https://p.scdn.co/mp3-preview/283d15f81638a93f82a644d3ae06cf31484a9b25?cid=63a77ff40e794a12ae216a18befde98c,Scarlet,56,Antonella Schiavone,Scarlet,0.981,0.319,102000,0.109,0.886,9,0.105,-26.256,0,0.0325,118.676,0.175
dinner,Piano Dinner,37i9dQZF1DWZVU32KsYGUK,53JV92TTWHIllhui4TkoU2,spotify:track:53JV92TTWHIllhui4TkoU2,https://p.scdn.co/mp3-preview/84be4919e69729714d96e7cbd2fd03ef182330ce?cid=63a77ff40e794a12ae216a18befde98c,Impasse des Bourdonnais,55,Projet Calmant,Impasse des Bourdonnais,0.995,0.26,67896,0.193,0.946,7,0.108,-23.638,0,0.0374,116.607,0.353
dinner,Piano Dinner,37i9dQZF1DWZVU32KsYGUK,6ST2jppp8qDidqw8iK1txv,spotify:track:6ST2jppp8qDidqw8iK1txv,https://p.scdn.co/mp3-preview/0ce4f9bf3c3ce0e37a7e5afcd95c086744c00efa?cid=63a77ff40e794a12ae216a18befde98c,Winnetka,47,Joaquin Alejandro,Winnetka,0.995,0.729,132485,0.0989,0.959,7,0.135,-22.685,0,0.06,97.019,0.41
dinner,Piano Dinner,37i9dQZF1DWZVU32KsYGUK,3gCN5z5Fy8b7iTJDKDk2JU,spotify:track:3gCN5z5Fy8b7iTJDKDk2JU,https://p.scdn.co/mp3-preview/e124998497b98d17797df7c09667929a247061c9?cid=63a77ff40e794a12ae216a18befde98c,A Walk Down the Aisle,60,In Amber,A Walk Down the Aisle,0.993,0.526,162379,0.0258,0.926,3,0.144,-24.02,1,0.0331,103.92,0.207
dinner,Piano Dinner,37i9dQZF1DWZVU32KsYGUK,0r33Sq5SdXsO9KQ09zAQVA,spotify:track:0r33Sq5SdXsO9KQ09zAQVA,https://p.scdn.co/mp3-preview/9a79ffce537758abeb9cb055678b134d7996d0cb?cid=63a77ff40e794a12ae216a18befde98c,Wallflower,38,Quinn MacKenzie,Wallflower,0.995,0.451,87000,0.0509,0.912,2,0.0979,-22.552,1,0.0475,93.571,0.365
dinner,Piano Dinner,37i9dQZF1DWZVU32KsYGUK,3d5DvDVcTHVNVawSpIRaAe,spotify:track:3d5DvDVcTHVNVawSpIRaAe,https://p.scdn.co/mp3-preview/955dc60654ac0b6b784037099a469785f28f86d7?cid=63a77ff40e794a12ae216a18befde98c,Les glaçons qui pendent du toit,59,Prewitt Massé,Les glaçons qui pendent du toit,0.995,0.362,104500,0.0536,0.925,2,0.108,-20.374,0,0.0526,81.415,0.215
dinner,Piano Dinner,37i9dQZF1DWZVU32KsYGUK,0knR96iP40gFBZU6OY783B,spotify:track:0knR96iP40gFBZU6OY783B,https://p.scdn.co/mp3-preview/6f4347b44091de2aba4f8a7fb9aedc1765c36ee3?cid=63a77ff40e794a12ae216a18befde98c,Waiting for Spring,34,Andréa Aubertin,Waiting for Spring,0.989,0.386,131157,0.165,0.955,0,0.132,-21.307,1,0.0414,101.034,0.655
dinner,Piano Dinner,37i9dQZF1DWZVU32KsYGUK,7oWAAUv8uzBj28uUTvTe8i,spotify:track:7oWAAUv8uzBj28uUTvTe8i,https://p.scdn.co/mp3-preview/42b9c957611a436a12665ef4295e394000af821d?cid=63a77ff40e794a12ae216a18befde98c,Promenade du vendredi,52,Serouj,Les cieux du printemps,0.993,0.44,151207,0.0353,0.936,0,0.12,-24.599,1,0.0498,80.521,0.329
dinner,Piano Dinner,37i9dQZF1DWZVU32KsYGUK,0CYn7dOi4SC9Eyd7CUpAd2,spotify:track:0CYn7dOi4SC9Eyd7CUpAd2,https://p.scdn.co/mp3-preview/19e900c9350b75d2de61de70edd1df00e9b04274?cid=63a77ff40e794a12ae216a18befde98c,Holding on to Forever,65,Goratie,Holding on to Forever,0.993,0.404,125983,0.0661,0.965,10,0.113,-22.196,1,0.0502,120.707,0.248
dinner,Piano Dinner,37i9dQZF1DWZVU32KsYGUK,7H9raueku8WMyfBuMb1JGg,spotify:track:7H9raueku8WMyfBuMb1JGg,,Jardin Sauvage,42,Piano Novel,Songe,0.993,0.379,233500,0.0592,0.921,8,0.0985,-22.676,1,0.0455,123.529,0.0434
dinner,Piano Dinner,37i9dQZF1DWZVU32KsYGUK,5y47UBTEB5JMZokl7KWYM1,spotify:track:5y47UBTEB5JMZokl7KWYM1,https://p.scdn.co/mp3-preview/34dcc97b6d28d263e54375317ac17f60cd2a0a8a?cid=63a77ff40e794a12ae216a18befde98c,Rippling,63,SIMO,Rippling,0.992,0.207,98127,0.0503,0.937,2,0.113,-23.889,0,0.0393,178.629,0.351
dinner,Piano Dinner,37i9dQZF1DWZVU32KsYGUK,6dMiVElzNR7qBBQC6sCFv7,spotify:track:6dMiVElzNR7qBBQC6sCFv7,https://p.scdn.co/mp3-preview/fd683f07948b4ac6dcfc1e53b6062b988883e761?cid=63a77ff40e794a12ae216a18befde98c,Massenet,56,Enid Fergus,Massenet,0.984,0.357,271149,0.0292,0.922,8,0.106,-18.619,0,0.0443,98.013,0.277
dinner,Piano Dinner,37i9dQZF1DWZVU32KsYGUK,7ezLbUsHDAEiGlXPii5ilJ,spotify:track:7ezLbUsHDAEiGlXPii5ilJ,https://p.scdn.co/mp3-preview/abfec7095c12fb64f0339d428a44a58f2a26331b?cid=63a77ff40e794a12ae216a18befde98c,Neuland,56,Una Luna,Neuland,0.993,0.449,150317,0.0234,0.95,9,0.105,-24.177,1,0.047,129.881,0.18
dinner,Piano Dinner,37i9dQZF1DWZVU32KsYGUK,7zVHmyl7rjPZRNJtWhbcIf,spotify:track:7zVHmyl7rjPZRNJtWhbcIf,https://p.scdn.co/mp3-preview/dfe9ec000d830fb10ad6d48cd4aba97f8c41fd55?cid=63a77ff40e794a12ae216a18befde98c,Forever Vanished,59,Rick Hagen,Forever Vanished,0.988,0.282,113378,0.0814,0.902,4,0.108,-25.606,1,0.0529,68.3,0.127
dinner,Piano Dinner,37i9dQZF1DWZVU32KsYGUK,47WNnq6vvhkxvcNWDV6UBT,spotify:track:47WNnq6vvhkxvcNWDV6UBT,https://p.scdn.co/mp3-preview/817d8531b9b610557d912db20ec539ef4a87eb89?cid=63a77ff40e794a12ae216a18befde98c,Nocturnal,54,Peter Sandberg,Motion,0.989,0.378,219680,0.00724,0.852,7,0.0988,-27.297,1,0.0407,123.539,0.107
dinner,Piano Dinner,37i9dQZF1DWZVU32KsYGUK,3MsVmtQmjTnEtOzr2w8tLY,spotify:track:3MsVmtQmjTnEtOzr2w8tLY,https://p.scdn.co/mp3-preview/b778ffe2497ef3a0a28777c0c8dbbd1948e01a2a?cid=63a77ff40e794a12ae216a18befde98c,Cassiopeia,53,S.A. Karl,Cassiopeia,0.995,0.34,168833,0.021,0.936,11,0.102,-29.019,1,0.0574,166.704,0.379
dinner,Piano Dinner,37i9dQZF1DWZVU32KsYGUK,5qoUtJVdcNWR3EndlthjYH,spotify:track:5qoUtJVdcNWR3EndlthjYH,https://p.scdn.co/mp3-preview/9d3ff84b8e190836f281cad6a83fdcb7b1462a69?cid=63a77ff40e794a12ae216a18befde98c,Myrdal-Flam,61,Jorulf,Myrdal-Flam,0.978,0.388,118188,0.04,0.897,9,0.11,-23.131,1,0.044,106.176,0.0461
dinner,Piano Dinner,37i9dQZF1DWZVU32KsYGUK,4hP9yHCx4TLnDZu8nEszUO,spotify:track:4hP9yHCx4TLnDZu8nEszUO,https://p.scdn.co/mp3-preview/1e9cfdbfc4fa0e5f4c927e5f3fdb33a88ce31c50?cid=63a77ff40e794a12ae216a18befde98c,History Repeats Itself,53,Jose Carcavelos,History Repeats Itself,0.987,0.364,114008,0.0693,0.963,10,0.111,-22.859,0,0.0483,71.196,0.24
dinner,Piano Dinner,37i9dQZF1DWZVU32KsYGUK,0IfyHoLF1nEzI5BAwWUWUW,spotify:track:0IfyHoLF1nEzI5BAwWUWUW,https://p.scdn.co/mp3-preview/b0da7653b14c32ab8a67b3b8e059000359a41128?cid=63a77ff40e794a12ae216a18befde98c,Thárros,35,Martin Stock,Period of Time,0.984,0.334,144000,0.0464,0.919,2,0.106,-25.094,0,0.0442,65.884,0.0897
dinner,Piano Dinner,37i9dQZF1DWZVU32KsYGUK,3saEHBnU9n5mDGwXchbre6,spotify:track:3saEHBnU9n5mDGwXchbre6,https://p.scdn.co/mp3-preview/68104104939376415d81de30c41c8fc92843008e?cid=63a77ff40e794a12ae216a18befde98c,Hearts Made of Gold,64,Lisa Rex,Hearts Made of Gold,0.984,0.371,185460,0.117,0.912,5,0.104,-21.931,1,0.0365,95.453,0.164
dinner,Piano Dinner,37i9dQZF1DWZVU32KsYGUK,4rifuSeAw7WGLKSLgAGIJU,spotify:track:4rifuSeAw7WGLKSLgAGIJU,https://p.scdn.co/mp3-preview/743ba64e46356cc8b5eaaa0408ed49dbb7aae428?cid=63a77ff40e794a12ae216a18befde98c,Preludium,42,Robin Bennich,Preludium,0.992,0.32,165633,0.221,0.946,4,0.101,-21.398,1,0.0391,68.639,0.453
dinner,Piano Dinner,37i9dQZF1DWZVU32KsYGUK,2QKdAMS5nL4aAH8pg7NHlm,spotify:track:2QKdAMS5nL4aAH8pg7NHlm,https://p.scdn.co/mp3-preview/824ce3209809eef4c456e21495ea7f261d9fcd91?cid=63a77ff40e794a12ae216a18befde98c,Échelle,61,Satordi de Launay,Échelle,0.995,0.48,59288,0.108,0.956,9,0.1,-20.747,0,0.051,114.684,0.57
dinner,Piano Dinner,37i9dQZF1DWZVU32KsYGUK,6EUdkinJS9RfHnCfO8KjVU,spotify:track:6EUdkinJS9RfHnCfO8KjVU,https://p.scdn.co/mp3-preview/8692cf1544ae503087987d4a0fad6fdd76abfb75?cid=63a77ff40e794a12ae216a18befde98c,Striving,59,Finn Hovdal,Striving,0.992,0.419,90875,0.177,0.927,11,0.108,-19.451,1,0.0383,100.082,0.312
dinner,Piano Dinner,37i9dQZF1DWZVU32KsYGUK,0xoLbFbQEHe0m7FFQQJsr4,spotify:track:0xoLbFbQEHe0m7FFQQJsr4,https://p.scdn.co/mp3-preview/c6ebcb9f8552f1900e95fabd66303fe79da462f5?cid=63a77ff40e794a12ae216a18befde98c,Fjord,58,Vegard,Fjord,0.985,0.393,90240,0.036,0.923,1,0.104,-21.191,0,0.0387,98.223,0.36
dinner,Piano Dinner,37i9dQZF1DWZVU32KsYGUK,3EyQhfgL9QWapu9AQtstRw,spotify:track:3EyQhfgL9QWapu9AQtstRw,https://p.scdn.co/mp3-preview/c4c93c2984398e068c170f4ffa4bc4d6c595c175?cid=63a77ff40e794a12ae216a18befde98c,There Is Hope,53,Sub-City Keys,There Is Hope,0.996,0.505,193327,0.0121,0.928,5,0.2,-29.678,1,0.0676,65.174,0.239
dinner,Piano Dinner,37i9dQZF1DWZVU32KsYGUK,42ZTTDeBon4bTcSF3KA5F0,spotify:track:42ZTTDeBon4bTcSF3KA5F0,https://p.scdn.co/mp3-preview/6abbe8ffcb137aa08e4b43ae7b7c869f6a3cedcd?cid=63a77ff40e794a12ae216a18befde98c,And The Flowers Were Gray,63,Evelyn Stein,And The Flowers Were Gray,0.994,0.435,171553,0.0214,0.968,2,0.0914,-26.006,1,0.0597,144.381,0.235
dinner,Piano Dinner,37i9dQZF1DWZVU32KsYGUK,4pUSEwCVnD5fYYb6pDkJNw,spotify:track:4pUSEwCVnD5fYYb6pDkJNw,https://p.scdn.co/mp3-preview/d1da35eb1e813d7582086adf968debe6767bc86b?cid=63a77ff40e794a12ae216a18befde98c,The Shores,56,Hermosa Dawn,The Shores,0.985,0.395,121839,0.12,0.923,1,0.109,-19.685,1,0.0421,77.73,0.209
dinner,Piano Dinner,37i9dQZF1DWZVU32KsYGUK,0mDSO4APXn5KOtyhCWSraG,spotify:track:0mDSO4APXn5KOtyhCWSraG,https://p.scdn.co/mp3-preview/140c256f3cac057841665e838df7ac534e308788?cid=63a77ff40e794a12ae216a18befde98c,Prima Facie,36,Mike M. Nørgaard,Prima Facie,0.994,0.393,137625,0.0729,0.922,9,0.105,-21.822,0,0.0445,93.278,0.201
dinner,Piano Dinner,37i9dQZF1DWZVU32KsYGUK,2n5zNyrLhhgRpiHJhsrKFw,spotify:track:2n5zNyrLhhgRpiHJhsrKFw,https://p.scdn.co/mp3-preview/fc8220341aced92d014ae145a129bec6f12cc7ac?cid=63a77ff40e794a12ae216a18befde98c,Acacia,65,Laura Frey,Acacia,0.992,0.363,95750,0.0969,0.94,9,0.109,-19.193,0,0.0378,100.421,0.434
dinner,Piano Dinner,37i9dQZF1DWZVU32KsYGUK,3RE5SSxQuypDPC7U5wnnDB,spotify:track:3RE5SSxQuypDPC7U5wnnDB,https://p.scdn.co/mp3-preview/f2845dd362b0ff5fd39a9c71874d10d7a42ece4c?cid=63a77ff40e794a12ae216a18befde98c,La Lluvia,48,Relajar,La Lluvia,0.995,0.376,195965,0.0153,0.946,11,0.0844,-24.718,1,0.0507,71.861,0.1
dinner,Piano Dinner,37i9dQZF1DWZVU32KsYGUK,2KevUl7dDhRYB41mwNHMb2,spotify:track:2KevUl7dDhRYB41mwNHMb2,https://p.scdn.co/mp3-preview/5118a2780995d90cef9fcaccd135ec7f5040ae7c?cid=63a77ff40e794a12ae216a18befde98c,Vik,47,Jorulf,Vik,0.992,0.411,157431,0.0307,0.924,5,0.109,-24.503,1,0.0466,120.464,0.0893
dinner,Piano Dinner,37i9dQZF1DWZVU32KsYGUK,1cpsFVBA63bmSjNIhLGvhF,spotify:track:1cpsFVBA63bmSjNIhLGvhF,https://p.scdn.co/mp3-preview/002d1c02bd9e161e134c69465344139694473977?cid=63a77ff40e794a12ae216a18befde98c,Calm At Last,64,Una Luna,Calm At Last,0.992,0.472,178980,0.00747,0.932,5,0.143,-27.412,1,0.0608,61.342,0.24
dinner,Piano Dinner,37i9dQZF1DWZVU32KsYGUK,3naL43iI8vdrwwxA7wFdTL,spotify:track:3naL43iI8vdrwwxA7wFdTL,https://p.scdn.co/mp3-preview/e29c7ed9ead82b224fd7f8b3cb576aa26d8d0352?cid=63a77ff40e794a12ae216a18befde98c,Blessing in the Skies,53,Gemine,Blessing in the Skies,0.976,0.581,133935,0.184,0.888,8,0.11,-21.923,0,0.04,112.659,0.163
dinner,Piano Dinner,37i9dQZF1DWZVU32KsYGUK,5JadUKeKPDTwUXQL0p3GwJ,spotify:track:5JadUKeKPDTwUXQL0p3GwJ,https://p.scdn.co/mp3-preview/0348fdefd04ddb413e980d7adfdcfdf94803c9c9?cid=63a77ff40e794a12ae216a18befde98c,Beneath the Surface,47,Manu Calhu,Procession,0.988,0.461,197555,0.0621,0.94,0,0.13,-19.631,1,0.0749,77.895,0.233
dinner,Piano Dinner,37i9dQZF1DWZVU32KsYGUK,471z4H7eELkV8Sx08uoFOM,spotify:track:471z4H7eELkV8Sx08uoFOM,https://p.scdn.co/mp3-preview/8fa34670d7d288a7d71c8a8702999ba00c629109?cid=63a77ff40e794a12ae216a18befde98c,Reconnaissant,46,Prisca Duca,Reconnaissant,0.996,0.527,83629,0.0594,0.744,2,0.121,-22.286,0,0.0763,78.034,0.212
dinner,Piano Dinner,37i9dQZF1DWZVU32KsYGUK,4RuYDrJ4a2ybcEVkSy1xFB,spotify:track:4RuYDrJ4a2ybcEVkSy1xFB,https://p.scdn.co/mp3-preview/8b51f849c65d4e81be9016c4824e2964ef90d96c?cid=63a77ff40e794a12ae216a18befde98c,Rays of Hope,61,Oneke,Rays of Hope,0.991,0.222,121045,0.0584,0.946,2,0.1,-22.44,0,0.0322,143.786,0.0471
dinner,Piano Dinner,37i9dQZF1DWZVU32KsYGUK,6MHf9vBoxUgKAY8DmviRo5,spotify:track:6MHf9vBoxUgKAY8DmviRo5,https://p.scdn.co/mp3-preview/ce741ec19f2beb196350d5ec2cc1ba2f5654a188?cid=63a77ff40e794a12ae216a18befde98c,The Beauty of Light,44,Keypling,Desire,0.995,0.31,101434,0.0244,0.955,5,0.165,-20.678,1,0.0446,47.788,0.253
dinner,Piano Dinner,37i9dQZF1DWZVU32KsYGUK,4SHDRSDsjbftsEuzxcPbny,spotify:track:4SHDRSDsjbftsEuzxcPbny,https://p.scdn.co/mp3-preview/80730878476ea4faed0ec16c45ee486d732886c4?cid=63a77ff40e794a12ae216a18befde98c,Amanda,44,Léonie Deval,Amanda,0.995,0.52,77000,0.123,0.947,11,0.103,-22.113,0,0.0526,83.244,0.636
dinner,Piano Dinner,37i9dQZF1DWZVU32KsYGUK,3Le8dA7PwImsZxRgEnwnt6,spotify:track:3Le8dA7PwImsZxRgEnwnt6,https://p.scdn.co/mp3-preview/6a8e245f31cd168b6003144ae052f2b44c33b953?cid=63a77ff40e794a12ae216a18befde98c,Hopes and Dreams,59,Emmanuelle Rimbaud,Hopes and Dreams,0.98,0.298,164649,0.0462,0.941,8,0.125,-28.427,1,0.04,61.299,0.28
dinner,Piano Dinner,37i9dQZF1DWZVU32KsYGUK,2IUuk04dZVG8KRBJpcrpzt,spotify:track:2IUuk04dZVG8KRBJpcrpzt,https://p.scdn.co/mp3-preview/8b76d0c1c6869fbcb4e49f76d1857975a00b7fad?cid=63a77ff40e794a12ae216a18befde98c,Ocean And 17th,33,Lummus Park,Ocean And 17th,0.968,0.502,189402,0.0441,0.943,0,0.0992,-22.503,1,0.0384,77.476,0.0888
dinner,Piano Dinner,37i9dQZF1DWZVU32KsYGUK,07aNE412CtsxB66SOk0Nu3,spotify:track:07aNE412CtsxB66SOk0Nu3,https://p.scdn.co/mp3-preview/f133922a2ab66f553b5963e1faae05e02000ab32?cid=63a77ff40e794a12ae216a18befde98c,Pavane,44,Nikolaj Gaideur,Pavane,0.993,0.46,131837,0.0607,0.957,1,0.107,-23.886,1,0.0646,66.502,0.154
dinner,Piano Dinner,37i9dQZF1DWZVU32KsYGUK,0cp2H7dP3uUJuHDDndOcfE,spotify:track:0cp2H7dP3uUJuHDDndOcfE,https://p.scdn.co/mp3-preview/6a6a9981bfbbfca6d611f5811bfb82b499b49340?cid=63a77ff40e794a12ae216a18befde98c,Walk Towards Silence,55,Kasper Schill,Versus,0.947,0.207,192085,0.129,0.917,2,0.112,-19.755,1,0.0453,71.492,0.168
dinner,Piano Dinner,37i9dQZF1DWZVU32KsYGUK,6PVvDOQGZT1oEd0uZkf96c,spotify:track:6PVvDOQGZT1oEd0uZkf96c,https://p.scdn.co/mp3-preview/76b4f85dc84080190d440d7dcbb3e0be038d2706?cid=63a77ff40e794a12ae216a18befde98c,Sylvia,54,Karim Blau,Sylvia,0.996,0.489,177927,0.043,0.927,5,0.0776,-25.098,1,0.0475,127.388,0.467
dinner,Piano Dinner,37i9dQZF1DWZVU32KsYGUK,1EOOeBLrnXDHvAfMkNAa1k,spotify:track:1EOOeBLrnXDHvAfMkNAa1k,https://p.scdn.co/mp3-preview/3ca8c659acdf441fb022f7e1e535970b73f0bfa6?cid=63a77ff40e794a12ae216a18befde98c,Snowflakes,46,Clarence Öfwerman,Snowflakes,0.996,0.334,167606,0.445,0.936,9,0.105,-11.739,0,0.0417,115.805,0.475
dinner,Piano Dinner,37i9dQZF1DWZVU32KsYGUK,6WqU4ZwnbJQAkGRlNrDgQ6,spotify:track:6WqU4ZwnbJQAkGRlNrDgQ6,https://p.scdn.co/mp3-preview/b8df3774e6d5a5b501d76c997cf65f68c69c17c2?cid=63a77ff40e794a12ae216a18befde98c,Hand in Hand,32,David Nevue,A Delicate Joy,0.989,0.392,158733,0.0177,0.916,2,0.0885,-22.771,1,0.0535,121.068,0.393
dinner,Piano Dinner,37i9dQZF1DWZVU32KsYGUK,5kaCRyVJLgmqs8rDsSpkUP,spotify:track:5kaCRyVJLgmqs8rDsSpkUP,https://p.scdn.co/mp3-preview/8472774aab33678abfe76faeb2d9f4a6a0972761?cid=63a77ff40e794a12ae216a18befde98c,Remember me,58,Renato Luigi,Bergamo,0.991,0.336,166500,0.0413,0.907,5,0.123,-24.966,0,0.0405,68.875,0.183
dinner,Piano Dinner,37i9dQZF1DWZVU32KsYGUK,5CiaupjjBB82GnByvUjvqj,spotify:track:5CiaupjjBB82GnByvUjvqj,https://p.scdn.co/mp3-preview/7d13818d5fac26f5200e9b9c3b7270f33c61374c?cid=63a77ff40e794a12ae216a18befde98c,Piano Sonata No. 1 in C minor Op.4: III. Larghetto,30,"Frédéric Chopin,Leif Ove Andsnes",Chopin: Piano Sonatas,0.991,0.331,258467,0.00337,0.931,8,0.0981,-35.161,1,0.0426,127.705,0.0809
dinner,Piano Dinner,37i9dQZF1DWZVU32KsYGUK,25aunAc59ZS4fjCZgI2wXE,spotify:track:25aunAc59ZS4fjCZgI2wXE,https://p.scdn.co/mp3-preview/43567b110b8786615b4b15551f4acfeea5d7591a?cid=63a77ff40e794a12ae216a18befde98c,Plein d'espoir,44,Otto Berre,Plein d'espoir,0.993,0.437,114790,0.0685,0.925,6,0.101,-23.709,1,0.0454,70.343,0.204
dinner,Piano Dinner,37i9dQZF1DWZVU32KsYGUK,5206mUZEbMq2GefGtd2RFe,spotify:track:5206mUZEbMq2GefGtd2RFe,https://p.scdn.co/mp3-preview/d40c504694749a35b048e4f76176ac225c1d9144?cid=63a77ff40e794a12ae216a18befde98c,Warm Darkness,53,Mia Strass,Mia Strass EP,0.995,0.562,161143,0.00212,0.969,7,0.175,-30.579,1,0.0787,64.406,0.368
dinner,Piano Dinner,37i9dQZF1DWZVU32KsYGUK,4Jr7u74eojtjjxJUsTMOWX,spotify:track:4Jr7u74eojtjjxJUsTMOWX,,Anthem,15,Benny Andersson,Piano,0.994,0.45,199493,0.0153,0.919,2,0.063,-25.257,1,0.0552,81.327,0.226
dinner,Piano Dinner,37i9dQZF1DWZVU32KsYGUK,04F2CVACUouSEWkaApQnmf,spotify:track:04F2CVACUouSEWkaApQnmf,https://p.scdn.co/mp3-preview/92b182e0cfd1ebcb91d1a58c40339bdc8673da0d?cid=63a77ff40e794a12ae216a18befde98c,Where Worlds Collide,55,Alexis Ffrench,Evolution,0.994,0.424,242295,0.0523,0.921,4,0.1,-25.235,1,0.0513,137.966,0.144
dinner,Piano Dinner,37i9dQZF1DWZVU32KsYGUK,50030Xdu99SG9krul5IlNL,spotify:track:50030Xdu99SG9krul5IlNL,,Synesthesia (Scaled Down Version),24,Peter Sandberg,Balm,0.993,0.678,114462,0.0777,0.928,9,0.098,-21.987,1,0.0598,130.033,0.192
dinner,Piano Dinner,37i9dQZF1DWZVU32KsYGUK,0CElW1Ho1HrfYROXWt9UCw,spotify:track:0CElW1Ho1HrfYROXWt9UCw,https://p.scdn.co/mp3-preview/de53b30a2ce5e91c29e5f056be1aeb2769b2bcbb?cid=63a77ff40e794a12ae216a18befde98c,Second Coming,52,Bela Nemeth,Harbour,0.994,0.392,193500,0.0384,0.954,5,0.105,-21.095,1,0.0533,95.235,0.355
dinner,Piano Dinner,37i9dQZF1DWZVU32KsYGUK,7ng3tLksbgDBr5MOi78zlg,spotify:track:7ng3tLksbgDBr5MOi78zlg,https://p.scdn.co/mp3-preview/e4e91d99d77751b79c302e6e575940438897c570?cid=63a77ff40e794a12ae216a18befde98c,From Here To There,46,Steven Windhaug,Wider Range,0.994,0.773,148886,0.0345,0.936,3,0.117,-24.381,1,0.0681,81.999,0.312
dinner,Piano Dinner,37i9dQZF1DWZVU32KsYGUK,2Mhx4y8ApLXq2FoPrkj9Ec,spotify:track:2Mhx4y8ApLXq2FoPrkj9Ec,https://p.scdn.co/mp3-preview/0408bc00bc5f5ff80b1794edd7ccde3aee34204f?cid=63a77ff40e794a12ae216a18befde98c,Waltz of Angels,32,Arelius,Lucid Dreamin',0.983,0.357,128567,0.145,0.924,5,0.108,-18.173,0,0.0484,127.8,0.0795
dinner,Piano Dinner,37i9dQZF1DWZVU32KsYGUK,3b3BMZSZBIdQaMsN8NvrN7,spotify:track:3b3BMZSZBIdQaMsN8NvrN7,https://p.scdn.co/mp3-preview/9af173ecae0b0fdebb579d84207ff7ebe56c3362?cid=63a77ff40e794a12ae216a18befde98c,Aurora,54,Luiza Castro Sousa,Aurora,0.995,0.465,68750,0.0264,0.92,10,0.108,-21.046,0,0.0789,78.578,0.286
dinner,Piano Dinner,37i9dQZF1DWZVU32KsYGUK,0d0zc7zBNfNMtq4NzGt3pR,spotify:track:0d0zc7zBNfNMtq4NzGt3pR,https://p.scdn.co/mp3-preview/2bb0517058b6bb1fa58c1fcf89b0d3d7623388cf?cid=63a77ff40e794a12ae216a18befde98c,A New Home,31,Andréa Aubertin,A New Home,0.983,0.3,131478,0.0852,0.957,7,0.102,-23.891,1,0.0352,142.908,0.329
dinner,Piano Dinner,37i9dQZF1DWZVU32KsYGUK,3mmBXRDRNvVtGDHIbH2pzH,spotify:track:3mmBXRDRNvVtGDHIbH2pzH,https://p.scdn.co/mp3-preview/f2b78e91c062383b80eba33d50446767e36edd02?cid=63a77ff40e794a12ae216a18befde98c,Danse sur Glace,53,Caroline Collette,Danse sur Glace,0.994,0.413,149876,0.0303,0.931,0,0.112,-21.914,1,0.0384,71.151,0.261
dinner,Piano Dinner,37i9dQZF1DWZVU32KsYGUK,3t8g35pJTDnfr8SyleZv6T,spotify:track:3t8g35pJTDnfr8SyleZv6T,https://p.scdn.co/mp3-preview/54b422a5a8c65c6d22cbbf164ad76a0ac30246ce?cid=63a77ff40e794a12ae216a18befde98c,Waves From a Distance,54,Martin Skoog,Waves From a Distance,0.99,0.424,160625,0.00528,0.943,7,0.0746,-31.853,1,0.0453,82.394,0.179
dinner,Piano Dinner,37i9dQZF1DWZVU32KsYGUK,03lm0budvLeN51ri2W0eRJ,spotify:track:03lm0budvLeN51ri2W0eRJ,https://p.scdn.co/mp3-preview/f560dac3306a54a853aaab133192a6c5bb6f507c?cid=63a77ff40e794a12ae216a18befde98c,My Oak,56,Jeff Bright Jr,My Oak,0.973,0.508,161596,0.0182,0.906,7,0.112,-19.991,1,0.0469,71.952,0.275
dinner,Piano Dinner,37i9dQZF1DWZVU32KsYGUK,0chU7op8uDIMglaRSATL0b,spotify:track:0chU7op8uDIMglaRSATL0b,https://p.scdn.co/mp3-preview/e8850c86e33cce7fe23d342455e48c823e32ac62?cid=63a77ff40e794a12ae216a18befde98c,Tomorrow,40,Yitzhak Benjamin,Tomorrow,0.994,0.379,127850,0.00407,0.949,0,0.0955,-28.269,1,0.0539,72.549,0.289
dinner,Piano Dinner,37i9dQZF1DWZVU32KsYGUK,3qE1HsdBOfXyZmCfRfT8Jc,spotify:track:3qE1HsdBOfXyZmCfRfT8Jc,https://p.scdn.co/mp3-preview/c9b46b2e43931d0b1940c9321e14c43ff3a632ba?cid=63a77ff40e794a12ae216a18befde98c,Amalfi Moon,56,Ana Olgica,Amalfi Moon,0.995,0.375,151694,0.00579,0.95,3,0.11,-28.248,1,0.0539,68.336,0.215
dinner,Piano Dinner,37i9dQZF1DWZVU32KsYGUK,6YS1MXqso0zlmcL4OV1kXk,spotify:track:6YS1MXqso0zlmcL4OV1kXk,https://p.scdn.co/mp3-preview/2003873bae46055c98ecb3b2e7b8b5e9bcd9842c?cid=63a77ff40e794a12ae216a18befde98c,Début,70,Mélanie Laurent,En t'attendant,0.99,0.377,160067,0.0239,0.882,0,0.0998,-30.245,1,0.0403,119.263,0.0629
dinner,Piano Dinner,37i9dQZF1DWZVU32KsYGUK,1Yc3f6YYHFK7pLG02Tf5MP,spotify:track:1Yc3f6YYHFK7pLG02Tf5MP,https://p.scdn.co/mp3-preview/8910cb2a2cde0623f5f6582abf02b5107ffc196a?cid=63a77ff40e794a12ae216a18befde98c,A Thousand Years and After,32,David Nevue,Winding Down,0.988,0.396,188013,0.124,0.911,11,0.122,-18.29,1,0.0562,128.642,0.141
dinner,Piano Dinner,37i9dQZF1DWZVU32KsYGUK,2pypBNUUzViaP7Dswi9zpF,spotify:track:2pypBNUUzViaP7Dswi9zpF,https://p.scdn.co/mp3-preview/43cec85f8a332c5f96bf80b8f2d1ba9385712e6d?cid=63a77ff40e794a12ae216a18befde98c,A Clear Mind,65,Julius Aston,A Clear Mind,0.992,0.268,173697,0.0058,0.929,10,0.124,-31.607,1,0.0466,69.709,0.126
dinner,Piano Dinner,37i9dQZF1DWZVU32KsYGUK,5U463rClubkFesH8GRxJNa,spotify:track:5U463rClubkFesH8GRxJNa,https://p.scdn.co/mp3-preview/2c3b33c4f5461c454379c562a3aa76d5b9d86317?cid=63a77ff40e794a12ae216a18befde98c,Two Hearts,61,Sub-City Keys,Demi Sec,0.992,0.466,196000,0.0211,0.959,7,0.107,-22.379,0,0.0475,92.111,0.313
dinner,Piano Dinner,37i9dQZF1DWZVU32KsYGUK,5cHXjPavMkOCHil4ONIbMd,spotify:track:5cHXjPavMkOCHil4ONIbMd,https://p.scdn.co/mp3-preview/9048c1c6250d572d8e74f26c4886dfcd0dc7d382?cid=63a77ff40e794a12ae216a18befde98c,Axioma IV,32,Matteo Myderwyk,Ataraxia,0.983,0.258,167562,0.0507,0.908,7,0.0995,-24.598,1,0.0386,90.572,0.0482
dinner,Piano Dinner,37i9dQZF1DWZVU32KsYGUK,30vv2zLyzKWwKPi4rTMzOG,spotify:track:30vv2zLyzKWwKPi4rTMzOG,https://p.scdn.co/mp3-preview/c3753b46feb2892ffb5732d4a082e020573585da?cid=63a77ff40e794a12ae216a18befde98c,In A Notebook,40,Goldmund,The Malady Of Elegance,0.994,0.447,132373,0.0476,0.944,2,0.0705,-30.616,1,0.031,164.353,0.44
dinner,Piano Dinner,37i9dQZF1DWZVU32KsYGUK,2vr6fjMZm1pliQ3a6HL8MT,spotify:track:2vr6fjMZm1pliQ3a6HL8MT,https://p.scdn.co/mp3-preview/629ddc5962fdcfa05e691bccde9f3635f3d07630?cid=63a77ff40e794a12ae216a18befde98c,La Clairière,46,Piano Novel,La Clairière,0.985,0.346,141023,0.0644,0.893,3,0.17,-22.683,1,0.0431,126.717,0.119
dinner,Piano Dinner,37i9dQZF1DWZVU32KsYGUK,3en9L1h0DqbK3S9y32ZXka,spotify:track:3en9L1h0DqbK3S9y32ZXka,https://p.scdn.co/mp3-preview/1e6e0f9dc4ee0d9359a608557241ad9d6fee3831?cid=63a77ff40e794a12ae216a18befde98c,Last Night,45,Martim Lima Rocha,Last Night,0.967,0.469,113000,0.088,0.9,9,0.11,-19.78,0,0.0427,114.405,0.0788
dinner,Piano Dinner,37i9dQZF1DWZVU32KsYGUK,7j9cBpQxCES7tgQ2xsurgG,spotify:track:7j9cBpQxCES7tgQ2xsurgG,https://p.scdn.co/mp3-preview/3c6b501e2b8f282aa79eda1604a2a1fee1b6968c?cid=63a77ff40e794a12ae216a18befde98c,Courage,44,Gavin Luke,Solace,0.947,0.309,148720,0.177,0.875,10,0.121,-20.914,1,0.0424,114.261,0.181
dinner,Piano Dinner,37i9dQZF1DWZVU32KsYGUK,0STfg37q4PvbZlqtjsHy6P,spotify:track:0STfg37q4PvbZlqtjsHy6P,https://p.scdn.co/mp3-preview/8cf8714aa78e360f7045fe3e05192915b1c076da?cid=63a77ff40e794a12ae216a18befde98c,Dreamscapes,37,Kasper Schill,Versus,0.987,0.253,182730,0.173,0.943,8,0.112,-21.34,0,0.0416,99.579,0.15
dinner,Piano Dinner,37i9dQZF1DWZVU32KsYGUK,4Hvzc1phamhnrwQVVTR0VA,spotify:track:4Hvzc1phamhnrwQVVTR0VA,https://p.scdn.co/mp3-preview/fed539e11c85bc05f3a58c317ed845fa42032415?cid=63a77ff40e794a12ae216a18befde98c,Heaven in my Heart,31,Lopez Ciendra,Heaven in my Heart,0.981,0.492,125715,0.127,0.933,2,0.107,-19.807,0,0.0483,63.474,0.156
dinner,Piano Dinner,37i9dQZF1DWZVU32KsYGUK,44u00vPcT8iajEhoWC2Mar,spotify:track:44u00vPcT8iajEhoWC2Mar,https://p.scdn.co/mp3-preview/92aeb43b627e4dff250d1abd8617106a23b9e88e?cid=63a77ff40e794a12ae216a18befde98c,Simplicity,48,Lilja valjas,Simplicity,0.992,0.517,170509,0.034,0.943,0,0.112,-27.309,1,0.0385,131.202,0.337
dinner,Piano Dinner,37i9dQZF1DWZVU32KsYGUK,2pE7osG9vTZQWiiyu0ypZq,spotify:track:2pE7osG9vTZQWiiyu0ypZq,https://p.scdn.co/mp3-preview/a85cdcb76daccf8324da5f850fa21c88828ca6b2?cid=63a77ff40e794a12ae216a18befde98c,Absent-Minded,32,Elliot Ziegler,Absent-Minded,0.996,0.533,77000,0.0182,0.879,1,0.0951,-26.234,0,0.0541,61.575,0.386
dinner,Piano Dinner,37i9dQZF1DWZVU32KsYGUK,1cwF3476JAc3oDy1e3hkz1,spotify:track:1cwF3476JAc3oDy1e3hkz1,https://p.scdn.co/mp3-preview/b7bd2f4a4ad3cc3f1f539e101fa2c721101b0059?cid=63a77ff40e794a12ae216a18befde98c,Touched,57,Stephanie Ferrer,Touched,0.988,0.242,134168,0.111,0.941,5,0.109,-24.035,1,0.0506,170.139,0.319
dinner,Piano Dinner,37i9dQZF1DWZVU32KsYGUK,5hJ5736o2jQRXnslKxoWqG,spotify:track:5hJ5736o2jQRXnslKxoWqG,https://p.scdn.co/mp3-preview/10af6ee82ff34e5d11bfdc9a6f972030d1f6143c?cid=63a77ff40e794a12ae216a18befde98c,Leaves,64,Hermann,Leaves (Remastered),0.991,0.465,104355,0.0388,0.915,9,0.0768,-24.262,0,0.0562,139.735,0.154
dinner,Piano Dinner,37i9dQZF1DWZVU32KsYGUK,2PGadtq0lzY0VBv3I5SdpE,spotify:track:2PGadtq0lzY0VBv3I5SdpE,https://p.scdn.co/mp3-preview/e3056649dae300f315d5813aa9a9fa42c55c23db?cid=63a77ff40e794a12ae216a18befde98c,Moments Passing,58,Per Magnusson,Moments Passing,0.989,0.287,163698,0.0613,0.956,4,0.11,-23.729,0,0.0522,74.517,0.187
dinner,Piano Dinner,37i9dQZF1DWZVU32KsYGUK,3lGDy77u0x8v29UoCsFFEP,spotify:track:3lGDy77u0x8v29UoCsFFEP,https://p.scdn.co/mp3-preview/972d906ccc2d8dd7ae4c200e2369ace5bf09dc16?cid=63a77ff40e794a12ae216a18befde98c,From You,33,RIOPY,RIOPY,0.98,0.454,237067,0.0544,0.88,4,0.137,-20.844,0,0.0458,134.783,0.294
dinner,Piano Dinner,37i9dQZF1DWZVU32KsYGUK,0qGeOcsFxUBOZWjH1IhbJA,spotify:track:0qGeOcsFxUBOZWjH1IhbJA,https://p.scdn.co/mp3-preview/4ec71f89012bb764ccabbaa74f07203296189995?cid=63a77ff40e794a12ae216a18befde98c,De Novo Adagio (Intro),44,Alicia Keys,Girl On Fire,0.966,0.345,79080,0.0443,0.939,9,0.111,-20.072,0,0.0433,116.09,0.0598
dinner,Piano Dinner,37i9dQZF1DWZVU32KsYGUK,16iwXiS5d716j1oqTWRdCh,spotify:track:16iwXiS5d716j1oqTWRdCh,https://p.scdn.co/mp3-preview/3dd37848c8f3ab142173fe483d14d24d032c61d1?cid=63a77ff40e794a12ae216a18befde98c,Moonbeams,48,Jean Permentier,Moonbeams,0.989,0.36,217995,0.0089,0.904,6,0.106,-26.486,0,0.0422,76.096,0.18
dinner,Piano Dinner,37i9dQZF1DWZVU32KsYGUK,6jP8veGopi7UjFP8Uk5prz,spotify:track:6jP8veGopi7UjFP8Uk5prz,,Streams,22,Johannes Bornlöf,As The Years Go By,0.995,0.523,134923,0.0444,0.953,9,0.104,-21.502,1,0.0481,106.671,0.224
dinner,Piano Dinner,37i9dQZF1DWZVU32KsYGUK,5f1RCJIecw4J6xc442kPpn,spotify:track:5f1RCJIecw4J6xc442kPpn,,Written On The Sky,10,Max Richter,The Blue Notebooks,0.993,0.37,100000,0.12,0.906,10,0.104,-25.251,0,0.0502,127.129,0.187
dinner,Piano Dinner,37i9dQZF1DWZVU32KsYGUK,5y4ERbPcucZ2Y4u5cm27yD,spotify:track:5y4ERbPcucZ2Y4u5cm27yD,https://p.scdn.co/mp3-preview/155637c34bb0e1a99a86e2612265da09d5261c2d?cid=63a77ff40e794a12ae216a18befde98c,Letter from Daughter,59,Marnie Jacobs,Letter from Daughter,0.989,0.319,174000,0.0726,0.918,0,0.122,-23.352,1,0.0403,92.261,0.257
dinner,Piano Dinner,37i9dQZF1DWZVU32KsYGUK,1BkATl6u7ttnmZi6Y3vfcQ,spotify:track:1BkATl6u7ttnmZi6Y3vfcQ,https://p.scdn.co/mp3-preview/aca0569ce3414a9c0cde12d4ade6ca94fd7f093c?cid=63a77ff40e794a12ae216a18befde98c,La Valse D'Amélie,59,Regina Mira,La Valse D'Amélie,0.985,0.238,141500,0.0727,0.916,0,0.067,-21.935,1,0.0382,83.707,0.12
dinner,Piano Dinner,37i9dQZF1DWZVU32KsYGUK,6GTJDaxPlLk6roFDIzBTMs,spotify:track:6GTJDaxPlLk6roFDIzBTMs,,Listen To The Wind,31,Wouter Dewit,Listen To The Wind,0.982,0.337,203333,0.184,0.943,2,0.106,-23.026,0,0.0291,144.659,0.332
dinner,Piano Dinner,37i9dQZF1DWZVU32KsYGUK,4yfCqonkMJQhq5ZK7KogiM,spotify:track:4yfCqonkMJQhq5ZK7KogiM,https://p.scdn.co/mp3-preview/39ed954c4a0016c149f85fa3de63712a2b06d841?cid=63a77ff40e794a12ae216a18befde98c,Fernweh,56,Daigo Hanada,Fernweh,0.995,0.194,198000,0.0276,0.895,8,0.112,-31.939,0,0.0605,196.349,0.128
dinner,Piano Dinner,37i9dQZF1DWZVU32KsYGUK,1U92my55XrL64mog5JGODC,spotify:track:1U92my55XrL64mog5JGODC,,Ambre,12,Nils Frahm,Erased Tapes Collection II,0.992,0.405,227627,0.0572,0.939,10,0.115,-25.548,0,0.0334,145.833,0.344
dinner,Piano Dinner,37i9dQZF1DWZVU32KsYGUK,5pW55ydTQ4a810ReUk8haw,spotify:track:5pW55ydTQ4a810ReUk8haw,https://p.scdn.co/mp3-preview/636e413311f3332cbddfea16a5bac3036cc44513?cid=63a77ff40e794a12ae216a18befde98c,Longing,58,Kari Bin,Piano & Chill,0.996,0.363,121974,0.0263,0.962,6,0.0848,-29.73,1,0.0708,165.688,0.357
dinner,Piano Dinner,37i9dQZF1DWZVU32KsYGUK,3Kprog2Huf1Zztj1Os7IeY,spotify:track:3Kprog2Huf1Zztj1Os7IeY,https://p.scdn.co/mp3-preview/e4a44986365a0d06e20dbdbd442be4f88ce852ce?cid=63a77ff40e794a12ae216a18befde98c,Luna From Soyuz,65,Tomasz Kraal,Luna From Soyuz,0.994,0.256,223582,0.0217,0.936,0,0.0969,-28.507,0,0.0463,109.363,0.102
dinner,Piano Dinner,37i9dQZF1DWZVU32KsYGUK,60nhoUdtsUq4FOwts7B2bM,spotify:track:60nhoUdtsUq4FOwts7B2bM,https://p.scdn.co/mp3-preview/3ae31bc7fb35e868e3e5eb7c53b5da1c31280ad9?cid=63a77ff40e794a12ae216a18befde98c,In Bloom,62,Zoé de Vera,In Bloom,0.99,0.637,179087,0.0812,0.908,9,0.087,-23.06,0,0.0374,109.965,0.213
