category_id,playlist_name,playlist_id,track_id,track_uri,track_preview_url,track_name,track_popularity,artist_name,album_name,acousticness,danceability,duration_ms,energy,instrumentalness,key,liveness,loudness,mode,speechiness,tempo,valence
classical,String Quartet 101,37i9dQZF1DXbrSeoLHavML,2OMCOq8H6caZacNtcfYpxu,spotify:track:2OMCOq8H6caZacNtcfYpxu,https://p.scdn.co/mp3-preview/7f6da4d77869efa9846f51ebef9b8673bca7a2db?cid=63a77ff40e794a12ae216a18befde98c,"String Quartet No. 12 in F Major, Op. 96 'The American': II. Lento",42,"Antonín Dvořák,Škampa Quartet","Dvořák: American String Quartet & Quintet, Op. 96-97",0.903,0.102,427587,0.0406,0.508,2,0.0998,-23.355,0,0.046,86.82,0.0714
classical,String Quartet 101,37i9dQZF1DXbrSeoLHavML,5erj8jK6bq8MWFnDVv2HtI,spotify:track:5erj8jK6bq8MWFnDVv2HtI,https://p.scdn.co/mp3-preview/4ca4be873388fc13ac6ce1cdee87c0294b817864?cid=63a77ff40e794a12ae216a18befde98c,String Quartet in F Major: II. Assez vif - Très rythmé,49,"Maurice Ravel,Quatuor Ébène","Debussy, Fauré & Ravel: String Quartets",0.925,0.286,389213,0.0439,0.551,5,0.147,-24.745,1,0.042,152.867,0.0932
classical,String Quartet 101,37i9dQZF1DXbrSeoLHavML,1IQN9j898fkUIJp4ZOKECx,spotify:track:1IQN9j898fkUIJp4ZOKECx,https://p.scdn.co/mp3-preview/f66cfacbd47f56d9cfe35c0811dc13b2174429c5?cid=63a77ff40e794a12ae216a18befde98c,"String Quartet No. 53 in D Major, Op. 64, No. 5, Hob.III:63, ""The Lark"": II. Adagio - Cantabile",28,"Franz Joseph Haydn,Kodály Quartet","Haydn: String Quartets Op. 64, Nos. 4 - 6",0.983,0.111,398413,0.0597,0.522,9,0.12,-25.472,1,0.0523,82.756,0.0392
classical,String Quartet 101,37i9dQZF1DXbrSeoLHavML,4lZlwjVWioE0ftOiYmUmSs,spotify:track:4lZlwjVWioE0ftOiYmUmSs,https://p.scdn.co/mp3-preview/86286e57faa294f49efe952b635d9552b096aff0?cid=63a77ff40e794a12ae216a18befde98c,"String Quartet No. 19 in C Major, K. 465 - ""Dissonances"": String Quartet No. 19 in C Major, K. 465 - ""Dissonances"": I. Adagio - Allegro - Extended Version",25,"Wolfgang Amadeus Mozart,Cuarteto Casals",Mozart: String Quartets dedicated to Joseph Haydn (Extended Version),0.941,0.262,827533,0.169,0.501,0,0.0655,-15.455,1,0.0424,74.087,0.293
classical,String Quartet 101,37i9dQZF1DXbrSeoLHavML,7FPwihEQCzkxfdJi7Iy7WV,spotify:track:7FPwihEQCzkxfdJi7Iy7WV,https://p.scdn.co/mp3-preview/a61283f3ec38e986424b91cc321469d1735064a9?cid=63a77ff40e794a12ae216a18befde98c,"String Quartet No. 1 in D Major, Op. 11: String Quartet No. 1 in D Major, Op. 11: II. Andante cantabile",32,"Pyotr Ilyich Tchaikovsky,Heath Quartet",Tchaikovsky: String Quartets Nos. 1 & 3,0.927,0.0862,394067,0.0066,0.00482,10,0.0927,-32.415,1,0.0498,169.87,0.0398
classical,String Quartet 101,37i9dQZF1DXbrSeoLHavML,7gGLtziOk0OdQg6ognpRj2,spotify:track:7gGLtziOk0OdQg6ognpRj2,,"String Quartet No.15 in A minor, Op.132: 3. Heiliger Dankgesang e.Genesenden an die Gottheit, in der lydischen Tonart.Molto adagio -. Andante - Molto adagio - Andante - Molto adagio.",0,"Ludwig van Beethoven,Takács Quartet",Beethoven: String Quartets Vol.3 (3 CDs),0.821,0.106,1030760,0.0154,0.454,0,0.069,-30.199,1,0.0472,85.047,0.0433
classical,String Quartet 101,37i9dQZF1DXbrSeoLHavML,4Et5ML6PGUMcCJn59QEPEd,spotify:track:4Et5ML6PGUMcCJn59QEPEd,https://p.scdn.co/mp3-preview/abee1ddc4a3d8aacd86218af08ad35e009405e53?cid=63a77ff40e794a12ae216a18befde98c,"String Quartet in D Minor, Op. posth. D.810 ""Death and the Maiden"": IV. Presto",30,"Franz Schubert,Jerusalem Quartet",Schubert: Der Tod und das Mädchen,0.935,0.399,543200,0.121,0.628,2,0.108,-16.978,0,0.0406,91.07,0.209
classical,String Quartet 101,37i9dQZF1DXbrSeoLHavML,7fdBOlfKncyhDNaAhMncmw,spotify:track:7fdBOlfKncyhDNaAhMncmw,,"String Quartet No.1 In C Minor, Op.51 No.1: 2. Romanze (Poco adagio) - 2007 Recording",17,"Johannes Brahms,Emerson String Quartet",Brahms: String Quartets & Piano Quintet,0.97,0.159,389013,0.0331,0.362,8,0.127,-27.129,1,0.0454,85.456,0.0552
classical,String Quartet 101,37i9dQZF1DXbrSeoLHavML,7xVe34ISJHMWoMQm2pthok,spotify:track:7xVe34ISJHMWoMQm2pthok,https://p.scdn.co/mp3-preview/3557d4961e15344a97f81f26ab8966d42acb8dbc?cid=63a77ff40e794a12ae216a18befde98c,"String Quartet in G Minor, Op.10: Animé et très décidé",37,"Claude Debussy,Belcea Quartet","Debussy, Dutilleux & Ravel: String Quartets",0.959,0.286,381067,0.115,0.82,3,0.0644,-20.152,1,0.0509,111.78,0.0951
classical,String Quartet 101,37i9dQZF1DXbrSeoLHavML,1CA5IRs7tPWlrfozSL0MKE,spotify:track:1CA5IRs7tPWlrfozSL0MKE,https://p.scdn.co/mp3-preview/49e812ef299199047dfe261b19707ada35b46b48?cid=63a77ff40e794a12ae216a18befde98c,"String Quartet, Op. 11: II. Molto adagio",44,"Samuel Barber,Ying Quartet",American Anthem,0.923,0.1,412155,0.039,0.876,10,0.103,-26.611,0,0.0469,89.603,0.0322
classical,String Quartet 101,37i9dQZF1DXbrSeoLHavML,42aHvPABiBgHHSuWaMlAJx,spotify:track:42aHvPABiBgHHSuWaMlAJx,https://p.scdn.co/mp3-preview/38df7ef350a10c027ddd10d0eda2365d78d7f129?cid=63a77ff40e794a12ae216a18befde98c,Sepia Fragments,22,"Derek Charke,St. Lawrence String Quartet",Sea to Sea,0.969,0.207,797707,0.132,0.438,7,0.253,-21.249,1,0.0481,86.495,0.0703
classical,String Quartet 101,37i9dQZF1DXbrSeoLHavML,2far71bKJ98Ks6DK7yxV7f,spotify:track:2far71bKJ98Ks6DK7yxV7f,https://p.scdn.co/mp3-preview/eed05aa63a1c3e51e98f9e191109fa18a806e569?cid=63a77ff40e794a12ae216a18befde98c,"String Quartet No.1 in E Minor (""From My Life""): String Quartet No.1 in E Minor (""From My Life""): IV. Finale: Vivace",23,"Bedřich Smetana,Tokyo String Quartet",Dvořák: Quartet No.12 - Smetana: Quartet No.1,0.945,0.426,344292,0.216,0.394,11,0.313,-19.69,1,0.0574,128.015,0.102
classical,String Quartet 101,37i9dQZF1DXbrSeoLHavML,6A0PC9wNdn0xvBIKnzVkRh,spotify:track:6A0PC9wNdn0xvBIKnzVkRh,https://p.scdn.co/mp3-preview/2c9231c6f5e500389d934b097ecb0ed0216e8346?cid=63a77ff40e794a12ae216a18befde98c,G Song,31,"Terry Riley,Kronos Quartet",Sunrise of the Planetary Dream Collector,0.964,0.309,579293,0.224,0.866,7,0.335,-20.977,0,0.0422,108.61,0.452
classical,String Quartet 101,37i9dQZF1DXbrSeoLHavML,46D9iC7b5NEqjw3ijgJVcf,spotify:track:46D9iC7b5NEqjw3ijgJVcf,,"The Art Of Fugue, BWV 1080: Contrapunctus 14",0,"Johann Sebastian Bach,Keller Quartett",Cantante E Tranquillo,0.945,0.143,630093,0.044,0.778,2,0.102,-23.139,0,0.0387,101.38,0.0486
classical,String Quartet 101,37i9dQZF1DXbrSeoLHavML,1XCZpT1N99FvmHtfZxBFoW,spotify:track:1XCZpT1N99FvmHtfZxBFoW,https://p.scdn.co/mp3-preview/ca1da8c34dfdb41415bc843324af783bf1c343dd?cid=63a77ff40e794a12ae216a18befde98c,The Wind in High Places: II. Maclaren Summit,20,"John Luther Adams,JACK Quartet",The Wind in High Places,0.986,0.204,295640,0.083,0.783,7,0.0821,-22.769,1,0.121,53.716,0.174
classical,String Quartet 101,37i9dQZF1DXbrSeoLHavML,2LOqH2a42gdMiHINgF45xc,spotify:track:2LOqH2a42gdMiHINgF45xc,https://p.scdn.co/mp3-preview/6fb77c86d64993c5a976ac8a61ad2f547bf56a32?cid=63a77ff40e794a12ae216a18befde98c,Summa,20,"Arvo Pärt,Chilingirian Quartet",Tavener : The last sleep of the Virgin & Thunder entered her,0.994,0.235,274053,0.0738,0.835,4,0.337,-23.196,0,0.0632,116.315,0.184
classical,String Quartet 101,37i9dQZF1DXbrSeoLHavML,4AP07Dho717JM5MgHRySQ8,spotify:track:4AP07Dho717JM5MgHRySQ8,https://p.scdn.co/mp3-preview/7d59f75500604a22c19b9806149feaa41e53579a?cid=63a77ff40e794a12ae216a18befde98c,"String Quartet No. 3 ""Mishima"": VI. Mishima / Closing",21,"Philip Glass,Brooklyn Rider",Brooklyn Rider Plays Philip Glass,0.874,0.314,207640,0.195,0.933,0,0.109,-13.025,0,0.0397,123.392,0.0978
classical,String Quartet 101,37i9dQZF1DXbrSeoLHavML,5lSrktpC65incAVqK04DQg,spotify:track:5lSrktpC65incAVqK04DQg,https://p.scdn.co/mp3-preview/ab4c393d7970275453fa4943429d0573364b52c2?cid=63a77ff40e794a12ae216a18befde98c,Sonata a quattro No. 4: I. Largo,18,"Alessandro Scarlatti,Armida Quartett",Armida Quartett: Fuga Magna,0.972,0.25,201667,0.0269,0.0288,2,0.0892,-22.489,0,0.0437,64.14,0.186
classical,String Quartet 101,37i9dQZF1DXbrSeoLHavML,4h3CfCPUsM2cQooxqU4QJA,spotify:track:4h3CfCPUsM2cQooxqU4QJA,https://p.scdn.co/mp3-preview/c736944c1b5411d006395ea4dfd6d38294d91091?cid=63a77ff40e794a12ae216a18befde98c,Concerto à 4 No. 1 in G Minor: III. Allegro,20,"Baldassare Galuppi,Aglaia Ensemble",Galuppi: Concerti à 4,0.946,0.404,190907,0.123,0.192,11,0.0737,-19.946,0,0.0368,84.269,0.115
classical,String Quartet 101,37i9dQZF1DXbrSeoLHavML,3T8obANgeagQSa40KwjCXG,spotify:track:3T8obANgeagQSa40KwjCXG,,"String Quartet in B-Flat Major, Op. 5, No. 2: III. Fugato: Presto",0,"Franz Xaver Richter,Rincontro Quartet",Richter: String Quartets Nos. 1-3 / Mozart: Bach Transcriptions for String Quartet,0.934,0.415,333533,0.122,0.0178,9,0.121,-17.701,1,0.0418,147.023,0.421
classical,String Quartet 101,37i9dQZF1DXbrSeoLHavML,0R2qyLsZ2RGLTVuWYqaRWS,spotify:track:0R2qyLsZ2RGLTVuWYqaRWS,https://p.scdn.co/mp3-preview/1f411d750986a71c4999f1b6da041b72c9d07c85?cid=63a77ff40e794a12ae216a18befde98c,Langsamer Satz,21,"Anton Webern,Novus Quartet","Webern, Beethoven, Yun",0.776,0.13,571013,0.123,0.15,3,0.125,-19.052,1,0.0426,90.392,0.0379
classical,String Quartet 101,37i9dQZF1DXbrSeoLHavML,4MafcjCchkKwvkJjTpxrAn,spotify:track:4MafcjCchkKwvkJjTpxrAn,https://p.scdn.co/mp3-preview/8aca5b7249528aef933bf1a1ec4287936dbe80d2?cid=63a77ff40e794a12ae216a18befde98c,String Quartet No. 5: I. Poco Andantino - Un poco vivo - Tempo Primo - Lento - Allegro vivace - Vivo - Presto,17,"Heitor Villa-Lobos,Cuarteto Latinoamericano","Villa-Lobos, H.: The Complete String Quartets",0.974,0.375,357133,0.0906,0.367,7,0.0904,-18.977,1,0.0449,134.8,0.208
classical,String Quartet 101,37i9dQZF1DXbrSeoLHavML,6ILkT7M5vfKCN869KBlkZj,spotify:track:6ILkT7M5vfKCN869KBlkZj,,String Quartet No.2 in D: 3. Notturno,40,"Alexander Borodin,Borodin Quartet",The Essential Borodin,0.92,0.146,486500,0.0841,0.495,9,0.0825,-22.412,1,0.0474,76.471,0.117
classical,String Quartet 101,37i9dQZF1DXbrSeoLHavML,56BcBiLOFppjuYs1cerKq8,spotify:track:56BcBiLOFppjuYs1cerKq8,https://p.scdn.co/mp3-preview/d1d9bf9fed9f15a60979d635529f4895c8a428aa?cid=63a77ff40e794a12ae216a18befde98c,String Quartet No. 2: III. The Call of the Mountains,16,"Charles Ives,Schumann Quartett","Mozart, Ives & Verdi: String Quartets",0.844,0.116,662507,0.126,0.664,7,0.0824,-16.393,1,0.0421,84.534,0.0331
classical,String Quartet 101,37i9dQZF1DXbrSeoLHavML,73wwn5fLy8E1pF5dGZs6Uf,spotify:track:73wwn5fLy8E1pF5dGZs6Uf,https://p.scdn.co/mp3-preview/9e9eacd575d1001eaf49c556d9c47b8b0e06472b?cid=63a77ff40e794a12ae216a18befde98c,"String Quartet No. 2 ""Intimate Letters"": String Quartet No. 2 ""Intimate Letters"": IV. Allegro. Andante. Adagio",18,"Leoš Janáček,Melos Quartet",Janacek: String Quartets Nos. 1 & 2,0.906,0.285,458667,0.135,0.494,8,0.0615,-16.825,0,0.0444,98.123,0.0569
classical,String Quartet 101,37i9dQZF1DXbrSeoLHavML,1KUcR1e2O9gVADu9ZNxR86,spotify:track:1KUcR1e2O9gVADu9ZNxR86,https://p.scdn.co/mp3-preview/841e751071ca05e29755029e34f6629754d8dbea?cid=63a77ff40e794a12ae216a18befde98c,Lament in the Trampled Garden,16,"Marjan Mozetich,Penderecki String Quartet","Mozetich, M.: Lament in the Trampled Garden",0.819,0.148,782053,0.118,0.731,0,0.0796,-24.505,0,0.0464,62.699,0.0395
classical,String Quartet 101,37i9dQZF1DXbrSeoLHavML,5HYG60fey9HTm9HgRsVn5M,spotify:track:5HYG60fey9HTm9HgRsVn5M,https://p.scdn.co/mp3-preview/c001da98b27bebd6773f35da0dbd41425b08c794?cid=63a77ff40e794a12ae216a18befde98c,"Suite del Angel (Angel Suite) for String Quartet: Introduccion al Angel - Tango, moderato",20,Artemis Quartet,The Piazzolla Project,0.924,0.112,296440,0.0937,0.861,1,0.111,-19.557,1,0.0374,83.785,0.0945
classical,String Quartet 101,37i9dQZF1DXbrSeoLHavML,1yPP0toSGdg4yW5Cj7Ry1x,spotify:track:1yPP0toSGdg4yW5Cj7Ry1x,https://p.scdn.co/mp3-preview/b605c8004548cb078eca5adf6c0318663847a722?cid=63a77ff40e794a12ae216a18befde98c,Waltz after Lasse in Lyby,26,"Traditional,Rune Tonsgaard Sorensen,Frederik Oland,Fredrik Schøyen Sjölin,Asbjorn Norgaard,Danish String Quartet",Wood Works,0.904,0.106,282560,0.0661,0.00434,5,0.169,-18.206,1,0.043,79.412,0.0607
classical,String Quartet 101,37i9dQZF1DXbrSeoLHavML,6X0FcYT6LJUgLx6gV8oYRf,spotify:track:6X0FcYT6LJUgLx6gV8oYRf,https://p.scdn.co/mp3-preview/f8169722f42033c08ea1df4f89dbafe7492762bb?cid=63a77ff40e794a12ae216a18befde98c,String Quartet No. 4: V,25,"Michael Nyman,Camilli String Quartet",String Quartet No.4; Three Quartets,0.944,0.613,182493,0.512,0.887,5,0.17,-13.168,1,0.0445,149.375,0.783
classical,String Quartet 101,37i9dQZF1DXbrSeoLHavML,4aGH0n6lQgzDb4jfP4RpkB,spotify:track:4aGH0n6lQgzDb4jfP4RpkB,https://p.scdn.co/mp3-preview/e28d2f94cd496a155df7f333b88a6bd2fa1df32a?cid=63a77ff40e794a12ae216a18befde98c,Tenebrae (version for string quartet),28,"Osvaldo Golijov,Avalon String Quartet",Illuminations,0.96,0.184,763557,0.0402,0.536,0,0.114,-27.191,1,0.0464,122.154,0.0377
classical,String Quartet 101,37i9dQZF1DXbrSeoLHavML,2je9YSXkL1nblbC59YKYNX,spotify:track:2je9YSXkL1nblbC59YKYNX,https://p.scdn.co/mp3-preview/50a945fabc59713e3cb9b282c2146f2ad649bd12?cid=63a77ff40e794a12ae216a18befde98c,"String Quartet No. 5, Sz.102: String Quartet No. 5, Sz.102: I. Allegro",17,"Béla Bartók,Arcanto Quartett",Bartók: String Quartets No.5 & 6,0.967,0.393,458960,0.222,0.854,8,0.0609,-14.254,0,0.0412,128.87,0.156
classical,String Quartet 101,37i9dQZF1DXbrSeoLHavML,6bTGsOWBcuPc7cNTT2EWiQ,spotify:track:6bTGsOWBcuPc7cNTT2EWiQ,https://p.scdn.co/mp3-preview/90662f4247b9f8e5c1af988940855065f7d319b5?cid=63a77ff40e794a12ae216a18befde98c,"String Quartet No. 2 in F Major, Op. 92: II. Adagio",14,"Sergei Prokofiev,Kopelman Quartet",Shostakovich & Prokofiev: String Quartets,0.949,0.267,458800,0.0461,0.335,9,0.108,-23.314,0,0.0433,105.651,0.0973
classical,String Quartet 101,37i9dQZF1DXbrSeoLHavML,6bwkFsnEgY0jJ4msUKWok7,spotify:track:6bwkFsnEgY0jJ4msUKWok7,https://p.scdn.co/mp3-preview/110a932ae5e67ad990f95244eb39f95f87640a43?cid=63a77ff40e794a12ae216a18befde98c,"String Quartet, ""1931"": III. Andante",14,"Ruth Crawford Seeger,Pacifica Quartet",Crawford / Hindemith / Janacek: String Quartets,0.973,0.0712,257280,0.0169,0.35,1,0.0731,-26.569,1,0.0496,77.78,0.0311
classical,String Quartet 101,37i9dQZF1DXbrSeoLHavML,6nxinu2FAcwQveJkJRoS1t,spotify:track:6nxinu2FAcwQveJkJRoS1t,https://p.scdn.co/mp3-preview/06157a50e5b1ed6db82c13894946a4ff0e852b94?cid=63a77ff40e794a12ae216a18befde98c,String Quartet No. 2: V. Allegro con delicatezza,13,"György Ligeti,Parker Quartet","Ligeti, G.: String Quartets",0.414,0.0682,323333,0.0271,0.0114,10,0.245,-41.963,0,0.0638,58.395,0.0473
classical,String Quartet 101,37i9dQZF1DXbrSeoLHavML,3EKtHDM9mPtnbsh8de5KEd,spotify:track:3EKtHDM9mPtnbsh8de5KEd,https://p.scdn.co/mp3-preview/f8cd4deef1cdabd68714fde9fde0bac070b3366f?cid=63a77ff40e794a12ae216a18befde98c,Different Trains: After The War,17,"Steve Reich,The Smith Quartet",Different Trains,0.95,0.322,628573,0.148,0.464,0,0.114,-21.468,0,0.0675,184.431,0.48
classical,String Quartet 101,37i9dQZF1DXbrSeoLHavML,0w7rkHe6mYXVUqROS977O2,spotify:track:0w7rkHe6mYXVUqROS977O2,https://p.scdn.co/mp3-preview/44d52df753ad36eec0a954faf633b5445c8e0dfc?cid=63a77ff40e794a12ae216a18befde98c,"Notturno (Quartetto III) ""Ihr das erschwiegene wort...""",12,"Luciano Berio,Alban Berg Quartett",Haydn/Berio - String Quartets,0.957,0.204,1369893,0.0136,0.0372,7,0.0835,-27.049,1,0.044,79.36,0.0395
classical,String Quartet 101,37i9dQZF1DXbrSeoLHavML,2BxxtO6XS7MScvXsPmBYRz,spotify:track:2BxxtO6XS7MScvXsPmBYRz,https://p.scdn.co/mp3-preview/eb0d1a9abf57f8c37decb5209052b0d950840b93?cid=63a77ff40e794a12ae216a18befde98c,A Way a Lone,12,"Toru Takemitsu,New Zealand String Quartet",Asian Music for String Quartet,0.865,0.132,703093,0.0558,0.0356,1,0.0969,-27.304,1,0.0514,77.867,0.0363
classical,String Quartet 101,37i9dQZF1DXbrSeoLHavML,27m564ZItQRwF0tknjrooG,spotify:track:27m564ZItQRwF0tknjrooG,https://p.scdn.co/mp3-preview/5bcd61b9ee90f62d41cf0965812e839d479b95e2?cid=63a77ff40e794a12ae216a18befde98c,The Hidden Treasure,11,"John Tavener,Steven Isserlis",Tavener - Svyati,0.865,0.0708,1531600,0.0137,0.0911,2,0.0643,-26.246,0,0.0542,74.791,0.0377
classical,String Quartet 101,37i9dQZF1DXbrSeoLHavML,4jaIcLz6wAcGCDAVnx4x6U,spotify:track:4jaIcLz6wAcGCDAVnx4x6U,https://p.scdn.co/mp3-preview/4faf361f14dcae5d2dacbf527e4b9164bb672872?cid=63a77ff40e794a12ae216a18befde98c,"Crossings: The Ascent, String Quartet No. 4, Amazing Grace",15,"Ben Johnston,Sharan Leventhal,Eric Segnitz,Brek Renzelman,Karl Lavine","Ben Johnston: String Quartets Nos. 2, 3, 4, & 9",0.887,0.15,634400,0.35,0.236,7,0.238,-11.579,1,0.0495,73.019,0.193
classical,String Quartet 101,37i9dQZF1DXbrSeoLHavML,5T3eVvvaORyrkXxFw2K9w0,spotify:track:5T3eVvvaORyrkXxFw2K9w0,https://p.scdn.co/mp3-preview/e02c662dfaaf4b0faceb1bdf8918711d9b7d7b68?cid=63a77ff40e794a12ae216a18befde98c,"String Quartet in F Major, Op. 44, FS 36: I. Allegro non tanto e comodo",11,"Carl Nielsen,Oslo Quartet","Nielsen, C.: String Quartets, Vol. 1",0.959,0.228,482533,0.071,0.766,6,0.145,-20.787,0,0.0414,74.397,0.131
classical,String Quartet 101,37i9dQZF1DXbrSeoLHavML,67pJ0XheO1vI7nJNKofuqB,spotify:track:67pJ0XheO1vI7nJNKofuqB,https://p.scdn.co/mp3-preview/ae99d437d420d7e0e3849c6a0f3e95ed509fcb56?cid=63a77ff40e794a12ae216a18befde98c,"String Quartet No. 3, Op. 30: II. Adagio",12,"Arnold Schoenberg,Fred Sherry String Quartet",Schoenberg: String Quartets Nos. 3 and 4 - Phantasy,0.97,0.27,526120,0.062,0.342,8,0.313,-23.712,1,0.0432,126.084,0.0381
classical,String Quartet 101,37i9dQZF1DXbrSeoLHavML,0JQMnf7uItT0eLS98qK2kL,spotify:track:0JQMnf7uItT0eLS98qK2kL,https://p.scdn.co/mp3-preview/bc2029c0088785202df1028575eb402c4b06dc53?cid=63a77ff40e794a12ae216a18befde98c,"String Quartet in D Minor, ‘Intimate Voices’ Op. 56: III. Adagio di molto",14,"Jean Sibelius,Ehnes Quartet",Death and the Maiden,0.928,0.114,671413,0.0974,0.599,5,0.0791,-19.822,1,0.0497,171.689,0.0366
classical,String Quartet 101,37i9dQZF1DXbrSeoLHavML,5RaV95V0Kw9Nwmn0ijEbci,spotify:track:5RaV95V0Kw9Nwmn0ijEbci,https://p.scdn.co/mp3-preview/0611c09ebe70b3359a95a89b3073e8ace3a93fe3?cid=63a77ff40e794a12ae216a18befde98c,"Serenade in G Major, ""Italienische Serenade"" (Italian Serenade)",13,"Hugo Wolf,Arabella Quartet",In the Moment: Short Pieces for String Quartet,0.95,0.396,395213,0.191,0.353,7,0.164,-20.833,1,0.0492,123.7,0.366
classical,String Quartet 101,37i9dQZF1DXbrSeoLHavML,6ITp4sykeMzy1gaKlAWFOT,spotify:track:6ITp4sykeMzy1gaKlAWFOT,https://p.scdn.co/mp3-preview/7633820ed51221afcaad618173b7c5d7d51732fe?cid=63a77ff40e794a12ae216a18befde98c,"String Quartet in A Minor, Op. 13: String Quartet in A Minor, Op. 13: I. Adagio - Allegro vivace",14,"Felix Mendelssohn,Tetzlaff Quartet","Mendelssohn: String Quartet in A Minor, Op. 13 - Berg: Lyric Suite",0.854,0.252,465286,0.144,0.206,9,0.101,-17.745,0,0.0521,76.71,0.0984
classical,String Quartet 101,37i9dQZF1DXbrSeoLHavML,4tZm66QU0GZxWrZPgF4u0n,spotify:track:4tZm66QU0GZxWrZPgF4u0n,https://p.scdn.co/mp3-preview/d5416e65db9d7073a14c4abc016d35cf0f980b19?cid=63a77ff40e794a12ae216a18befde98c,"Quatour à cordes No. 1, Op. 5: II. Intime, contenu",13,"Darius Milhaud,Galatea Quartet",Belle Epoque - French Works for String Quartet,0.947,0.179,315080,0.0145,0.00257,7,0.0585,-28.0,1,0.0475,111.569,0.0383
classical,String Quartet 101,37i9dQZF1DXbrSeoLHavML,5I290s0CuzQ7tTh3tA8OdS,spotify:track:5I290s0CuzQ7tTh3tA8OdS,https://p.scdn.co/mp3-preview/b7a2db12c9c5b450d3907251c3006c85a72423df?cid=63a77ff40e794a12ae216a18befde98c,3 Pieces for String Quartet: No. 3,11,"Igor Stravinsky,Goldner String Quartet",Szymanowski: String Quartets / Stravinsky: Concertino,0.969,0.103,253893,0.00216,0.00363,8,0.0706,-37.562,1,0.0453,86.893,0.0288
classical,String Quartet 101,37i9dQZF1DXbrSeoLHavML,7oURn3uUhPB1dqwEQcIiTf,spotify:track:7oURn3uUhPB1dqwEQcIiTf,https://p.scdn.co/mp3-preview/7a1424478edc36635f04c7bd20cd07b46df92b25?cid=63a77ff40e794a12ae216a18befde98c,String Quartet No. 2: IV. —,10,"Charles Wuorinen,Group for Contemporary Music",Wuorinen: String Sextet / String Quartet No. 2 / Piano Quintet / Divertimento,0.991,0.442,397987,0.316,0.355,2,0.119,-9.676,0,0.0408,124.211,0.0769
classical,String Quartet 101,37i9dQZF1DXbrSeoLHavML,541xQgpeXQOsw696DYlXn5,spotify:track:541xQgpeXQOsw696DYlXn5,https://p.scdn.co/mp3-preview/44c3b967bfb99faa38f57435ccc1254bb1a88d19?cid=63a77ff40e794a12ae216a18befde98c,Crisantemi,21,"Giacomo Puccini,Brodsky Quartet",In the South,0.965,0.0963,442893,0.015,0.217,6,0.1,-28.138,0,0.0523,54.531,0.0374
classical,String Quartet 101,37i9dQZF1DXbrSeoLHavML,4Jy9tXL0dBHtZC82KQOcEv,spotify:track:4Jy9tXL0dBHtZC82KQOcEv,,String Quartet in Four Parts: Quietly Flowing Along,0,"John Cage,LaSalle Quartet",Lutoslawski: String Quartet (1964) / Penderecki: Quartetto per archi (1960) / Mayuzumi: Prelude for String Quartet (1961) / Cage: String Quartet in Four Parts (1950),0.969,0.12,256067,0.00269,0.00895,9,0.119,-31.12,0,0.042,77.112,0.0399
classical,String Quartet 101,37i9dQZF1DXbrSeoLHavML,3kamLIfzME9af9LyFu7mJg,spotify:track:3kamLIfzME9af9LyFu7mJg,,"String Quartet No.8 in C minor, Op.110: 1. Largo",0,"Dmitri Shostakovich,Hagen Quartett","Shostakovich: String Quartets Nos. 3, 7 & 8",0.948,0.0987,294227,0.00365,0.03,7,0.0977,-34.495,1,0.0487,89.796,0.0332
classical,String Quartet 101,37i9dQZF1DXbrSeoLHavML,5btzUwR455XVLFp8TKLgon,spotify:track:5btzUwR455XVLFp8TKLgon,,"String Quartet No.2 'Hunting, Gathering': 3. Third Expedition",0,"Kevin Volans,Balanescu Quartet",Volans: String Quartets Nos.2 & 3,0.826,0.322,175250,0.00701,0.0114,10,0.285,-41.612,1,0.0382,105.461,0.201
classical,String Quartet 101,37i9dQZF1DXbrSeoLHavML,5q6UB0km8X63zsdNVnzm1f,spotify:track:5q6UB0km8X63zsdNVnzm1f,https://p.scdn.co/mp3-preview/45587e827d819f66ba70b7ce61886e96d476752a?cid=63a77ff40e794a12ae216a18befde98c,"Britten: String Quartet No. 3, Op. 94: V. Recitative and Passacaglia 'La Serenissima' (Slow)",12,"Benjamin Britten,Endellion String Quartet",Britten: String Quartets Nos 1-3 & 3 Divertimenti,0.879,0.188,570867,0.0301,0.427,6,0.311,-24.969,0,0.0451,104.469,0.0396
classical,String Quartet 101,37i9dQZF1DXbrSeoLHavML,1Aj2sSN30sq4UaqqEEGhTc,spotify:track:1Aj2sSN30sq4UaqqEEGhTc,https://p.scdn.co/mp3-preview/b58bcb7a4732e9c9d6f07e6dcafe22b7ab30dcc6?cid=63a77ff40e794a12ae216a18befde98c,"String Quartet No. 3 in C Major, Op. 16: I. Lebhaft und sehr energisch",10,"Paul Hindemith,Amar Quartet",Hindemith: Complete String Quartets,0.891,0.277,615747,0.259,0.842,4,0.103,-16.908,0,0.0482,124.735,0.0796
classical,String Quartet 101,37i9dQZF1DXbrSeoLHavML,72ioBgBFKUPg0Nh2liWMKh,spotify:track:72ioBgBFKUPg0Nh2liWMKh,https://p.scdn.co/mp3-preview/d460ac3dc084f3449835a253f9a8b2661893d6f4?cid=63a77ff40e794a12ae216a18befde98c,"String Quartet No. 2, ""musica instrumentalis"": I. Overture",10,"Aaron Jay Kernis,Jasper String Quartet",The Kernis Project: Beethoven,0.981,0.352,691293,0.188,0.729,10,0.085,-15.831,1,0.0483,97.408,0.242
classical,String Quartet 101,37i9dQZF1DXbrSeoLHavML,3N08MjugFuqHKcfxrlFkCs,spotify:track:3N08MjugFuqHKcfxrlFkCs,https://p.scdn.co/mp3-preview/ba6d3879602ceea9c664ae0e832388e76254aa39?cid=63a77ff40e794a12ae216a18befde98c,John's Book of Alleged Dances: Pavane: She's So Fine,13,"John Adams,Attacca Quartet",Fellow Traveler - The Complete String Quartet Works of John Adams,0.96,0.364,391227,0.0384,0.0699,5,0.0781,-24.029,1,0.0449,109.905,0.351
classical,String Quartet 101,37i9dQZF1DXbrSeoLHavML,6MuIlfUOPjUdWujl7ZGupD,spotify:track:6MuIlfUOPjUdWujl7ZGupD,https://p.scdn.co/mp3-preview/275fb2866b7d0b532231eb08560885e8cf049bb6?cid=63a77ff40e794a12ae216a18befde98c,Arcadiana: VI. O Albion,18,"Thomas Adès,Calder Quartet",The Twenty-Fifth Hour: The Chamber Music of Thomas Adès,0.843,0.165,206680,0.0011,0.0919,3,0.113,-42.512,1,0.0508,78.232,0.0381
classical,String Quartet 101,37i9dQZF1DXbrSeoLHavML,1MJ8Ry85GImx4LwChmfzDG,spotify:track:1MJ8Ry85GImx4LwChmfzDG,https://p.scdn.co/mp3-preview/0451d8f6b10449188bfe3a9e5b47740d5c5ed5fe?cid=63a77ff40e794a12ae216a18befde98c,An Exaltation of Larks,12,"Jennifer Higdon,Blair McMillen,Gary Graffman,Todd Palmer,The Lark Quartet",An Exaltation of Larks,0.973,0.267,965027,0.155,0.538,10,0.111,-17.652,0,0.0449,140.965,0.104
classical,String Quartet 101,37i9dQZF1DXbrSeoLHavML,13cbIXvRsotGo7rFRBwmZY,spotify:track:13cbIXvRsotGo7rFRBwmZY,https://p.scdn.co/mp3-preview/b1cbd337c80b62e0735e1c96be1d868ca9231026?cid=63a77ff40e794a12ae216a18befde98c,Chorale Fantasy,10,"Mohammed Fairouz,Borromeo String Quartet",Fairouz: Native Informant,0.902,0.144,343307,0.0617,0.627,0,0.135,-16.965,1,0.0454,76.686,0.101
classical,String Quartet 101,37i9dQZF1DXbrSeoLHavML,0FeODIInJrxspXdb6wJKog,spotify:track:0FeODIInJrxspXdb6wJKog,https://p.scdn.co/mp3-preview/2a938ae7ad948c42aeebffcb0110cb1a1d7c3160?cid=63a77ff40e794a12ae216a18befde98c,Kol Nidre,14,"John Zorn,Ilya Kaler,Perrin Yang,George Taylor,Steven Doane",Jewish String Quartets,0.742,0.0852,390067,0.0728,0.769,4,0.125,-27.684,1,0.0475,168.673,0.0345
classical,String Quartet 101,37i9dQZF1DXbrSeoLHavML,2gatPIMLujqL95kfUUugYm,spotify:track:2gatPIMLujqL95kfUUugYm,,String Quartet In E Minor: 1. Allegro,0,"Giuseppe Verdi,Amadeus Quartet",Verdi / Tchaikovsky / Smetana: String Quartets,0.955,0.377,454640,0.0866,0.173,7,0.0822,-21.203,1,0.0472,125.384,0.15
classical,String Quartet 101,37i9dQZF1DXbrSeoLHavML,0Boc6LyrGkqxtdLHpoMyD7,spotify:track:0Boc6LyrGkqxtdLHpoMyD7,https://p.scdn.co/mp3-preview/cea6a3c319b122d4a549fcb8447df2fd170748f4?cid=63a77ff40e794a12ae216a18befde98c,"String Quartet No. 1 in G Minor, Op. 27: II. Romanze: Andantino - Allegro agitato",12,"Edvard Grieg,The Engegård Quartet","Grieg, Thommessen & Sibelius: String Quartets",0.974,0.221,398067,0.0887,0.791,10,0.202,-24.362,1,0.0506,89.498,0.0567
classical,String Quartet 101,37i9dQZF1DXbrSeoLHavML,77C1wYpaQzPvTvw6MDg5aw,spotify:track:77C1wYpaQzPvTvw6MDg5aw,https://p.scdn.co/mp3-preview/2be89d090e7f5a4e05eea9e94971ba010798e252?cid=63a77ff40e794a12ae216a18befde98c,"String Quartet in D Major, M. 9: III. Larghetto",12,"César Franck,Fine Arts Quartet","Franck, C.: String Quartet in D Major / Piano Quintet in F Minor",0.922,0.131,618733,0.0914,0.592,6,0.129,-22.219,0,0.0422,91.226,0.038
classical,String Quartet 101,37i9dQZF1DXbrSeoLHavML,2hiBQK6N9qyfXEC4vwFdSh,spotify:track:2hiBQK6N9qyfXEC4vwFdSh,https://p.scdn.co/mp3-preview/8d72499f8cd8e37aac5f8c24efa8a6aca9846f69?cid=63a77ff40e794a12ae216a18befde98c,String Quartet Op. 58 No. 2 in E flat-Major: String Quartet Op. 58 No. 2 in E flat-Major: IV. Finale: Allegro vivo assai,22,"Luigi Boccherini,Talich Quartet","Boccherini, Haydn, Mendelssohn, Mica: 4 String Quartets",0.989,0.517,193360,0.112,0.843,3,0.122,-19.26,1,0.0476,143.991,0.519
classical,String Quartet 101,37i9dQZF1DXbrSeoLHavML,4Wr28Ded0IqqlHkltqRMrI,spotify:track:4Wr28Ded0IqqlHkltqRMrI,https://p.scdn.co/mp3-preview/407f594303938b91804813d6f5d0849574d86ffa?cid=63a77ff40e794a12ae216a18befde98c,"String Quartet No. 10, ""Hosttidlos"" (Harvest Timeless): Allegro fluente",10,"Per Nørgård,Kroger Quartet","Norgard, P.: String Quartets Nos. 7, 8, 9, 10",0.959,0.222,820400,0.0729,0.0812,3,0.104,-23.816,0,0.0465,78.039,0.0395
classical,String Quartet 101,37i9dQZF1DXbrSeoLHavML,3XNCXkhuVNS5gsVHE216nY,spotify:track:3XNCXkhuVNS5gsVHE216nY,https://p.scdn.co/mp3-preview/5926604130179abeb2a471c8953a30dc5b06fe86?cid=63a77ff40e794a12ae216a18befde98c,String Quartet No. 4: I. Andante - Allegro moderato,11,"Grażyna Bacewicz,Lutosławski Quartet","Bacewicz: Complete String Quartets, Vol. 2",0.896,0.144,550600,0.0227,0.485,5,0.105,-26.306,1,0.0463,69.606,0.0395
classical,String Quartet 101,37i9dQZF1DXbrSeoLHavML,4vi2ejGurmyM8rOaCeHhog,spotify:track:4vi2ejGurmyM8rOaCeHhog,,String Quartet No. 2,0,"Sofia Gubaidulina,Stamic Quartet",Gubaidulina: Complete String Quartets,0.983,0.144,491160,0.0377,0.435,2,0.117,-23.25,1,0.0455,77.341,0.031
classical,String Quartet 101,37i9dQZF1DXbrSeoLHavML,4in3FQ5XGH50rq7ij0Mw2p,spotify:track:4in3FQ5XGH50rq7ij0Mw2p,https://p.scdn.co/mp3-preview/646751c3ab819a8b883efe22c8b1851fbbb9e58a?cid=63a77ff40e794a12ae216a18befde98c,String Quartet op.121: String Quartet op.121: I. Allegro Moderato,10,"Gabriel Fauré,Quatuor Ysaÿe","Magnard, Fauré: String Quartets",0.988,0.19,392053,0.14,0.843,0,0.107,-18.336,1,0.0449,96.451,0.0599
classical,String Quartet 101,37i9dQZF1DXbrSeoLHavML,2LmMX32dnpPV7crPfhBwq9,spotify:track:2LmMX32dnpPV7crPfhBwq9,,"String Quartet No. 1, Op.20: 3. Calmo e poetico",4,"Alberto Ginastera,Simón Bolívar String Quartet",Ginastera / Dvorak / Shostakovich,0.876,0.0737,534133,0.0356,0.659,9,0.0822,-26.06,1,0.0574,79.065,0.0278
classical,String Quartet 101,37i9dQZF1DXbrSeoLHavML,3aS1ZjRZDqEVgSUoGDCl2P,spotify:track:3aS1ZjRZDqEVgSUoGDCl2P,https://p.scdn.co/mp3-preview/f555fcca93d945b9334d64a3a71d0a3977011e3f?cid=63a77ff40e794a12ae216a18befde98c,String Quartet No. 3: I. Andante,11,"Alfred Schnittke,Tale Quartet",Schnittke: String Quartets Nos. 1-3,0.946,0.195,310320,0.0263,0.89,7,0.231,-22.896,1,0.039,104.302,0.0347
classical,String Quartet 101,37i9dQZF1DXbrSeoLHavML,0m9AmPJe7869PpcOVb3QCA,spotify:track:0m9AmPJe7869PpcOVb3QCA,https://p.scdn.co/mp3-preview/3c33696f8e47dc8569e48c00d8a32db789a0bf48?cid=63a77ff40e794a12ae216a18befde98c,Tri jezdci (Three Horsemen),10,"Bohuslav Martinů,Martinů Quartet",Martinu: String Quartets Nos. 1 and 2 / Three Horsemen,0.955,0.357,717600,0.133,0.558,7,0.118,-17.912,1,0.0447,113.216,0.156
classical,String Quartet 101,37i9dQZF1DXbrSeoLHavML,0HhPRGm0XJZF83JKuacAFD,spotify:track:0HhPRGm0XJZF83JKuacAFD,https://p.scdn.co/mp3-preview/2954b8dea83bc8226b361f528e2982345d4cae64?cid=63a77ff40e794a12ae216a18befde98c,String Quartet in A Minor: III. Lento,10,"William Walton,Gabrieli String Quartet",Walton: String Quartets,0.981,0.114,599333,0.0184,0.724,5,0.0577,-30.073,1,0.0465,93.508,0.0354
classical,String Quartet 101,37i9dQZF1DXbrSeoLHavML,1e5LIneNoJTaDzApzLyshB,spotify:track:1e5LIneNoJTaDzApzLyshB,https://p.scdn.co/mp3-preview/dd87ca877ba3376f87d085de986c8ca976385784?cid=63a77ff40e794a12ae216a18befde98c,"String Quartet No. 3, Op. 208, No. 1: I. Andante - Adagio",11,"Alan Hovhaness,Shanghai Quartet","Hovhaness, A.: 4 Bagatelles / String Quartet Nos. 1-4 / Zhou, L.: Song of the Ch'In ( Spirit Murmur)",0.89,0.0884,482933,0.0755,0.829,8,0.319,-28.399,1,0.0456,169.282,0.0337
classical,String Quartet 101,37i9dQZF1DXbrSeoLHavML,0l48h8nqqhDOBvC3FyTY01,spotify:track:0l48h8nqqhDOBvC3FyTY01,https://p.scdn.co/mp3-preview/b5288be66fef8dd1bb5b561637def8ed19c8a817?cid=63a77ff40e794a12ae216a18befde98c,Ainsi la nuit: I. Nocturne - II. Miroir d'espace - III. Litanies,10,"Henri Dutilleux,Ludwig Quartet","Berg, A.: Lyric Suite / Dutilleux, H.: Ainsi La Nuit / Webern, A.: Langsamer Satz",0.883,0.294,466427,0.0493,0.0242,7,0.123,-24.318,1,0.0581,133.112,0.0668
classical,String Quartet 101,37i9dQZF1DXbrSeoLHavML,4Pm6RdKWwhdisexdLAhxJ3,spotify:track:4Pm6RdKWwhdisexdLAhxJ3,https://p.scdn.co/mp3-preview/084a99fb30d520e41b1cf6e5581358df1c1cf6c3?cid=63a77ff40e794a12ae216a18befde98c,String Quartet No. 1 (1951): I. Fantasia: Maestoso (quarter note=72) {m.1} *,11,"Elliott Carter,Juilliard String Quartet",Carter: The Five String Quartets,0.959,0.245,572067,0.167,0.752,8,0.138,-18.363,1,0.0431,173.683,0.193
classical,String Quartet 101,37i9dQZF1DXbrSeoLHavML,2y9DTUX8lwccOoNiLcVRfd,spotify:track:2y9DTUX8lwccOoNiLcVRfd,,Quartet Euphometric,0,"Henry Cowell,Colorado String Quartet",Henry Cowell: Mosaic,0.937,0.285,129293,0.125,0.877,7,0.0796,-17.879,1,0.0389,115.058,0.0401
classical,String Quartet 101,37i9dQZF1DXbrSeoLHavML,36DODn8MEImurnnbmWS0fl,spotify:track:36DODn8MEImurnnbmWS0fl,https://p.scdn.co/mp3-preview/fdb1b307b3ca5e995d282e7649f844ebe4529d5b?cid=63a77ff40e794a12ae216a18befde98c,"String Quartet No. 2, Op. 56: I. Moderato dolce e tranquillo",10,"Karol Szymanowski,Schoenberg Quartet",Janacek: String Quartets Nos. 1 and 2 / Szymanowski: String Quartets Nos. 1 and 2,0.945,0.13,434640,0.0243,0.354,4,0.11,-31.412,0,0.0426,92.415,0.0387
classical,String Quartet 101,37i9dQZF1DXbrSeoLHavML,2L67LWnR22Q9JPtadjnipH,spotify:track:2L67LWnR22Q9JPtadjnipH,,"String Quartet No. 3, Op. 15: II. Lento ma na non troppo e poco rubato",0,"Pavel Haas,Pavel Haas Quartet",Janáček: String Quartet No. 1 / Haas: String Quartets Nos 1 & 3,0.964,0.184,370440,0.0501,0.51,0,0.0743,-24.724,1,0.0448,80.216,0.0684
classical,String Quartet 101,37i9dQZF1DXbrSeoLHavML,7xM1RTbKKKu2jw4T3s8s4f,spotify:track:7xM1RTbKKKu2jw4T3s8s4f,,String Quartet No. 1 in E-Flat Major: I. Adagio - Allegro agitato,0,"Luigi Cherubini,David Quartet",Cherubini: String Quartets Nos. 1 in E-Flat Major and 2 in C Major,0.965,0.383,718360,0.144,0.767,3,0.0844,-17.134,1,0.0436,97.644,0.264
classical,String Quartet 101,37i9dQZF1DXbrSeoLHavML,2m6042H20lOWojKlsLF9Uf,spotify:track:2m6042H20lOWojKlsLF9Uf,https://p.scdn.co/mp3-preview/6961ef9af9a91cae1fe805c304965fa0da71c277?cid=63a77ff40e794a12ae216a18befde98c,"String Quartet in C Minor, Op. 35: II. Tres calme",12,"Ernest Chausson,Doric String Quartet","Chausson: Concert for Violin, Piano and String Quartet - String Quartet",0.917,0.134,439400,0.0238,0.304,1,0.112,-25.445,1,0.0458,98.311,0.0345
classical,String Quartet 101,37i9dQZF1DXbrSeoLHavML,7rzAckMFKeIItyYRvtYPnf,spotify:track:7rzAckMFKeIItyYRvtYPnf,https://p.scdn.co/mp3-preview/85a080679e346933d8b0214b27454df25d268b13?cid=63a77ff40e794a12ae216a18befde98c,"String Quartet in A Minor, Op. 41 No. 1: String Quartet in A Minor, Op. 41 No. 1: II. Scherzo (Presto - Intermezzo)",11,"Robert Schumann,Eroica Quartet","Schumann: String Quartets, Op. 41",0.939,0.42,238227,0.192,0.897,9,0.116,-21.742,0,0.0539,130.097,0.483
classical,String Quartet 101,37i9dQZF1DXbrSeoLHavML,4vqpDRpbfMyVEHwujtC6Da,spotify:track:4vqpDRpbfMyVEHwujtC6Da,https://p.scdn.co/mp3-preview/45d7ef2e7e811653c20cfd902e4f7e599e59623c?cid=63a77ff40e794a12ae216a18befde98c,String Quartet No. 3 in E-Flat Major: IV. Presto agitato,19,"Juan Crisóstomo Arriaga,Camerata Boccherini",Arriaga: String Quartets (Complete),0.956,0.369,378013,0.0629,0.745,3,0.0926,-23.353,1,0.0527,85.58,0.264
classical,String Quartet 101,37i9dQZF1DXbrSeoLHavML,0jusfwN6EO3oVp5x3TD68g,spotify:track:0jusfwN6EO3oVp5x3TD68g,,"String Quartet, No. 4: I. Elegy",0,"Pēteris Vasks,Spīķeru String Quartet","Vasks: String Quartets 1, 3 & 4",0.786,0.0767,490253,0.00894,0.148,9,0.0691,-32.454,1,0.0564,80.267,0.0309
classical,String Quartet 101,37i9dQZF1DXbrSeoLHavML,2uSXzPDf5SjjlUSwFHUWJf,spotify:track:2uSXzPDf5SjjlUSwFHUWJf,https://p.scdn.co/mp3-preview/3394d3876a4347942e28ab584e713caf4f92bef2?cid=63a77ff40e794a12ae216a18befde98c,String Quartet: I. Serene,11,"Judith Weir,Kreutzer Quartet",Kreutzer Quartet: Northern Lights (British String Quartets),0.988,0.222,316480,0.0299,0.421,0,0.0745,-26.7,0,0.0421,129.122,0.0374
classical,String Quartet 101,37i9dQZF1DXbrSeoLHavML,0zffZ8fShyUwmsKeYzhxO5,spotify:track:0zffZ8fShyUwmsKeYzhxO5,https://p.scdn.co/mp3-preview/4085f6fcfdf285d49c05f426207011fa90ffd9f9?cid=63a77ff40e794a12ae216a18befde98c,"String Quartet in E Minor, Op. 83: I. Allegro moderato",10,"Edward Elgar,Villiers Quartet",Delius & Elgar: String Quartets,0.948,0.217,537600,0.0812,0.196,4,0.108,-20.307,0,0.0447,81.573,0.0435
classical,String Quartet 101,37i9dQZF1DXbrSeoLHavML,63cxBY9KhKWDTMK91W72cv,spotify:track:63cxBY9KhKWDTMK91W72cv,https://p.scdn.co/mp3-preview/0d236d4a71d957070dcdd7ed0733bb0a79604119?cid=63a77ff40e794a12ae216a18befde98c,Naxos Quartet No. 9: II. Largo flessibile,9,"Peter Maxwell Davies,Maggini Quartet","Maxwell Davies, P.: Naxos Quartets Nos. 9 and 10",0.931,0.155,643347,0.0259,0.216,0,0.0764,-23.07,0,0.0458,83.485,0.0351
classical,String Quartet 101,37i9dQZF1DXbrSeoLHavML,3g39uycXmm8HMbZqEhJtU5,spotify:track:3g39uycXmm8HMbZqEhJtU5,https://p.scdn.co/mp3-preview/98ee1cdda414d0f7119f9da7998310ddf13b01d9?cid=63a77ff40e794a12ae216a18befde98c,String Quartet No. 1 in A Minor: I. Allegro,11,"Ernest John Moeran,Melbourne Quartet",Moeran: String Quartet No. 1 / Fantasy Quartet / Violin Sonata in E Minor,0.97,0.196,569520,0.154,0.711,2,0.192,-17.83,1,0.0406,96.492,0.192
classical,String Quartet 101,37i9dQZF1DXbrSeoLHavML,6KOv6QCAjRwLdwWNFsOB9n,spotify:track:6KOv6QCAjRwLdwWNFsOB9n,https://p.scdn.co/mp3-preview/09231bfce4e7f51b20a24c4142760ed5d5cdde3f?cid=63a77ff40e794a12ae216a18befde98c,"6 Moments musicaux, Op. 44: No. 6. Les adieux (in Janaceks manier)",10,"György Kurtág,Athena String Quartet",Kurtag: Complete Works for String Quartet,0.85,0.151,182453,0.00445,2.45e-06,5,0.119,-28.869,1,0.0359,98.736,0.0336
classical,String Quartet 101,37i9dQZF1DXbrSeoLHavML,5y8T9i6vyARokTRWICspTc,spotify:track:5y8T9i6vyARokTRWICspTc,https://p.scdn.co/mp3-preview/25817cf0619830f127b129e0e276fb2544654bc2?cid=63a77ff40e794a12ae216a18befde98c,"String Quartet No. 2, ""Reflejos de la noche""",9,"Mario Lavista,Cuarteto Latinoamericano",Lavista: Complete String Quartets,0.936,0.2,644093,0.0848,0.83,7,0.294,-31.352,1,0.051,112.827,0.0915
classical,String Quartet 101,37i9dQZF1DXbrSeoLHavML,21xi7ED2V7n1VUIPaPZFqK,spotify:track:21xi7ED2V7n1VUIPaPZFqK,https://p.scdn.co/mp3-preview/a68f7231efa669f41515143d960d6adae9e2a2d0?cid=63a77ff40e794a12ae216a18befde98c,"String Quartet No. 3, ""Angels' Music"": Angels' Music",9,"Bent Sørensen,Arditti Quartet",Rasmussen / Sorensen: Arditti String Quartet,0.789,0.146,1015200,0.0417,0.00652,7,0.342,-28.606,0,0.0529,75.717,0.0373
classical,String Quartet 101,37i9dQZF1DXbrSeoLHavML,1k9ZjQyA1MVHBlLlawJGJZ,spotify:track:1k9ZjQyA1MVHBlLlawJGJZ,https://p.scdn.co/mp3-preview/2f953ad9fad694993d767dc39fef0240e394c3c5?cid=63a77ff40e794a12ae216a18befde98c,"String Quartet No. 13 in A Minor, Op. 86: I. Moderato",10,"Nikolai Myaskovsky,Taneyev Quartet","Myaskovsky: Complete String Quartets, Vol. 5: Nos. 12 & 13",0.975,0.265,413333,0.207,0.0967,5,0.0794,-14.792,1,0.0462,99.58,0.152
classical,String Quartet 101,37i9dQZF1DXbrSeoLHavML,4LZ62YfyuZ9wrpqbweXC3R,spotify:track:4LZ62YfyuZ9wrpqbweXC3R,https://p.scdn.co/mp3-preview/62d4da1c965872e5a9a8e318eee19c2afc38eba5?cid=63a77ff40e794a12ae216a18befde98c,"Quatuor No. 2, Op. 64 ""Quasi una Fantasia"": Decisio - Energico - Marcatissimo sempre - Tranquillo",13,"Henryk Górecki,Quatuor Debussy",Boxe Boxe,0.97,0.518,357007,0.324,0.747,2,0.0919,-15.498,1,0.0815,139.131,0.0372
classical,String Quartet 101,37i9dQZF1DXbrSeoLHavML,2ylBFnrrPsTVwuXOWEe7pz,spotify:track:2ylBFnrrPsTVwuXOWEe7pz,https://p.scdn.co/mp3-preview/e1435c28d890bca8289e374fdb698a7f88f9a29e?cid=63a77ff40e794a12ae216a18befde98c,Lyric Suite: I. Allegretto gioviale,10,"Alban Berg,Cecilia String Quartet",Amoroso: Janáček: Quartet No. 1 - Berg: Lyric Suite - Webern: Langsamer Satz,0.98,0.261,188893,0.143,0.907,1,0.0988,-19.447,1,0.0437,86.922,0.15
classical,String Quartet 101,37i9dQZF1DXbrSeoLHavML,0S6LoTyrLKrNC2mZFAx88V,spotify:track:0S6LoTyrLKrNC2mZFAx88V,,Quatuor No 1 in C Major Op. 3: Allegro Moderato,0,"Hyacinthe Jadin,Quatuor Mosaïques",Jadin: Quatuors,0.859,0.296,569040,0.147,0.764,7,0.257,-20.55,1,0.0472,135.091,0.12
classical,String Quartet 101,37i9dQZF1DXbrSeoLHavML,6NJikVKDHBZRp6SGJQz4QJ,spotify:track:6NJikVKDHBZRp6SGJQz4QJ,https://p.scdn.co/mp3-preview/68f14150abb3de3c24b69e42d612fe5c7c6691c0?cid=63a77ff40e794a12ae216a18befde98c,String Quartet in E-Flat Major: II. Allegretto,13,"Fanny Mendelssohn,Merel Quartet",Strings Quartets by Felix & Fanny Mendelssohn,0.925,0.409,219240,0.184,0.701,0,0.0562,-18.377,1,0.0387,147.719,0.456
classical,String Quartet 101,37i9dQZF1DXbrSeoLHavML,2PEWEUbcpGduw5XanfgVz3,spotify:track:2PEWEUbcpGduw5XanfgVz3,https://p.scdn.co/mp3-preview/16aca34ddad5f774247076811f1e0bab30cf5e2d?cid=63a77ff40e794a12ae216a18befde98c,"String Quartet No. 4, Op. 25, ""Suite"": III. Adagietto: Adagio",10,"Alexander von Zemlinsky,Escher String Quartet","Zemlinsky: String Quartets, Vol. 1",0.955,0.072,190493,0.0328,0.662,3,0.116,-26.085,0,0.0577,75.926,0.0302
classical,String Quartet 101,37i9dQZF1DXbrSeoLHavML,6gUqkudLqWrw5xf2ZFamIM,spotify:track:6gUqkudLqWrw5xf2ZFamIM,https://p.scdn.co/mp3-preview/a33b4138eea0173abe9bcee8cf9cca02d31bd9ff?cid=63a77ff40e794a12ae216a18befde98c,"Quatuor à cordes No. 3 en La Mineur, Op. 33: Quatuor à cordes No. 3 en La Mineur, Op. 33: II. Andante religioso con variazioni",10,"Ernst von Dohnányi,Quatuor Modigliani","Dvorák, Bartók & Dohnányi",0.945,0.243,597347,0.0967,0.689,9,0.14,-21.312,1,0.0453,97.022,0.0374
classical,String Quartet 101,37i9dQZF1DXbrSeoLHavML,3kHSlw7tVf8Rvi4ikkVuZ9,spotify:track:3kHSlw7tVf8Rvi4ikkVuZ9,https://p.scdn.co/mp3-preview/ce92561c388f662b3543ef7bde89e54a41ac95c6?cid=63a77ff40e794a12ae216a18befde98c,"String Quartet n° 3, Im Innersten (1976): Vi",10,"Wolfgang Rihm,Minguet Quartett",Wolfgang Rihm: String Quartets Vol. 1,0.874,0.202,574093,0.0282,0.162,0,0.229,-22.637,1,0.0411,70.333,0.0375
classical,String Quartet 101,37i9dQZF1DXbrSeoLHavML,5fZsLSdf46EzQpyraICZZs,spotify:track:5fZsLSdf46EzQpyraICZZs,https://p.scdn.co/mp3-preview/c681e30821c242856e303b268797aa43afe2dfd7?cid=63a77ff40e794a12ae216a18befde98c,String Quartet No. 16: III. Yearning,10,"Peter Sculthorpe,Del Sol String Quartet",Sculthorpe: The Complete String Quartets with Didjeridu,0.967,0.0847,349480,0.131,0.901,9,0.137,-18.218,0,0.0436,79.729,0.0556
classical,String Quartet 101,37i9dQZF1DXbrSeoLHavML,3IgngGtPYO1WIBwL1CtAoS,spotify:track:3IgngGtPYO1WIBwL1CtAoS,https://p.scdn.co/mp3-preview/ba9c593087b2e90f432eaceba0bfa4f1e0b6ebbf?cid=63a77ff40e794a12ae216a18befde98c,Blossoming,10,"Toshio Hosokawa,Quatuor Diotima",Hosokawa: String Quartets,0.71,0.107,844333,0.181,0.777,5,0.282,-22.888,0,0.0869,77.987,0.0345
classical,String Quartet 101,37i9dQZF1DXbrSeoLHavML,4BeFKwzJagEKeDvHah90qS,spotify:track:4BeFKwzJagEKeDvHah90qS,https://p.scdn.co/mp3-preview/a3ee44d1a69ce209bcef497477925831438f499d?cid=63a77ff40e794a12ae216a18befde98c,"String Quartet No. 1, Op. 21, ""Mors et vita""",9,"Jón Leifs,The Yggdrasil Quartet",Leifs: String Quartets Nos. I-3,0.93,0.0956,1052000,0.0101,0.328,9,0.0973,-28.868,0,0.0513,88.578,0.0323
classical,String Quartet 101,37i9dQZF1DXbrSeoLHavML,2jw7mH4cC6DKuwmYTJnXh6,spotify:track:2jw7mH4cC6DKuwmYTJnXh6,https://p.scdn.co/mp3-preview/3776f156d7f1216e0ddb953542bffd06b236dbc1?cid=63a77ff40e794a12ae216a18befde98c,String Quartet No. 12,9,"R. Murray Schafer,Molinari Quartet",R. Murray Schafer: 12 String Quartets,0.936,0.156,1015640,0.0876,0.618,0,0.373,-20.309,1,0.0432,79.986,0.0318
