category_id,playlist_name,playlist_id,track_id,track_uri,track_preview_url,track_name,track_popularity,artist_name,album_name,acousticness,danceability,duration_ms,energy,instrumentalness,key,liveness,loudness,mode,speechiness,tempo,valence
decades,Alternative 00s,37i9dQZF1DX0YKekzl0blG,4yg0yqGeffbqbgwQnl6BE1,spotify:track:4yg0yqGeffbqbgwQnl6BE1,,Golden Touch - Full Length,3,Razorlight,Up All Night,0.0814,0.602,205253,0.536,2.6e-05,1,0.313,-4.156,0,0.0247,95.295,0.667
decades,Alternative 00s,37i9dQZF1DX0YKekzl0blG,5dKBaysNJtfpyNTRa5lqDb,spotify:track:5dKBaysNJtfpyNTRa5lqDb,https://p.scdn.co/mp3-preview/197da975d380b7b1f7e8eb3b53abac0b774a6d5e?cid=63a77ff40e794a12ae216a18befde98c,A-Punk,69,Vampire Weekend,Vampire Weekend,0.0102,0.551,137760,0.821,0.0438,2,0.153,-4.489,1,0.0539,174.923,0.842
decades,Alternative 00s,37i9dQZF1DX0YKekzl0blG,1KbagD47zTS1PnmS8iKPIK,spotify:track:1KbagD47zTS1PnmS8iKPIK,https://p.scdn.co/mp3-preview/877aec34bb8f01984a0dd141a4e7f92efcd6095b?cid=63a77ff40e794a12ae216a18befde98c,Apply Some Pressure,41,Maximo Park,Apply Some Pressure,0.000719,0.378,200347,0.953,2.89e-05,9,0.0936,-3.632,1,0.138,167.808,0.512
decades,Alternative 00s,37i9dQZF1DX0YKekzl0blG,5K8XZSzgZvibEVUb9PY3AF,spotify:track:5K8XZSzgZvibEVUb9PY3AF,https://p.scdn.co/mp3-preview/e59cbd52532d968b06e4f6e204b3ab9dba431ce9?cid=63a77ff40e794a12ae216a18befde98c,All My Friends - Edit,49,LCD Soundsystem,All My Friends,0.0818,0.675,366841,0.92,0.432,9,0.14,-3.823,1,0.0343,142.599,0.936
decades,Alternative 00s,37i9dQZF1DX0YKekzl0blG,7kzKAuUzOITUauHAhoMoxA,spotify:track:7kzKAuUzOITUauHAhoMoxA,https://p.scdn.co/mp3-preview/dd2111a218b3007e3e23a6be300a87f02aee045a?cid=63a77ff40e794a12ae216a18befde98c,Last Nite,70,The Strokes,Is This It,0.0285,0.624,193051,0.91,0.000198,0,0.0789,-5.703,1,0.0297,104.042,0.767
decades,Alternative 00s,37i9dQZF1DX0YKekzl0blG,7BHPGtpuuWWsvE7cCaMuEU,spotify:track:7BHPGtpuuWWsvE7cCaMuEU,,Naive,73,The Kooks,Inside In / Inside Out,0.0759,0.391,203507,0.808,0.0,8,0.149,-6.209,0,0.0892,100.304,0.737
decades,Alternative 00s,37i9dQZF1DX0YKekzl0blG,7v9Ne4758aGFfFc5avh89h,spotify:track:7v9Ne4758aGFfFc5avh89h,https://p.scdn.co/mp3-preview/c04d02096b7d9544f72f405224f1665298cd065c?cid=63a77ff40e794a12ae216a18befde98c,Let's Dance to Joy Division,65,The Wombats,"Proudly Present....A Guide To Love, Loss & Desperation",0.00125,0.397,191293,0.839,0.0,4,0.576,-6.674,1,0.102,116.947,0.764
decades,Alternative 00s,37i9dQZF1DX0YKekzl0blG,697LWfA49GjDHL7utykini,spotify:track:697LWfA49GjDHL7utykini,,Rebellion (Lies),9,Arcade Fire,Funeral,0.00787,0.4,310893,0.934,0.513,8,0.338,-5.696,1,0.0344,127.09,0.731
decades,Alternative 00s,37i9dQZF1DX0YKekzl0blG,6IIjmqaDdO6vdEBasXsCve,spotify:track:6IIjmqaDdO6vdEBasXsCve,,Sweet Disposition,28,The Temper Trap,Sweet Disposition,0.0783,0.531,234680,0.805,0.0926,2,0.116,-7.127,1,0.0433,129.107,0.349
decades,Alternative 00s,37i9dQZF1DX0YKekzl0blG,56NkIxSZZiMpFP5ZNSxtnT,spotify:track:56NkIxSZZiMpFP5ZNSxtnT,https://p.scdn.co/mp3-preview/83703b4cc3b487fa0773635bb98def1b7fc89cb0?cid=63a77ff40e794a12ae216a18befde98c,Someday,63,The Strokes,Is This It,0.0033,0.542,183391,0.531,1.51e-06,9,0.338,-7.481,1,0.0301,105.97,0.671
decades,Alternative 00s,37i9dQZF1DX0YKekzl0blG,5nHRIKsXDwUpse9gzrAxLR,spotify:track:5nHRIKsXDwUpse9gzrAxLR,https://p.scdn.co/mp3-preview/078b1f06144a23c49191ea6c32ed5a3380a12ebc?cid=63a77ff40e794a12ae216a18befde98c,Oxford Comma,57,Vampire Weekend,Vampire Weekend,0.111,0.692,195733,0.717,0.00123,0,0.044,-4.226,1,0.0498,119.907,0.973
decades,Alternative 00s,37i9dQZF1DX0YKekzl0blG,5xoUgPXbMNUmoHU0Enwtwq,spotify:track:5xoUgPXbMNUmoHU0Enwtwq,,She Moves In Her Own Way,70,The Kooks,Inside In / Inside Out,0.239,0.41,169307,0.803,0.0,7,0.103,-5.363,1,0.0623,153.315,0.814
decades,Alternative 00s,37i9dQZF1DX0YKekzl0blG,0NhvXWy3knBLgGGM6Y1Q7R,spotify:track:0NhvXWy3knBLgGGM6Y1Q7R,,Australia,6,The Shins,Wincing the Night Away,0.00442,0.434,236733,0.842,0.000142,4,0.308,-4.468,1,0.038,169.935,0.838
decades,Alternative 00s,37i9dQZF1DX0YKekzl0blG,0eGsygTp906u18L0Oimnem,spotify:track:0eGsygTp906u18L0Oimnem,,Mr. Brightside,19,The Killers,Hot Fuss,0.00113,0.351,222076,0.928,0.0,1,0.0988,-3.71,1,0.0759,148.03,0.239
decades,Alternative 00s,37i9dQZF1DX0YKekzl0blG,3M0YwlWNPX8cfWQjYsXTpu,spotify:track:3M0YwlWNPX8cfWQjYsXTpu,https://p.scdn.co/mp3-preview/6c7c78570ccee8bf45b3a6d498d0643e85e6366d?cid=63a77ff40e794a12ae216a18befde98c,Don't Look Back into the Sun,54,The Libertines,Time for Heroes - The Best of The Libertines,0.00561,0.237,178267,0.842,0.000882,0,0.294,-4.05,0,0.093,89.744,0.602
decades,Alternative 00s,37i9dQZF1DX0YKekzl0blG,3Ehxf88npHMLIBEIM7Klus,spotify:track:3Ehxf88npHMLIBEIM7Klus,,Dog Days Are Over,43,Florence + The Machine,Lungs (International Version),0.0438,0.499,252853,0.795,0.00255,7,0.12,-5.285,1,0.0788,149.966,0.357
decades,Alternative 00s,37i9dQZF1DX0YKekzl0blG,3FtYbEfBqAlGO46NUDQSAt,spotify:track:3FtYbEfBqAlGO46NUDQSAt,https://p.scdn.co/mp3-preview/dba49cb2290710a45cba747b0a6cf3f9c869ecfe?cid=63a77ff40e794a12ae216a18befde98c,Electric Feel,76,MGMT,Oracular Spectacular,0.0714,0.763,229640,0.807,0.28,1,0.348,-3.714,1,0.035,103.038,0.559
decades,Alternative 00s,37i9dQZF1DX0YKekzl0blG,5oUV6yWdDM0R9Q2CizRhIt,spotify:track:5oUV6yWdDM0R9Q2CizRhIt,,New Slang,22,The Shins,"Oh, Inverted World",0.605,0.669,231173,0.389,0.16,0,0.0905,-11.547,1,0.0306,130.015,0.649
decades,Alternative 00s,37i9dQZF1DX0YKekzl0blG,6Hmj7SrLRbreLVfVS7mV1S,spotify:track:6Hmj7SrLRbreLVfVS7mV1S,https://p.scdn.co/mp3-preview/ac5b3fe8da86eb5aaf0729c91f62d1c13db91f27?cid=63a77ff40e794a12ae216a18befde98c,Wake Up,65,Arcade Fire,Funeral,0.12,0.252,335333,0.8,0.0538,0,0.118,-4.845,1,0.0368,139.361,0.29
decades,Alternative 00s,37i9dQZF1DX0YKekzl0blG,3DQVgcqaP3iSMbaKsd57l5,spotify:track:3DQVgcqaP3iSMbaKsd57l5,https://p.scdn.co/mp3-preview/fa005e873f71581f3ddae23ca142ba06b8d4f7b9?cid=63a77ff40e794a12ae216a18befde98c,I Bet You Look Good On The Dancefloor,71,Arctic Monkeys,"Whatever People Say I Am, That's What I'm Not",0.00225,0.535,173680,0.948,0.0,6,0.376,-4.19,0,0.0356,103.183,0.778
decades,Alternative 00s,37i9dQZF1DX0YKekzl0blG,5NtoPBmhY7WGdpsHmpy9Xh,spotify:track:5NtoPBmhY7WGdpsHmpy9Xh,,Always Like This,13,Bombay Bicycle Club,I Had The Blues But I Shook Them Loose,0.441,0.659,245640,0.591,0.000861,1,0.0862,-6.713,1,0.0313,121.14,0.707
decades,Alternative 00s,37i9dQZF1DX0YKekzl0blG,3gNGi2iUGHXGpBQHce6Nua,spotify:track:3gNGi2iUGHXGpBQHce6Nua,,When You Were Young,14,The Killers,Sam's Town,0.000152,0.467,220427,0.988,0.0484,11,0.28,-3.313,1,0.112,130.435,0.321
decades,Alternative 00s,37i9dQZF1DX0YKekzl0blG,2f14Vwn28w1soYnolluueL,spotify:track:2f14Vwn28w1soYnolluueL,,Young Folks,11,Peter Bjorn and John,Electronic Beats Collectables Volume 1 Digital,0.0128,0.672,278720,0.857,0.0009,0,0.16,-4.915,1,0.038,138.153,0.685
decades,Alternative 00s,37i9dQZF1DX0YKekzl0blG,2zk1COXk7NaAaDW1KWMuio,spotify:track:2zk1COXk7NaAaDW1KWMuio,,"Steady, As She Goes",8,The Raconteurs,Broken Boy Soldiers,0.00882,0.53,215293,0.601,0.0211,9,0.083,-4.364,1,0.112,123.009,0.572
decades,Alternative 00s,37i9dQZF1DX0YKekzl0blG,65hYDDFvFzyS3AIJ3qIKPx,spotify:track:65hYDDFvFzyS3AIJ3qIKPx,,When The Sun Goes Down,11,Arctic Monkeys,"Whatever People Say I Am, That's What I'm Not",0.0346,0.349,200013,0.87,0.0,11,0.129,-4.746,0,0.183,169.649,0.417
decades,Alternative 00s,37i9dQZF1DX0YKekzl0blG,7kcyCnpHm1BZGB9Wc7MCZH,spotify:track:7kcyCnpHm1BZGB9Wc7MCZH,,Golden Skans,14,Klaxons,Myths Of The Near Future,0.000418,0.463,165120,0.836,7.38e-06,2,0.25,-2.776,0,0.0381,141.955,0.713
decades,Alternative 00s,37i9dQZF1DX0YKekzl0blG,2lwwrWVKdf3LR9lbbhnr6R,spotify:track:2lwwrWVKdf3LR9lbbhnr6R,https://p.scdn.co/mp3-preview/0d741d740ea0e449057d326439a47e974447e86d?cid=63a77ff40e794a12ae216a18befde98c,Float On,71,Modest Mouse,Good News For People Who Love Bad News,0.013,0.649,208467,0.888,2.23e-06,6,0.0888,-4.807,1,0.0293,100.975,0.553
decades,Alternative 00s,37i9dQZF1DX0YKekzl0blG,19CIsQ1HElu4XHdLCMlSqu,spotify:track:19CIsQ1HElu4XHdLCMlSqu,,Not Nineteen Forever,62,Courteeners,St. Jude,0.000174,0.402,243973,0.92,0.0,2,0.0807,-2.944,1,0.0408,139.793,0.297
decades,Alternative 00s,37i9dQZF1DX0YKekzl0blG,4Iyo50UoYhuuYORMLrGDci,spotify:track:4Iyo50UoYhuuYORMLrGDci,https://p.scdn.co/mp3-preview/eb168dd71ed9050c65254d04b3825e880fd0845f?cid=63a77ff40e794a12ae216a18befde98c,Weird Fishes/ Arpeggi,65,Radiohead,In Rainbows,0.774,0.538,318187,0.61,0.749,11,0.0909,-8.027,0,0.0392,152.999,0.199
decades,Alternative 00s,37i9dQZF1DX0YKekzl0blG,20I8RduZC2PWMWTDCZuuAN,spotify:track:20I8RduZC2PWMWTDCZuuAN,https://p.scdn.co/mp3-preview/399c401370438be449c2aebff816ba8c62559871?cid=63a77ff40e794a12ae216a18befde98c,Take Me Out,70,Franz Ferdinand,Franz Ferdinand,0.000409,0.277,237027,0.663,0.00051,4,0.136,-8.821,0,0.0377,104.561,0.527
decades,Alternative 00s,37i9dQZF1DX0YKekzl0blG,22xXzpcl3VPGyRy8xYdBhB,spotify:track:22xXzpcl3VPGyRy8xYdBhB,https://p.scdn.co/mp3-preview/6131274c0f8aa1a7e74fa8ab3decd0991cb59bb7?cid=63a77ff40e794a12ae216a18befde98c,Mansard Roof,56,Vampire Weekend,Vampire Weekend,0.341,0.53,127667,0.699,0.000181,5,0.219,-4.25,1,0.145,165.222,0.765
decades,Alternative 00s,37i9dQZF1DX0YKekzl0blG,4iG2gAwKXsOcijVaVXzRPW,spotify:track:4iG2gAwKXsOcijVaVXzRPW,https://p.scdn.co/mp3-preview/43cdff18bbe12ddd0a1ec829b87cf15b43a0a73f?cid=63a77ff40e794a12ae216a18befde98c,Time to Pretend,70,MGMT,Oracular Spectacular,8.74e-05,0.438,261000,0.94,0.0777,2,0.3,-3.249,1,0.0452,100.99,0.421
decades,Alternative 00s,37i9dQZF1DX0YKekzl0blG,4dVYM5ds4vC3HNzcBpExUD,spotify:track:4dVYM5ds4vC3HNzcBpExUD,,Dreaming of You,9,The Coral,The Coral,0.374,0.441,141000,0.684,0.000848,9,0.108,-7.495,0,0.031,199.001,0.971
decades,Alternative 00s,37i9dQZF1DX0YKekzl0blG,2DFRFqWNahKtFD112H2iEZ,spotify:track:2DFRFqWNahKtFD112H2iEZ,https://p.scdn.co/mp3-preview/6ad20465cb3cbb39cf8f278153c63102a275a8d0?cid=63a77ff40e794a12ae216a18befde98c,Do You Realize??,59,The Flaming Lips,Yoshimi Battles The Pink Robots (U.S. Version),0.006,0.464,213173,0.797,0.000304,0,0.392,-5.244,1,0.0333,129.964,0.547
decades,Alternative 00s,37i9dQZF1DX0YKekzl0blG,0iTpQYzJnYgh7kIxyq8A2O,spotify:track:0iTpQYzJnYgh7kIxyq8A2O,https://p.scdn.co/mp3-preview/d7918651392a70a6f338485def1982f1865c23b7?cid=63a77ff40e794a12ae216a18befde98c,Two Weeks,68,Grizzly Bear,Veckatimest,0.289,0.537,243160,0.712,0.00568,5,0.08,-5.597,1,0.0286,159.871,0.704
decades,Alternative 00s,37i9dQZF1DX0YKekzl0blG,5PZK7nZBsKjSkXDszKrJ1W,spotify:track:5PZK7nZBsKjSkXDszKrJ1W,https://p.scdn.co/mp3-preview/d03dca13720a206b1131a089f16c4f9cf27a8be0?cid=63a77ff40e794a12ae216a18befde98c,Hard to Beat,59,Hard-FI,Stars Of CCTV,0.00226,0.557,253307,0.833,3.25e-06,10,0.161,-4.559,1,0.0663,125.205,0.815
decades,Alternative 00s,37i9dQZF1DX0YKekzl0blG,4XTuSMs47SIg35KxhNIUGe,spotify:track:4XTuSMs47SIg35KxhNIUGe,https://p.scdn.co/mp3-preview/2451c6ca4ad5edc0002c847c61af69ced4dfce53?cid=63a77ff40e794a12ae216a18befde98c,White Winter Hymnal,56,Fleet Foxes,Fleet Foxes,0.437,0.629,147027,0.534,3.33e-06,6,0.328,-9.054,0,0.0267,124.964,0.649
decades,Alternative 00s,37i9dQZF1DX0YKekzl0blG,5gCMW3tfzuXZfLATnH01Vh,spotify:track:5gCMW3tfzuXZfLATnH01Vh,,Men's Needs,3,The Cribs,"Men's Needs, Women's Needs, Whatever",0.000128,0.546,195960,0.947,7.37e-05,1,0.065,-2.29,0,0.0479,121.976,0.795
decades,Alternative 00s,37i9dQZF1DX0YKekzl0blG,6AzQZJLLmEUFurwExaWNjd,spotify:track:6AzQZJLLmEUFurwExaWNjd,https://p.scdn.co/mp3-preview/98d642d1cc1b405e1fda9b2f45b24731b5d06496?cid=63a77ff40e794a12ae216a18befde98c,Reptilia,55,The Strokes,Room On Fire,0.000578,0.49,221600,0.645,0.747,9,0.0916,-5.108,1,0.0335,158.027,0.792
decades,Alternative 00s,37i9dQZF1DX0YKekzl0blG,3IXRdLsQib8m0hBbQpe7T8,spotify:track:3IXRdLsQib8m0hBbQpe7T8,,Hang Me Up To Dry,60,Cold War Kids,Robbers & Cowards,0.0241,0.509,218787,0.916,0.000402,2,0.36,-2.793,1,0.0324,92.432,0.672
decades,Alternative 00s,37i9dQZF1DX0YKekzl0blG,7mAF2MJdbNT75VrVcgwT6F,spotify:track:7mAF2MJdbNT75VrVcgwT6F,https://p.scdn.co/mp3-preview/c98ce02fe11caae94eb543d7cc70bdbd987ae223?cid=63a77ff40e794a12ae216a18befde98c,Hounds of Love,54,The Futureheads,The Futureheads (new version),0.0329,0.36,182680,0.895,1.18e-06,9,0.06,-3.795,1,0.117,168.214,0.424
decades,Alternative 00s,37i9dQZF1DX0YKekzl0blG,5n0zgoPE7NJq1E8mbQd4Q6,spotify:track:5n0zgoPE7NJq1E8mbQd4Q6,,Molly's Chambers,9,Kings of Leon,Youth And Young Manhood,0.232,0.596,134907,0.899,3.98e-06,11,0.212,-3.967,1,0.0504,146.448,0.939
decades,Alternative 00s,37i9dQZF1DX0YKekzl0blG,17DjxJJG1NHXg1VatxfFfU,spotify:track:17DjxJJG1NHXg1VatxfFfU,https://p.scdn.co/mp3-preview/3f2a9ed46baaa03c5ee39ffd6f95e8f1ca772f92?cid=63a77ff40e794a12ae216a18befde98c,The Underdog,48,Spoon,Ga Ga Ga Ga Ga,0.0602,0.693,222320,0.646,0.00132,7,0.678,-6.484,1,0.0313,145.116,0.89
decades,Alternative 00s,37i9dQZF1DX0YKekzl0blG,3RVupqMb1zXl8FNG9TlWBZ,spotify:track:3RVupqMb1zXl8FNG9TlWBZ,,Mykonos,14,Fleet Foxes,Sun Giant,0.417,0.391,275307,0.45,0.000335,11,0.14,-9.251,1,0.0306,121.946,0.344
decades,Alternative 00s,37i9dQZF1DX0YKekzl0blG,0vD4P4669qdPvVQbNclFZR,spotify:track:0vD4P4669qdPvVQbNclFZR,,Such Great Heights,7,The Postal Service,Give Up,0.00907,0.653,266347,0.818,0.23,5,0.0703,-8.125,1,0.047,174.984,0.198
decades,Alternative 00s,37i9dQZF1DX0YKekzl0blG,2WxgprfaNIgSjXLknXuTCE,spotify:track:2WxgprfaNIgSjXLknXuTCE,,Somebody Told Me,3,The Killers,Hot Fuss (Deluxe Edition),6.78e-05,0.502,197280,0.972,0.000702,10,0.0627,-3.96,0,0.0793,138.019,0.729
decades,Alternative 00s,37i9dQZF1DX0YKekzl0blG,66lvmGhRtKwmXTARMqNRl7,spotify:track:66lvmGhRtKwmXTARMqNRl7,https://p.scdn.co/mp3-preview/a18500c3da6474c6748d179026606b181513aecd?cid=63a77ff40e794a12ae216a18befde98c,Walcott,49,Vampire Weekend,Vampire Weekend,0.512,0.398,221600,0.56,0.0151,5,0.224,-5.448,1,0.0312,160.712,0.59
decades,Alternative 00s,37i9dQZF1DX0YKekzl0blG,0fPf9CDFzVnHpcfld5XVtO,spotify:track:0fPf9CDFzVnHpcfld5XVtO,,You've Got The Love,66,Florence + The Machine,You've Got The Love,0.00407,0.571,168667,0.708,0.0,6,0.125,-4.74,1,0.0329,109.899,0.398
decades,Alternative 00s,37i9dQZF1DX0YKekzl0blG,6UH0zVh1sY3SaenL1ndIr9,spotify:track:6UH0zVh1sY3SaenL1ndIr9,,Bang Bang You're Dead,35,Dirty Pretty Things,Waterloo To Anywhere,0.00724,0.307,212200,0.784,5.02e-06,5,0.483,-3.016,1,0.0586,151.708,0.434
decades,Alternative 00s,37i9dQZF1DX0YKekzl0blG,4z88dsPMPlCPakuhBYkcuP,spotify:track:4z88dsPMPlCPakuhBYkcuP,https://p.scdn.co/mp3-preview/92cec3d5850cf8d2d18602ef177a3af5b861f633?cid=63a77ff40e794a12ae216a18befde98c,Munich,46,Editors,The Back Room,0.000551,0.175,226427,0.875,0.0347,7,0.324,-4.383,0,0.0527,149.366,0.394
decades,Alternative 00s,37i9dQZF1DX0YKekzl0blG,15YJouNHJaoBqGTmdBleMX,spotify:track:15YJouNHJaoBqGTmdBleMX,https://p.scdn.co/mp3-preview/40f8da11567dbcde226eb5f175c7c8341cbd7e4c?cid=63a77ff40e794a12ae216a18befde98c,Obstacle 1,47,Interpol,Turn On The Bright Lights,5.18e-05,0.376,251293,0.938,0.574,5,0.0705,-4.9,1,0.0618,120.514,0.385
decades,Alternative 00s,37i9dQZF1DX0YKekzl0blG,0hDQV9X1Da5JrwhK8gu86p,spotify:track:0hDQV9X1Da5JrwhK8gu86p,,Maps,64,Yeah Yeah Yeahs,Fever To Tell (Deluxe Remastered),0.000413,0.502,219987,0.94,0.542,7,0.553,-5.178,1,0.084,119.762,0.144
decades,Alternative 00s,37i9dQZF1DX0YKekzl0blG,1mvyqSb1tOvtVP1qfWEyPa,spotify:track:1mvyqSb1tOvtVP1qfWEyPa,https://p.scdn.co/mp3-preview/cab75790dd36721176158c47a838537751aba68d?cid=63a77ff40e794a12ae216a18befde98c,1901,63,Phoenix,Wolfgang Amadeus Phoenix,0.0588,0.607,193120,0.835,4.71e-05,0,0.195,-5.427,1,0.0415,144.087,0.719
decades,Alternative 00s,37i9dQZF1DX0YKekzl0blG,1jJci4qxiYcOHhQR247rEU,spotify:track:1jJci4qxiYcOHhQR247rEU,https://p.scdn.co/mp3-preview/6a749da38e969dca948f36139f976b594db38f5d?cid=63a77ff40e794a12ae216a18befde98c,Kids,75,MGMT,Oracular Spectacular,0.00076,0.451,302840,0.931,0.0049,9,0.361,-3.871,1,0.0719,122.961,0.172
decades,Alternative 00s,37i9dQZF1DX0YKekzl0blG,6S8QauFt4SrZbEDD4gzlCd,spotify:track:6S8QauFt4SrZbEDD4gzlCd,,Sheila,43,Jamie T,Panic Prevention,0.0858,0.729,259813,0.865,0.0,7,0.0764,-6.006,1,0.05,95.003,0.709
decades,Alternative 00s,37i9dQZF1DX0YKekzl0blG,10ViidwjGLCfVtGPfdcszR,spotify:track:10ViidwjGLCfVtGPfdcszR,https://p.scdn.co/mp3-preview/0bdd56b4a2324cb54ad72543bd78534c2b51b822?cid=63a77ff40e794a12ae216a18befde98c,Home,70,Edward Sharpe & The Magnetic Zeros,Up From Below,0.32,0.545,306320,0.59,0.000389,2,0.124,-6.693,1,0.0327,111.739,0.127
decades,Alternative 00s,37i9dQZF1DX0YKekzl0blG,32GB3adWoDcuoozjkrYJmI,spotify:track:32GB3adWoDcuoozjkrYJmI,https://p.scdn.co/mp3-preview/49c5c569079d6dceeba89b1b18ae061eb941352e?cid=63a77ff40e794a12ae216a18befde98c,For Emma,51,Bon Iver,"For Emma, Forever Ago",0.468,0.668,220733,0.611,0.301,0,0.124,-11.15,1,0.0361,110.66,0.561
decades,Alternative 00s,37i9dQZF1DX0YKekzl0blG,3Sa3BLllDDw05udxXlba8p,spotify:track:3Sa3BLllDDw05udxXlba8p,https://p.scdn.co/mp3-preview/201726bdae0563a7600695865713651efd8ec9e4?cid=63a77ff40e794a12ae216a18befde98c,Burning,61,The Whitest Boy Alive,Dreams,0.671,0.721,191173,0.758,0.891,11,0.133,-7.536,0,0.0372,150.825,0.864
decades,Alternative 00s,37i9dQZF1DX0YKekzl0blG,6U5hUX40OWY6l0HaPUWElZ,spotify:track:6U5hUX40OWY6l0HaPUWElZ,,Banquet,56,Bloc Party,Silent Alarm,0.000156,0.591,200400,0.939,0.0111,10,0.0882,-4.911,0,0.0533,150.249,0.856
decades,Alternative 00s,37i9dQZF1DX0YKekzl0blG,2umbhz2teUJ8QpOl4bBD7T,spotify:track:2umbhz2teUJ8QpOl4bBD7T,https://p.scdn.co/mp3-preview/039bdeacef0add99901225627b429c84e8410606?cid=63a77ff40e794a12ae216a18befde98c,Juxtapozed With U,47,Super Furry Animals,Rings Around The World,0.109,0.525,188707,0.833,1.05e-05,9,0.181,-6.284,1,0.0522,82.842,0.931
decades,Alternative 00s,37i9dQZF1DX0YKekzl0blG,6y20BV5L33R8YXM0YuI38N,spotify:track:6y20BV5L33R8YXM0YuI38N,,No One Knows,69,Queens of the Stone Age,Songs For The Deaf,0.0368,0.509,278747,0.584,9.96e-05,0,0.384,-4.907,1,0.057,170.411,0.685
decades,Alternative 00s,37i9dQZF1DX0YKekzl0blG,1ZOHZ37YIHnVn8dEpNIEhp,spotify:track:1ZOHZ37YIHnVn8dEpNIEhp,https://p.scdn.co/mp3-preview/e41f5a88b7c972c09644c919c06a6ebe3c777ccf?cid=63a77ff40e794a12ae216a18befde98c,So Says I,49,The Shins,Chutes Too Narrow,0.0119,0.463,167947,0.738,0.0,4,0.135,-4.443,0,0.0444,73.809,0.417
decades,Alternative 00s,37i9dQZF1DX0YKekzl0blG,5wmVTGxvksXYV9Dz2V2YNi,spotify:track:5wmVTGxvksXYV9Dz2V2YNi,https://p.scdn.co/mp3-preview/215d9cf7483875e703ab755c2d233ed5e1ef5a19?cid=63a77ff40e794a12ae216a18befde98c,Take Her Back,54,The Pigeon Detectives,Wait for Me,0.00202,0.488,197133,0.962,2.03e-06,0,0.261,-1.589,1,0.0338,109.07,0.658
decades,Alternative 00s,37i9dQZF1DX0YKekzl0blG,4anehmsEuhkXRjm6HAocaj,spotify:track:4anehmsEuhkXRjm6HAocaj,https://p.scdn.co/mp3-preview/6df5e582bf60cdc290048d8081de911017fbe9a2?cid=63a77ff40e794a12ae216a18befde98c,Jump In The Pool,50,Friendly Fires,Friendly Fires,0.00883,0.419,217040,0.924,0.0229,9,0.313,-4.404,1,0.116,139.977,0.362
decades,Alternative 00s,37i9dQZF1DX0YKekzl0blG,33YXSNBTg2KvbGur2E1XUw,spotify:track:33YXSNBTg2KvbGur2E1XUw,https://p.scdn.co/mp3-preview/9078914858a329e04872766b1e299f5ea34e7837?cid=63a77ff40e794a12ae216a18befde98c,On Call,47,Kings of Leon,Because Of The Times,0.0285,0.307,201800,0.791,0.000804,7,0.395,-5.408,1,0.119,193.356,0.141
decades,Alternative 00s,37i9dQZF1DX0YKekzl0blG,0SbMdEc3vUpYyG7Od1Outj,spotify:track:0SbMdEc3vUpYyG7Od1Outj,,Walking On A Dream,28,Empire of the Sun,Walking On A Dream,0.246,0.866,196347,0.692,4.85e-06,5,0.0878,-5.785,0,0.0458,126.955,0.737
decades,Alternative 00s,37i9dQZF1DX0YKekzl0blG,0LAfANg75hYiV1IAEP3vY6,spotify:track:0LAfANg75hYiV1IAEP3vY6,,Take Your Mama,55,Scissor Sisters,Scissor Sisters,0.22,0.762,271907,0.954,1.76e-05,8,0.0612,-4.542,1,0.121,153.96,0.933
decades,Alternative 00s,37i9dQZF1DX0YKekzl0blG,2Ipop1oSd1SnNCtj8wyoIS,spotify:track:2Ipop1oSd1SnNCtj8wyoIS,https://p.scdn.co/mp3-preview/37a78cd3927a2f6ae335434d3f8bd4048509734d?cid=63a77ff40e794a12ae216a18befde98c,My Friend,42,Bill Callahan,Sometimes I Wish We Were An Eagle,0.794,0.503,312773,0.54,0.787,10,0.103,-12.376,1,0.0278,123.746,0.427
decades,Alternative 00s,37i9dQZF1DX0YKekzl0blG,1e87d9I8cdIIUcLdNhGJxW,spotify:track:1e87d9I8cdIIUcLdNhGJxW,https://p.scdn.co/mp3-preview/719c8083a7f6e5300144c5dd0125a7f3bc367f5b?cid=63a77ff40e794a12ae216a18befde98c,Whole New Way,40,The Horrors,Whole New Way,0.0713,0.559,238382,0.694,0.893,7,0.264,-4.957,1,0.0306,153.977,0.788
decades,Alternative 00s,37i9dQZF1DX0YKekzl0blG,0yEhNqCwEfy8LHUmnZoHpP,spotify:track:0yEhNqCwEfy8LHUmnZoHpP,,Bohemian Like You,64,The Dandy Warhols,Thirteen Tales From Urban Bohemia,0.00315,0.584,211707,0.931,0.772,9,0.133,-6.158,1,0.0344,131.275,0.694
decades,Alternative 00s,37i9dQZF1DX0YKekzl0blG,1khoSOxg6VHzvRlVkczrbl,spotify:track:1khoSOxg6VHzvRlVkczrbl,,Sticks 'N' Stones,59,Jamie T,Kings & Queens,0.0572,0.545,240833,0.851,0.0,6,0.403,-3.569,1,0.0935,179.947,0.787
decades,Alternative 00s,37i9dQZF1DX0YKekzl0blG,18fwfypFEcZArzsRZgozs0,spotify:track:18fwfypFEcZArzsRZgozs0,,America,18,Razorlight,Razorlight (EU Version),0.337,0.316,249760,0.569,7.67e-06,2,0.395,-5.005,1,0.0321,90.066,0.154
decades,Alternative 00s,37i9dQZF1DX0YKekzl0blG,1NyFRrFiJAJIaR6icj1goI,spotify:track:1NyFRrFiJAJIaR6icj1goI,https://p.scdn.co/mp3-preview/58264e81cb57e05c2e97d5f1c0c8b6c033e782a7?cid=63a77ff40e794a12ae216a18befde98c,Skinny Love,65,Bon Iver,"For Emma, Forever Ago",0.842,0.592,238533,0.256,2.38e-06,4,0.088,-14.031,0,0.0449,76.361,0.103
decades,Alternative 00s,37i9dQZF1DX0YKekzl0blG,5uB85PzlWrnNnxL2A1TcKD,spotify:track:5uB85PzlWrnNnxL2A1TcKD,https://p.scdn.co/mp3-preview/b726952548add7b2132428a44e1fce3004e6e7f3?cid=63a77ff40e794a12ae216a18befde98c,Pass It On,51,The Coral,Magic & Medicine,0.282,0.395,139133,0.727,7.12e-06,7,0.0683,-6.015,1,0.0375,179.097,0.872
decades,Alternative 00s,37i9dQZF1DX0YKekzl0blG,75ARkUKb54dQ86YezuoNhn,spotify:track:75ARkUKb54dQ86YezuoNhn,,Hate To Say I Told You So,24,The Hives,Veni Vidi Vicious,0.00114,0.447,199733,0.9,0.00596,5,0.47,-6.741,1,0.0578,135.861,0.39
decades,Alternative 00s,37i9dQZF1DX0YKekzl0blG,2THkQauDWMvJgXFGPY4iKB,spotify:track:2THkQauDWMvJgXFGPY4iKB,https://p.scdn.co/mp3-preview/45c3e4c96b9a062afc774ab725202cc43611545b?cid=63a77ff40e794a12ae216a18befde98c,Too Young,58,Phoenix,United,0.0625,0.622,197973,0.75,0.000133,9,0.127,-6.367,0,0.0445,141.324,0.905
decades,Alternative 00s,37i9dQZF1DX0YKekzl0blG,14BDEYKBXqn0YndMKl10BW,spotify:track:14BDEYKBXqn0YndMKl10BW,,I Still Remember,2,Bloc Party,A Weekend In The City,0.000515,0.435,261360,0.897,0.0103,10,0.0845,-3.247,1,0.0344,140.036,0.275
decades,Alternative 00s,37i9dQZF1DX0YKekzl0blG,75D3n6wnFQmu1HVmLAlWM4,spotify:track:75D3n6wnFQmu1HVmLAlWM4,,I Predict A Riot,61,Kaiser Chiefs,Employment,0.0243,0.395,233187,0.979,0.0,8,0.12,-3.241,1,0.0766,158.842,0.41
decades,Alternative 00s,37i9dQZF1DX0YKekzl0blG,5iQWQ80rzAguTGEPC4xg6a,spotify:track:5iQWQ80rzAguTGEPC4xg6a,https://p.scdn.co/mp3-preview/aab15643878211e5a78b175aaf1ef81c73649c49?cid=63a77ff40e794a12ae216a18befde98c,Cassius,35,Foals,Cassius (4 track),0.00885,0.571,229520,0.929,0.000324,7,0.302,-5.349,1,0.0913,150.934,0.571
decades,Alternative 00s,37i9dQZF1DX0YKekzl0blG,2Vy7B6YpJHfqSzMmheUfvy,spotify:track:2Vy7B6YpJHfqSzMmheUfvy,https://p.scdn.co/mp3-preview/b35a6aa86354446b8f2ea74de463019ffb409b2c?cid=63a77ff40e794a12ae216a18befde98c,When U Love Somebody,56,Fruit Bats,Mouthfuls,0.122,0.723,271160,0.763,0.00543,7,0.343,-6.366,1,0.0262,120.962,0.586
