category_id,playlist_name,playlist_id,track_id,track_uri,track_preview_url,track_name,track_popularity,artist_name,album_name,acousticness,danceability,duration_ms,energy,instrumentalness,key,liveness,loudness,mode,speechiness,tempo,valence
classical,All About That Brass,37i9dQZF1DWXMEbgClM8hw,3T9HSgS5jBFdXIBPav51gj,spotify:track:3T9HSgS5jBFdXIBPav51gj,https://p.scdn.co/mp3-preview/4336635204a916e72fd76b4ca69add8d9e003df2?cid=63a77ff40e794a12ae216a18befde98c,Fanfare for the Common Man,38,"Aaron Copland,London Symphony Orchestra","Copland Conducts Copland - Expanded Edition (Fanfare for the Common Man, Appalachian Spring, Old American Songs (Complete), Rodeo: Four Dance Episodes)",0.986,0.228,196467,0.179,0.954,10,0.0575,-15.727,1,0.0382,104.304,0.0378
classical,All About That Brass,37i9dQZF1DWXMEbgClM8hw,7maXeXu5QQFJ8KsJDVDNcK,spotify:track:7maXeXu5QQFJ8KsJDVDNcK,https://p.scdn.co/mp3-preview/b6bc01e27fbba3f96adc0bc9dd05778e44d3900a?cid=63a77ff40e794a12ae216a18befde98c,One Note Fantasy...,17,"Steve Martland,Onyx Brass","Pavans, Fantasias, Variations",0.988,0.236,247267,0.086,0.937,5,0.0926,-18.732,1,0.0407,72.525,0.0837
classical,All About That Brass,37i9dQZF1DWXMEbgClM8hw,5Wtas7dfnJQRzoDiMaj1Zz,spotify:track:5Wtas7dfnJQRzoDiMaj1Zz,https://p.scdn.co/mp3-preview/3355a1372ad367e339214715fdc76f77d3c5df02?cid=63a77ff40e794a12ae216a18befde98c,Carmen: Prelude - les Toreadors - Habanera - Danse Boheme - Chanson du Toreador,5,"Georges Bizet,tenThing",10,0.988,0.445,389787,0.214,0.887,2,0.0542,-15.113,0,0.0394,148.033,0.319
classical,All About That Brass,37i9dQZF1DWXMEbgClM8hw,3Ld3VB6a8UFFAXR3XwCdsC,spotify:track:3Ld3VB6a8UFFAXR3XwCdsC,https://p.scdn.co/mp3-preview/902b3279aa9a3b6a16b51aca56e50bc530c0915d?cid=63a77ff40e794a12ae216a18befde98c,"A Moorside Suite, H. 173: II. Nocturne: Adagio",20,"Gustav Holst,Grimethorpe Colliery Band,Garry Cutt","Grimethorpe Colliery Band: Brass From the Masters, Vol. 2",0.971,0.0635,486000,0.00461,0.928,7,0.0981,-38.575,0,0.0481,64.116,0.0378
classical,All About That Brass,37i9dQZF1DWXMEbgClM8hw,1kf44GgR5RuMLKSBBZNTUu,spotify:track:1kf44GgR5RuMLKSBBZNTUu,https://p.scdn.co/mp3-preview/79838a829171e39de0695e2476871cb78b632597?cid=63a77ff40e794a12ae216a18befde98c,Zomby Woof (Arr. P. Hess),24,"Frank Zappa,Peter Hess,Asphalt Orchestra",Asphalt Orchestra,0.125,0.627,246200,0.792,0.335,2,0.295,-6.595,1,0.179,94.489,0.678
classical,All About That Brass,37i9dQZF1DWXMEbgClM8hw,2I5Ft9KPVa2CYMj2GfZCdR,spotify:track:2I5Ft9KPVa2CYMj2GfZCdR,https://p.scdn.co/mp3-preview/f274ae5a577b243d655fe847d6a955b8ef29b2f5?cid=63a77ff40e794a12ae216a18befde98c,The Duke of Marlborough Fanfare,14,"Percy Grainger,United States Air Force Band,Lowell Graham",Grainger: Duke of Marlborough Fanfare (The) / Lincolnshire Posy / Roussel: A Glorious Day,0.988,0.327,183427,0.00792,0.118,10,0.0637,-16.04,1,0.053,117.486,0.133
classical,All About That Brass,37i9dQZF1DWXMEbgClM8hw,2WUvQ0KM6NQp4oxFTdYb1M,spotify:track:2WUvQ0KM6NQp4oxFTdYb1M,,Trumpet Tune,0,"Henry Purcell,The Michael Laird Brass Ensemble,Peter Hurford",The Sound of the Trumpet,0.768,0.283,156267,0.0853,0.892,2,0.0862,-22.163,1,0.0365,109.14,0.12
classical,All About That Brass,37i9dQZF1DWXMEbgClM8hw,2WU9yUDBoRhHHNfI4NUtB1,spotify:track:2WU9yUDBoRhHHNfI4NUtB1,https://p.scdn.co/mp3-preview/72784ea3c573b2949860df10fadb0f47d76932a5?cid=63a77ff40e794a12ae216a18befde98c,"Severn Suite, Op. 87: II. Toccata: Tournament —",13,"Edward Elgar,Williams Fairey Band,James Gourlay","Williams Fairey Band: Brass From the Masters, Vol. 1",0.982,0.412,249840,0.156,0.876,5,0.102,-21.857,1,0.0425,118.594,0.238
classical,All About That Brass,37i9dQZF1DWXMEbgClM8hw,3bDeckaQ3xcSgvAUcMMfMa,spotify:track:3bDeckaQ3xcSgvAUcMMfMa,https://p.scdn.co/mp3-preview/6c34d9d04869a2747f4456c062e21bb0f815f90f?cid=63a77ff40e794a12ae216a18befde98c,Crown Imperial: Coronation March (arr. J. Kreines),17,"William Walton,Joseph Kreines,Chicago Symphony Orchestra, brass section,Jay Friedman",CSO Resound - Chicago Symphony Orchestra Brass Live,0.888,0.371,370947,0.451,0.747,0,0.079,-10.204,1,0.0481,112.981,0.21
classical,All About That Brass,37i9dQZF1DWXMEbgClM8hw,3ch2FwDF6r45yGtZX2nbsi,spotify:track:3ch2FwDF6r45yGtZX2nbsi,https://p.scdn.co/mp3-preview/45496b4cf893ea4b90cdb66bf05df88457243e02?cid=63a77ff40e794a12ae216a18befde98c,Skylines,15,"Paul Lovatt-Cooper,Carnoustie and District Youth Brass Band",Carnoustie and District Youth Brass Band - The Championship Years 2009-2012,0.909,0.463,416880,0.473,0.963,8,0.873,-12.399,1,0.0526,116.624,0.408
classical,All About That Brass,37i9dQZF1DWXMEbgClM8hw,0VKmMyFbLiSADdpN5fJFm5,spotify:track:0VKmMyFbLiSADdpN5fJFm5,https://p.scdn.co/mp3-preview/a3676bc0096513082226e9693a736d7b57fcd04b?cid=63a77ff40e794a12ae216a18befde98c,Concertino Classico For Two Trumpets,12,"Joseph Horovitz,Jens Lindemann",Rising Sun,0.988,0.583,189627,0.215,0.906,5,0.0778,-18.094,1,0.0379,115.342,0.482
classical,All About That Brass,37i9dQZF1DWXMEbgClM8hw,5GAiDvemhUBQPcaT1OG2eF,spotify:track:5GAiDvemhUBQPcaT1OG2eF,https://p.scdn.co/mp3-preview/b50370c98ef2e55a1e7766a9520664954262994c?cid=63a77ff40e794a12ae216a18befde98c,Set To,10,"Mark-Anthony Turnage,Brass Partout,Hermann Bäumer",Elgar: Severn Suite / Bourgeois: William and Mary / Tavener: Trisagion / Pickard: Black Castles,0.984,0.322,490093,0.208,0.919,10,0.0823,-18.585,0,0.0391,103.628,0.142
classical,All About That Brass,37i9dQZF1DWXMEbgClM8hw,3mDAIqn4nv4RwxP72PaUk8,spotify:track:3mDAIqn4nv4RwxP72PaUk8,,The Dam Busters (Arr. Duthoit),13,"Eric Coates,The Philip Jones Brass Ensemble,Elgar Howarth","Swing Low, Sweet Chariot: Timeless English Classics",0.977,0.373,231880,0.205,0.94,0,0.168,-16.191,1,0.0396,145.889,0.3
classical,All About That Brass,37i9dQZF1DWXMEbgClM8hw,1DdTJpZqyr9ABOxIxBfICY,spotify:track:1DdTJpZqyr9ABOxIxBfICY,,Entry of the Gladiators (Arr. for Brass Ensemble),14,"Julius Fučík,The Philip Jones Brass Ensemble,Elgar Howarth",Famous Marches,0.927,0.512,178933,0.51,0.891,8,0.0306,-13.84,1,0.039,113.424,0.679
classical,All About That Brass,37i9dQZF1DWXMEbgClM8hw,7gCFW2rnrVA5seKvVojT9g,spotify:track:7gCFW2rnrVA5seKvVojT9g,https://p.scdn.co/mp3-preview/cc9a8db9d3d59453b9f32bf0baf0c04c00f4921f?cid=63a77ff40e794a12ae216a18befde98c,Dark Arteries: These Scars Across Your Heart,10,"Gavin Higgins,Tredegar Town Band",Dark Arteries,0.965,0.0643,831107,0.0393,0.934,10,0.0884,-30.331,0,0.0453,68.645,0.0341
classical,All About That Brass,37i9dQZF1DWXMEbgClM8hw,5YwgDD71kfBGIUMNrOvPCv,spotify:track:5YwgDD71kfBGIUMNrOvPCv,,Funeral Sentences for the death of Queen Mary II: The Queen's Funeral March (Procession),15,"Henry Purcell,Baroque Brass Of London,David Hill",Purcell: Funeral Sentences,0.835,0.236,142500,0.178,0.726,10,0.111,-23.753,0,0.0321,84.904,0.0537
classical,All About That Brass,37i9dQZF1DWXMEbgClM8hw,5OUV11OuJ4l3GPCcOPfRgs,spotify:track:5OUV11OuJ4l3GPCcOPfRgs,https://p.scdn.co/mp3-preview/1282f61ad38bbaf0d4f37d8b916f9f532c85f22e?cid=63a77ff40e794a12ae216a18befde98c,Salamander,10,"John McCabe,Grimethorpe Colliery Band,Peter Parkes",Grimethorpe Colliery Band: From Sonnets To Jazz,0.933,0.246,745560,0.0671,0.921,3,0.0862,-24.02,1,0.0433,134.255,0.0383
classical,All About That Brass,37i9dQZF1DWXMEbgClM8hw,4YnkKa1mb3gcBkPSHVVyzI,spotify:track:4YnkKa1mb3gcBkPSHVVyzI,https://p.scdn.co/mp3-preview/c675ff86a1a1c32a954849a656053f2bc1b01359?cid=63a77ff40e794a12ae216a18befde98c,Prelude and Scherzo: Scherzo,13,"Philip Sparke,Brett Baker,Williams Fairey Band,Bryan Hurdley",Williams Fairey Band: Bone Idyll,0.992,0.466,260133,0.154,0.95,3,0.0944,-23.108,1,0.0415,138.66,0.612
classical,All About That Brass,37i9dQZF1DWXMEbgClM8hw,4zGVvy3uimYz82NDFUmzRf,spotify:track:4zGVvy3uimYz82NDFUmzRf,,Canzone prima a 5 - 1.,6,"Giovanni Gabrieli,Canadian Brass",The Essential Canadian Brass,0.994,0.453,142000,0.0971,0.875,4,0.0766,-19.092,0,0.0388,112.807,0.317
classical,All About That Brass,37i9dQZF1DWXMEbgClM8hw,7wYhiueKctltN4tdo1TdlS,spotify:track:7wYhiueKctltN4tdo1TdlS,https://p.scdn.co/mp3-preview/6f84dcedb4f2f7bbef97cf070c2c3a042e34e0bd?cid=63a77ff40e794a12ae216a18befde98c,Fire Dance,12,"Anthony DiLorenzo,Center City Brass Quintet",Center City Brass Quintet: Street Song,0.986,0.372,226440,0.189,0.909,0,0.202,-17.683,1,0.0366,159.571,0.178
classical,All About That Brass,37i9dQZF1DWXMEbgClM8hw,3Yzm5ZKYFNAEEBspzqvlgQ,spotify:track:3Yzm5ZKYFNAEEBspzqvlgQ,https://p.scdn.co/mp3-preview/a6d4a9a386641ebe15ede925fa0fd113b74f667f?cid=63a77ff40e794a12ae216a18befde98c,Pure Gold: A 4x4 Relay Race,9,"Luke Carver Goss,Ian McMillan,Black Dyke Band,Manchester Chorale","Luke Carver Goss: Pure Gold ""A 4x4 Relay Race"" (Live)",0.889,0.328,851877,0.149,0.00151,0,0.669,-28.425,0,0.19,112.229,0.106
classical,All About That Brass,37i9dQZF1DWXMEbgClM8hw,50e0bnvfTTu2nZjOkescnS,spotify:track:50e0bnvfTTu2nZjOkescnS,,"Jacuchzet, frohlocket! from Christmas Oratorio BWV 248 - 2005 Digital Remaster",11,"Johann Sebastian Bach,Empire Brass",A Bach Festival,0.93,0.389,380493,0.392,0.907,2,0.109,-12.504,1,0.0331,122.827,0.376
classical,All About That Brass,37i9dQZF1DWXMEbgClM8hw,2dvcbzYgH3V80RYkNx99Cv,spotify:track:2dvcbzYgH3V80RYkNx99Cv,https://p.scdn.co/mp3-preview/8f7305ded149971be99ce55e9d37c1e42c490214?cid=63a77ff40e794a12ae216a18befde98c,Playgrounds for Angels,7,"Einojuhani Rautavaara,The Philip Jones Brass Ensemble,Elgar Howarth",PJBE Finale,0.98,0.284,822267,0.0599,0.693,6,0.535,-23.891,1,0.0515,106.248,0.038
classical,All About That Brass,37i9dQZF1DWXMEbgClM8hw,2G93L34H3s1zQZOFlpA87S,spotify:track:2G93L34H3s1zQZOFlpA87S,https://p.scdn.co/mp3-preview/cd8c412c9609ef81341f57a5b32f4037c813a720?cid=63a77ff40e794a12ae216a18befde98c,Legend in Brass: I. Fanfare: Allegro moderato e maestoso,12,"James Curnow,The Sellers Engineering Band,Philip McCann",Curnow: Legend in Brass / Jenkins: Coriolanus / Leidzen: Sinfonietta / Ball: The Kingdom Triumphant,0.969,0.267,224640,0.204,0.936,10,0.338,-19.416,1,0.0336,103.153,0.179
classical,All About That Brass,37i9dQZF1DWXMEbgClM8hw,3QpWDL7QTGnfKoup3QDPVw,spotify:track:3QpWDL7QTGnfKoup3QDPVw,https://p.scdn.co/mp3-preview/64c35b17b974f9f3d562eb3c515a392b6ac31b74?cid=63a77ff40e794a12ae216a18befde98c,"Variations on The Shining River, Op. 101 (arr. for brass band)",8,"Edmund Rubbra,Williams Fairey Band,James Gourlay","Williams Fairey Band: Brass From the Masters, Vol. 1",0.985,0.0958,649440,0.0151,0.961,5,0.0953,-27.415,1,0.0376,82.496,0.0569
classical,All About That Brass,37i9dQZF1DWXMEbgClM8hw,1rKmGi76oc5qQNxW18KQB9,spotify:track:1rKmGi76oc5qQNxW18KQB9,https://p.scdn.co/mp3-preview/4db238f0171541d99b8241632fbc9b113e02fcac?cid=63a77ff40e794a12ae216a18befde98c,North West Passage,8,"Roy Newsome,Besses O' Th' Barn Band",Besses O' Th' Barn Band: Showcase for Brass,0.977,0.259,468573,0.145,0.892,7,0.273,-19.343,1,0.0528,69.603,0.157
classical,All About That Brass,37i9dQZF1DWXMEbgClM8hw,2eYmyI2DdoKWt6bjiVmh5Z,spotify:track:2eYmyI2DdoKWt6bjiVmh5Z,https://p.scdn.co/mp3-preview/32050e1db33c02b1288f670e0fa62db16c240f85?cid=63a77ff40e794a12ae216a18befde98c,A Russian Fantasy,11,"Gordon Langford,The Sellers Engineering Band,Philip McCann",Sellers Engineering Band: World of Brass (The),0.982,0.264,465840,0.0549,0.907,5,0.225,-21.521,0,0.0395,77.067,0.153
classical,All About That Brass,37i9dQZF1DWXMEbgClM8hw,22rQLc3KbFiZ54UtkH1JtB,spotify:track:22rQLc3KbFiZ54UtkH1JtB,https://p.scdn.co/mp3-preview/ec0a89475de2b808c90aad80ef7624c508310abe?cid=63a77ff40e794a12ae216a18befde98c,Prometheus unbound,9,"Granville Bantock,Black Dyke Mills Band,Geoffrey Brand",Black Dyke Mills Band: Champions of Brass,0.96,0.166,587880,0.0168,0.946,6,0.108,-23.68,1,0.0375,61.101,0.0567
classical,All About That Brass,37i9dQZF1DWXMEbgClM8hw,1c0DFp3911Ln9P2Ztlo5lF,spotify:track:1c0DFp3911Ln9P2Ztlo5lF,https://p.scdn.co/mp3-preview/e31ee36c71c453a2aa3264b989530fa36329b997?cid=63a77ff40e794a12ae216a18befde98c,Altitude,9,"George Benjamin,Foden's Richardson Band,Bramwell Tovey",New Music for Brass Band,0.968,0.143,522960,0.0197,0.956,6,0.0575,-25.877,0,0.0394,155.302,0.0311
classical,All About That Brass,37i9dQZF1DWXMEbgClM8hw,4JrTdosJgl5UeseqCvR79O,spotify:track:4JrTdosJgl5UeseqCvR79O,https://p.scdn.co/mp3-preview/c6776ebae6a17052fa5ad1ec05df75b31f399151?cid=63a77ff40e794a12ae216a18befde98c,James Cook - Circumnavigator,8,"Gilbert Vinter,Black Dyke Mills Band,Roy Newsome",Black Dyke Mills Band: Epic Brass - British Music for Brass Band,0.948,0.236,671400,0.118,0.951,10,0.0825,-22.262,1,0.0419,110.285,0.0837
classical,All About That Brass,37i9dQZF1DWXMEbgClM8hw,6dFhN2fZK3lDnLOin49ajY,spotify:track:6dFhN2fZK3lDnLOin49ajY,https://p.scdn.co/mp3-preview/e66e290bffc186a74808bf9412452739303b34d5?cid=63a77ff40e794a12ae216a18befde98c,"Wiener Philharmoniker Fanfare, TrV 248",11,"Richard Strauss,Locke Brass Consort,James Stobart","Strauss, R.: Works for Brass Band",0.926,0.346,141120,0.208,0.93,3,0.0939,-17.364,1,0.0428,96.775,0.225
classical,All About That Brass,37i9dQZF1DWXMEbgClM8hw,6BN7xr2XIa4N5gU7FkR6t6,spotify:track:6BN7xr2XIa4N5gU7FkR6t6,https://p.scdn.co/mp3-preview/2c43f6f928e4b18c0d720d0626695578e175d2c6?cid=63a77ff40e794a12ae216a18befde98c,From the Monteregian Hills Suite: II. Chanson melancolique,9,"Morley Calvert,Center City Brass Quintet","Arnold, M. / Ewald / Bozza / Maurer / Dahl / Clavert: Works for Brass Ensemble",0.981,0.121,182880,0.0428,0.826,8,0.078,-23.984,1,0.0378,73.312,0.0352
classical,All About That Brass,37i9dQZF1DWXMEbgClM8hw,5Yug4bg6Z0JlNLUJofh4JE,spotify:track:5Yug4bg6Z0JlNLUJofh4JE,https://p.scdn.co/mp3-preview/b7daed9cd16b9192e1c34e45f36f3b18a52efb76?cid=63a77ff40e794a12ae216a18befde98c,Fantasy for Brass Band,12,"Malcolm Arnold,Grimethorpe Colliery Band,Garry Cutt","Grimethorpe Colliery Band: Brass From the Masters, Vol. 2",0.977,0.342,565200,0.255,0.925,9,0.104,-20.828,0,0.0783,113.356,0.0394
classical,All About That Brass,37i9dQZF1DWXMEbgClM8hw,6W4QQDBV7KaZkk8RyzqPJZ,spotify:track:6W4QQDBV7KaZkk8RyzqPJZ,https://p.scdn.co/mp3-preview/43a51f0f3684a419578fcf6a29302773f4141794?cid=63a77ff40e794a12ae216a18befde98c,Volcano,7,"Robert Simpson,Black Dyke Mills Band,Peter Parkes",Simpson: Volcano / Huber: Symphonic Music / Vinter: John O'Gaunt,0.874,0.204,652680,0.0422,0.921,2,0.121,-23.895,1,0.0412,105.865,0.0381
classical,All About That Brass,37i9dQZF1DWXMEbgClM8hw,6FJnA5UvE9W4LLZCcvX6iQ,spotify:track:6FJnA5UvE9W4LLZCcvX6iQ,https://p.scdn.co/mp3-preview/cd28d73e043794147f2233120b76bab1de4a9f5f?cid=63a77ff40e794a12ae216a18befde98c,"Tenth Regiment March, ""Death or Glory""",13,"Robert Browne Hall,Grimethorpe Colliery Band,Garry Cutt",Grimethorpe Colliery Band: Grimethorpe,0.857,0.513,222000,0.373,0.16,10,0.0689,-16.313,1,0.0493,115.111,0.499
classical,All About That Brass,37i9dQZF1DWXMEbgClM8hw,5NNppXqdhEfo0OGmRAtjix,spotify:track:5NNppXqdhEfo0OGmRAtjix,https://p.scdn.co/mp3-preview/5832e1898165f17c2c93bfbecfc5de90e6d0c94b?cid=63a77ff40e794a12ae216a18befde98c,The Plantagenets,10,"Edward Gregson,Black Dyke Mills Band,Geoffrey Brand",Black Dyke Mills Band: Classic Brass,0.988,0.331,716027,0.134,0.932,3,0.128,-19.278,1,0.0497,100.718,0.085
classical,All About That Brass,37i9dQZF1DWXMEbgClM8hw,3oAgPMbLwuUvOn76wpBfa1,spotify:track:3oAgPMbLwuUvOn76wpBfa1,https://p.scdn.co/mp3-preview/9c53dbc899a57e7de27b714c11f550d7cb884147?cid=63a77ff40e794a12ae216a18befde98c,Fanfare for a New Theatre,7,"Igor Stravinsky,Meridian Arts Ensemble",Prime Meridian,0.977,0.519,38973,0.234,0.94,8,0.284,-16.874,1,0.0814,124.957,0.273
classical,All About That Brass,37i9dQZF1DWXMEbgClM8hw,4r2gP0vmnsd4QM5qXFNDVH,spotify:track:4r2gP0vmnsd4QM5qXFNDVH,https://p.scdn.co/mp3-preview/3f19cfdeb2f685b7fe2627e5cbd48a02f60c3140?cid=63a77ff40e794a12ae216a18befde98c,Rhapsody on Negro Spirituals,10,"Eric Ball,Black Dyke Mills Band,Roy Newsome",Black Dyke Mills Band: Lion and the Eagle (The),0.951,0.0886,483840,0.0122,0.953,5,0.0882,-26.858,0,0.0345,65.426,0.104
classical,All About That Brass,37i9dQZF1DWXMEbgClM8hw,2KIo7D9iSwxvrMSGMCrXXn,spotify:track:2KIo7D9iSwxvrMSGMCrXXn,,Fanfare For The Lord Mayor Of London,5,"Arthur Bliss,The Philip Jones Brass Ensemble,John Iveson",British Music for Brass,0.954,0.462,104040,0.202,0.918,10,0.0905,-14.49,1,0.0378,88.915,0.0963
classical,All About That Brass,37i9dQZF1DWXMEbgClM8hw,5NZAUJXpKrQomyqQdvFixK,spotify:track:5NZAUJXpKrQomyqQdvFixK,,Variants with Solo Cadenzas,0,"William Schmidt,Brass of the Royal Concertgebouw Orchestra,Ivan Meylemans",Brass,0.826,0.299,479794,0.0232,0.119,1,0.0692,-27.316,1,0.0461,98.705,0.0376
classical,All About That Brass,37i9dQZF1DWXMEbgClM8hw,2ff3UuYhzgfCtxT6qcXowm,spotify:track:2ff3UuYhzgfCtxT6qcXowm,,Concerto Grosso Op.61,0,"Derek Bourgeois,Norwegian Brass Expo",Anagram,0.985,0.239,1287545,0.288,0.899,2,0.081,-14.171,0,0.0595,70.968,0.0392
classical,All About That Brass,37i9dQZF1DWXMEbgClM8hw,0uS7eyvSfWmyVd2QSjcIBi,spotify:track:0uS7eyvSfWmyVd2QSjcIBi,https://p.scdn.co/mp3-preview/369bde85f32f67ce9a751f0ca0d13c7a34fed0e9?cid=63a77ff40e794a12ae216a18befde98c,Fanfare for St. Edmundsbury for 3 Trumpets,7,"Benjamin Britten,Simon Wright,John Wallace,The Wallace Collection",Brass Collection,0.972,0.391,204973,0.0262,0.896,7,0.108,-29.019,1,0.0545,134.229,0.143
classical,All About That Brass,37i9dQZF1DWXMEbgClM8hw,5YZmD7H0xKMCxYy1YZtmHU,spotify:track:5YZmD7H0xKMCxYy1YZtmHU,,Fanfare for the Wedding of Princess Elizabeth,4,"Arnold Bax,The Philip Jones Brass Ensemble",Bax: Orchestral Works,0.986,0.303,108853,0.232,0.841,0,0.239,-17.251,1,0.0446,147.277,0.0741
classical,All About That Brass,37i9dQZF1DWXMEbgClM8hw,6KNMMG7KI0CqEFSWx57KzQ,spotify:track:6KNMMG7KI0CqEFSWx57KzQ,https://p.scdn.co/mp3-preview/3b99ef4b4745d89e0de1d4b21a557147eba2566a?cid=63a77ff40e794a12ae216a18befde98c,Variations,7,"Ralph Vaughan Williams,Hannaford Street Silver Band,Bramwell Tovey",Brass Links,0.984,0.322,762827,0.107,0.93,10,0.0701,-19.932,1,0.0408,109.898,0.163
classical,All About That Brass,37i9dQZF1DWXMEbgClM8hw,5nxccCD67TuanOIKDNpvgn,spotify:track:5nxccCD67TuanOIKDNpvgn,https://p.scdn.co/mp3-preview/6c465889208fbb71fe49f06904ea82d1f2fb0ef5?cid=63a77ff40e794a12ae216a18befde98c,Lucifer: New Babylon,5,"Geoffrey Poole,Philip Mead,Royal Northern College of Music Brass Ensemble,James Gourlay","Lucifer: Music by Sackman, Burrell & Poole",0.949,0.283,370733,0.238,0.632,6,0.317,-23.749,1,0.074,85.19,0.142
classical,All About That Brass,37i9dQZF1DWXMEbgClM8hw,6ZFDxBFBE6yPnru8kHzsze,spotify:track:6ZFDxBFBE6yPnru8kHzsze,https://p.scdn.co/mp3-preview/9fe85d01518a4455e0892732d6d411c75deca638?cid=63a77ff40e794a12ae216a18befde98c,"War Memorial, Op. 50: No. 2. From Hills and Valleys",6,"Robin Holloway,Cory Band,Philip Harper",War Memorials: Music for Brass Band,0.977,0.181,800227,0.0279,0.901,1,0.0438,-21.789,1,0.038,71.811,0.0399
classical,All About That Brass,37i9dQZF1DWXMEbgClM8hw,76AVAb2vkjnXo5nfzFvJ6A,spotify:track:76AVAb2vkjnXo5nfzFvJ6A,https://p.scdn.co/mp3-preview/e3d17afa684bd28bbad6250ded33255135f9f70b?cid=63a77ff40e794a12ae216a18befde98c,Battle Suite: I. Intrada,8,"Samuel Scheidt,American Brass Quintet","Chamber Music (Brass Quintet) - Scheidt, S. / Ferrabosco Ii, A. / Morley, T. / Holborne, A. / Weelkes, T. / Simpson, T.",0.985,0.35,95333,0.242,0.915,7,0.0898,-18.077,1,0.0375,77.745,0.246
classical,All About That Brass,37i9dQZF1DWXMEbgClM8hw,3cQsUDsKqYGmUG24fGw5iw,spotify:track:3cQsUDsKqYGmUG24fGw5iw,https://p.scdn.co/mp3-preview/dd4cadbbd651dfabaae8cd5e105f463b78920eb1?cid=63a77ff40e794a12ae216a18befde98c,Mini-Overture: Mini Overture,6,"Witold Lutosławski,Polish National Radio Symphony Orchestra,Antoni Wit","Lutosławski: Preludes and Fugue for 13 Solo Strings, Postludes & Fanfares",0.991,0.561,192427,0.156,0.897,0,0.0792,-17.782,1,0.0531,132.473,0.114
classical,All About That Brass,37i9dQZF1DWXMEbgClM8hw,4QvgOI0c6SUoJg1ygKdX69,spotify:track:4QvgOI0c6SUoJg1ygKdX69,https://p.scdn.co/mp3-preview/e9497d0f7f5163085951a24174f0a7c64ac7cb78?cid=63a77ff40e794a12ae216a18befde98c,4 Outings: II. Blues tempo,7,"André Previn,Stockholm Chamber Brass",Clockworks,0.967,0.266,290160,0.00549,0.912,10,0.106,-25.881,1,0.0335,70.074,0.0383
classical,All About That Brass,37i9dQZF1DWXMEbgClM8hw,4ade8N1IfKGmqx9ripCKO3,spotify:track:4ade8N1IfKGmqx9ripCKO3,https://p.scdn.co/mp3-preview/85a60b54c023f9b948c8cd6031c51d7bb4f1ed9e?cid=63a77ff40e794a12ae216a18befde98c,3 Figures - Tryptych,6,"Herbert Howells,Besses O' Th' Barn Band,Roy Newsome",Besses O' Th' Barn Band: Showcase for Brass,0.981,0.319,773040,0.0494,0.936,8,0.0811,-19.951,1,0.0456,121.292,0.103
