category_id,playlist_name,playlist_id,track_id,track_uri,track_preview_url,track_name,track_popularity,artist_name,album_name,acousticness,danceability,duration_ms,energy,instrumentalness,key,liveness,loudness,mode,speechiness,tempo,valence
desi,Telugu Romance,37i9dQZF1DWTt3gMo0DLxA,4pxPd7SomT3LWezl93Hu4A,spotify:track:4pxPd7SomT3LWezl93Hu4A,,"Neeti Mullai (Bit Song) - From ""Varsham""",1,"Sagar,Sumangali",Music Blast: Devi Sri Prasad & Sagar - Telugu Hits,0.827,0.683,81991,0.261,0.0,7,0.137,-12.998,0,0.0336,105.049,0.671
desi,Telugu Romance,37i9dQZF1DWTt3gMo0DLxA,4QMZ6gwFTLk9qOhaQsGIxf,spotify:track:4QMZ6gwFTLk9qOhaQsGIxf,https://p.scdn.co/mp3-preview/aefc6c674f57180481c7d772e132c706022107b1?cid=63a77ff40e794a12ae216a18befde98c,Neeve,32,G. V. Prakash,Darling (Original Motion Picture Soundtrack),0.111,0.749,281520,0.646,0.0426,2,0.22,-9.598,1,0.0389,129.996,0.752
desi,Telugu Romance,37i9dQZF1DWTt3gMo0DLxA,5QydgsiDyge4s4iuNNl7gt,spotify:track:5QydgsiDyge4s4iuNNl7gt,,Endhuko Pichi Pichi,1,Karunya,Chiruta (Original Motion Picture Soundtrack),0.103,0.863,271910,0.851,1.38e-05,4,0.197,-6.167,0,0.191,123.951,0.652
desi,Telugu Romance,37i9dQZF1DWTt3gMo0DLxA,00jud6Bym8hDiyDSj4o6wW,spotify:track:00jud6Bym8hDiyDSj4o6wW,,Aaraduguluntada,1,Kalyani,Seethamma Vakitlo Sirimalle Chettu (Original Motion Picture Soundtrack),0.803,0.884,244122,0.666,0.57,4,0.419,-8.845,0,0.0597,104.977,0.951
desi,Telugu Romance,37i9dQZF1DWTt3gMo0DLxA,77fwEvNpeGpfHCMCFQl63h,spotify:track:77fwEvNpeGpfHCMCFQl63h,,"Manassa - From ""Munna""",0,"Haricharan,Sadhana Sargam",Harris Jayaraj: Telugu Musical Hits,0.328,0.863,349653,0.625,4.93e-06,9,0.0831,-6.901,0,0.0417,100.012,0.938
desi,Telugu Romance,37i9dQZF1DWTt3gMo0DLxA,57zEYntUat0ofbFpoicN26,spotify:track:57zEYntUat0ofbFpoicN26,https://p.scdn.co/mp3-preview/da956535478de02a4f7f65993ea3c8f1deea9420?cid=63a77ff40e794a12ae216a18befde98c,Uppenantha,40,"Devi Sri Prasad,KK",Aarya - 2 (Original Motion Picture Soundtrack),0.185,0.677,327640,0.792,2.49e-05,9,0.28,-2.612,0,0.133,171.956,0.849
desi,Telugu Romance,37i9dQZF1DWTt3gMo0DLxA,3yQUAKvKrqPfsAe3TnFfml,spotify:track:3yQUAKvKrqPfsAe3TnFfml,,Nijanga Nenena,1,Karthik,Kothabangarulokam (Original Motion Picture Soundtrack),0.845,0.714,319164,0.464,0.00428,7,0.0833,-11.545,1,0.0483,129.935,0.511
desi,Telugu Romance,37i9dQZF1DWTt3gMo0DLxA,6CtrkXMad3ZtmYiOtKfI0t,spotify:track:6CtrkXMad3ZtmYiOtKfI0t,,Crazy Feeling,2,Prudhvi Chandra,Nenu Sailaja (Original Motion PIcture Soundtrack),0.182,0.948,209962,0.783,7.82e-05,7,0.0519,-4.058,0,0.0422,130.042,0.579
desi,Telugu Romance,37i9dQZF1DWTt3gMo0DLxA,1qmfLCVMxiEpnwrPBWFmjh,spotify:track:1qmfLCVMxiEpnwrPBWFmjh,,Rakaasi Rakaasi,1,Jr. NTR,Rabhasa (Original Motion Picture Soundtrack),0.346,0.806,251714,0.72,0.00159,7,0.0369,-6.516,1,0.0534,94.975,0.7
desi,Telugu Romance,37i9dQZF1DWTt3gMo0DLxA,7wFL4hNlhotHNU6qZi9bHR,spotify:track:7wFL4hNlhotHNU6qZi9bHR,https://p.scdn.co/mp3-preview/d5d98aad3bc0d84132d3d14fc9c6842b9b28c9a9?cid=63a77ff40e794a12ae216a18befde98c,Ee Hridayam,33,"A.R. Rahman,Vijay Prakash,Suzanne D'Mello,Blaaze",Yemaaya Chesave (Original Motion Picture Soundtrack),0.3,0.611,329320,0.794,0.00184,7,0.0471,-6.813,1,0.0415,85.986,0.705
desi,Telugu Romance,37i9dQZF1DWTt3gMo0DLxA,5YMBmxKfzxs4jwwrb8FLcy,spotify:track:5YMBmxKfzxs4jwwrb8FLcy,,"Inkem Inkem Inkem Kaavaale - From ""Geetha Govindam""",8,"Gopi Sundar,Sid Sriram","Inkem Inkem Inkem Kaavaale (From ""Geetha Govindam"")",0.422,0.81,266715,0.523,0.0,4,0.0839,-5.567,1,0.0479,136.951,0.6
desi,Telugu Romance,37i9dQZF1DWTt3gMo0DLxA,4G4Mqe5vRu81zEawCupKPk,spotify:track:4G4Mqe5vRu81zEawCupKPk,,Endhuko Emo,0,"Aalap Raju,Prashanthi",Rangam (Original Motion Picture Soundtrack),0.0577,0.827,330505,0.629,0.000192,7,0.178,-5.135,0,0.0357,91.006,0.703
desi,Telugu Romance,37i9dQZF1DWTt3gMo0DLxA,4YJLjxGYBmalo9i0yPKC2n,spotify:track:4YJLjxGYBmalo9i0yPKC2n,,Dhooram Dhooram,0,Tippu,100% Love (Original Motion Picture Soundtrack),0.518,0.665,286772,0.645,0.0,4,0.0823,-4.593,0,0.0327,140.026,0.62
desi,Telugu Romance,37i9dQZF1DWTt3gMo0DLxA,4rc1WGmRJ2CsHXTmrBu3gH,spotify:track:4rc1WGmRJ2CsHXTmrBu3gH,https://p.scdn.co/mp3-preview/72b9f3fd3a0a1732cba497b5570f65c5990739ae?cid=63a77ff40e794a12ae216a18befde98c,Monna Kanipinchavu,34,"Harris Jayaraj,Naresh Iyer,Prashanthini",Surya S/o Krishnan (Original Motion Picture Soundtrack),0.304,0.711,332013,0.587,0.0,6,0.0693,-7.383,0,0.223,96.921,0.584
desi,Telugu Romance,37i9dQZF1DWTt3gMo0DLxA,3aZm8Al7odOr8BI5lYbcW5,spotify:track:3aZm8Al7odOr8BI5lYbcW5,,Egirey Mabbulona,0,KK,Happy (Original Motion Picture Soundtrack),0.0408,0.67,236749,0.583,0.00223,5,0.312,-7.065,0,0.0383,124.852,0.467
desi,Telugu Romance,37i9dQZF1DWTt3gMo0DLxA,1iJ182kIQPSgoV0hw7Qaix,spotify:track:1iJ182kIQPSgoV0hw7Qaix,,Gallo Thelina,1,"Tippu,Gopika Poornima",Jalsa (Original Motion Picture Soundtrack),0.0493,0.859,290862,0.747,0.00119,7,0.0672,-8.453,1,0.0779,115.006,0.798
desi,Telugu Romance,37i9dQZF1DWTt3gMo0DLxA,3vttHViRFsnYJRxU19YBEP,spotify:track:3vttHViRFsnYJRxU19YBEP,,"Panchadaara - From ""Magadheera""",0,"AnoojGuruvala,Rita",M. M. Keeravani - All Time Hits,0.347,0.729,287920,0.687,0.00949,0,0.505,-8.392,1,0.055,101.022,0.793
desi,Telugu Romance,37i9dQZF1DWTt3gMo0DLxA,0DCV9xoJf3e52pTg0ET3Wc,spotify:track:0DCV9xoJf3e52pTg0ET3Wc,,Nenani Neevani,1,shwetha Prasad,Kothabangarulokam (Original Motion Picture Soundtrack),0.693,0.671,309838,0.386,0.000227,4,0.144,-10.574,1,0.0358,134.957,0.278
desi,Telugu Romance,37i9dQZF1DWTt3gMo0DLxA,73d7SbDApRjQviIulYOH8S,spotify:track:73d7SbDApRjQviIulYOH8S,,"Evare - From ""Premam""",0,"Rajesh Murugesan,Vijay Yesudas","Evare (From ""Premam"")",0.772,0.213,309663,0.458,0.0,11,0.087,-11.405,1,0.033,82.493,0.387
desi,Telugu Romance,37i9dQZF1DWTt3gMo0DLxA,6dv86tBC0PXuDjMwUEyOGe,spotify:track:6dv86tBC0PXuDjMwUEyOGe,,"Nammavemo - From ""Parugu""",0,Saketh,Allu Arjun's Alluring Ladies,0.125,0.724,286639,0.811,0.000163,10,0.0805,-6.257,1,0.0465,92.068,0.583
desi,Telugu Romance,37i9dQZF1DWTt3gMo0DLxA,5X0UBKJ3D1DLhql4i7ahxp,spotify:track:5X0UBKJ3D1DLhql4i7ahxp,,"Nuvvunte - From ""Aarya""",0,"Sagar,Sumangali",Music Blast: Devi Sri Prasad & Sagar - Telugu Hits,0.022,0.804,311960,0.623,0.0,5,0.0759,-9.891,0,0.0914,97.963,0.711
desi,Telugu Romance,37i9dQZF1DWTt3gMo0DLxA,7ccEoFZJFenOAvdWas9xCU,spotify:track:7ccEoFZJFenOAvdWas9xCU,,Guruvaram,1,Rahul Nambiar,Dookudu (Original Motion Picture Soundtrack),0.137,0.824,262247,0.592,0.087,0,0.279,-11.308,0,0.0476,119.955,0.713
desi,Telugu Romance,37i9dQZF1DWTt3gMo0DLxA,4fP4teZ8TsDjaRBs3c8w8b,spotify:track:4fP4teZ8TsDjaRBs3c8w8b,,Nachave Nizam Pori,0,"Adnan Sami,Sunitha Rao",Varsham (Original Motion Picture Soundtrack),0.149,0.806,251762,0.947,0.00132,1,0.135,-4.246,1,0.0705,107.984,0.707
desi,Telugu Romance,37i9dQZF1DWTt3gMo0DLxA,2bageubuN1HjNZwTNlyh0v,spotify:track:2bageubuN1HjNZwTNlyh0v,https://p.scdn.co/mp3-preview/2a59d16d683fc7899f6e39226bdddd94c0ac4299?cid=63a77ff40e794a12ae216a18befde98c,Naaloney Pongaynu,34,"Harris Jayaraj,VV Prassanna,Harish Raghavendra,Devan Ekambaram",Surya S/o Krishnan (Original Motion Picture Soundtrack),0.328,0.714,372600,0.495,0.0,9,0.104,-7.226,1,0.0361,114.979,0.238
desi,Telugu Romance,37i9dQZF1DWTt3gMo0DLxA,513782g4QcK0osLiVkLF48,spotify:track:513782g4QcK0osLiVkLF48,,"Avunu Nijam - From ""Athadu""",0,"KK,Sunitha",K. K. - Best Telugu Hits,0.0319,0.845,303797,0.721,0.00103,2,0.301,-6.817,1,0.0599,115.013,0.583
desi,Telugu Romance,37i9dQZF1DWTt3gMo0DLxA,4WLuXsT3IsOp93zt0yB6IS,spotify:track:4WLuXsT3IsOp93zt0yB6IS,,"Hrudayam Ekkadunnadi - From ""Ghajini""",1,"Bombay Jayashri,Harish Raghavendra",Harris Jayaraj: Telugu Musical Hits,0.14,0.823,315396,0.629,2.36e-05,9,0.0721,-5.787,0,0.07,96.997,0.924
desi,Telugu Romance,37i9dQZF1DWTt3gMo0DLxA,5NbUgWLWgSpWvwjkEBVUfS,spotify:track:5NbUgWLWgSpWvwjkEBVUfS,,Inka Cheppale,0,"Rahul Nambiar,Swetha",Seethamma Vakitlo Sirimalle Chettu (Original Motion Picture Soundtrack),0.584,0.881,220000,0.745,0.00587,10,0.102,-8.34,0,0.0484,100.991,0.882
desi,Telugu Romance,37i9dQZF1DWTt3gMo0DLxA,1ERqAWaAhH9cH0nPU1szbZ,spotify:track:1ERqAWaAhH9cH0nPU1szbZ,,"Cheppave Chirugali - From ""Okkadu""",0,"Udit Narayan,Sujatha",Udit Narayan - Telugu Hits,0.0509,0.588,330935,0.618,0.0,11,0.0956,-9.554,0,0.118,157.446,0.503
desi,Telugu Romance,37i9dQZF1DWTt3gMo0DLxA,0cLpoYOicHXNFHeMqxXaCt,spotify:track:0cLpoYOicHXNFHeMqxXaCt,,Pachchadanamey,0,"A.R. Rahman,Clinton,Hariharan,Veturi",Sakhi,0.381,0.535,357947,0.336,0.000133,1,0.428,-18.811,0,0.072,176.006,0.5
desi,Telugu Romance,37i9dQZF1DWTt3gMo0DLxA,5mtAcdIYNLJ8hYISSnSnOD,spotify:track:5mtAcdIYNLJ8hYISSnSnOD,,"Come to the Party - From ""S/O Satyamurthy""",0,Vijay Prakash,Allu Arjun's Alluring Ladies,0.248,0.697,240923,0.861,4.32e-05,9,0.347,-4.998,0,0.243,169.904,0.774
desi,Telugu Romance,37i9dQZF1DWTt3gMo0DLxA,0Nw1dMRg2OaCWIZrvCb44z,spotify:track:0Nw1dMRg2OaCWIZrvCb44z,https://p.scdn.co/mp3-preview/29385d343021a4ca7611467b2557b902ff771303?cid=63a77ff40e794a12ae216a18befde98c,"Vennela O Vennela - From ""Neevevaro""",34,Sid Sriram,"Vennela O Vennela (From ""Neevevaro"")",0.734,0.701,266867,0.446,0.0,8,0.0979,-9.008,1,0.0366,100.012,0.568
desi,Telugu Romance,37i9dQZF1DWTt3gMo0DLxA,0L7vC0kejei6CSNlV4S8Gx,spotify:track:0L7vC0kejei6CSNlV4S8Gx,,Nuvvu Nuvvu,0,Sumangali,Khadgam (Original Motion Picture Soundtrack),0.396,0.806,333113,0.496,2.31e-05,1,0.0881,-8.548,0,0.0356,94.994,0.812
desi,Telugu Romance,37i9dQZF1DWTt3gMo0DLxA,70RUL5VINcNlLpa7hw3KVa,spotify:track:70RUL5VINcNlLpa7hw3KVa,,"Mee Intiki Mundhu - From ""Julai""",0,"Sagar,Ranina Reddy",Music Blast: Devi Sri Prasad & Sagar - Telugu Hits,0.14,0.866,229949,0.958,4.31e-05,0,0.0292,-2.8,0,0.179,134.002,0.844
desi,Telugu Romance,37i9dQZF1DWTt3gMo0DLxA,3kIGp3olzfRjQEIy1JcxcH,spotify:track:3kIGp3olzfRjQEIy1JcxcH,,"My Heart - From ""Jalsa""",1,KK,K. K. - Best Telugu Hits,0.209,0.842,298393,0.93,1.42e-05,9,0.104,-8.328,0,0.0949,130.0,0.77
desi,Telugu Romance,37i9dQZF1DWTt3gMo0DLxA,1fm5lSlxBxcYQhnmOcg7zH,spotify:track:1fm5lSlxBxcYQhnmOcg7zH,,O Madhu,0,Adnan Sami,Julai,0.489,0.836,243168,0.647,0.123,11,0.164,-4.24,0,0.0553,94.984,0.963
desi,Telugu Romance,37i9dQZF1DWTt3gMo0DLxA,4mmHb3IhYekwr1niuvx5ji,spotify:track:4mmHb3IhYekwr1niuvx5ji,,Egire Egire,0,"Clinton,Vedala Hemachandra,Raman Mahadevan",Konchem Istam Konchem Kastam (Original Motion Picture Soundtrack),0.141,0.594,246060,0.726,0.0,2,0.174,-7.136,1,0.0431,95.956,0.624
desi,Telugu Romance,37i9dQZF1DWTt3gMo0DLxA,7mLIQ1i5dZKvMkJZRGQI6j,spotify:track:7mLIQ1i5dZKvMkJZRGQI6j,,Meghaallo,0,"Karthik,Sreerama Chandra",Seethamma Vakitlo Sirimalle Chettu (Original Motion Picture Soundtrack),0.794,0.697,237886,0.689,0.00729,6,0.123,-7.808,1,0.0314,129.98,0.911
desi,Telugu Romance,37i9dQZF1DWTt3gMo0DLxA,3IdgCiwBOtpdUSvsrlfosu,spotify:track:3IdgCiwBOtpdUSvsrlfosu,,Andhamyna Bhamalu,0,Devi Sri Prasad,Manmadhudu (Original Motion Picture Soundtrack),0.127,0.75,258090,0.724,0.0,10,0.136,-8.578,0,0.308,135.963,0.881
desi,Telugu Romance,37i9dQZF1DWTt3gMo0DLxA,2ghbhZFuaU3CCsL1CErZUx,spotify:track:2ghbhZFuaU3CCsL1CErZUx,,Kochemu Konchemu,16,M. M. Keeravani,Eega,0.392,0.544,246048,0.541,0.0387,0,0.114,-11.883,1,0.0488,112.062,0.675
desi,Telugu Romance,37i9dQZF1DWTt3gMo0DLxA,10SpkZoX4eIyxi3f0zVfWw,spotify:track:10SpkZoX4eIyxi3f0zVfWw,,Darlingey,0,"Devi Sri Prasad,Geetha Madhuri",Mirchi (Original Motion Picture Soundtrack),0.178,0.813,224027,0.9,0.000121,7,0.229,-3.528,1,0.145,141.938,0.904
desi,Telugu Romance,37i9dQZF1DWTt3gMo0DLxA,4Ua5t8kTLSnVKWV2NK2xiN,spotify:track:4Ua5t8kTLSnVKWV2NK2xiN,https://p.scdn.co/mp3-preview/4f6bdffad0d04054ffc15d56fde07fce04cc0da2?cid=63a77ff40e794a12ae216a18befde98c,Vintunnavaa,28,"A.R. Rahman,Karthik,Shreya Ghoshal",Yemaaya Chesave (Original Motion Picture Soundtrack),0.655,0.373,417067,0.503,2.35e-06,3,0.116,-8.27,1,0.032,87.79,0.193
desi,Telugu Romance,37i9dQZF1DWTt3gMo0DLxA,18TORL6yEYyzbOjCrS8Ipc,spotify:track:18TORL6yEYyzbOjCrS8Ipc,https://p.scdn.co/mp3-preview/0c40b84c4531261238ca9af13df0a535a42371c1?cid=63a77ff40e794a12ae216a18befde98c,Yedhane Koiyakae,25,"Harris Jayaraj,Krish,Benny Dayal,Bhargavi Pillai",Surya S/o Krishnan (Original Motion Picture Soundtrack),0.449,0.726,315827,0.621,0.0,2,0.0737,-6.791,1,0.05,118.971,0.685
desi,Telugu Romance,37i9dQZF1DWTt3gMo0DLxA,2jfueu9vfVL9BRMOs6mXJw,spotify:track:2jfueu9vfVL9BRMOs6mXJw,,Akasam Ammayaithe,0,"Shankar Mahadevan,Gopika Poornima",Gabbar Singh,0.4,0.796,291189,0.9,1.43e-05,5,0.212,-3.077,0,0.0524,115.976,0.962
desi,Telugu Romance,37i9dQZF1DWTt3gMo0DLxA,3KjC0V1HirS3FgmEFV74jR,spotify:track:3KjC0V1HirS3FgmEFV74jR,,Vaana Chinukulu,0,"Karthik,Anjana Sowmya",Seethamma Vakitlo Sirimalle Chettu (Original Motion Picture Soundtrack),0.605,0.825,223484,0.772,9.52e-06,5,0.0637,-8.474,0,0.259,77.96,0.897
desi,Telugu Romance,37i9dQZF1DWTt3gMo0DLxA,5azPmHrJxmGAXAdt9nCcRe,spotify:track:5azPmHrJxmGAXAdt9nCcRe,,Yemcheddam,0,"Ranjith,Sreerama Chandra,Karthik",Seethamma Vakitlo Sirimalle Chettu (Original Motion Picture Soundtrack),0.486,0.781,266144,0.934,0.059,11,0.195,-7.191,0,0.0539,110.0,0.846
desi,Telugu Romance,37i9dQZF1DWTt3gMo0DLxA,4XoeZ7A6wgliJUoFR5N0oX,spotify:track:4XoeZ7A6wgliJUoFR5N0oX,,Aho Balu,0,"Ranjith,Sri Charan",100% Love (Original Motion Picture Soundtrack),0.0174,0.871,307242,0.802,0.00315,2,0.0484,-3.565,1,0.165,95.011,0.673
desi,Telugu Romance,37i9dQZF1DWTt3gMo0DLxA,0GmAGJVOYU71WI0dpSBslJ,spotify:track:0GmAGJVOYU71WI0dpSBslJ,,Confusion,0,"Krishna Chaitanya,Mickey J. Meyer",Kothabangarulokam (Original Motion Picture Soundtrack),0.269,0.888,255164,0.684,0.00212,0,0.0652,-8.395,1,0.0575,120.025,0.743
