category_id,playlist_name,playlist_id,track_id,track_uri,track_preview_url,track_name,track_popularity,artist_name,album_name,acousticness,danceability,duration_ms,energy,instrumentalness,key,liveness,loudness,mode,speechiness,tempo,valence
classical,Classical World: Austria,37i9dQZF1DWYMDP0EcdRK6,002F8HWG4UVMxby4Z2aOFI,spotify:track:002F8HWG4UVMxby4Z2aOFI,https://p.scdn.co/mp3-preview/a0f6eee421090bfb6f76c0352086e6dbaaa5c232?cid=63a77ff40e794a12ae216a18befde98c,Lamento sopra la morte Ferdinandi III,19,"Johann Heinrich Schmelzer,Ensemble Masques,Olivier Fortin",Schmelzer: Sacro-profanus sonatas,0.899,0.217,413147,0.0815,0.00473,1,0.138,-16.086,1,0.0383,134.842,0.0747
classical,Classical World: Austria,37i9dQZF1DWYMDP0EcdRK6,5OiqMCWA9VUFYaJxrEGItp,spotify:track:5OiqMCWA9VUFYaJxrEGItp,https://p.scdn.co/mp3-preview/44c16fa03a8b7a7ab4569fe8e407c5c54b507c8f?cid=63a77ff40e794a12ae216a18befde98c,Fux : Rondeau a 7,15,"Johann Joseph Fux,Nikolaus Harnoncourt,Concentus Musicus Wien",Music at the Habsburg Court (DAW 50),0.891,0.418,256933,0.128,0.0165,11,0.324,-16.937,1,0.0453,125.615,0.637
classical,Classical World: Austria,37i9dQZF1DWYMDP0EcdRK6,6L4hKq77AyufQrg3ldqV5R,spotify:track:6L4hKq77AyufQrg3ldqV5R,https://p.scdn.co/mp3-preview/1d1de0b3e8493eeb39ccadbef065aaa8036a63b8?cid=63a77ff40e794a12ae216a18befde98c,Grande Symphony No. 7 in C Major: I. Allegro,15,"Franz Xaver Richter,Academy of Ancient Music,Richard Egarr",Birth of the Symphony: Handel to Haydn,0.798,0.304,405549,0.16,0.586,7,0.355,-24.547,1,0.0445,127.572,0.191
classical,Classical World: Austria,37i9dQZF1DWYMDP0EcdRK6,0oaDeKQBBZJDiwLAmaGghf,spotify:track:0oaDeKQBBZJDiwLAmaGghf,https://p.scdn.co/mp3-preview/1d319eeb9a0da532c9e5c092fa28313276dd9fc9?cid=63a77ff40e794a12ae216a18befde98c,Harp Concerto in G Major: III. Vivace,15,"Georg Christoph Wagenseil,Roberta Alessandrini,Mantova Orchestra,Vittorio Parisi",Dussek / Wagenseil / Krumpholtz: Harp Concertos,0.987,0.327,317627,0.0551,0.752,7,0.101,-20.247,1,0.0463,77.2,0.187
classical,Classical World: Austria,37i9dQZF1DWYMDP0EcdRK6,752mp64HFUjjb6K0MqO6Ni,spotify:track:752mp64HFUjjb6K0MqO6Ni,https://p.scdn.co/mp3-preview/e857584fe15b48511d4577b03520810c7473d2ce?cid=63a77ff40e794a12ae216a18befde98c,"Concerto for Cello, Strings and Clavichord in G Major: Concerto for Cello, Strings and Clavichord in G Major: III. Allegro non tanto",19,"Georg Matthias Monn,Freiburger Barockorchester,Jean-Guihen Queyras,Petra Mullejans",Haydn: Cello Concertos,0.921,0.5,284267,0.195,0.562,2,0.13,-19.944,1,0.0505,121.455,0.504
classical,Classical World: Austria,37i9dQZF1DWYMDP0EcdRK6,4cvEHaekFILrRlXbsQufIr,spotify:track:4cvEHaekFILrRlXbsQufIr,https://p.scdn.co/mp3-preview/11ca311f1650de1c9e0f1a2c0f8f9f3f20d434c2?cid=63a77ff40e794a12ae216a18befde98c,"Kinder-Symphonie (""Berchtoldsgadener"") C Major",16,"Leopold Mozart,Kremerata Baltica,Gidon Kremer",After Mozart,0.855,0.509,184867,0.23,0.407,0,0.104,-15.756,1,0.0482,135.966,0.542
classical,Classical World: Austria,37i9dQZF1DWYMDP0EcdRK6,4iNMFnXrjGVfRObEaJt8IJ,spotify:track:4iNMFnXrjGVfRObEaJt8IJ,https://p.scdn.co/mp3-preview/ab5d31b4857ad8ce4f1f7312b974dbee70694c9e?cid=63a77ff40e794a12ae216a18befde98c,"String Quartet No. 31 in E-Flat Major, Op. 20 No. 1, Hob. III:31 ""Sun Quartet No. 1"": I. Allegro moderato",29,"Franz Joseph Haydn,Quatuor Mosaïques",Haydn: Six quatuors de l'opus 20,0.95,0.226,599307,0.113,0.138,0,0.0974,-19.921,0,0.0552,176.762,0.246
classical,Classical World: Austria,37i9dQZF1DWYMDP0EcdRK6,1eIW9MnBP7o0TM5iMPSb8g,spotify:track:1eIW9MnBP7o0TM5iMPSb8g,https://p.scdn.co/mp3-preview/921bf74b2c3ffd07876a6f5eb47d566222390bc8?cid=63a77ff40e794a12ae216a18befde98c,"Symphony No. 33 in B-Flat Major, P. 24: I. Vivace",16,"Michael Haydn,German Chamber Academy Neuss,Frank Beermann","Haydn: Symphonies Nos. 14, 17, 19, 24, 29, 33, 40 & 41",0.944,0.422,372000,0.271,0.935,10,0.148,-15.292,1,0.0345,147.783,0.461
classical,Classical World: Austria,37i9dQZF1DWYMDP0EcdRK6,2rDBgkiueKILUcTSBGhSFs,spotify:track:2rDBgkiueKILUcTSBGhSFs,https://p.scdn.co/mp3-preview/b87bd295782d391ebc16e9e1a73f42ac02840602?cid=63a77ff40e794a12ae216a18befde98c,"Symphony No. 1 in C Major, ""Die 4 Weltalter"" (the 4 Ages of the World): I. Larghetto",26,"Carl Ditters von Dittersdorf,Failoni Kamarazenekar,Hanspeter Gmür","Dittersdorf: Sinfonias On Ovid's Metamorphoses, Nos. 1 - 3",0.984,0.215,255960,0.0688,0.518,0,0.137,-20.354,1,0.0453,87.014,0.0959
classical,Classical World: Austria,37i9dQZF1DWYMDP0EcdRK6,35IHezFNagyACukRVZ1dxn,spotify:track:35IHezFNagyACukRVZ1dxn,https://p.scdn.co/mp3-preview/ad5e91cc374e5e3bfad77103b88bca69be8168af?cid=63a77ff40e794a12ae216a18befde98c,Clarinet Concerto No. 2 in B-Flat Major: III. Rondo,14,"Ignaz Pleyel,Dieter Klöcker,Southwest German Chamber Orchestra,Sebastian Tewinkel","Pleyel, I.J.: Clarinet Concertos Nos. 1 and 2 / Sinfonia Concertante in B-Flat Major",0.991,0.432,483533,0.12,0.856,10,0.104,-17.992,1,0.0418,105.38,0.277
classical,Classical World: Austria,37i9dQZF1DWYMDP0EcdRK6,7xzvDVwl7wDWnUnuzE8vcJ,spotify:track:7xzvDVwl7wDWnUnuzE8vcJ,,Sicilienne (Arr. Dushkin & Harrell),0,"Maria Theresia von Paradis,Lynn Harrell,Bruno Canino",Andante Cantabile - Cello Encores,0.995,0.224,169493,0.0307,0.903,3,0.168,-26.094,1,0.0485,112.559,0.0858
classical,Classical World: Austria,37i9dQZF1DWYMDP0EcdRK6,1Ptygpzr13qQfhsgNoaSU6,spotify:track:1Ptygpzr13qQfhsgNoaSU6,,"Le nozze di Figaro, K.492 / Act 3: ""Sull’aria ... Che soave zeffiretto""",0,"Wolfgang Amadeus Mozart,Edith Mathis,Gundula Janowitz,Orchester der Deutschen Oper Berlin,Karl Böhm",Mozart: Le nozze di Figaro (3 CDs),0.991,0.218,210533,0.0625,1.82e-05,10,0.427,-22.482,1,0.0463,79.981,0.0826
classical,Classical World: Austria,37i9dQZF1DWYMDP0EcdRK6,3r9AKvJIHeZ5Wkfry0Tx8Q,spotify:track:3r9AKvJIHeZ5Wkfry0Tx8Q,https://p.scdn.co/mp3-preview/ec97a09ef2f045486185606d8274b30a9bf7fe12?cid=63a77ff40e794a12ae216a18befde98c,"Piano Concerto No. 2 in A Minor, Op. 85: III. Rondo: Allegro moderato",18,"Johann Nepomuk Hummel,Stephen Hough,English Chamber Orchestra,Bryden Thomson",Hummel: Piano Concertos Nos. 2 and 3,0.984,0.234,633600,0.183,0.895,9,0.0827,-19.635,0,0.0334,94.735,0.173
classical,Classical World: Austria,37i9dQZF1DWYMDP0EcdRK6,181tkQq8exvzGLWhS8VHCP,spotify:track:181tkQq8exvzGLWhS8VHCP,https://p.scdn.co/mp3-preview/0e39581fbd4d2758995cea8b3b4a3ea8f58cd8b9?cid=63a77ff40e794a12ae216a18befde98c,"Huit Nocturnes, Op. 368: No. 3 in A-Flat Major",16,"Carl Czerny,Isabelle Oehmichen",Czerny: Nocturnes,0.988,0.333,242160,0.0166,0.891,8,0.0888,-31.701,1,0.0363,62.609,0.0696
classical,Classical World: Austria,37i9dQZF1DWYMDP0EcdRK6,4R7aG7EueMAtd2v3fp8nId,spotify:track:4R7aG7EueMAtd2v3fp8nId,,"4 Impromptus, Op.90, D.899: No.3 in G Flat Major: Andante",0,"Franz Schubert,Radu Lupu",Schubert: Impromptus Opp.90 & 142,0.989,0.147,391973,0.00562,0.926,6,0.101,-32.742,1,0.035,173.414,0.0545
classical,Classical World: Austria,37i9dQZF1DWYMDP0EcdRK6,26m1vgaBIH9Jn5BCrcHBwR,spotify:track:26m1vgaBIH9Jn5BCrcHBwR,,"Radetzky-Marsch, Op.228",0,"Johann Strauss I,Wiener Philharmoniker,Willi Boskovsky",Ultimate Strauss Family,0.837,0.593,173493,0.614,0.96,9,0.473,-13.213,1,0.0319,110.741,0.568
classical,Classical World: Austria,37i9dQZF1DWYMDP0EcdRK6,0FEJmhsKwOQtJoP2lKcu37,spotify:track:0FEJmhsKwOQtJoP2lKcu37,,"Morning, Noon and Night in Vienna: Overture",0,"Franz von Suppé,Orchestre Symphonique de Montréal,Charles Dutoit",Suppé: Overtures,0.897,0.209,508707,0.114,0.82,5,0.119,-18.276,1,0.0388,154.178,0.0764
classical,Classical World: Austria,37i9dQZF1DWYMDP0EcdRK6,7ejYcjn0C9hUGb74I6BVfL,spotify:track:7ejYcjn0C9hUGb74I6BVfL,,Symphony No.7 In E Major: 2. Adagio (Sehr feierlich und sehr langsam),0,"Anton Bruckner,Wiener Philharmoniker,Karl Böhm",Bruckner: Symphony No.7,0.877,0.0687,1444500,0.121,0.887,6,0.175,-18.139,0,0.0392,74.495,0.0331
classical,Classical World: Austria,37i9dQZF1DWYMDP0EcdRK6,6Mxoe8P6u3vpCCHgYgKmH6,spotify:track:6Mxoe8P6u3vpCCHgYgKmH6,,"An der schönen blauen Donau, Op.314",3,"Johann Strauss II,Berliner Philharmoniker,Herbert von Karajan",Karajan Forever - The Greatest Classical Hits (2 CDs),0.986,0.25,705667,0.0784,0.826,2,0.0949,-18.058,1,0.0369,147.926,0.0856
classical,Classical World: Austria,37i9dQZF1DWYMDP0EcdRK6,2cwLN0WGZYUvRiSmBJD9rq,spotify:track:2cwLN0WGZYUvRiSmBJD9rq,https://p.scdn.co/mp3-preview/ee9e1f75699880b8d68cb1903617c3d575f375cc?cid=63a77ff40e794a12ae216a18befde98c,Dynaimiden (Geheime Anziehungskräft) Op. 173,10,"Josef Strauss,Wiener Philharmoniker,Rudolf Kempe",Strauss Family / Lehar: Waltzes,0.949,0.277,485600,0.133,0.85,4,0.0895,-16.962,1,0.0378,143.813,0.13
classical,Classical World: Austria,37i9dQZF1DWYMDP0EcdRK6,5Hgpfzs8046GRbk3gAQj2D,spotify:track:5Hgpfzs8046GRbk3gAQj2D,https://p.scdn.co/mp3-preview/53d0cc6d8936ca667d8c8db9112f9892769b3ea3?cid=63a77ff40e794a12ae216a18befde98c,Alpine Rose - Polka Op. 127,17,"Eduard Strauss,Hallé,Bramwell Tovey","Johann Strauss II Waltzes, Polkas & Overtures",0.974,0.279,221773,0.0153,0.788,0,0.0777,-24.117,1,0.0384,112.204,0.155
classical,Classical World: Austria,37i9dQZF1DWYMDP0EcdRK6,5VoUe9Q6IX5oQ4ZXJcmWU4,spotify:track:5VoUe9Q6IX5oQ4ZXJcmWU4,https://p.scdn.co/mp3-preview/26a7900ddabc342eac3ba2cf51d4c5c574d46d92?cid=63a77ff40e794a12ae216a18befde98c,Symphony No. 1 in E Major: I. Alla breve,11,"Hans Rott,Mozarteum Orchestra Salzburg,Constantin Trinks",Rott: Symphony No. 1 in E Major (Live),0.914,0.184,605907,0.0323,0.909,4,0.186,-21.251,1,0.0428,117.9,0.0387
classical,Classical World: Austria,37i9dQZF1DWYMDP0EcdRK6,38yf0nViZCNs4g8akrOH2Y,spotify:track:38yf0nViZCNs4g8akrOH2Y,https://p.scdn.co/mp3-preview/32047231bd37b8af1947e0b86b9be077d14edc00?cid=63a77ff40e794a12ae216a18befde98c,"Symphony No. 4 in G Major: IV. Sehr behaglich - ""Wir geniessen die himmlischen Freuden""",22,"Gustav Mahler,Judith Raskin,George Szell,Cleveland Orchestra",Mahler: Symphony No. 4 & Lieder eines fahrenden Gesellen,0.97,0.282,616933,0.0416,0.111,6,0.0722,-27.393,0,0.0469,107.938,0.0632
classical,Classical World: Austria,37i9dQZF1DWYMDP0EcdRK6,7bbEvET5c1CQupgG8fRf8q,spotify:track:7bbEvET5c1CQupgG8fRf8q,https://p.scdn.co/mp3-preview/fcf092e86cc80949e4132e0398b75955b08a93be?cid=63a77ff40e794a12ae216a18befde98c,"Lyrische Symphonie (Lyric Symphony), Op. 18: I. I Ich bin friedlos -",8,"Alexander von Zemlinsky,Turid Karlsen,Franz Grundheber,Czech Philharmonic Orchestra,Antony Beaumont",Zemlinsky: Lyric Symphony / Cymbeline,0.92,0.221,601840,0.158,0.472,2,0.0695,-21.295,1,0.0374,108.59,0.0613
classical,Classical World: Austria,37i9dQZF1DWYMDP0EcdRK6,3WuBJ4eb1JTfq1d8SxLl1T,spotify:track:3WuBJ4eb1JTfq1d8SxLl1T,https://p.scdn.co/mp3-preview/50aa2823032d95cd1861871daf60729511b76f9a?cid=63a77ff40e794a12ae216a18befde98c,Symphony No. 4 in C Major: II. Adagio —,9,"Franz Schmidt,Marcy Chanteaux,Detroit Symphony Orchestra,Neeme Järvi",Schmidt: Symphonies (Complete),0.918,0.0626,726160,0.0427,0.855,10,0.112,-26.272,1,0.0475,66.436,0.0323
classical,Classical World: Austria,37i9dQZF1DWYMDP0EcdRK6,4tTihOTrCBZrbnf4pQuTq7,spotify:track:4tTihOTrCBZrbnf4pQuTq7,https://p.scdn.co/mp3-preview/98eba76f3b39a0e8ce03b30eb314e61d58fc2649?cid=63a77ff40e794a12ae216a18befde98c,"Verklärte Nacht, Op. 4",45,"Arnold Schoenberg,Emerson String Quartet,Paul Neubauer,Colin Carr",Journeys,0.965,0.168,1630187,0.144,0.767,4,0.101,-18.636,0,0.0422,87.983,0.0357
classical,Classical World: Austria,37i9dQZF1DWYMDP0EcdRK6,3aDwHPKhGRr5zyuT0n4ROv,spotify:track:3aDwHPKhGRr5zyuT0n4ROv,https://p.scdn.co/mp3-preview/92fdd7e40cb5e6c11159c57555398804732b3cc0?cid=63a77ff40e794a12ae216a18befde98c,Kreisler: 3 Old Viennese Dances for Violin and Piano: III. Schön Rosmarin (Grazioso),9,"Fritz Kreisler,Fritz Kreisler, Franz Rupp",Kreisler plays Kreisler,0.973,0.579,121667,0.193,0.296,7,0.046,-21.709,1,0.0623,89.162,0.825
classical,Classical World: Austria,37i9dQZF1DWYMDP0EcdRK6,3rPsrmdQkua16ZeXfYP4D6,spotify:track:3rPsrmdQkua16ZeXfYP4D6,https://p.scdn.co/mp3-preview/ebf00c74aab9c6f826a51c31abc3c35614a55ada?cid=63a77ff40e794a12ae216a18befde98c,Der ferne Klang: Act III: Zwischenspiel,9,"Franz Schreker,Gabrielle Schnaut,Thomas Moser,Victor van Halem,Barbara Scherler,Johannes Werner Prein,Julia Juon,Hans Helm,Siegmund Nimsgern,Barbara Hahn,Gudrun Sieber,Gertrud Ottenthal,Rolf Appel,Peter Haage,Roland Hermann,Robert Worle,Gidon Saks,Claudio Otelli,RIAS Kammerchor,Rundfunkchor Berlin,Berlin Radio Symphony Orchestra,Gerd Albrecht",Schreker: Der ferne Klang,0.925,0.12,481453,0.0755,0.718,8,0.311,-23.098,0,0.0377,81.234,0.0365
classical,Classical World: Austria,37i9dQZF1DWYMDP0EcdRK6,02eOMUn8L2U6dbyTApZOaa,spotify:track:02eOMUn8L2U6dbyTApZOaa,,Der Favorit: Du sollst der Kaiser meiner Seele sein - Live,7,"Robert Stolz,Renée Fleming,Staatskapelle Dresden,Christian Thielemann",Tonight - Welthits von Berlin bis Broadway (Live),0.956,0.207,310507,0.155,0.00398,7,0.7,-19.318,1,0.0566,83.206,0.063
classical,Classical World: Austria,37i9dQZF1DWYMDP0EcdRK6,28tnibERt4c4qCzD4pBaKB,spotify:track:28tnibERt4c4qCzD4pBaKB,https://p.scdn.co/mp3-preview/def41508d599b9df73b71e13e9d10f5969757760?cid=63a77ff40e794a12ae216a18befde98c,Sonata Movement (Rondo),8,"Anton Webern,Karim Said",Echoes from an Empire,0.987,0.39,290360,0.0894,0.889,10,0.0593,-22.595,1,0.0374,63.548,0.0558
classical,Classical World: Austria,37i9dQZF1DWYMDP0EcdRK6,5Q4UPCZOI0IIiDEnGZaRbT,spotify:track:5Q4UPCZOI0IIiDEnGZaRbT,https://p.scdn.co/mp3-preview/368689b990bcc36160f0d540e66d6b5d2bd7b5bc?cid=63a77ff40e794a12ae216a18befde98c,Violin Concerto - 'To the Memory of an Angel': Violin Concerto - 'To the Memory of an Angel': I. Andante - Allegretto,43,"Alban Berg,Isabelle Faust,Claudio Abbado,Orchestra Mozart",Berg & Beethoven: Violin Concertos,0.971,0.209,711187,0.157,0.335,2,0.102,-18.821,0,0.0391,106.24,0.0338
classical,Classical World: Austria,37i9dQZF1DWYMDP0EcdRK6,0Q4Amh1Cmb7FGvnbRXiegx,spotify:track:0Q4Amh1Cmb7FGvnbRXiegx,https://p.scdn.co/mp3-preview/e69ba3532c8f21fcceeb80da16ebac75a8819282?cid=63a77ff40e794a12ae216a18befde98c,"Symphony No. 4, Op. 70, ""Symphonia Austriaca"": III. Adagio",7,"Egon Wellesz,Vienna Radio Symphony Orchestra,Gottfried Rabl","Wellesz: Symphonies Nos. 4, 6 & 7",0.913,0.0643,517467,0.0602,0.833,3,0.194,-22.655,1,0.0479,60.085,0.0314
classical,Classical World: Austria,37i9dQZF1DWYMDP0EcdRK6,5Qe0oK8R7zhwIXRfnJFbJC,spotify:track:5Qe0oK8R7zhwIXRfnJFbJC,https://p.scdn.co/mp3-preview/92f994c11b876ec9eba70883472739ad9f338b80?cid=63a77ff40e794a12ae216a18befde98c,"String Quartet No. 11, Op. 34: II. Vivace molto",7,"Ernst Toch,Buchberger Quartet",Toch: String Quartets Nos. 11 & 13,0.927,0.302,194267,0.264,0.81,2,0.2,-18.131,0,0.0451,156.88,0.196
classical,Classical World: Austria,37i9dQZF1DWYMDP0EcdRK6,7a1C1NXZ8xyNlBCPiCaHah,spotify:track:7a1C1NXZ8xyNlBCPiCaHah,,"Violin Concerto In D Major, Op.35: 1. Moderato nobile",0,"Erich Wolfgang Korngold,Anne-Sophie Mutter,London Symphony Orchestra,André Previn",Tchaikovsky / Korngold: Violin Concertos,0.932,0.193,519840,0.192,0.28,2,0.0975,-19.577,1,0.046,174.078,0.0777
classical,Classical World: Austria,37i9dQZF1DWYMDP0EcdRK6,5BQRBzkZZOBaa5ni2MpDfX,spotify:track:5BQRBzkZZOBaa5ni2MpDfX,https://p.scdn.co/mp3-preview/1b3603e4de68d2262af142e6e6ab7b55b053b28b?cid=63a77ff40e794a12ae216a18befde98c,Piano Sonata No. 7: V. Variationen und Fuge uber ein hebraisches Volkslied,7,"Viktor Ullmann,Gregor Weichert",Viktor Ullmann: Piano Sonatas 5-7,0.983,0.395,441667,0.0854,0.903,2,0.0724,-23.515,0,0.0534,139.721,0.0718
classical,Classical World: Austria,37i9dQZF1DWYMDP0EcdRK6,4cXPj2s6gX8KZOc3QWG7li,spotify:track:4cXPj2s6gX8KZOc3QWG7li,https://p.scdn.co/mp3-preview/7b8990c68ab9c3a8ed48cdcf9e3fa7172575b454?cid=63a77ff40e794a12ae216a18befde98c,"Piano Sonata No. 3, Op. 92 No. 4: IV. Adagio",7,"Ernst Krenek,Glenn Gould",Glenn Gould Edition VII: Berg/Krenek/Webern/Ravel/Debussy,0.99,0.432,406427,0.0133,0.922,7,0.0903,-26.317,1,0.0664,75.886,0.087
classical,Classical World: Austria,37i9dQZF1DWYMDP0EcdRK6,4ZA8PWIUsOMOH40kdXUKMu,spotify:track:4ZA8PWIUsOMOH40kdXUKMu,https://p.scdn.co/mp3-preview/79bbc51a3172cace7a60a2e33f699dfd16ad208f?cid=63a77ff40e794a12ae216a18befde98c,"Concerto for Piano and Orchestra, Op.57: I. Allegro energico ma non troppo",11,"Hans Gál,Sarah Beth Briggs,Kenneth Woods,Royal Northern Sinfonia","Hans Gál Concerto for Piano and Orchestra, Mozart Piano Concerto No. 22, K. 482",0.967,0.32,704215,0.208,0.883,0,0.128,-17.899,1,0.0364,133.089,0.0942
classical,Classical World: Austria,37i9dQZF1DWYMDP0EcdRK6,13T7iTi583TEaorNmQLXpa,spotify:track:13T7iTi583TEaorNmQLXpa,https://p.scdn.co/mp3-preview/d68af00fc957af3009e3b6dc3df403d483223407?cid=63a77ff40e794a12ae216a18befde98c,In Nomine,8,"Georg Friedrich Haas,Ensemble Recherche",In nomine,0.994,0.162,235253,0.0053,0.828,7,0.0976,-29.011,0,0.0497,130.161,0.0314
classical,Classical World: Austria,37i9dQZF1DWYMDP0EcdRK6,2QEje8HTC1GDJhDStKSDe3,spotify:track:2QEje8HTC1GDJhDStKSDe3,https://p.scdn.co/mp3-preview/35984e710a44df4b92c73ac81f90910ba54dc9ba?cid=63a77ff40e794a12ae216a18befde98c,Voicelessness - The Snow Has No Voice (1986),7,"Beat Furrer,Marino Formenti",Nothing is real,0.981,0.429,513400,0.0041,0.757,4,0.0831,-37.845,0,0.0511,67.654,0.099
classical,Classical World: Austria,37i9dQZF1DWYMDP0EcdRK6,4rE2vWxLVLhWOJzspz2uhb,spotify:track:4rE2vWxLVLhWOJzspz2uhb,https://p.scdn.co/mp3-preview/94ca084bb2e5a2b69e0c5c3f017dd4bc5e02633a?cid=63a77ff40e794a12ae216a18befde98c,Marsyas,6,"Olga Neuwirth,Christopher Park","Schumann, Stravinsky & Neuwirth: Piano Works",0.982,0.316,886387,0.0384,0.894,2,0.0891,-24.569,1,0.0439,87.971,0.0336
