category_id,playlist_name,playlist_id,track_id,track_uri,track_preview_url,track_name,track_popularity,artist_name,album_name,acousticness,danceability,duration_ms,energy,instrumentalness,key,liveness,loudness,mode,speechiness,tempo,valence
chill,Rain Sounds,37i9dQZF1DX8ymr6UES7vc,3OhZdTcwr8eho3iol2YqMy,spotify:track:3OhZdTcwr8eho3iol2YqMy,https://p.scdn.co/mp3-preview/9dad466908c50a440aa7584e2a40bd59b4970caf?cid=63a77ff40e794a12ae216a18befde98c,Rain Sounds,69,Wp Sounds,Rain Sounds,0.0753,0.228,178311,0.00169,0.926,1,0.287,-15.878,1,0.478,113.348,0.0227
chill,Rain Sounds,37i9dQZF1DX8ymr6UES7vc,4xyiM6KWF90l9wQh07GJvN,spotify:track:4xyiM6KWF90l9wQh07GJvN,https://p.scdn.co/mp3-preview/bb0c1187db47a07b8990f58130195ea7b26dc80b?cid=63a77ff40e794a12ae216a18befde98c,Deep Thunderstorm,73,Weather Factory,Rain & Thunder,0.00143,0.135,152563,0.579,0.949,2,0.393,-27.105,1,0.0932,100.841,0.0327
chill,Rain Sounds,37i9dQZF1DX8ymr6UES7vc,5fkUSLLclp3LdXiMw3zTgR,spotify:track:5fkUSLLclp3LdXiMw3zTgR,https://p.scdn.co/mp3-preview/266a0a925ff559c328873a10bfc77d6400e631de?cid=63a77ff40e794a12ae216a18befde98c,Calm Rain & Thunder,72,Weather Factory,Rain & Thunder,0.00238,0.16,200693,0.56,0.714,1,0.413,-25.388,1,0.0772,129.874,0.0271
chill,Rain Sounds,37i9dQZF1DX8ymr6UES7vc,5lyslBBFXOiu2uB0sEdLSa,spotify:track:5lyslBBFXOiu2uB0sEdLSa,https://p.scdn.co/mp3-preview/4d4e6cd888aa3cab708065ff97bc22810dacb7c0?cid=63a77ff40e794a12ae216a18befde98c,Forest Thunderstorm,69,Weather Factory,Rain & Thunder,0.0469,0.142,150444,0.91,0.957,5,0.509,-20.77,0,0.115,65.291,0.0135
chill,Rain Sounds,37i9dQZF1DX8ymr6UES7vc,3lQu0W0vYlspohW9LNliYC,spotify:track:3lQu0W0vYlspohW9LNliYC,https://p.scdn.co/mp3-preview/69849db7d7271fe64610fa4d05cc652acea481a8?cid=63a77ff40e794a12ae216a18befde98c,Cozy Rain,70,Sample Rain Library,Rain Sounds,0.135,0.196,158655,0.501,0.995,10,0.727,-22.68,1,0.0956,83.557,0.0169
chill,Rain Sounds,37i9dQZF1DX8ymr6UES7vc,5dqINJU28icQujnJU37BJS,spotify:track:5dqINJU28icQujnJU37BJS,https://p.scdn.co/mp3-preview/c326f70363f0130263548581289f3074e4b34a5e?cid=63a77ff40e794a12ae216a18befde98c,Thunderstorm By The Waterfall,69,Thunderstorm Sound Bank,Thunder & Rain Relaxation,0.00356,0.184,133413,0.472,0.801,5,0.533,-21.516,0,0.0681,82.638,0.0261
chill,Rain Sounds,37i9dQZF1DX8ymr6UES7vc,7FXR4D71a5iQ6qtSHARkPs,spotify:track:7FXR4D71a5iQ6qtSHARkPs,https://p.scdn.co/mp3-preview/20e7f2dbb146d83eedbc4fcb3d594e2f85cbf078?cid=63a77ff40e794a12ae216a18befde98c,Relaxation Rain,66,Mother Nature FX,Rain Sounds,0.142,0.14,206934,0.999,0.977,6,0.934,-16.534,1,0.0474,81.946,0.00049
chill,Rain Sounds,37i9dQZF1DX8ymr6UES7vc,0XhxyzxCoJ15QH3J4HnCfW,spotify:track:0XhxyzxCoJ15QH3J4HnCfW,https://p.scdn.co/mp3-preview/8dbcccac92ca48bae2bd1c931e75f544ce7515b6?cid=63a77ff40e794a12ae216a18befde98c,Caribbean Thunderstorm,66,Mother Nature Sound FX,Thunderstorms,8.23e-05,0.135,222469,0.723,0.797,8,0.957,-22.636,1,0.107,141.159,0.0159
chill,Rain Sounds,37i9dQZF1DX8ymr6UES7vc,6R6P2svDNwlc8bE0keLWaV,spotify:track:6R6P2svDNwlc8bE0keLWaV,https://p.scdn.co/mp3-preview/b30889086490262edddd1f428c9784941b87cbaa?cid=63a77ff40e794a12ae216a18befde98c,Campfire Rain,62,Forest FX,Sleep (Rain Sounds Compilation),0.169,0.163,149841,0.989,0.996,10,0.453,-18.309,0,0.0487,78.961,1e-05
chill,Rain Sounds,37i9dQZF1DX8ymr6UES7vc,41ngfIhPv1DkwHozVjH5Yc,spotify:track:41ngfIhPv1DkwHozVjH5Yc,https://p.scdn.co/mp3-preview/d2aba3bb766cf7ea4cb0c9db4f7e88500324d754?cid=63a77ff40e794a12ae216a18befde98c,Florida Rain Storm,71,Mother Nature Sound FX,Thunderstorms,0.0027,0.157,175314,0.523,0.764,5,0.0936,-28.309,0,0.0666,89.925,0.0384
chill,Rain Sounds,37i9dQZF1DX8ymr6UES7vc,22SVffE6TQeEIPtgqLI3aa,spotify:track:22SVffE6TQeEIPtgqLI3aa,https://p.scdn.co/mp3-preview/120817f85541707eaeb6be0e1d700d7a972970e2?cid=63a77ff40e794a12ae216a18befde98c,Rain against Ground,59,Yoga Rain,Sleep (Rain Sounds Compilation),0.13,0.122,211695,0.998,0.98,2,0.83,-17.253,1,0.0487,147.915,0.00601
chill,Rain Sounds,37i9dQZF1DX8ymr6UES7vc,4UBbZaigvacECHSJIM2MiV,spotify:track:4UBbZaigvacECHSJIM2MiV,https://p.scdn.co/mp3-preview/2a2195463f8fe54528c03f6a3a4b067269196d1f?cid=63a77ff40e794a12ae216a18befde98c,Sleep and Chill Rain,65,Rain Storm Sample Library,Rain Sounds,0.149,0.191,174319,0.867,0.993,1,0.581,-15.731,1,0.089,92.545,0.0572
chill,Rain Sounds,37i9dQZF1DX8ymr6UES7vc,3vU3NSAS9uxSg4gLbNLViL,spotify:track:3vU3NSAS9uxSg4gLbNLViL,https://p.scdn.co/mp3-preview/1e8db8d2d9ecb708938430efce280d0166c2dfe1?cid=63a77ff40e794a12ae216a18befde98c,Camping Rain,65,Forest FX,Sleep (Rain Sounds Compilation),0.116,0.0,184460,0.453,0.922,9,0.503,-16.773,0,0.0,0.0,0.0
chill,Rain Sounds,37i9dQZF1DX8ymr6UES7vc,5PmVqECxxW8pix05pb5gjv,spotify:track:5PmVqECxxW8pix05pb5gjv,https://p.scdn.co/mp3-preview/475b8b179a8ae3e0489d1631d758b83f47c08288?cid=63a77ff40e794a12ae216a18befde98c,Thunderstorm In The Cabin,67,Mother Nature Sound FX,Thunderstorms,0.000945,0.164,225212,0.626,0.879,5,0.426,-24.336,0,0.0943,126.684,0.0216
chill,Rain Sounds,37i9dQZF1DX8ymr6UES7vc,13TfD0g69nL4M7OtfI59oW,spotify:track:13TfD0g69nL4M7OtfI59oW,https://p.scdn.co/mp3-preview/47c6deca142162d1bf5f2658ff7d092aec0f6de8?cid=63a77ff40e794a12ae216a18befde98c,Balance Rain,56,Sleep Makers Samples,Sleep (Rain Sounds Compilation),0.202,0.0741,181666,0.00024,0.641,10,0.389,-16.202,1,0.103,171.613,0.0225
chill,Rain Sounds,37i9dQZF1DX8ymr6UES7vc,6miZ8db7XqaLpgKip2Ubhd,spotify:track:6miZ8db7XqaLpgKip2Ubhd,https://p.scdn.co/mp3-preview/3ec97d29751b38c3c1cae82bfe40bb464bbbc2f2?cid=63a77ff40e794a12ae216a18befde98c,Relax Sleep Rain,58,Mother Nature FX,Rain Sounds,0.0575,0.0569,200147,0.0136,0.907,2,0.378,-16.751,1,0.103,70.357,0.0309
chill,Rain Sounds,37i9dQZF1DX8ymr6UES7vc,7pjG0uixjZKFqsj05SJIOi,spotify:track:7pjG0uixjZKFqsj05SJIOi,https://p.scdn.co/mp3-preview/7a5b4466576ae32a89ab7f16e4c9ac300fc19533?cid=63a77ff40e794a12ae216a18befde98c,Softer Rain,68,Decidic FX,Sleep (Rain Sounds Compilation),0.139,0.138,177976,0.972,0.996,10,0.376,-18.939,1,0.0704,84.963,1e-05
chill,Rain Sounds,37i9dQZF1DX8ymr6UES7vc,0vYAItv84T1gwGXgSd3RVm,spotify:track:0vYAItv84T1gwGXgSd3RVm,https://p.scdn.co/mp3-preview/8fcd2fbdfb166feeabb2fe2b8f2f8627c6bc90f6?cid=63a77ff40e794a12ae216a18befde98c,Sea Rain,57,Rain Sound Plus,Sleep (Rain Sounds Compilation),0.13,0.0861,291731,0.979,0.986,0,0.363,-22.301,0,0.0836,86.523,0.00789
chill,Rain Sounds,37i9dQZF1DX8ymr6UES7vc,6GdAjHpwP9tARd44GUaizz,spotify:track:6GdAjHpwP9tARd44GUaizz,https://p.scdn.co/mp3-preview/824bc69907a963bd3e65131dd9b26e45c507de66?cid=63a77ff40e794a12ae216a18befde98c,Water Kissing Rain,56,Sleep Makers Samples,Sleep (Rain Sounds Compilation),0.149,0.149,211127,0.999,0.997,3,0.87,-16.63,0,0.0575,136.288,1e-05
chill,Rain Sounds,37i9dQZF1DX8ymr6UES7vc,72vc2kt9CCNmjaba6MdhTd,spotify:track:72vc2kt9CCNmjaba6MdhTd,https://p.scdn.co/mp3-preview/4dbe92adce7c4f35157e0177c951a29bd89bf377?cid=63a77ff40e794a12ae216a18befde98c,Forest FX Rain,54,Lullaby Rain,Sleep (Rain Sounds Compilation),0.199,0.145,182788,0.957,0.964,0,0.695,-18.045,1,0.0757,137.184,0.0175
chill,Rain Sounds,37i9dQZF1DX8ymr6UES7vc,6aNXqtLgxBPRFAH4tkn2Xn,spotify:track:6aNXqtLgxBPRFAH4tkn2Xn,https://p.scdn.co/mp3-preview/104f963bd27bb14b6acee5a82ae277c137f45f47?cid=63a77ff40e794a12ae216a18befde98c,Spring Rain,62,Selective Sounds PTA,Sleep (Rain Sounds Compilation),0.174,0.13,234197,0.167,0.994,0,0.463,-19.561,1,0.0507,82.477,0.00719
chill,Rain Sounds,37i9dQZF1DX8ymr6UES7vc,6KOG6sN68YmKTuzKVbIMnj,spotify:track:6KOG6sN68YmKTuzKVbIMnj,https://p.scdn.co/mp3-preview/1ca25999c5fca7e78c678b0ac67fe0c082cf596d?cid=63a77ff40e794a12ae216a18befde98c,Still Night Rain,54,Selective Sounds PTA,Sleep (Rain Sounds Compilation),0.127,0.0634,180339,0.995,0.971,11,0.829,-16.82,0,0.0519,75.825,1e-05
chill,Rain Sounds,37i9dQZF1DX8ymr6UES7vc,4EjqxIf95tQsUtF36YaFt0,spotify:track:4EjqxIf95tQsUtF36YaFt0,https://p.scdn.co/mp3-preview/ccf7e41520f477143a23ac72d7a9f871c69eab19?cid=63a77ff40e794a12ae216a18befde98c,River Rain Fall,63,Sleep Tight,Sleep (Rain Sounds Compilation),0.158,0.153,143618,0.476,0.982,0,0.839,-21.877,1,0.0609,82.734,0.00449
chill,Rain Sounds,37i9dQZF1DX8ymr6UES7vc,7MlxdwvUtdTzeCG12qRWk9,spotify:track:7MlxdwvUtdTzeCG12qRWk9,https://p.scdn.co/mp3-preview/7dabbc2feb036dfc791dffaa05096219e1b4ec18?cid=63a77ff40e794a12ae216a18befde98c,Morning Relaxation Rain,55,Tight Chill Creator,Sleep (Rain Sounds Compilation),0.136,0.0551,158559,0.728,0.997,1,0.35,-18.927,1,0.057,46.265,0.0108
chill,Rain Sounds,37i9dQZF1DX8ymr6UES7vc,07WLrVRWqGSg3NG3K5B9FC,spotify:track:07WLrVRWqGSg3NG3K5B9FC,https://p.scdn.co/mp3-preview/7348c6bbb16b0badb4df2c9af61f5a92e80d9c1b?cid=63a77ff40e794a12ae216a18befde98c,Monsun Rain Fall,65,The Rain Library,Rain White Noise Sounds,1.54e-06,0.193,191781,0.0541,0.975,1,0.378,-21.535,1,0.139,82.113,0.0261
chill,Rain Sounds,37i9dQZF1DX8ymr6UES7vc,5TpEtiKGAljXxtjcBqIfIc,spotify:track:5TpEtiKGAljXxtjcBqIfIc,https://p.scdn.co/mp3-preview/3262ac7c1e1209e43e76fb843f39f84ba085013a?cid=63a77ff40e794a12ae216a18befde98c,Rain at Dawn,63,Chill Bees,Sleep (Rain Sounds Compilation),0.116,0.0,164336,0.468,0.991,11,0.595,-14.43,0,0.0,0.0,0.0
chill,Rain Sounds,37i9dQZF1DX8ymr6UES7vc,0l1KG1a65GW39PsIEn1H5h,spotify:track:0l1KG1a65GW39PsIEn1H5h,https://p.scdn.co/mp3-preview/918f0047585e6ce607b50c2ceee900c4ab41aea7?cid=63a77ff40e794a12ae216a18befde98c,White Noise Rain Sound,68,The Rain Library,Rain White Noise Sounds,0.122,0.0608,187291,0.939,0.991,1,0.912,-26.324,1,0.118,73.234,0.00558
chill,Rain Sounds,37i9dQZF1DX8ymr6UES7vc,1tJf9tdBDvK130VCj1VAmt,spotify:track:1tJf9tdBDvK130VCj1VAmt,https://p.scdn.co/mp3-preview/48707d46acc52ad7400ed080365303a3e34b495e?cid=63a77ff40e794a12ae216a18befde98c,Paradise Rain,55,Sound Sleeping,Sleep (Rain Sounds Compilation),0.117,0.0,268471,0.0474,0.989,2,0.79,-15.677,0,0.0,0.0,0.0
chill,Rain Sounds,37i9dQZF1DX8ymr6UES7vc,0KRBBQiQRyN6KIZT3fEf06,spotify:track:0KRBBQiQRyN6KIZT3fEf06,https://p.scdn.co/mp3-preview/72eb81abf6e982a32b23fc8838191bcdafe441c5?cid=63a77ff40e794a12ae216a18befde98c,Rain Sounds Chill,63,Wp Sounds,Rain Sounds,0.129,0.174,155862,0.794,0.998,1,0.33,-18.297,1,0.075,113.067,0.0214
chill,Rain Sounds,37i9dQZF1DX8ymr6UES7vc,65J9gqluwGiMUfLeeRlyNn,spotify:track:65J9gqluwGiMUfLeeRlyNn,https://p.scdn.co/mp3-preview/d827fd690b0ef60611b1cfe473b925b17cb9ceca?cid=63a77ff40e794a12ae216a18befde98c,Focus Rain,63,Rain Makers,Rain,0.115,0.14,182813,0.00162,0.459,5,0.432,-17.222,1,0.24,138.492,1e-05
chill,Rain Sounds,37i9dQZF1DX8ymr6UES7vc,48yjwSgnE5cV31gfSel1WV,spotify:track:48yjwSgnE5cV31gfSel1WV,https://p.scdn.co/mp3-preview/a5b1d4e7077b94414de20035d279a9f9fa82839e?cid=63a77ff40e794a12ae216a18befde98c,Beach Rain,55,Rain Makers,Rain,0.127,0.129,214026,0.999,0.966,4,0.894,-17.179,1,0.0497,144.917,1e-05
chill,Rain Sounds,37i9dQZF1DX8ymr6UES7vc,0tK5Zvy4HttHXp9ldVm0EV,spotify:track:0tK5Zvy4HttHXp9ldVm0EV,https://p.scdn.co/mp3-preview/2739171f5b2c4509eeced7d9c9addc85231c8897?cid=63a77ff40e794a12ae216a18befde98c,Deep Rain,66,The Rain Library,Rain White Noise Sounds,0.169,0.0,133413,0.0598,0.992,1,0.814,-26.741,1,0.0,0.0,0.0
chill,Rain Sounds,37i9dQZF1DX8ymr6UES7vc,3LMvyfd6x8OVW6VvYDFlNB,spotify:track:3LMvyfd6x8OVW6VvYDFlNB,https://p.scdn.co/mp3-preview/2dfb814f6e0a13ac7d380ffa5bd92c9eeb1452b5?cid=63a77ff40e794a12ae216a18befde98c,Lush Rain,64,Rain Hard,Rain,0.158,0.168,204750,0.998,0.903,3,0.949,-21.382,0,0.0566,123.148,1e-05
chill,Rain Sounds,37i9dQZF1DX8ymr6UES7vc,50N6EPhnmazJFkWvzqynhb,spotify:track:50N6EPhnmazJFkWvzqynhb,https://p.scdn.co/mp3-preview/141827c5cd384359ab9b373b3b7e6608ce334321?cid=63a77ff40e794a12ae216a18befde98c,Downpoar,64,Rain Sound Studio,Rain Sounds For Sleeping,0.116,0.0,152411,0.712,0.998,1,0.768,-13.466,1,0.0,0.0,0.0
chill,Rain Sounds,37i9dQZF1DX8ymr6UES7vc,53QeelegqpAqMah5XNh5ef,spotify:track:53QeelegqpAqMah5XNh5ef,https://p.scdn.co/mp3-preview/0be12dc2cb25b6bd30c5d2798ed84a81c6ac649f?cid=63a77ff40e794a12ae216a18befde98c,Perfect Rain,64,Tranquility Spree,Rain,0.112,0.135,220742,0.999,0.997,2,0.813,-18.009,1,0.0485,77.501,1e-05
chill,Rain Sounds,37i9dQZF1DX8ymr6UES7vc,3L2kaKpmmsw3XMp031Xmc6,spotify:track:3L2kaKpmmsw3XMp031Xmc6,https://p.scdn.co/mp3-preview/6ff011a132fbb4f5b9ff9f2b9a5059eed110c8b8?cid=63a77ff40e794a12ae216a18befde98c,Miami Rain,64,Rain Sound Studio,Rain Sounds For Sleeping,0.161,0.265,146584,0.913,0.994,2,0.457,-15.762,1,0.121,111.483,0.0345
chill,Rain Sounds,37i9dQZF1DX8ymr6UES7vc,1vK4z898Z9quOu7VKGFEXv,spotify:track:1vK4z898Z9quOu7VKGFEXv,https://p.scdn.co/mp3-preview/7f05a249c0f07c8b40b63b6e1d148e61a237e002?cid=63a77ff40e794a12ae216a18befde98c,Summer Rain 1,56,Lush Rain Creators,Rain,0.119,0.131,158332,0.985,0.971,5,0.607,-19.411,0,0.0469,79.551,1e-05
chill,Rain Sounds,37i9dQZF1DX8ymr6UES7vc,2XTFzpp94faiihcFaNWYR5,spotify:track:2XTFzpp94faiihcFaNWYR5,https://p.scdn.co/mp3-preview/be35bc358dc13071d934a26c74e4a29ca9a807c0?cid=63a77ff40e794a12ae216a18befde98c,Calmness Rain Sound,64,Rain Sound Studio,Rain Sounds For Sleeping,0.169,0.155,124128,0.99,0.986,1,0.419,-21.607,1,0.0688,132.085,1e-05
chill,Rain Sounds,37i9dQZF1DX8ymr6UES7vc,2p7HK5kylOOYeBXyJJbBru,spotify:track:2p7HK5kylOOYeBXyJJbBru,https://p.scdn.co/mp3-preview/b4cb15453dacf485065aebdd4699525e81683dfe?cid=63a77ff40e794a12ae216a18befde98c,Moderate Rain,64,Rain Sounds ACE,Rain,0.125,0.117,190158,1.0,0.984,2,0.913,-15.593,1,0.0517,94.938,1e-05
chill,Rain Sounds,37i9dQZF1DX8ymr6UES7vc,18aGDOpPblt4w29uE9NMbd,spotify:track:18aGDOpPblt4w29uE9NMbd,https://p.scdn.co/mp3-preview/b9bb936c366fe508549ff3bb6136d894e7adbab1?cid=63a77ff40e794a12ae216a18befde98c,Under Shelter Rain,65,Rain Sound Studio,Rain Sounds For Sleeping,0.138,0.24,174660,0.998,0.997,11,0.945,-23.585,0,0.051,46.366,1e-05
chill,Rain Sounds,37i9dQZF1DX8ymr6UES7vc,5svhO7n5a0IWF13hqZWaVc,spotify:track:5svhO7n5a0IWF13hqZWaVc,https://p.scdn.co/mp3-preview/1d42174bbd59e3fbdcd274f1dc18f9004e9980a9?cid=63a77ff40e794a12ae216a18befde98c,City Rain,64,Rain Recorders,Sleep Rain,0.177,0.0768,240047,0.723,0.999,1,0.357,-24.6,1,0.0938,171.921,0.0255
chill,Rain Sounds,37i9dQZF1DX8ymr6UES7vc,1ewDC0xdTNVmzszuZ93BiO,spotify:track:1ewDC0xdTNVmzszuZ93BiO,https://p.scdn.co/mp3-preview/8a6c516357cb0e194c39b1ed9ce172f34a30b5b2?cid=63a77ff40e794a12ae216a18befde98c,Rainy Alley,63,Rain Recorders,Sleep Rain,0.119,0.152,205811,0.206,0.993,3,0.885,-21.578,0,0.0574,108.785,1e-05
chill,Rain Sounds,37i9dQZF1DX8ymr6UES7vc,3i6U2dV99NasmPvshyoYpx,spotify:track:3i6U2dV99NasmPvshyoYpx,https://p.scdn.co/mp3-preview/a2b496cef0c43e089eed09bd486a29631fb09ed7?cid=63a77ff40e794a12ae216a18befde98c,Dock Rain,65,Rain Recorders,Sleep Rain,0.135,0.156,187291,0.988,0.982,8,0.8,-23.48,1,0.0648,109.045,1e-05
chill,Rain Sounds,37i9dQZF1DX8ymr6UES7vc,4DYnts7fnmVlyi1pVn1ImU,spotify:track:4DYnts7fnmVlyi1pVn1ImU,https://p.scdn.co/mp3-preview/9146038f8c1e8e8140176148f0fc31c9e6c6bbc9?cid=63a77ff40e794a12ae216a18befde98c,Cats And Dogs,63,Rain Recorders,Sleep Rain,0.000148,0.157,168303,0.000533,0.988,2,0.358,-15.36,1,0.109,129.597,0.0232
chill,Rain Sounds,37i9dQZF1DX8ymr6UES7vc,0uiqxkLv8bprabEd6OWnet,spotify:track:0uiqxkLv8bprabEd6OWnet,https://p.scdn.co/mp3-preview/940ec718fca4bf255846b2a691dd10812235537c?cid=63a77ff40e794a12ae216a18befde98c,Lluvia,59,Fabricantes De Lluvia,Relaxing Rain Sounds,0.12,0.187,247904,0.0339,0.845,1,0.934,-19.981,1,0.126,87.628,1e-05
chill,Rain Sounds,37i9dQZF1DX8ymr6UES7vc,3bgRHchoi3xqrqumvMC4tV,spotify:track:3bgRHchoi3xqrqumvMC4tV,https://p.scdn.co/mp3-preview/55dde27962d73488df8f3a9f0928b33e72bc50a1?cid=63a77ff40e794a12ae216a18befde98c,Smooth Rain,66,Fabricantes De Lluvia,Relaxing Rain Sounds,0.201,0.0551,216475,0.0644,0.903,1,0.412,-30.22,1,0.0662,65.613,0.0216
chill,Rain Sounds,37i9dQZF1DX8ymr6UES7vc,3byF8Z5oOsuVbrPlyfFyIK,spotify:track:3byF8Z5oOsuVbrPlyfFyIK,https://p.scdn.co/mp3-preview/36ec703a12c0171c9c01b741e11c64aa6cd53212?cid=63a77ff40e794a12ae216a18befde98c,Cozy Rain Sound,67,Fabricantes De Lluvia,Relaxing Rain Sounds,0.0984,0.0574,169331,0.496,0.0,1,0.811,-32.727,1,0.157,52.764,0.0273
chill,Rain Sounds,37i9dQZF1DX8ymr6UES7vc,1nKY2o8XQG1RvUCpBV5VSK,spotify:track:1nKY2o8XQG1RvUCpBV5VSK,https://p.scdn.co/mp3-preview/c2d4a7373f4a0ba3745de1241468898337fb6b8a?cid=63a77ff40e794a12ae216a18befde98c,Relaxing Constant Rain Storm with Distant Thunder Sfx,67,Nature Sounds,Thunderstorms - Sounds of Nature,0.000626,0.0735,570203,0.997,0.975,8,0.871,-12.484,1,0.0995,81.214,0.0119
chill,Rain Sounds,37i9dQZF1DX8ymr6UES7vc,2KIGSmPmlZpRsWmdSLHQsp,spotify:track:2KIGSmPmlZpRsWmdSLHQsp,https://p.scdn.co/mp3-preview/db17d50d33a2cc49c272ca9a28bef7ee29c5e3ab?cid=63a77ff40e794a12ae216a18befde98c,Sonidos Calmantes,52,FX & Effects,Rain Sounds,0.174,0.112,201370,0.904,0.993,0,0.406,-18.633,0,0.0982,94.9,0.0271
chill,Rain Sounds,37i9dQZF1DX8ymr6UES7vc,1GKQyLfiIiNJUkYwvqgMZ8,spotify:track:1GKQyLfiIiNJUkYwvqgMZ8,https://p.scdn.co/mp3-preview/d07658dd6a42bc5a4efcde26b18fb6c43b1a42f5?cid=63a77ff40e794a12ae216a18befde98c,Pouring Rain,58,Fabricantes De Lluvia,Relaxing Rain Sounds,0.128,0.131,167086,0.996,0.992,11,0.938,-21.636,0,0.0635,142.739,1e-05
chill,Rain Sounds,37i9dQZF1DX8ymr6UES7vc,1wBgKZTMcy7EBDR9xcw77a,spotify:track:1wBgKZTMcy7EBDR9xcw77a,https://p.scdn.co/mp3-preview/607cc7f043524c42114877cde8deaa52919bda3b?cid=63a77ff40e794a12ae216a18befde98c,Meditative Gentle Rain and Distant Thunder,65,Nature Sounds,Thunderstorms - Sounds of Nature,0.0451,0.0969,570103,0.315,0.752,1,0.484,-28.806,1,0.0523,82.955,0.158
chill,Rain Sounds,37i9dQZF1DX8ymr6UES7vc,6S2Gr1t3EeM1WkZvr2HRk1,spotify:track:6S2Gr1t3EeM1WkZvr2HRk1,https://p.scdn.co/mp3-preview/47018069ed5d72c8d0395d694895f9656ae8b98e?cid=63a77ff40e794a12ae216a18befde98c,Never Ending Rain,63,The Sleep Helpers,Deep Sleep Rain,0.881,0.149,269328,0.998,0.579,0,0.965,-17.919,1,0.0603,106.706,1e-05
chill,Rain Sounds,37i9dQZF1DX8ymr6UES7vc,5qP8nQQjOnW8V5LjC3uW1y,spotify:track:5qP8nQQjOnW8V5LjC3uW1y,https://p.scdn.co/mp3-preview/f9f0c7702475389dddc32dfda688a40f84a91489?cid=63a77ff40e794a12ae216a18befde98c,Thunder and Rain,64,Calmsound,Rain Sounds,2.28e-05,0.109,600000,0.501,0.715,1,0.493,-28.708,1,0.13,92.535,0.0625
chill,Rain Sounds,37i9dQZF1DX8ymr6UES7vc,0yAUGrMrWv9EqMXJuyTZ3W,spotify:track:0yAUGrMrWv9EqMXJuyTZ3W,https://p.scdn.co/mp3-preview/f2eae919315f7be0e10247b731a36e46b99ccb9e?cid=63a77ff40e794a12ae216a18befde98c,Street Rain,63,The Sleep Helpers,Deep Sleep Rain,0.05,0.126,230177,0.969,0.915,2,0.709,-18.769,1,0.0666,71.22,0.021
chill,Rain Sounds,37i9dQZF1DX8ymr6UES7vc,2AI8gjczczIGkUxospO0MF,spotify:track:2AI8gjczczIGkUxospO0MF,https://p.scdn.co/mp3-preview/3ab4ae14c218c6dfaba7a11b46dadc56f9335bef?cid=63a77ff40e794a12ae216a18befde98c,"Music For Sleep Thunderstorm, Rain",65,"Sounds Of Nature : Thunderstorm, Rain","Music For Sleep Thunderstorm, Rain - Single",0.0202,0.217,1787761,0.911,0.724,1,0.337,-27.515,1,0.18,91.211,0.0265
chill,Rain Sounds,37i9dQZF1DX8ymr6UES7vc,47fd0lVyrW90U7RpSLC8AL,spotify:track:47fd0lVyrW90U7RpSLC8AL,https://p.scdn.co/mp3-preview/90720dbfb906f54982cf7383ff6c8c3aac1ce0b3?cid=63a77ff40e794a12ae216a18befde98c,Rain & Thunder,69,Thunderstorm Sound Bank,Thunder & Rain Relaxation,0.000271,0.145,188315,0.451,0.726,1,0.387,-31.264,1,0.0632,103.363,0.0347
chill,Rain Sounds,37i9dQZF1DX8ymr6UES7vc,3Mytf34viXCBpzCCzZeXtf,spotify:track:3Mytf34viXCBpzCCzZeXtf,https://p.scdn.co/mp3-preview/b9f7a272ac721469d96c1e7467e97d5d421938ba?cid=63a77ff40e794a12ae216a18befde98c,Rain And Thunder,65,Nature Sounds,Thunderstorm,0.00158,0.149,345391,0.587,0.901,1,0.48,-28.436,1,0.0892,105.895,0.0249
chill,Rain Sounds,37i9dQZF1DX8ymr6UES7vc,4FO4ccOzpUP95P3sQBmbK9,spotify:track:4FO4ccOzpUP95P3sQBmbK9,https://p.scdn.co/mp3-preview/c2ea1303356eeba19c84f821212abd8e9463dd89?cid=63a77ff40e794a12ae216a18befde98c,Pouring Rain & Thunder,67,Mother Nature Sound FX,Thunderstorms,0.000619,0.0781,222819,0.383,0.958,2,0.357,-22.909,1,0.0532,84.229,0.0306
chill,Rain Sounds,37i9dQZF1DX8ymr6UES7vc,7C7DqxIUI68ZXsyvaKPkbG,spotify:track:7C7DqxIUI68ZXsyvaKPkbG,https://p.scdn.co/mp3-preview/585a638e685952daf6422d96d836cb78c59fba28?cid=63a77ff40e794a12ae216a18befde98c,"Sound of Nature - Rain, Thunderstorm",64,Thunderstorm,Thunderstorm Sleep,0.0464,0.0951,318538,0.971,9.06e-05,10,0.419,-17.101,0,0.078,87.685,0.0176
chill,Rain Sounds,37i9dQZF1DX8ymr6UES7vc,5WLvUlrDpl0smqMk3M29HY,spotify:track:5WLvUlrDpl0smqMk3M29HY,https://p.scdn.co/mp3-preview/89e32aeaa358ebbbe59acb110e3f73913f22fcd1?cid=63a77ff40e794a12ae216a18befde98c,Sounds of Nature Rain,55,FX & Effects,Rain Sounds,0.121,0.164,198428,0.984,0.85,7,0.904,-20.872,1,0.0796,125.934,1e-05
chill,Rain Sounds,37i9dQZF1DX8ymr6UES7vc,5Y3bt7xbhZwwHfTPK5hWEg,spotify:track:5Y3bt7xbhZwwHfTPK5hWEg,https://p.scdn.co/mp3-preview/a45a8b2193614a41dd3163b52291bef054734f9e?cid=63a77ff40e794a12ae216a18befde98c,Calm Rolling Thunder and Soothing Rain,66,Nature Sounds,Thunderstorms - Sounds of Nature,0.0674,0.0818,570270,0.294,0.893,0,0.359,-25.842,1,0.0898,85.349,0.0384
chill,Rain Sounds,37i9dQZF1DX8ymr6UES7vc,4pN5YIDWSJ4G3Kpl1oEHDZ,spotify:track:4pN5YIDWSJ4G3Kpl1oEHDZ,https://p.scdn.co/mp3-preview/badb105d0c49cc546e84a67620e316ff152efe7e?cid=63a77ff40e794a12ae216a18befde98c,Warm Forest Rain,65,Deep Rain Sampling,Rain Sounds,0.138,0.118,232275,0.998,0.988,9,0.371,-17.622,1,0.0464,82.788,0.00173
chill,Rain Sounds,37i9dQZF1DX8ymr6UES7vc,6Mm96VHFMytf7ALxSf4l7r,spotify:track:6Mm96VHFMytf7ALxSf4l7r,,Calming Water,9,Sound Library XL,Night Rain For Sleep,0.14,0.187,110966,0.977,0.989,3,0.636,-20.297,1,0.0418,86.529,0.0156
chill,Rain Sounds,37i9dQZF1DX8ymr6UES7vc,5fDLBww6T5FfBl5QlvvnTf,spotify:track:5fDLBww6T5FfBl5QlvvnTf,https://p.scdn.co/mp3-preview/bcedc7f17cb73a07a0f41478e3f085cfd602387a?cid=63a77ff40e794a12ae216a18befde98c,Water Sounds Rain,56,Deep Rain Sampling,Rain Sounds,0.109,0.15,243864,0.973,0.974,1,0.811,-18.407,1,0.0784,72.983,0.0237
chill,Rain Sounds,37i9dQZF1DX8ymr6UES7vc,4gkJWcgc9QCFursmUBOirO,spotify:track:4gkJWcgc9QCFursmUBOirO,https://p.scdn.co/mp3-preview/2b2fecf0dda1708077342e265f639a25eb2ce9be?cid=63a77ff40e794a12ae216a18befde98c,River Rain,63,Dreams of Dreams,Rain,0.133,0.095,181407,0.999,0.999,6,0.852,-17.437,0,0.0455,89.969,1e-05
chill,Rain Sounds,37i9dQZF1DX8ymr6UES7vc,2EFmaS0hseF13XMk8ZdfK3,spotify:track:2EFmaS0hseF13XMk8ZdfK3,https://p.scdn.co/mp3-preview/243d7e47b01d362ede6b34de282b527e9be0fc62?cid=63a77ff40e794a12ae216a18befde98c,Summer Rain 2,63,Lush Rain Creators,Rain,0.141,0.199,131775,0.998,0.998,3,0.718,-15.915,0,0.048,83.597,1e-05
chill,Rain Sounds,37i9dQZF1DX8ymr6UES7vc,68fod3VaswZIi1hGEBnaoY,spotify:track:68fod3VaswZIi1hGEBnaoY,https://p.scdn.co/mp3-preview/445db920a873e75d45ae8a71b0f399f6afd06721?cid=63a77ff40e794a12ae216a18befde98c,Heavy Rain With Brown Noise,63,Heavy Rain Sounds,Rain Sounds & White Noise,0.133,0.138,246000,0.955,0.982,1,0.761,-17.279,1,0.0833,140.16,0.0142
chill,Rain Sounds,37i9dQZF1DX8ymr6UES7vc,2hojtVUnq9UYVD3sjHfUbU,spotify:track:2hojtVUnq9UYVD3sjHfUbU,https://p.scdn.co/mp3-preview/be6e4691c8a31e8a2cb60be55d96a66fba1595a2?cid=63a77ff40e794a12ae216a18befde98c,Rain Downpour,64,Thunderstorm,Thunderstorm Sleep,0.189,0.083,114679,0.353,0.993,3,0.454,-25.84,0,0.0462,166.299,0.0282
chill,Rain Sounds,37i9dQZF1DX8ymr6UES7vc,5GneHmxJdDsPtN2AI3y4Uj,spotify:track:5GneHmxJdDsPtN2AI3y4Uj,https://p.scdn.co/mp3-preview/a2aad5deec429c806de1de2d4b518502f883cbc4?cid=63a77ff40e794a12ae216a18befde98c,Stormy Rain Sound,63,The Sleep Helpers,Deep Sleep Rain,0.13,0.0925,201132,0.997,0.995,5,0.826,-17.128,1,0.0726,88.655,1e-05
chill,Rain Sounds,37i9dQZF1DX8ymr6UES7vc,4Wyld0ktzL0r0VOyGj9fD6,spotify:track:4Wyld0ktzL0r0VOyGj9fD6,https://p.scdn.co/mp3-preview/b889555af2c9e4e11bb290031b522a68c23a645a?cid=63a77ff40e794a12ae216a18befde98c,Sleep: Exisiting Dream,52,Nature Sounds XLE Library,Pouring Rain,0.124,0.157,155896,0.737,0.987,1,0.918,-15.95,0,0.0439,74.605,1e-05
chill,Rain Sounds,37i9dQZF1DX8ymr6UES7vc,7D4hXw7rqFjNGX3oIVQyly,spotify:track:7D4hXw7rqFjNGX3oIVQyly,https://p.scdn.co/mp3-preview/a3fb1c2e24d12c57c847296f22814f849e013bea?cid=63a77ff40e794a12ae216a18befde98c,Rain In The Bay,63,The Sleep Helpers,Deep Sleep Rain,0.175,0.156,147114,0.84,0.998,2,0.322,-18.404,1,0.0578,131.547,0.0206
chill,Rain Sounds,37i9dQZF1DX8ymr6UES7vc,4d9YoH25QvvfJ6aLu5mAA1,spotify:track:4d9YoH25QvvfJ6aLu5mAA1,https://p.scdn.co/mp3-preview/c0d8843e30735fbec2388ff8c6a7b3fbcb17c067?cid=63a77ff40e794a12ae216a18befde98c,Heavy Straight Rain,62,Rain Man Sounds,Rain Man Sounds,0.0531,0.0855,148413,0.768,0.898,8,0.374,-23.426,1,0.267,86.224,0.033
chill,Rain Sounds,37i9dQZF1DX8ymr6UES7vc,7CyWL6xqJguZUnYFl4H1dy,spotify:track:7CyWL6xqJguZUnYFl4H1dy,https://p.scdn.co/mp3-preview/70b1384567d20df2c60abc510a64e7f0d9d1b0b7?cid=63a77ff40e794a12ae216a18befde98c,Rain Gutter,63,Natural Sample Makers,Rain,0.965,0.191,299531,0.997,0.763,3,0.96,-18.39,1,0.0408,91.411,1e-05
chill,Rain Sounds,37i9dQZF1DX8ymr6UES7vc,18wEG4KUGSmNU26pkatOjZ,spotify:track:18wEG4KUGSmNU26pkatOjZ,https://p.scdn.co/mp3-preview/9c6f951ae09d36b09e44d150a300a50ecfac69b7?cid=63a77ff40e794a12ae216a18befde98c,Relaxing Rain Sound,56,Mother Nature FX,Rain Sounds,0.131,0.145,198428,0.997,0.995,2,0.81,-17.027,1,0.0577,84.679,1e-05
chill,Rain Sounds,37i9dQZF1DX8ymr6UES7vc,5NXjZlrllDOTFMODJ5nNRW,spotify:track:5NXjZlrllDOTFMODJ5nNRW,,Intermediate Rain & Crackles,0,Rain Sounds of Brentwood,It Sounds Like Rain,0.131,0.184,172000,0.999,0.847,5,0.961,-28.844,0,0.0631,119.481,1e-05
chill,Rain Sounds,37i9dQZF1DX8ymr6UES7vc,4y6SH7sf8a4ixlNgEOTsfm,spotify:track:4y6SH7sf8a4ixlNgEOTsfm,,Rain Sounds : Calm Night,9,ASMR Rain Sounds,ASMR - Rain Sounds for Sleep,0.0503,0.151,132000,0.999,0.981,1,0.72,-15.184,1,0.0697,91.594,0.0106
chill,Rain Sounds,37i9dQZF1DX8ymr6UES7vc,5izkpKVqd3GcRkYFBm9WOn,spotify:track:5izkpKVqd3GcRkYFBm9WOn,https://p.scdn.co/mp3-preview/7331ce3a3160a560f4520289f9682f54783c7ac4?cid=63a77ff40e794a12ae216a18befde98c,Breeze Rain,64,Decidic FX,Rain,0.168,0.061,279650,0.997,0.988,10,0.905,-20.579,1,0.0747,70.067,0.00271
chill,Rain Sounds,37i9dQZF1DX8ymr6UES7vc,5YDOYV37P8BAQ8YdB11Yyf,spotify:track:5YDOYV37P8BAQ8YdB11Yyf,https://p.scdn.co/mp3-preview/4206cf69cf2c5dc91aeb6fae846bc9e31d1ffb93?cid=63a77ff40e794a12ae216a18befde98c,Nature Rain : Soft Rain,50,Rain Sounds,Sound of Rain,0.155,0.164,224460,0.995,0.873,10,0.906,-19.751,1,0.046,79.455,0.0136
chill,Rain Sounds,37i9dQZF1DX8ymr6UES7vc,6q2o9X258gjlYtLL7WQpr5,spotify:track:6q2o9X258gjlYtLL7WQpr5,https://p.scdn.co/mp3-preview/a015049a1ed2bd4ea5e17425e2aec3b39a346cfd?cid=63a77ff40e794a12ae216a18befde98c,In the Forest Rain,66,Big Sounds,Rain,0.184,0.152,205172,0.969,0.915,0,0.598,-20.294,0,0.0804,134.531,0.0128
chill,Rain Sounds,37i9dQZF1DX8ymr6UES7vc,5Zb2H617kT7i8yEqeJhGLg,spotify:track:5Zb2H617kT7i8yEqeJhGLg,https://p.scdn.co/mp3-preview/9a8efb0601ef7ef9b1a8fda8ff799a9ca97f322f?cid=63a77ff40e794a12ae216a18befde98c,Rain Hide,51,"Lightning, Thunder and Rain Storm",2017 A Relaxing Night: Rain Sounds,0.985,0.226,105229,1.0,0.325,10,0.982,-11.611,0,0.0534,80.199,1e-05
chill,Rain Sounds,37i9dQZF1DX8ymr6UES7vc,0GJMLR5EzMRcHqSZkGQI7R,spotify:track:0GJMLR5EzMRcHqSZkGQI7R,https://p.scdn.co/mp3-preview/ef99325509f19f07b69b336ba1b732f8f5bb8e89?cid=63a77ff40e794a12ae216a18befde98c,"Soothing Rain(Loopable,No fade)",60,"Rain Sounds,Sleep Sounds of Nature,Zen Music Garden","Rain Sounds: Loopable Rain Sound, Loopable Meditation Sounds, Loopable Tranquil Sleep Sounds, Loopable Baby Sleep Aid",0.131,0.177,172947,0.999,0.575,11,0.481,-21.618,0,0.0621,101.377,0.00166
chill,Rain Sounds,37i9dQZF1DX8ymr6UES7vc,37pjhEI4SxbZ2ikeX6rmZN,spotify:track:37pjhEI4SxbZ2ikeX6rmZN,https://p.scdn.co/mp3-preview/daf2d4502d7d6ac6313b2c715ee4ed8537a5208a?cid=63a77ff40e794a12ae216a18befde98c,Smooth Rain,58,FX & Effects,Rain Sounds,0.00703,0.113,228067,0.32,0.967,0,0.395,-16.797,0,0.13,95.682,0.0258
chill,Rain Sounds,37i9dQZF1DX8ymr6UES7vc,7CIedPnznHdhqmKkPCJ21S,spotify:track:7CIedPnznHdhqmKkPCJ21S,https://p.scdn.co/mp3-preview/e2efb61201f52c034811081bc1d263f5289aeab2?cid=63a77ff40e794a12ae216a18befde98c,Hypnotic Heavy Forest Rain,51,"Nature Sounds,Spa,The Sleep Helpers",17 Sleep Sounds. Sounds of Rain Water to Help You Sleep all Night. Loopable with no Fades,8.41e-06,0.151,136342,0.859,0.946,1,0.717,-20.605,1,0.0746,134.937,0.03
chill,Rain Sounds,37i9dQZF1DX8ymr6UES7vc,1nOfC036wleTKAF0bKNuA3,spotify:track:1nOfC036wleTKAF0bKNuA3,https://p.scdn.co/mp3-preview/1cb8deffc60a403826508762b00529b1c00f4f1e?cid=63a77ff40e794a12ae216a18befde98c,Driving in the Rain,51,Rain Sounds,Rain Birds,0.487,0.174,174393,0.407,0.922,1,0.139,-16.047,1,0.0634,79.223,0.247
chill,Rain Sounds,37i9dQZF1DX8ymr6UES7vc,6LnCw2GMWpWNodyXgvHitx,spotify:track:6LnCw2GMWpWNodyXgvHitx,,Dark Sky,0,Rain Sounds,Rain All Night,0.0945,0.152,86753,0.894,0.958,10,0.406,-16.916,0,0.0744,79.676,0.0275
chill,Rain Sounds,37i9dQZF1DX8ymr6UES7vc,5lzBvqMjmyhwN6K4OftNh0,spotify:track:5lzBvqMjmyhwN6K4OftNh0,,Forescast Rain,0,Rain Sounds,Rain All Night,0.129,0.138,108904,0.998,0.949,11,0.57,-14.473,1,0.0471,71.007,0.0147
chill,Rain Sounds,37i9dQZF1DX8ymr6UES7vc,5fx09bPIoEiVlEpn3sc2SY,spotify:track:5fx09bPIoEiVlEpn3sc2SY,https://p.scdn.co/mp3-preview/32a268fc2a7796c377c66d01e81e871fccedc1ff?cid=63a77ff40e794a12ae216a18befde98c,Autumn Rain,54,Rain Sounds,Soft Rain Sleep,2.69e-06,0.0832,88649,0.00165,0.78,7,0.349,-19.851,1,0.156,78.754,0.0
chill,Rain Sounds,37i9dQZF1DX8ymr6UES7vc,4mBaxnQLenEMuErF8aCaRW,spotify:track:4mBaxnQLenEMuErF8aCaRW,https://p.scdn.co/mp3-preview/219599883bc0de92d5518b522a85892a1e4c0c63?cid=63a77ff40e794a12ae216a18befde98c,Steady Rain and Thunder,55,"Thunderstorms,Lightning, Thunder and Rain Storm,Rain for Deep Sleep,Rain Shower Spa,Rain Sounds","Gentle Waves and Angry Thunderstorms (click Shuffle, Repeat, Cross Fade, and Gapless for continuous unique soundscape)",0.739,0.187,97981,0.485,0.934,10,0.121,-26.074,0,0.0557,62.581,0.0307
chill,Rain Sounds,37i9dQZF1DX8ymr6UES7vc,66PlhdEfyutLRYDVzJy9Rs,spotify:track:66PlhdEfyutLRYDVzJy9Rs,https://p.scdn.co/mp3-preview/724e87ebdacce762eb3c520cd26679d27dad2de5?cid=63a77ff40e794a12ae216a18befde98c,Drip Drop Sleep,65,Gentle Rain Makers,Rain Sounds,0.155,0.262,147614,0.997,0.98,1,0.434,-15.892,1,0.0635,109.336,0.00298
chill,Rain Sounds,37i9dQZF1DX8ymr6UES7vc,3YTjXiS5rzfmmIa8CIa4NX,spotify:track:3YTjXiS5rzfmmIa8CIa4NX,https://p.scdn.co/mp3-preview/6ec76a3dbe1f9ed0710b979040d8a7da55a79dc4?cid=63a77ff40e794a12ae216a18befde98c,Rain Sound: Wet and Stormy,51,Rain Sounds XLE Library,Sounds of Rain for the Night,0.887,0.285,133484,0.999,0.624,2,0.969,-24.052,0,0.042,67.455,0.000655
