category_id,playlist_name,playlist_id,track_id,track_uri,track_preview_url,track_name,track_popularity,artist_name,album_name,acousticness,danceability,duration_ms,energy,instrumentalness,key,liveness,loudness,mode,speechiness,tempo,valence
chill,SPA Treatment,37i9dQZF1DX4Q2SnB3glnP,14BDuD5GagBNTMrHekdBzM,spotify:track:14BDuD5GagBNTMrHekdBzM,,Golden Chant,22,Joseph Beg,Gentle Arrival,0.903,0.139,310368,0.0232,0.774,6,0.115,-31.61,1,0.0414,71.405,0.039
chill,SPA Treatment,37i9dQZF1DX4Q2SnB3glnP,0A0IdFEIEhpZEqG4o7VXjf,spotify:track:0A0IdFEIEhpZEqG4o7VXjf,https://p.scdn.co/mp3-preview/16c7dc9225479632242f9e7e22716c1c2581a600?cid=63a77ff40e794a12ae216a18befde98c,Spinning Down,51,Intentional Vibes,Your Self,0.925,0.0634,263644,0.0106,0.802,7,0.0725,-35.564,0,0.0422,71.591,0.0347
chill,SPA Treatment,37i9dQZF1DX4Q2SnB3glnP,17Wjmh3nZzAywevzFHqJnx,spotify:track:17Wjmh3nZzAywevzFHqJnx,https://p.scdn.co/mp3-preview/f9f44c20ae6b4ccd9c36ac459e31cd53aa44774e?cid=63a77ff40e794a12ae216a18befde98c,Astral Therapy,65,Primer Dia,"Floating, Always",0.949,0.239,137172,0.0472,0.935,4,0.0802,-24.228,0,0.0562,69.666,0.0389
chill,SPA Treatment,37i9dQZF1DX4Q2SnB3glnP,0io5G6zhH08VkwWfVLrGZk,spotify:track:0io5G6zhH08VkwWfVLrGZk,https://p.scdn.co/mp3-preview/928f66c5aba501f94f33a57a23736706d850353e?cid=63a77ff40e794a12ae216a18befde98c,Spirit of Dalen,56,The Aural Healer,Dream Catcher,0.97,0.158,192000,0.123,0.971,8,0.106,-19.798,1,0.0362,68.921,0.0812
chill,SPA Treatment,37i9dQZF1DX4Q2SnB3glnP,1veAhdOE3JSQIAFfXlPHa6,spotify:track:1veAhdOE3JSQIAFfXlPHa6,,Tomorrow Will Save Us,17,Rand Aldo,Tomorrow Will Save Us,0.545,0.279,186000,0.146,0.82,7,0.125,-18.254,1,0.0338,80.024,0.0396
chill,SPA Treatment,37i9dQZF1DX4Q2SnB3glnP,4YykWH4RXegyeyM5bMiUwU,spotify:track:4YykWH4RXegyeyM5bMiUwU,https://p.scdn.co/mp3-preview/a6a5a6132ccd01f03a6b65a7193913c700802089?cid=63a77ff40e794a12ae216a18befde98c,Sabin,54,William Edessa,Tao,0.992,0.247,210000,0.217,0.923,0,0.0753,-18.102,1,0.0721,68.198,0.0389
chill,SPA Treatment,37i9dQZF1DX4Q2SnB3glnP,1uSaD0JKNb5o8Wv29zULwf,spotify:track:1uSaD0JKNb5o8Wv29zULwf,https://p.scdn.co/mp3-preview/f2aa702d12eca463401a522ee89e611588fa5c2a?cid=63a77ff40e794a12ae216a18befde98c,Heavenly,68,Elise Magnefold,Heavenly,0.957,0.209,179015,0.0692,0.868,2,0.115,-23.987,0,0.046,68.543,0.0695
chill,SPA Treatment,37i9dQZF1DX4Q2SnB3glnP,199TOFLcLwoW2knx6OTC0l,spotify:track:199TOFLcLwoW2knx6OTC0l,https://p.scdn.co/mp3-preview/4267c575daa451c7c7b2614b51043956397c041a?cid=63a77ff40e794a12ae216a18befde98c,Lost in the Clouds,65,Zen Gaya,Lost in the Clouds,0.982,0.155,204448,0.0276,0.911,11,0.0973,-24.866,1,0.0424,69.694,0.122
chill,SPA Treatment,37i9dQZF1DX4Q2SnB3glnP,30VnmNoXmeNMlDR6MxLP5U,spotify:track:30VnmNoXmeNMlDR6MxLP5U,,Threads,26,Ebb & Flod,Moonrise,0.79,0.12,192793,0.0436,0.889,4,0.112,-22.044,1,0.0383,72.339,0.0361
chill,SPA Treatment,37i9dQZF1DX4Q2SnB3glnP,1aa3A3F6b5FZFtXAhtrybK,spotify:track:1aa3A3F6b5FZFtXAhtrybK,https://p.scdn.co/mp3-preview/45605cd158ab2af19ea24715584c673b85a34a09?cid=63a77ff40e794a12ae216a18befde98c,Time Travel,71,Antologie,Time Travel,0.696,0.12,184642,0.0585,0.939,3,0.11,-27.623,1,0.0383,78.662,0.0397
chill,SPA Treatment,37i9dQZF1DX4Q2SnB3glnP,2m9dwTEyYuMREZTttiFKmF,spotify:track:2m9dwTEyYuMREZTttiFKmF,https://p.scdn.co/mp3-preview/927c934f842cb7e142a73ff2a7133a529cd67144?cid=63a77ff40e794a12ae216a18befde98c,Colors Of The Moon,50,Mandala Dreams,Winds Of Fuji,0.962,0.086,229997,0.266,0.974,9,0.0753,-15.263,1,0.0438,63.219,0.0476
chill,SPA Treatment,37i9dQZF1DX4Q2SnB3glnP,4Dj3FMZMMBXCxNkJ25o2Ta,spotify:track:4Dj3FMZMMBXCxNkJ25o2Ta,https://p.scdn.co/mp3-preview/7740ef50354c4cba733a122bd42af9103f7e879e?cid=63a77ff40e794a12ae216a18befde98c,Hong Kong Skyline,59,Hong Kong Atmosphere,Hong Kong Atmosphere,0.905,0.166,234000,0.171,0.966,5,0.13,-27.129,0,0.0355,70.005,0.0377
chill,SPA Treatment,37i9dQZF1DX4Q2SnB3glnP,0wC1BZ0DfoMsjx2euPFs33,spotify:track:0wC1BZ0DfoMsjx2euPFs33,https://p.scdn.co/mp3-preview/d12d7e4c8e0a836876814edd24b86c424b3cf91c?cid=63a77ff40e794a12ae216a18befde98c,Blitz,52,Gogenheim,Yoga Music,0.932,0.294,181000,0.103,0.876,0,0.117,-25.995,1,0.0428,80.042,0.0799
chill,SPA Treatment,37i9dQZF1DX4Q2SnB3glnP,2QN55dmp583TNohDVITyfz,spotify:track:2QN55dmp583TNohDVITyfz,https://p.scdn.co/mp3-preview/88f792539eeb7b5938edd3e14802e7f5b8eb5903?cid=63a77ff40e794a12ae216a18befde98c,Frozen Grasslands,58,Cora Zea,Legend Of Zea,0.907,0.215,158625,0.274,0.957,2,0.109,-17.435,1,0.0309,79.988,0.0397
chill,SPA Treatment,37i9dQZF1DX4Q2SnB3glnP,2szCNnrbZt1qZ87lgcL1il,spotify:track:2szCNnrbZt1qZ87lgcL1il,https://p.scdn.co/mp3-preview/baa1c5f027a98dc25dbe06910cb070fce819697e?cid=63a77ff40e794a12ae216a18befde98c,Deeper and Deeper,65,Intentional Vibes,Your Self,0.991,0.177,228597,0.00459,0.793,8,0.108,-34.674,1,0.0437,127.158,0.179
chill,SPA Treatment,37i9dQZF1DX4Q2SnB3glnP,3O9i7hYrsLU99msJcjPOCL,spotify:track:3O9i7hYrsLU99msJcjPOCL,https://p.scdn.co/mp3-preview/84f7004eaf426ac0ce2e2487ae522df3a067f819?cid=63a77ff40e794a12ae216a18befde98c,Shaman Dreams,67,Primer Dia,Shaman Dreams,0.819,0.161,186500,0.0792,0.749,8,0.0971,-28.714,1,0.0398,139.613,0.0316
chill,SPA Treatment,37i9dQZF1DX4Q2SnB3glnP,6yuUNwzKsytnqKjFU3oNrS,spotify:track:6yuUNwzKsytnqKjFU3oNrS,https://p.scdn.co/mp3-preview/eaaf150016481de7d07afc8a6da5f03fe43e4881?cid=63a77ff40e794a12ae216a18befde98c,Water Flowing,43,John Ocean,In the Ocean,0.934,0.14,202365,0.171,0.939,11,0.141,-21.136,1,0.0426,82.242,0.0329
chill,SPA Treatment,37i9dQZF1DX4Q2SnB3glnP,61dAOLGkqOSyZQUPA5BbdQ,spotify:track:61dAOLGkqOSyZQUPA5BbdQ,,Myth,14,Alan Ellis,All Behind Us,0.642,0.19,159588,0.158,0.931,6,0.0804,-22.165,0,0.0342,134.236,0.0393
chill,SPA Treatment,37i9dQZF1DX4Q2SnB3glnP,7uTmy9bindpm5YqE8sFFuj,spotify:track:7uTmy9bindpm5YqE8sFFuj,https://p.scdn.co/mp3-preview/d0adbcec7aa9296b13feaf93c4a1f4ed70c611a6?cid=63a77ff40e794a12ae216a18befde98c,Morning Rises,55,Alex Couture,The Calm Sessions,0.938,0.211,224344,0.0832,0.956,0,0.067,-26.206,0,0.041,99.34,0.0627
chill,SPA Treatment,37i9dQZF1DX4Q2SnB3glnP,1yAV3jaWFJcy98R3fdzeHf,spotify:track:1yAV3jaWFJcy98R3fdzeHf,https://p.scdn.co/mp3-preview/f3b6a34581dd2682366b842b06c01f996978b79a?cid=63a77ff40e794a12ae216a18befde98c,Early Morning Song,55,Moments of Clarity,Early Morning Song,0.989,0.178,190885,0.055,0.897,6,0.376,-25.045,1,0.0476,131.642,0.0374
chill,SPA Treatment,37i9dQZF1DX4Q2SnB3glnP,5OpOdnNT8P4aMvYFsmidPN,spotify:track:5OpOdnNT8P4aMvYFsmidPN,https://p.scdn.co/mp3-preview/e8e391ec6c54a85f049783d553525141d8614ebe?cid=63a77ff40e794a12ae216a18befde98c,Dharana Focus,62,Yolta,Dharana Focus,0.928,0.259,171876,0.165,0.837,6,0.144,-22.495,1,0.0478,73.49,0.0381
chill,SPA Treatment,37i9dQZF1DX4Q2SnB3glnP,7kbiF2WwENN3Z5yOZ2X0R2,spotify:track:7kbiF2WwENN3Z5yOZ2X0R2,https://p.scdn.co/mp3-preview/daa8886c243e298db1efd67532deade22ca7057f?cid=63a77ff40e794a12ae216a18befde98c,Relajación espiritual,56,Toga Bali,Relajación espiritual,0.984,0.169,190752,0.0283,0.907,11,0.114,-24.823,1,0.0398,91.745,0.056
chill,SPA Treatment,37i9dQZF1DX4Q2SnB3glnP,04lDOxJeMbYjkTVx9TbJsb,spotify:track:04lDOxJeMbYjkTVx9TbJsb,https://p.scdn.co/mp3-preview/b5ca79b9a2cfc815a05f065122e0763d098c13ef?cid=63a77ff40e794a12ae216a18befde98c,Terme di Caracalla,58,Roma Atmosphere,Roma Atmosphere,0.932,0.121,224615,0.0818,0.96,3,0.091,-25.055,1,0.0433,80.232,0.0363
chill,SPA Treatment,37i9dQZF1DX4Q2SnB3glnP,0kHT2De1XzpRYNUwQ15v4O,spotify:track:0kHT2De1XzpRYNUwQ15v4O,https://p.scdn.co/mp3-preview/bc29aae77ade60a492bb9751d9eb9d49bf3a93ce?cid=63a77ff40e794a12ae216a18befde98c,Música de Spa,49,Fanny Vie,Relajación y Meditación,0.906,0.167,174369,0.02,0.867,11,0.103,-31.02,1,0.0431,72.104,0.0767
chill,SPA Treatment,37i9dQZF1DX4Q2SnB3glnP,6sm1OOgdN0TyISneqeBvgX,spotify:track:6sm1OOgdN0TyISneqeBvgX,https://p.scdn.co/mp3-preview/477d44a27faa695352829a751688532c5d6cae4f?cid=63a77ff40e794a12ae216a18befde98c,Pieces of Infinity,50,Steven Goldmund,Observer,0.818,0.158,204810,0.0417,0.692,5,0.105,-25.128,1,0.0437,133.181,0.0708
chill,SPA Treatment,37i9dQZF1DX4Q2SnB3glnP,0bnRIsBDDT2GyEozHCOcie,spotify:track:0bnRIsBDDT2GyEozHCOcie,https://p.scdn.co/mp3-preview/5898d0f0b1b4f9111c6f52199f1ff4dd881929e5?cid=63a77ff40e794a12ae216a18befde98c,Bio-Adoptions,60,Binary One,Other World,0.976,0.144,204914,0.0418,0.957,0,0.108,-26.223,1,0.038,139.441,0.0754
chill,SPA Treatment,37i9dQZF1DX4Q2SnB3glnP,0AUsg7yWsJKPfDalSDt80e,spotify:track:0AUsg7yWsJKPfDalSDt80e,https://p.scdn.co/mp3-preview/c429c10cf5acd95a74ed1b2c3a1fad1e8d74552d?cid=63a77ff40e794a12ae216a18befde98c,Decision,58,Eleanor Arroway,Internal Voices,0.926,0.187,207122,0.113,0.944,0,0.0926,-24.483,0,0.0367,69.671,0.0366
chill,SPA Treatment,37i9dQZF1DX4Q2SnB3glnP,1GG2rqEQi9OyH1pA8A7qGl,spotify:track:1GG2rqEQi9OyH1pA8A7qGl,https://p.scdn.co/mp3-preview/aac7c6b237d7e3d4ef4108ecffc78f0ce1b9c748?cid=63a77ff40e794a12ae216a18befde98c,Fading Out,65,Steven Goldmund,Integrating,0.98,0.133,247250,0.0477,0.957,8,0.104,-26.711,1,0.0502,68.304,0.145
chill,SPA Treatment,37i9dQZF1DX4Q2SnB3glnP,23puVz6Rhiq8Wax9KxnZtW,spotify:track:23puVz6Rhiq8Wax9KxnZtW,https://p.scdn.co/mp3-preview/909f2b6c51dde7eeb3ea3240dcc7b7d5d4be3d99?cid=63a77ff40e794a12ae216a18befde98c,The Healing Process,64,Koh Lantana,The Healing Process,0.926,0.241,161442,0.0553,0.93,3,0.108,-23.605,1,0.0336,135.859,0.0643
chill,SPA Treatment,37i9dQZF1DX4Q2SnB3glnP,5OR4eaaENBzYsij6ZZGem6,spotify:track:5OR4eaaENBzYsij6ZZGem6,https://p.scdn.co/mp3-preview/791a56e9a5a4b1491ded689171069d469f55ab21?cid=63a77ff40e794a12ae216a18befde98c,Daenerys,66,Primer Dia,Shaman Dreams,0.74,0.109,185000,0.107,0.878,2,0.101,-25.358,0,0.0353,173.97,0.0391
chill,SPA Treatment,37i9dQZF1DX4Q2SnB3glnP,5I3JZ3zvxKQMdp9rEcGkiR,spotify:track:5I3JZ3zvxKQMdp9rEcGkiR,https://p.scdn.co/mp3-preview/f8281074bac19729d65ac02df0c813b7cc392359?cid=63a77ff40e794a12ae216a18befde98c,Pads of Redemption,68,Masala Roo,Pads of Redemption,0.902,0.274,168537,0.0417,0.903,0,0.112,-23.499,0,0.034,43.513,0.0613
chill,SPA Treatment,37i9dQZF1DX4Q2SnB3glnP,7n9GNIshLB6CEUiy8zj7oK,spotify:track:7n9GNIshLB6CEUiy8zj7oK,https://p.scdn.co/mp3-preview/b572f027818dca2a996f82d3cd25b4e71ae0e45e?cid=63a77ff40e794a12ae216a18befde98c,Midsummer,52,Vincente M,First Flower,0.991,0.337,202000,0.00922,0.962,10,0.0907,-25.784,1,0.0424,69.095,0.0393
chill,SPA Treatment,37i9dQZF1DX4Q2SnB3glnP,3Se2ifaSm69Np4OtyaNNKa,spotify:track:3Se2ifaSm69Np4OtyaNNKa,https://p.scdn.co/mp3-preview/a4d11958e19db6f8d55fceff4c817b9152cae9ab?cid=63a77ff40e794a12ae216a18befde98c,Endymion,65,Réka Ioescu,Endymion,0.996,0.391,152231,0.00241,0.949,7,0.134,-30.569,1,0.079,67.191,0.388
chill,SPA Treatment,37i9dQZF1DX4Q2SnB3glnP,2IAZza3wdiTYT8QtO0hbLv,spotify:track:2IAZza3wdiTYT8QtO0hbLv,https://p.scdn.co/mp3-preview/4ed6de0cf14a7f8a1218b10dd24027d2cfad985f?cid=63a77ff40e794a12ae216a18befde98c,New Endings,64,Bon Vie,New Endings,0.989,0.226,188592,0.0315,0.964,0,0.124,-27.615,1,0.034,91.988,0.0381
chill,SPA Treatment,37i9dQZF1DX4Q2SnB3glnP,17yuGlOR1mCfOOjdu1XmqH,spotify:track:17yuGlOR1mCfOOjdu1XmqH,https://p.scdn.co/mp3-preview/44d9d2bab37d5f067dd0f4640f6f32786712bc51?cid=63a77ff40e794a12ae216a18befde98c,Astral Body,60,Michel Mondrain,Astral Body,0.896,0.199,187917,0.117,0.93,7,0.0958,-22.377,1,0.0416,65.577,0.0541
chill,SPA Treatment,37i9dQZF1DX4Q2SnB3glnP,5tPC4oQ38t2K8W9KvjFb18,spotify:track:5tPC4oQ38t2K8W9KvjFb18,https://p.scdn.co/mp3-preview/75ddddee06e677d41583604b52570afa0070c195?cid=63a77ff40e794a12ae216a18befde98c,Wishful Sora,50,Izumi Tanaka,Wishful Sora,0.994,0.462,195426,0.0218,0.941,1,0.131,-23.948,1,0.0617,73.926,0.234
chill,SPA Treatment,37i9dQZF1DX4Q2SnB3glnP,4gIkhmRSrvTltuBGYVp3TX,spotify:track:4gIkhmRSrvTltuBGYVp3TX,https://p.scdn.co/mp3-preview/b72de73492e033af1c5d4c84f42de93433d98e06?cid=63a77ff40e794a12ae216a18befde98c,A Glimpse of Eternity,55,Steven Goldmund,Observer,0.976,0.131,219386,0.173,0.947,4,0.388,-22.839,1,0.0395,85.912,0.052
chill,SPA Treatment,37i9dQZF1DX4Q2SnB3glnP,1NY2tT1A7uZwchez1vBShQ,spotify:track:1NY2tT1A7uZwchez1vBShQ,https://p.scdn.co/mp3-preview/f49e52416ba52697cf7032a9dbb216c2d4334042?cid=63a77ff40e794a12ae216a18befde98c,Trancendent Sleep,61,Eleanor Arroway,Moving Mind,0.981,0.353,257463,0.0993,0.928,5,0.121,-25.317,1,0.0372,138.135,0.123
chill,SPA Treatment,37i9dQZF1DX4Q2SnB3glnP,1ylQubRj7mAtG5MumE0sLN,spotify:track:1ylQubRj7mAtG5MumE0sLN,https://p.scdn.co/mp3-preview/12fbfc646d11784f9eaada4766411ac62fcba148?cid=63a77ff40e794a12ae216a18befde98c,You - Ambient Dream,46,Blue Puppy,You,0.877,0.301,216487,0.14,0.773,2,0.112,-22.525,1,0.0321,73.903,0.0393
chill,SPA Treatment,37i9dQZF1DX4Q2SnB3glnP,58AHS0AM4PTZAG5RHuQRqT,spotify:track:58AHS0AM4PTZAG5RHuQRqT,https://p.scdn.co/mp3-preview/1915275f5f2c634f0b08ce5ef135c2aedead5c5f?cid=63a77ff40e794a12ae216a18befde98c,Tip Toe,46,Sublime Harmonics,Tip Toe,0.988,0.333,362125,0.0268,0.925,0,0.121,-27.687,1,0.0371,84.846,0.0726
chill,SPA Treatment,37i9dQZF1DX4Q2SnB3glnP,6gorMsD3ggG4vTqh4X7ihp,spotify:track:6gorMsD3ggG4vTqh4X7ihp,https://p.scdn.co/mp3-preview/12a450ecc52660ec237df18fdcfc2a94bbf1c537?cid=63a77ff40e794a12ae216a18befde98c,The Golden Path,51,Kumbhaka,Yoga Music,0.735,0.121,178609,0.138,0.831,8,0.0864,-23.743,1,0.0603,66.373,0.0332
chill,SPA Treatment,37i9dQZF1DX4Q2SnB3glnP,4lVMEMn8E6GG9dLoXJ4bmB,spotify:track:4lVMEMn8E6GG9dLoXJ4bmB,,Silver Sky,17,Chaxti,After the Glow,0.838,0.213,176467,0.314,0.986,0,0.145,-11.876,0,0.0381,137.991,0.0359
chill,SPA Treatment,37i9dQZF1DX4Q2SnB3glnP,5NTTDyvL5V1kjcjKUtoU6j,spotify:track:5NTTDyvL5V1kjcjKUtoU6j,https://p.scdn.co/mp3-preview/32c6aff27c3655033d6a98757335c8982a34dfef?cid=63a77ff40e794a12ae216a18befde98c,Endless,48,Enzo,Endless,0.994,0.322,188000,0.00257,0.649,6,0.0959,-24.13,0,0.0471,73.616,0.102
chill,SPA Treatment,37i9dQZF1DX4Q2SnB3glnP,34ttyToe7nrqpvxu9XMyr0,spotify:track:34ttyToe7nrqpvxu9XMyr0,https://p.scdn.co/mp3-preview/c72fbd84d8853ab7ba2f90dcdcfecb191358c1b3?cid=63a77ff40e794a12ae216a18befde98c,Vá Devagar,46,Miranda Moniz,Relaxamento,0.932,0.163,199928,0.0207,0.928,2,0.107,-29.272,1,0.0443,99.223,0.0348
chill,SPA Treatment,37i9dQZF1DX4Q2SnB3glnP,3jICrYj9jYlK0O99IL1KY3,spotify:track:3jICrYj9jYlK0O99IL1KY3,https://p.scdn.co/mp3-preview/fdb65963e304b9b3392e8ce0144992c462f65e77?cid=63a77ff40e794a12ae216a18befde98c,Tokyo Sunrise,47,Tokyo Atmospheres,Tokyo Atmospheres,0.772,0.163,214618,0.0813,0.901,1,0.109,-26.05,1,0.0334,130.326,0.0354
chill,SPA Treatment,37i9dQZF1DX4Q2SnB3glnP,1vV8ZLjGUoUAVrP4Tmoitf,spotify:track:1vV8ZLjGUoUAVrP4Tmoitf,https://p.scdn.co/mp3-preview/cc59e642ed5ddb2e84b63451249a2b060711e27f?cid=63a77ff40e794a12ae216a18befde98c,Voices,57,Juni Tinley,Yoga Music,0.849,0.18,172118,0.0194,0.883,10,0.0916,-32.981,1,0.0459,73.934,0.0377
chill,SPA Treatment,37i9dQZF1DX4Q2SnB3glnP,1znpMS5QcPwMIkE3cnb6sL,spotify:track:1znpMS5QcPwMIkE3cnb6sL,https://p.scdn.co/mp3-preview/2f231de38bd56191fc9527b562a5534c532bc503?cid=63a77ff40e794a12ae216a18befde98c,Parc Güell,57,Barcelona Atmosphere,Barcelona Atmosphere,0.942,0.166,208000,0.143,0.91,0,0.0878,-23.512,0,0.0448,85.977,0.0342
chill,SPA Treatment,37i9dQZF1DX4Q2SnB3glnP,7xD5j8ZCGDAPTTH5EfAVRf,spotify:track:7xD5j8ZCGDAPTTH5EfAVRf,https://p.scdn.co/mp3-preview/f84b6558e4ffce6a66fb5dc64373c03c87cb4f6c?cid=63a77ff40e794a12ae216a18befde98c,Relaxation,67,Yolta,Relaxation,0.951,0.281,216609,0.0197,0.889,1,0.108,-21.443,1,0.0353,135.488,0.039
chill,SPA Treatment,37i9dQZF1DX4Q2SnB3glnP,4TxfZzrq0dH2Wmfl4dAjN9,spotify:track:4TxfZzrq0dH2Wmfl4dAjN9,https://p.scdn.co/mp3-preview/ec3b1534e56567f5924ca63c98d73871a3595541?cid=63a77ff40e794a12ae216a18befde98c,Ella's Lullaby,65,Enno Aare,Enno Aare,0.957,0.35,220385,0.0256,0.88,2,0.106,-22.589,1,0.0334,77.664,0.071
chill,SPA Treatment,37i9dQZF1DX4Q2SnB3glnP,1leDriZZIWRHVL86WgcbUJ,spotify:track:1leDriZZIWRHVL86WgcbUJ,https://p.scdn.co/mp3-preview/2dfc4d3cb26253b39ee8489a4fc49617f904b1b6?cid=63a77ff40e794a12ae216a18befde98c,Minimal Steps,52,Floating Lights,Floating Lights,0.933,0.507,330710,0.089,0.887,0,0.0829,-22.759,1,0.0296,98.031,0.0509
chill,SPA Treatment,37i9dQZF1DX4Q2SnB3glnP,0PEnvVQaNO9ZCE5Onlm7RE,spotify:track:0PEnvVQaNO9ZCE5Onlm7RE,https://p.scdn.co/mp3-preview/3085fcacd7ca42e38ff14081b99caac456d666fc?cid=63a77ff40e794a12ae216a18befde98c,The Roads,47,Emblemic X,Yoga Music,0.868,0.23,180924,0.0578,0.954,9,0.101,-27.443,1,0.0377,57.522,0.203
chill,SPA Treatment,37i9dQZF1DX4Q2SnB3glnP,3UvIGwxH6YjK5tywAenZyC,spotify:track:3UvIGwxH6YjK5tywAenZyC,https://p.scdn.co/mp3-preview/451b823635b187429c006d6be07f188e1e1dd180?cid=63a77ff40e794a12ae216a18befde98c,Butterfly Effect,48,Timothy Byrne,Yoga Music,0.994,0.238,180000,0.164,0.952,2,0.103,-22.171,0,0.0503,97.721,0.0301
chill,SPA Treatment,37i9dQZF1DX4Q2SnB3glnP,39BDUV5ZEEUThCfVV5ria5,spotify:track:39BDUV5ZEEUThCfVV5ria5,https://p.scdn.co/mp3-preview/69c5185a721d367f484ff46e195b8bb25c17f995?cid=63a77ff40e794a12ae216a18befde98c,Dive,46,Blue Aquanaut,Ascent / Dive,0.709,0.311,216000,0.228,0.871,0,0.117,-17.957,1,0.0294,147.987,0.129
chill,SPA Treatment,37i9dQZF1DX4Q2SnB3glnP,2S03HMq6Swa5p0jJe3BKym,spotify:track:2S03HMq6Swa5p0jJe3BKym,https://p.scdn.co/mp3-preview/0b2f4351732b5db55b7e11d9a6e45c478b92c2d9?cid=63a77ff40e794a12ae216a18befde98c,Summer Rain,48,Vincente M,Forever You,0.982,0.377,236837,0.0214,0.878,4,0.103,-24.767,0,0.0453,67.001,0.0397
chill,SPA Treatment,37i9dQZF1DX4Q2SnB3glnP,5UQJ26jvwmcvlhlUSZCkG9,spotify:track:5UQJ26jvwmcvlhlUSZCkG9,https://p.scdn.co/mp3-preview/8f7f51bc4587e7e2ac466e69fc51a190d313085e?cid=63a77ff40e794a12ae216a18befde98c,Pura Armonía,45,Calamantos,Relajación y Meditación,0.991,0.136,204969,0.00355,0.825,6,0.11,-39.345,0,0.0493,65.404,0.038
chill,SPA Treatment,37i9dQZF1DX4Q2SnB3glnP,21TG8QkajgXY6rWjIK5dFO,spotify:track:21TG8QkajgXY6rWjIK5dFO,https://p.scdn.co/mp3-preview/caec48c18e41d6279ba4cfdaaa8daa606b5cf4db?cid=63a77ff40e794a12ae216a18befde98c,St Germain 54,55,Paris Atmosphere,Paris Atmosphere,0.951,0.196,174000,0.0443,0.915,2,0.134,-24.841,1,0.0415,89.772,0.0395
chill,SPA Treatment,37i9dQZF1DX4Q2SnB3glnP,1M3DbJZVJ6Z508oq9BFSJJ,spotify:track:1M3DbJZVJ6Z508oq9BFSJJ,https://p.scdn.co/mp3-preview/44c49d10a1efcc3468135a291b202fe7ce9fa675?cid=63a77ff40e794a12ae216a18befde98c,Manhã calma,57,Hélder Sequeira,Relaxamento,0.961,0.161,178998,0.0167,0.952,3,0.0976,-32.002,0,0.0467,71.752,0.0331
chill,SPA Treatment,37i9dQZF1DX4Q2SnB3glnP,0nn0W0kKftbGhXXYUoQogt,spotify:track:0nn0W0kKftbGhXXYUoQogt,https://p.scdn.co/mp3-preview/5cd92ee1c7dbb2f7c94c5fa993de780f1265b054?cid=63a77ff40e794a12ae216a18befde98c,New Start,50,Uniq,Morning,0.952,0.594,201951,0.153,0.94,7,0.11,-17.814,1,0.0419,163.973,0.295
chill,SPA Treatment,37i9dQZF1DX4Q2SnB3glnP,4g7dZcPPvNwRqX62lg03xd,spotify:track:4g7dZcPPvNwRqX62lg03xd,,Astral Paradise,10,Dr. Sounds,Space Music for Yoga,0.986,0.116,213648,0.163,0.92,9,0.0896,-16.918,0,0.0503,67.857,0.0381
chill,SPA Treatment,37i9dQZF1DX4Q2SnB3glnP,5db1SLjPimPV4jc5SkAZ2b,spotify:track:5db1SLjPimPV4jc5SkAZ2b,https://p.scdn.co/mp3-preview/3e13f1606930229461b1cb0e2b94caf49b4ca18a?cid=63a77ff40e794a12ae216a18befde98c,Awakening,60,Alex Couture,The Calm Sessions,0.308,0.151,157482,0.0973,0.883,0,0.117,-21.969,1,0.072,166.335,0.0328
chill,SPA Treatment,37i9dQZF1DX4Q2SnB3glnP,54a6DuYtkZSDerihtT7yoB,spotify:track:54a6DuYtkZSDerihtT7yoB,https://p.scdn.co/mp3-preview/670ec42d0ad063124038ccd451ca7b3bc1ed9042?cid=63a77ff40e794a12ae216a18befde98c,Tides of Life,40,John Ocean,In the Ocean,0.855,0.221,205617,0.182,0.988,7,0.0967,-16.583,1,0.04,109.676,0.0358
chill,SPA Treatment,37i9dQZF1DX4Q2SnB3glnP,48c5vYKQayPMiohaGiOhcm,spotify:track:48c5vYKQayPMiohaGiOhcm,https://p.scdn.co/mp3-preview/e272576aaa18c8a7d432b43edb9e8bf866463c1a?cid=63a77ff40e794a12ae216a18befde98c,Calming Violin,55,Pierre Koenigs,Songs To Let Go,0.911,0.312,186249,0.15,0.921,2,0.0904,-19.051,1,0.0352,88.964,0.0787
chill,SPA Treatment,37i9dQZF1DX4Q2SnB3glnP,2Gdybo91D2AszWaPKGLrul,spotify:track:2Gdybo91D2AszWaPKGLrul,https://p.scdn.co/mp3-preview/e8b2bfb9cccddf6647f05b2b85aef4977f386b9a?cid=63a77ff40e794a12ae216a18befde98c,Family Dawn,54,Eleanor Arroway,Personal Experiences,0.934,0.0799,228484,0.0928,0.893,8,0.0921,-26.22,1,0.0385,74.725,0.047
chill,SPA Treatment,37i9dQZF1DX4Q2SnB3glnP,42CQUucCi6h2gHB5BQfSbb,spotify:track:42CQUucCi6h2gHB5BQfSbb,,Owls,24,Ebb & Flod,Moonrise,0.949,0.211,146483,0.053,0.915,7,0.111,-20.408,1,0.038,110.314,0.0363
chill,SPA Treatment,37i9dQZF1DX4Q2SnB3glnP,403UeCOjakaDLU8e23YeNa,spotify:track:403UeCOjakaDLU8e23YeNa,https://p.scdn.co/mp3-preview/a136950cab05a5dac43f2c77b48252b2fe3980d3?cid=63a77ff40e794a12ae216a18befde98c,Misty Wind,49,Enzo,Last Bus Home,0.995,0.287,246500,0.0104,0.909,5,0.0968,-30.226,0,0.0455,136.689,0.0856
chill,SPA Treatment,37i9dQZF1DX4Q2SnB3glnP,5IjPhblEL6MAQFdC76Zw82,spotify:track:5IjPhblEL6MAQFdC76Zw82,https://p.scdn.co/mp3-preview/aadf31f324127a25399acedf473b795ae2c401e3?cid=63a77ff40e794a12ae216a18befde98c,Lullaby,46,Floating Lights,Lost Secrets,0.975,0.257,308333,0.119,0.759,5,0.0941,-22.798,0,0.0378,71.932,0.0556
chill,SPA Treatment,37i9dQZF1DX4Q2SnB3glnP,3fNoCPT9lOOSHeIGxpVGEN,spotify:track:3fNoCPT9lOOSHeIGxpVGEN,https://p.scdn.co/mp3-preview/4775e80a8f9826af72e1d6bedaed4e6c463c3933?cid=63a77ff40e794a12ae216a18befde98c,Evening Mantra,46,Wilma Harrods,Sleepy Baby Piano,0.991,0.601,141750,0.0235,0.967,9,0.106,-26.426,1,0.0525,79.929,0.346
chill,SPA Treatment,37i9dQZF1DX4Q2SnB3glnP,7LapFtC9oexxVwF0Oyg5hm,spotify:track:7LapFtC9oexxVwF0Oyg5hm,https://p.scdn.co/mp3-preview/3df91d63f6485ebb61955981cd887357ea5f8cdc?cid=63a77ff40e794a12ae216a18befde98c,Leaf In The Wind,49,Izumi Tanaka,Time For Reflection,0.968,0.304,184922,0.0672,0.922,3,0.106,-20.575,1,0.0541,66.137,0.0347
chill,SPA Treatment,37i9dQZF1DX4Q2SnB3glnP,3WeYjOyamokKdl3cvQysZq,spotify:track:3WeYjOyamokKdl3cvQysZq,https://p.scdn.co/mp3-preview/0423484de86ff816db025d82daac1ce55d4aa82f?cid=63a77ff40e794a12ae216a18befde98c,Skylines,65,Primer Dia,Magnetic,0.964,0.198,166901,0.125,0.92,0,0.112,-22.252,1,0.041,95.653,0.0388
chill,SPA Treatment,37i9dQZF1DX4Q2SnB3glnP,3yMlCr3Hqa940RLXT0QiJG,spotify:track:3yMlCr3Hqa940RLXT0QiJG,https://p.scdn.co/mp3-preview/f7934880ab571d5cdf2b61e9e376b3c279558210?cid=63a77ff40e794a12ae216a18befde98c,Lantau Island,52,Hong Kong Atmosphere,Hong Kong Atmosphere,0.921,0.209,270000,0.181,0.971,10,0.134,-19.989,0,0.0385,76.244,0.0333
chill,SPA Treatment,37i9dQZF1DX4Q2SnB3glnP,5Fn1TMTHClHO7bvWBXqerb,spotify:track:5Fn1TMTHClHO7bvWBXqerb,https://p.scdn.co/mp3-preview/546144012d88fcad9aef9de8f5a29a4b224335d2?cid=63a77ff40e794a12ae216a18befde98c,Embrace Your Soul,46,Inner Voice,Beautiful Being,0.833,0.412,281496,0.198,0.892,6,0.108,-16.131,0,0.0278,81.982,0.0751
chill,SPA Treatment,37i9dQZF1DX4Q2SnB3glnP,65BziyHWyQzCr03AbGD5zC,spotify:track:65BziyHWyQzCr03AbGD5zC,https://p.scdn.co/mp3-preview/b8e8e39f94adc6f96cda74a3aa6c7f19134a1c7e?cid=63a77ff40e794a12ae216a18befde98c,Cumbres Del Ajusco,55,Mexico City Atmospheres,Mexico City Atmospheres,0.771,0.0998,250968,0.247,0.925,0,0.114,-18.888,1,0.0419,77.94,0.0474
chill,SPA Treatment,37i9dQZF1DX4Q2SnB3glnP,6RSamYe6vPBz7mGHe5Qj1q,spotify:track:6RSamYe6vPBz7mGHe5Qj1q,https://p.scdn.co/mp3-preview/ecd0a4ef34baaa3e75f14bfff524e53da7d278d3?cid=63a77ff40e794a12ae216a18befde98c,Vast Changes,50,Regentum,Yoga Music,0.984,0.396,224636,0.044,0.947,9,0.0802,-25.088,0,0.037,71.2,0.0898
chill,SPA Treatment,37i9dQZF1DX4Q2SnB3glnP,5nGUQM7GL3OgpCYCY7TkUv,spotify:track:5nGUQM7GL3OgpCYCY7TkUv,https://p.scdn.co/mp3-preview/018253f259efbca10495e9cf3814c08c4f50635a?cid=63a77ff40e794a12ae216a18befde98c,Through The Summer Fields,48,Floating Lights,Floating Lights,0.963,0.594,328193,0.0331,0.931,5,0.0866,-23.656,0,0.0331,99.998,0.0602
chill,SPA Treatment,37i9dQZF1DX4Q2SnB3glnP,2jj6HQAKwP8CL3TT7naZpN,spotify:track:2jj6HQAKwP8CL3TT7naZpN,https://p.scdn.co/mp3-preview/0559b1f656d53cd955a56b0455e32e7c94b98d59?cid=63a77ff40e794a12ae216a18befde98c,Fuji,51,Tokyo Atmospheres,Tokyo Atmospheres,0.648,0.177,206721,0.286,0.89,11,0.12,-17.682,0,0.032,85.62,0.0393
chill,SPA Treatment,37i9dQZF1DX4Q2SnB3glnP,1srvFQSHG2r4TJ0Sb6MPIR,spotify:track:1srvFQSHG2r4TJ0Sb6MPIR,https://p.scdn.co/mp3-preview/c1a959ca7279d021d72f8d2a45fd8c64f30712aa?cid=63a77ff40e794a12ae216a18befde98c,Message in a bottle,59,Enzo,Last Bus Home,0.995,0.448,151129,0.00562,0.956,2,0.092,-27.045,0,0.0549,71.509,0.0612
chill,SPA Treatment,37i9dQZF1DX4Q2SnB3glnP,6k1DasduiT5LjawgYPg3pF,spotify:track:6k1DasduiT5LjawgYPg3pF,https://p.scdn.co/mp3-preview/ec7ca26b5a0950badc2eed7aaec78ba7c722d7c2?cid=63a77ff40e794a12ae216a18befde98c,Calmative,57,Vincente M,First Flower,0.99,0.258,222000,0.00379,0.949,7,0.0853,-29.298,1,0.0531,77.828,0.0812
chill,SPA Treatment,37i9dQZF1DX4Q2SnB3glnP,0AD00S6V6nzr1Ih2JGcYO2,spotify:track:0AD00S6V6nzr1Ih2JGcYO2,https://p.scdn.co/mp3-preview/851505711e2a90e95413cf9093f6800c9a821d61?cid=63a77ff40e794a12ae216a18befde98c,The Wait,46,Tao Lounge,Vol 3,0.986,0.248,232000,0.0162,0.936,1,0.0886,-25.949,0,0.04,67.882,0.0388
chill,SPA Treatment,37i9dQZF1DX4Q2SnB3glnP,1OyKfxi30hlGl7O2uF6kMQ,spotify:track:1OyKfxi30hlGl7O2uF6kMQ,https://p.scdn.co/mp3-preview/949901cb3e062f7138060b0435c3e59155b0c1f6?cid=63a77ff40e794a12ae216a18befde98c,Embrace,47,Voyager,Stargazer,0.962,0.134,210302,0.0122,0.822,7,0.0989,-20.862,1,0.0368,75.717,0.0403
chill,SPA Treatment,37i9dQZF1DX4Q2SnB3glnP,1WWy4bXzpFk7dU0EiQKBOz,spotify:track:1WWy4bXzpFk7dU0EiQKBOz,https://p.scdn.co/mp3-preview/1d53d243a22410250f530641d95b5ab7b4146a48?cid=63a77ff40e794a12ae216a18befde98c,Personal Rain,47,Binary One,Personal Angel,0.95,0.213,248478,0.0313,0.93,3,0.0725,-26.972,1,0.034,109.443,0.123
chill,SPA Treatment,37i9dQZF1DX4Q2SnB3glnP,4FYLFLGXEpXFRVRKg09AGh,spotify:track:4FYLFLGXEpXFRVRKg09AGh,,Cosmosfulness,11,Dr. Sounds,Cosmosfulness,0.989,0.224,223200,0.0287,0.864,9,0.0924,-26.305,0,0.067,141.628,0.045
chill,SPA Treatment,37i9dQZF1DX4Q2SnB3glnP,754M7kBYPjPcPpyoN3Ti8C,spotify:track:754M7kBYPjPcPpyoN3Ti8C,https://p.scdn.co/mp3-preview/413e7a9996eb6e502b47edcb30df63f7ada42e49?cid=63a77ff40e794a12ae216a18befde98c,Enchanted Dreams,53,Antologie,Yoga Music,0.978,0.167,197838,0.183,0.838,10,0.11,-20.844,0,0.0472,57.257,0.0328
chill,SPA Treatment,37i9dQZF1DX4Q2SnB3glnP,5NDD7Jm4K3s1U9IcDfbgBa,spotify:track:5NDD7Jm4K3s1U9IcDfbgBa,https://p.scdn.co/mp3-preview/285b3f0ea8ce8dc95f35832e7e01ed4d2fbaa4bc?cid=63a77ff40e794a12ae216a18befde98c,Dreamers,48,Silent Waves,Dreamers,0.533,0.572,201861,0.0582,0.858,8,0.0907,-22.831,1,0.0339,140.013,0.0393
chill,SPA Treatment,37i9dQZF1DX4Q2SnB3glnP,5KKHP5wqAMR15IbCmNRwub,spotify:track:5KKHP5wqAMR15IbCmNRwub,https://p.scdn.co/mp3-preview/186c8559f576eb0f6908fcbb6936d39d945779cd?cid=63a77ff40e794a12ae216a18befde98c,Pipers,45,Yakamora,Yoga Music,0.942,0.149,246600,0.0926,0.953,2,0.104,-22.377,0,0.0382,99.603,0.0282
chill,SPA Treatment,37i9dQZF1DX4Q2SnB3glnP,0BnOGTQYYZYEXsgA1ryRYT,spotify:track:0BnOGTQYYZYEXsgA1ryRYT,https://p.scdn.co/mp3-preview/8b0079282008399f5774e4d576e5ca98ae2ea5ee?cid=63a77ff40e794a12ae216a18befde98c,Horizon,55,Landscapes Of Joy,Dreaming Of The Horizon,0.923,0.193,214580,0.0325,0.903,7,0.102,-20.486,1,0.0453,70.207,0.0457
chill,SPA Treatment,37i9dQZF1DX4Q2SnB3glnP,3UxjKAz95encfiLfbghkc1,spotify:track:3UxjKAz95encfiLfbghkc1,https://p.scdn.co/mp3-preview/85b55e2403ee1fba9d9de0ecd20e95e3528ec14f?cid=63a77ff40e794a12ae216a18befde98c,Ocean,42,Intentional Vibes,Tranquilities,0.97,0.0609,330947,0.0856,0.949,5,0.374,-24.804,0,0.0475,54.652,0.0359
chill,SPA Treatment,37i9dQZF1DX4Q2SnB3glnP,6Xc46NRhYcwhlJoSwHhXRP,spotify:track:6Xc46NRhYcwhlJoSwHhXRP,https://p.scdn.co/mp3-preview/f1dd79afc80c612e56d398059efe189a1c401900?cid=63a77ff40e794a12ae216a18befde98c,Shades of Fukushima,51,Mandala Dreams,Spirit Of Fukushima,0.964,0.286,237597,0.213,0.954,7,0.121,-13.594,0,0.0296,82.955,0.114
chill,SPA Treatment,37i9dQZF1DX4Q2SnB3glnP,35IKLmOwBxVicNqtmL8HWK,spotify:track:35IKLmOwBxVicNqtmL8HWK,https://p.scdn.co/mp3-preview/c641df70d725d68bfb8ff8b926f14f9c8a037f43?cid=63a77ff40e794a12ae216a18befde98c,Limoges,47,Malto Fanier,Ambient Sax Covers,0.963,0.174,183067,0.156,0.956,1,0.102,-13.855,1,0.033,96.261,0.0416
chill,SPA Treatment,37i9dQZF1DX4Q2SnB3glnP,2g1PIqQoblo8xIzRYrJ9pg,spotify:track:2g1PIqQoblo8xIzRYrJ9pg,https://p.scdn.co/mp3-preview/5b70b79dbdaaedb02308b916cea31201d7b3cdf6?cid=63a77ff40e794a12ae216a18befde98c,Wish I Could Fly - Ambient Mix,46,Ears Of Light,Wish I Could Fly,0.984,0.341,255974,0.0179,0.915,7,0.0967,-26.399,1,0.0379,76.98,0.0871
chill,SPA Treatment,37i9dQZF1DX4Q2SnB3glnP,0p4IWEs8ZHhcFdXuy5SYL2,spotify:track:0p4IWEs8ZHhcFdXuy5SYL2,https://p.scdn.co/mp3-preview/a9353df1b63f2e278a9f78b4961044195101638a?cid=63a77ff40e794a12ae216a18befde98c,Olvidado,45,Piano Pacifico,Luna Mágica,0.994,0.304,152000,0.00263,0.853,3,0.104,-30.648,1,0.0428,71.113,0.0539
chill,SPA Treatment,37i9dQZF1DX4Q2SnB3glnP,2ySQ5XpzsiPn0OkMX7Agw1,spotify:track:2ySQ5XpzsiPn0OkMX7Agw1,https://p.scdn.co/mp3-preview/35547676cbab39720ace6931dfa3859aa8beafe3?cid=63a77ff40e794a12ae216a18befde98c,Silver Sky,56,Enzo,Silver Sky,0.993,0.273,190000,0.00195,0.868,8,0.0887,-31.393,1,0.0418,72.179,0.0922
chill,SPA Treatment,37i9dQZF1DX4Q2SnB3glnP,21HfRIMkb0WBL894ija4R5,spotify:track:21HfRIMkb0WBL894ija4R5,https://p.scdn.co/mp3-preview/b347aab1f1047a79933016a215cfc97db1fdfa3f?cid=63a77ff40e794a12ae216a18befde98c,Interstellar,46,Voyager,Interstellar,0.949,0.147,174167,0.111,0.973,7,0.112,-20.203,0,0.0345,70.232,0.0373
chill,SPA Treatment,37i9dQZF1DX4Q2SnB3glnP,1tX9ApgL299xzRoYDFBx0S,spotify:track:1tX9ApgL299xzRoYDFBx0S,https://p.scdn.co/mp3-preview/2bbbbab9943e97fcb6f989822ed61fd32e9980ca?cid=63a77ff40e794a12ae216a18befde98c,Steep Coast,46,Out Of Gravity,Drifting Clouds,0.931,0.474,286127,0.137,0.934,4,0.0792,-22.538,0,0.0339,173.06,0.152
chill,SPA Treatment,37i9dQZF1DX4Q2SnB3glnP,6NfhuN4VV20Rn26OUwfJva,spotify:track:6NfhuN4VV20Rn26OUwfJva,,Gentle Arrival,14,Joseph Beg,Gentle Arrival,0.826,0.136,364558,0.0769,0.926,6,0.107,-30.021,1,0.0471,64.613,0.0361
chill,SPA Treatment,37i9dQZF1DX4Q2SnB3glnP,65aJ98G0ozQqh7WXbn6zoe,spotify:track:65aJ98G0ozQqh7WXbn6zoe,https://p.scdn.co/mp3-preview/092c3636f045d17339179cbf949f0d36a936ce0c?cid=63a77ff40e794a12ae216a18befde98c,Phoenix,45,Dr. Sounds,Phoenix,0.964,0.221,196000,0.13,0.983,8,0.108,-17.905,0,0.039,59.848,0.0388
chill,SPA Treatment,37i9dQZF1DX4Q2SnB3glnP,6MgyvDL22dtvelYiqKi2r9,spotify:track:6MgyvDL22dtvelYiqKi2r9,https://p.scdn.co/mp3-preview/50f57a36596c8988a8521845c8c680d994dd3250?cid=63a77ff40e794a12ae216a18befde98c,Swimming,45,Dr. Sounds,Swimming,0.986,0.332,173898,0.192,0.839,9,0.131,-17.192,0,0.0356,58.994,0.0388
chill,SPA Treatment,37i9dQZF1DX4Q2SnB3glnP,7ke9vQCAYUbCQ6Bo3BxqIV,spotify:track:7ke9vQCAYUbCQ6Bo3BxqIV,https://p.scdn.co/mp3-preview/01d61131e4cdf948222aff64281ab3846ab51ca0?cid=63a77ff40e794a12ae216a18befde98c,Cherry Blossom,57,Tokyo Atmospheres,Tokyo Atmospheres,0.857,0.214,218064,0.152,0.745,1,0.109,-22.086,1,0.0328,68.175,0.036
chill,SPA Treatment,37i9dQZF1DX4Q2SnB3glnP,1tLwmfK86K8CWouvi4CD1U,spotify:track:1tLwmfK86K8CWouvi4CD1U,https://p.scdn.co/mp3-preview/a76c033af5425af3b5c9532aa28a3963f153689a?cid=63a77ff40e794a12ae216a18befde98c,Borderless,45,Out Of Gravity,Cosmic Awareness,0.896,0.438,248301,0.126,0.918,2,0.112,-25.074,1,0.039,139.802,0.0918
chill,SPA Treatment,37i9dQZF1DX4Q2SnB3glnP,032b7KBVhmHna3t7kXEQPP,spotify:track:032b7KBVhmHna3t7kXEQPP,https://p.scdn.co/mp3-preview/481b314f73d7d0c0a9c745093d305a99c1c24a9c?cid=63a77ff40e794a12ae216a18befde98c,Colourized,49,Jaque Di Palma,Colourized,0.995,0.675,173514,0.203,0.924,7,0.0958,-19.789,1,0.062,148.048,0.523
chill,SPA Treatment,37i9dQZF1DX4Q2SnB3glnP,2nSZUB39Wj9iwvFD9kqqqV,spotify:track:2nSZUB39Wj9iwvFD9kqqqV,https://p.scdn.co/mp3-preview/f1f4022da8f22f45e84f6f87ae4a807f1cdad0db?cid=63a77ff40e794a12ae216a18befde98c,Oxygene - Spa Version,45,ST*RMAN,Oxygene (Part IV),0.899,0.684,309429,0.231,0.935,7,0.114,-21.574,0,0.0391,140.017,0.0492
chill,SPA Treatment,37i9dQZF1DX4Q2SnB3glnP,6nx5HcurSOU0lVZYhoY3k6,spotify:track:6nx5HcurSOU0lVZYhoY3k6,https://p.scdn.co/mp3-preview/b253a4b0db5058f55c3b62e1ab0fe5a0f3acff5e?cid=63a77ff40e794a12ae216a18befde98c,Aberdeen,50,Mr.Reight,Yoga Music,0.982,0.184,210000,0.0135,0.366,1,0.109,-30.542,1,0.0432,100.268,0.0432
chill,SPA Treatment,37i9dQZF1DX4Q2SnB3glnP,30nFANb7ZagzcrJ0YUVmNG,spotify:track:30nFANb7ZagzcrJ0YUVmNG,https://p.scdn.co/mp3-preview/0805867c2f5469167c89f20cde6f7b8d4e9ded8f?cid=63a77ff40e794a12ae216a18befde98c,Dolphin Diver,52,Deep Divers,Dolphin Dreams,0.944,0.369,186207,0.174,0.912,10,0.259,-18.425,1,0.0315,116.003,0.0811
chill,SPA Treatment,37i9dQZF1DX4Q2SnB3glnP,2xrzeCo6r8L31gYS0GmmEK,spotify:track:2xrzeCo6r8L31gYS0GmmEK,https://p.scdn.co/mp3-preview/f47431be146960501b5b5be15b85fb917b4e9648?cid=63a77ff40e794a12ae216a18befde98c,First Flower,50,Vincente M,First Flower,0.991,0.202,212000,0.00402,0.901,8,0.275,-28.875,1,0.0445,74.234,0.0975
chill,SPA Treatment,37i9dQZF1DX4Q2SnB3glnP,20W2GxM3MViB7WvJVzPXIZ,spotify:track:20W2GxM3MViB7WvJVzPXIZ,https://p.scdn.co/mp3-preview/a7bfb785679b871757d407ca5fcf6ae434e82518?cid=63a77ff40e794a12ae216a18befde98c,Dreamer Lounge,52,Estelle Blanca,Dreamer Lounge,0.536,0.385,295680,0.117,0.882,4,0.121,-14.144,0,0.0344,77.007,0.038
chill,SPA Treatment,37i9dQZF1DX4Q2SnB3glnP,6y4nWfggb1zUigaIelmrhL,spotify:track:6y4nWfggb1zUigaIelmrhL,https://p.scdn.co/mp3-preview/34b64ac30770e9d47b246994fc01b206f7f70d11?cid=63a77ff40e794a12ae216a18befde98c,The Lighthouse,55,Musicboxes,Focus Your Brain - Deep Ambient Soundscapes Vol 1,0.506,0.201,221768,0.0597,0.863,0,0.112,-28.678,1,0.0358,74.997,0.0573
chill,SPA Treatment,37i9dQZF1DX4Q2SnB3glnP,3jg4Z0yPJsVx5M3BOYkBS0,spotify:track:3jg4Z0yPJsVx5M3BOYkBS0,https://p.scdn.co/mp3-preview/19a8889e215e461af840cc934f2cf4465e33bbb0?cid=63a77ff40e794a12ae216a18befde98c,Fragments Café,57,Paris Atmosphere,Paris Atmosphere,0.951,0.161,234667,0.122,0.978,10,0.0916,-22.329,1,0.0367,86.119,0.0351
chill,SPA Treatment,37i9dQZF1DX4Q2SnB3glnP,5P8ysr5kiAe0KFWoFDCdQH,spotify:track:5P8ysr5kiAe0KFWoFDCdQH,https://p.scdn.co/mp3-preview/53e85c2e48abd6b3d52dd8af92369efaeea04925?cid=63a77ff40e794a12ae216a18befde98c,Yearning,50,Enzo,My Promise,0.991,0.33,224000,0.00379,0.882,6,0.0987,-26.367,1,0.073,62.078,0.128
chill,SPA Treatment,37i9dQZF1DX4Q2SnB3glnP,0Off16Gb17BIk168jGtMgO,spotify:track:0Off16Gb17BIk168jGtMgO,https://p.scdn.co/mp3-preview/93531a8069cd9d662ba5eb8c65a189ff45c9b136?cid=63a77ff40e794a12ae216a18befde98c,Out Of Africa - Love Theme,49,Luc Serra,Midnight Express,0.778,0.388,212532,0.247,0.956,2,0.37,-17.124,0,0.033,153.99,0.0373
chill,SPA Treatment,37i9dQZF1DX4Q2SnB3glnP,6PnaH2MuhcqRxXQe7UNQRX,spotify:track:6PnaH2MuhcqRxXQe7UNQRX,https://p.scdn.co/mp3-preview/a263249d2995141a40b8c46f6b1f6b8037289490?cid=63a77ff40e794a12ae216a18befde98c,Ocean Park,48,Hong Kong Atmosphere,Hong Kong Atmosphere,0.875,0.258,282000,0.149,0.937,9,0.101,-21.233,1,0.0364,121.624,0.0384
chill,SPA Treatment,37i9dQZF1DX4Q2SnB3glnP,2XRfgfUBstUQGzh27fwTAw,spotify:track:2XRfgfUBstUQGzh27fwTAw,https://p.scdn.co/mp3-preview/cef9b4d6afba330649c7f1b2f2bc1548fc9a306e?cid=63a77ff40e794a12ae216a18befde98c,To India,45,Uprising Spirit,Iceskating / To India,0.61,0.335,220213,0.224,0.955,3,0.103,-15.825,1,0.035,94.017,0.0937
chill,SPA Treatment,37i9dQZF1DX4Q2SnB3glnP,2Z5MMBwzLsKQdiqkyv8ovK,spotify:track:2Z5MMBwzLsKQdiqkyv8ovK,https://p.scdn.co/mp3-preview/33d1d7fd74877354cd156c44504f09cc6cc528d0?cid=63a77ff40e794a12ae216a18befde98c,Balance,46,Tao Lounge,TAO Lounge,0.907,0.2,282727,0.106,0.933,4,0.1,-20.076,0,0.0345,66.751,0.0371
chill,SPA Treatment,37i9dQZF1DX4Q2SnB3glnP,6l8Xxuu9DMIEzZqfvedNZA,spotify:track:6l8Xxuu9DMIEzZqfvedNZA,https://p.scdn.co/mp3-preview/4ba086b5ef9298c0230d64680a48c6d57c9b0654?cid=63a77ff40e794a12ae216a18befde98c,Repetetive Chattering Mind,63,Eleanor Arroway,Findings Inside,0.459,0.154,193469,0.226,0.787,1,0.109,-19.43,1,0.036,70.723,0.0372
chill,SPA Treatment,37i9dQZF1DX4Q2SnB3glnP,0uQp5uVoeiERuDd9ld0eqw,spotify:track:0uQp5uVoeiERuDd9ld0eqw,https://p.scdn.co/mp3-preview/31c9a7061b0f20da40aca82cacd111b9f8d7203d?cid=63a77ff40e794a12ae216a18befde98c,Peaceful Steps,53,Enzo,My Promise,0.994,0.385,202250,0.00344,0.907,8,0.126,-30.529,1,0.0576,67.665,0.0466
chill,SPA Treatment,37i9dQZF1DX4Q2SnB3glnP,2RcOnnCmS9PEALbqPmP4EX,spotify:track:2RcOnnCmS9PEALbqPmP4EX,https://p.scdn.co/mp3-preview/322e76dfa6b59c6193ba769046871137da1ac0d2?cid=63a77ff40e794a12ae216a18befde98c,Temptation,47,High Blue Sky,Temptation,0.967,0.263,189212,0.0504,0.856,7,0.0767,-20.935,0,0.0521,75.56,0.0701
chill,SPA Treatment,37i9dQZF1DX4Q2SnB3glnP,4ea3AmukxE51LpUlmI1DcC,spotify:track:4ea3AmukxE51LpUlmI1DcC,https://p.scdn.co/mp3-preview/61b23f057096ccf06b61872842da35669cc28c8c?cid=63a77ff40e794a12ae216a18befde98c,A Drop In The Ocean,49,Landscapes Of Joy,Dreaming Of The Horizon,0.463,0.199,293648,0.119,0.894,0,0.237,-21.529,1,0.0388,110.848,0.063
chill,SPA Treatment,37i9dQZF1DX4Q2SnB3glnP,4MeiYAIDj7fWnHLigu0336,spotify:track:4MeiYAIDj7fWnHLigu0336,https://p.scdn.co/mp3-preview/3c4633f073a262ba2c95806c4f62a685d9da433e?cid=63a77ff40e794a12ae216a18befde98c,Sonhos,52,Tristão T,Relaxamento,0.982,0.144,189111,0.0119,0.979,0,0.131,-28.963,1,0.044,69.311,0.0319
chill,SPA Treatment,37i9dQZF1DX4Q2SnB3glnP,4dkhla3Cbd8ivdK4mvJTVp,spotify:track:4dkhla3Cbd8ivdK4mvJTVp,https://p.scdn.co/mp3-preview/7ce6c4cc68ec6922352a7ec9a9fa548030c0fcbd?cid=63a77ff40e794a12ae216a18befde98c,Pure Love,45,Pablo Monte,I Miss You,0.904,0.412,249451,0.0743,0.902,0,0.111,-23.065,1,0.0286,96.026,0.0614
chill,SPA Treatment,37i9dQZF1DX4Q2SnB3glnP,2jjFopjitTzhYrjMuIIQzW,spotify:track:2jjFopjitTzhYrjMuIIQzW,https://p.scdn.co/mp3-preview/0f83e5c74efea17c8749a7a5c571be3f7842776b?cid=63a77ff40e794a12ae216a18befde98c,Barefoot,46,Floating Lights,Pendulum,0.954,0.315,247022,0.0203,0.734,0,0.116,-27.24,1,0.0389,75.696,0.0448
chill,SPA Treatment,37i9dQZF1DX4Q2SnB3glnP,67HuZVUKkrklQTcJyUrNzq,spotify:track:67HuZVUKkrklQTcJyUrNzq,https://p.scdn.co/mp3-preview/06f2008507f40e5d5dbb99b2452f42d5bf5954b0?cid=63a77ff40e794a12ae216a18befde98c,The Nimrod - Ambient Version,44,Quay And Compass,Quay and Compass,0.946,0.243,182966,0.0786,0.867,2,0.0992,-28.385,0,0.0351,65.514,0.0627
chill,SPA Treatment,37i9dQZF1DX4Q2SnB3glnP,5N69GHuuvue74rYozPlBJ2,spotify:track:5N69GHuuvue74rYozPlBJ2,https://p.scdn.co/mp3-preview/f8c3fe3404d70060aa408f7a924c3c9452797305?cid=63a77ff40e794a12ae216a18befde98c,Villa Borghese,55,Roma Atmosphere,Roma Atmosphere,0.941,0.199,221538,0.124,0.97,7,0.0941,-22.35,1,0.0383,78.451,0.0364
chill,SPA Treatment,37i9dQZF1DX4Q2SnB3glnP,6FT5S0fVlzuOnJdnf0pNh6,spotify:track:6FT5S0fVlzuOnJdnf0pNh6,https://p.scdn.co/mp3-preview/c2a2a444726621bbaa5b004f5ba7199e003ae052?cid=63a77ff40e794a12ae216a18befde98c,Opened Eyes,50,Sublime Harmonics,Tip Toe,0.761,0.455,303500,0.0514,0.907,8,0.145,-25.816,1,0.0386,133.875,0.113
chill,SPA Treatment,37i9dQZF1DX4Q2SnB3glnP,4XFvP2yroM2R6sdeAFuw2r,spotify:track:4XFvP2yroM2R6sdeAFuw2r,https://p.scdn.co/mp3-preview/315f604a8bfd7aebba991e49f088881999b9d823?cid=63a77ff40e794a12ae216a18befde98c,Avenida Fransisco Sosa,54,Mexico City Atmospheres,Mexico City Atmospheres,0.848,0.0871,231935,0.0201,0.973,7,0.114,-28.356,1,0.0454,167.547,0.0352
chill,SPA Treatment,37i9dQZF1DX4Q2SnB3glnP,35gkGp1tL9UlCKQJABMj2o,spotify:track:35gkGp1tL9UlCKQJABMj2o,https://p.scdn.co/mp3-preview/502350399dfa62e6d26070a4201fcd6e19f3dca9?cid=63a77ff40e794a12ae216a18befde98c,More Hours,49,Silent Waves,Sky Full Of Stars,0.899,0.252,302400,0.11,0.92,7,0.112,-20.297,0,0.0337,103.977,0.0866
chill,SPA Treatment,37i9dQZF1DX4Q2SnB3glnP,1JT0EGMCr3SCUumDC4JIlx,spotify:track:1JT0EGMCr3SCUumDC4JIlx,https://p.scdn.co/mp3-preview/c9d031638133e2ba49e100a1dd6f1e3ae4c452e0?cid=63a77ff40e794a12ae216a18befde98c,The Tower of Embellion,45,Muni Yogi,Yoga Music,0.954,0.0767,176107,0.0116,0.915,3,0.117,-28.464,1,0.0359,73.749,0.035
chill,SPA Treatment,37i9dQZF1DX4Q2SnB3glnP,1uDuGxGnwMiFYiId1CdlYs,spotify:track:1uDuGxGnwMiFYiId1CdlYs,https://p.scdn.co/mp3-preview/3eb6847e415a690e2d7c8899b7b233caeb7c79c5?cid=63a77ff40e794a12ae216a18befde98c,Next To Me - And The Stars,51,Silent Waves,Sky Full Of Stars,0.581,0.3,268800,0.319,0.911,7,0.124,-17.626,1,0.0409,120.391,0.0391
chill,SPA Treatment,37i9dQZF1DX4Q2SnB3glnP,4piid7tPoN2WkIqAxathMC,spotify:track:4piid7tPoN2WkIqAxathMC,https://p.scdn.co/mp3-preview/07b2e719b8f8aa98b562c9aadb989ffd4b79237b?cid=63a77ff40e794a12ae216a18befde98c,Cosmic Awareness,53,Out Of Gravity,Cosmic Awareness,0.829,0.566,268926,0.139,0.937,0,0.112,-22.174,0,0.0371,141.963,0.295
