category_id,playlist_name,playlist_id,track_id,track_uri,track_preview_url,track_name,track_popularity,artist_name,album_name,acousticness,danceability,duration_ms,energy,instrumentalness,key,liveness,loudness,mode,speechiness,tempo,valence
chill,Peace,37i9dQZF1DXdCsscAsbRNz,5FJXVp6HswtpBcxdfh7wWJ,spotify:track:5FJXVp6HswtpBcxdfh7wWJ,https://p.scdn.co/mp3-preview/6d6edfe570959d8de773231ee9198b24a0d6f3f3?cid=63a77ff40e794a12ae216a18befde98c,Unity In Darkness,47,Wolfgang Snow,Unity in Darkness,0.748,0.594,235176,0.322,0.87,10,0.111,-16.459,1,0.0325,94.371,0.122
chill,Peace,37i9dQZF1DXdCsscAsbRNz,7LnU4vflcZ8fyuFaVxGtuN,spotify:track:7LnU4vflcZ8fyuFaVxGtuN,https://p.scdn.co/mp3-preview/d7864a411935004116573d99b08c69baccd2b747?cid=63a77ff40e794a12ae216a18befde98c,The Book of Jen,71,Tedosio,The Book of Jen,0.976,0.278,167883,0.017,0.935,0,0.15,-22.542,0,0.0344,72.951,0.0381
chill,Peace,37i9dQZF1DXdCsscAsbRNz,5z7sxlo3kf8eg8s3Zkb8dQ,spotify:track:5z7sxlo3kf8eg8s3Zkb8dQ,https://p.scdn.co/mp3-preview/01e608825215528d419d5ad8d624db459cdd0d8c?cid=63a77ff40e794a12ae216a18befde98c,어스름,56,Woong Sun Hee,어스름,0.987,0.157,98419,0.0437,0.881,2,0.11,-28.792,1,0.0404,166.783,0.603
chill,Peace,37i9dQZF1DXdCsscAsbRNz,2TcvA5WlWyZdLMdQrX05LG,spotify:track:2TcvA5WlWyZdLMdQrX05LG,https://p.scdn.co/mp3-preview/0819861a44d8a9936ffcc81289f5112f959790f7?cid=63a77ff40e794a12ae216a18befde98c,Breathing Star,66,Allana Johnson,Breathing Star,0.867,0.157,176092,0.163,0.888,2,0.0846,-23.56,0,0.0377,86.352,0.104
chill,Peace,37i9dQZF1DXdCsscAsbRNz,7drTYp9dKioyAQYDTLtzbR,spotify:track:7drTYp9dKioyAQYDTLtzbR,https://p.scdn.co/mp3-preview/56076fd1eb984430579be004145e0fb5704bbef5?cid=63a77ff40e794a12ae216a18befde98c,The Hermod,55,Levandau,The Hermod,0.992,0.395,164260,0.00577,0.819,10,0.103,-28.457,0,0.0392,71.423,0.0395
chill,Peace,37i9dQZF1DXdCsscAsbRNz,2XxHmtjVyUvq0YngQPrffh,spotify:track:2XxHmtjVyUvq0YngQPrffh,https://p.scdn.co/mp3-preview/4bff6f4341605cc827c2c82cb6ffe12806430538?cid=63a77ff40e794a12ae216a18befde98c,You Have Done Well,54,They Dream By Day,Fields Of Moab,0.977,0.208,252380,0.132,0.919,0,0.365,-16.223,1,0.038,125.245,0.0822
chill,Peace,37i9dQZF1DXdCsscAsbRNz,40f4bFrEnG7TBLD7FFRqQj,spotify:track:40f4bFrEnG7TBLD7FFRqQj,https://p.scdn.co/mp3-preview/28d691ceb455cccf96e72992def3e19eec3b2959?cid=63a77ff40e794a12ae216a18befde98c,Farewell,63,Echo River,Farewell,0.994,0.308,197500,0.0264,0.813,5,0.0838,-29.093,1,0.0422,73.06,0.101
chill,Peace,37i9dQZF1DXdCsscAsbRNz,1onEytWdEeDCZoyF8VOOA9,spotify:track:1onEytWdEeDCZoyF8VOOA9,https://p.scdn.co/mp3-preview/325d1fc3caeef2fa796774c4c0bfe56c778d5034?cid=63a77ff40e794a12ae216a18befde98c,Eudoxie,66,Irizarry Barraza,Eudoxie,0.973,0.176,213500,0.0226,0.85,0,0.109,-24.974,1,0.0379,68.663,0.0373
chill,Peace,37i9dQZF1DXdCsscAsbRNz,6610gii04R3zRuWpa38XzY,spotify:track:6610gii04R3zRuWpa38XzY,https://p.scdn.co/mp3-preview/16179e31d16b9f7426311265518252666b6c8738?cid=63a77ff40e794a12ae216a18befde98c,Reality,40,Jedisol,Last Night,0.994,0.147,126547,0.0475,0.874,9,0.107,-24.799,1,0.0454,207.516,0.0547
chill,Peace,37i9dQZF1DXdCsscAsbRNz,40ZGccjoBDUGXl4SgpOg26,spotify:track:40ZGccjoBDUGXl4SgpOg26,,Silent Letters,7,Hushed,A Faint Glow,0.766,0.141,293500,0.267,0.92,0,0.0686,-16.672,1,0.0375,71.461,0.0383
chill,Peace,37i9dQZF1DXdCsscAsbRNz,49WYvbLAlLn9e663fBmCUl,spotify:track:49WYvbLAlLn9e663fBmCUl,https://p.scdn.co/mp3-preview/53e07ee5acb20a0481ce5602348300f538f251df?cid=63a77ff40e794a12ae216a18befde98c,Divine,64,Tejal Yann,Divine,0.959,0.176,289804,0.134,0.977,10,0.0995,-23.973,1,0.0405,86.705,0.0546
chill,Peace,37i9dQZF1DXdCsscAsbRNz,3WEdWvAScE1EcBfErseQnC,spotify:track:3WEdWvAScE1EcBfErseQnC,https://p.scdn.co/mp3-preview/120f2bf7f53e3538fbca48ca622d1832205f088d?cid=63a77ff40e794a12ae216a18befde98c,Curiosity,49,Beau Projet,Curiosity,0.985,0.43,155821,0.256,0.867,2,0.106,-22.088,1,0.0641,133.955,0.173
chill,Peace,37i9dQZF1DXdCsscAsbRNz,5pDZOftc3EvBBkJWfNXcNn,spotify:track:5pDZOftc3EvBBkJWfNXcNn,https://p.scdn.co/mp3-preview/bc5d31d30ec5819f099320a7a4f41f8b616d0cb7?cid=63a77ff40e794a12ae216a18befde98c,Lonely Molecule,58,MVS,Lonely Molecule,0.815,0.444,207000,0.145,0.896,8,0.0724,-18.403,1,0.0304,100.119,0.0552
chill,Peace,37i9dQZF1DXdCsscAsbRNz,1M9b6vGSZUoRr8AKkRBs3b,spotify:track:1M9b6vGSZUoRr8AKkRBs3b,https://p.scdn.co/mp3-preview/50de192fc0caff7da9b3564c000f652d978285c2?cid=63a77ff40e794a12ae216a18befde98c,Go Peaceful,51,Wynton Davidson,Omnipresence,0.994,0.461,171750,0.0171,0.971,11,0.103,-24.448,1,0.0767,128.953,0.181
chill,Peace,37i9dQZF1DXdCsscAsbRNz,6RtXHq34IEPCivS3BQU8Ij,spotify:track:6RtXHq34IEPCivS3BQU8Ij,https://p.scdn.co/mp3-preview/ae2ff342c5dcc9e65362254ffc114b5bc9d20fe4?cid=63a77ff40e794a12ae216a18befde98c,The Diary,55,Johannes Bornlöf,Echoes,0.976,0.303,146894,0.0171,0.966,8,0.0878,-25.857,0,0.0396,81.978,0.27
chill,Peace,37i9dQZF1DXdCsscAsbRNz,5Msu8YDbMCzgcubZ70SmAQ,spotify:track:5Msu8YDbMCzgcubZ70SmAQ,,Enlightenment,5,Yonder Dale,After The Rain Has Fallen,0.943,0.379,171270,0.12,0.88,3,0.112,-20.958,1,0.0429,67.963,0.108
chill,Peace,37i9dQZF1DXdCsscAsbRNz,2IbOMyObpd2vXMQSNrV3kP,spotify:track:2IbOMyObpd2vXMQSNrV3kP,https://p.scdn.co/mp3-preview/f94cfe1b41951aae50989a726ad7149690189ace?cid=63a77ff40e794a12ae216a18befde98c,Land Of Eternal Spring,52,Cora Zea,Cimarron Plains,0.977,0.351,218334,0.129,0.882,6,0.108,-19.656,1,0.0337,186.125,0.244
chill,Peace,37i9dQZF1DXdCsscAsbRNz,4b7J4LKzkONt18o9Gng2TN,spotify:track:4b7J4LKzkONt18o9Gng2TN,https://p.scdn.co/mp3-preview/99d772f490c393128e6450efc54a74ff0d6a0eed?cid=63a77ff40e794a12ae216a18befde98c,Forgotten By Time,59,Vincent Pino,Forgotten By Time,0.989,0.347,137729,0.0233,0.897,7,0.106,-28.13,0,0.0419,115.39,0.095
chill,Peace,37i9dQZF1DXdCsscAsbRNz,04joznr5hR5oMYSmou54lX,spotify:track:04joznr5hR5oMYSmou54lX,https://p.scdn.co/mp3-preview/460e75be69de4c5bcb2074adca293043fcd6d934?cid=63a77ff40e794a12ae216a18befde98c,Gentle Mindset,59,Cedar Woods,Prayers & Observations,0.989,0.378,153488,0.0071,0.884,10,0.398,-31.988,1,0.0362,172.287,0.197
chill,Peace,37i9dQZF1DXdCsscAsbRNz,5oXlgW24ELS0P5YkAQcrko,spotify:track:5oXlgW24ELS0P5YkAQcrko,,Small Memory,9,Jon Hopkins,Insides,0.993,0.0,100947,0.00834,0.936,1,0.195,-23.201,1,0.0,0.0,0.0
chill,Peace,37i9dQZF1DXdCsscAsbRNz,0CYn7dOi4SC9Eyd7CUpAd2,spotify:track:0CYn7dOi4SC9Eyd7CUpAd2,https://p.scdn.co/mp3-preview/19e900c9350b75d2de61de70edd1df00e9b04274?cid=63a77ff40e794a12ae216a18befde98c,Holding on to Forever,65,Goratie,Holding on to Forever,0.993,0.404,125983,0.0661,0.965,10,0.113,-22.196,1,0.0502,120.707,0.248
chill,Peace,37i9dQZF1DXdCsscAsbRNz,53P3pDWN0hGSLypCMWCech,spotify:track:53P3pDWN0hGSLypCMWCech,https://p.scdn.co/mp3-preview/2b0ce38805b999f9e84f9bbc10c7ca97fe608d71?cid=63a77ff40e794a12ae216a18befde98c,A Way to Heaven,63,Maurice Windham,A Way to Heaven,0.994,0.511,62414,0.0322,0.936,8,0.094,-24.03,1,0.0446,78.431,0.213
chill,Peace,37i9dQZF1DXdCsscAsbRNz,2ZOcIBtmGkwQeL1ZQxhCEy,spotify:track:2ZOcIBtmGkwQeL1ZQxhCEy,,Ava,26,Kasper Schill,Ava,0.995,0.417,168183,0.0352,0.936,5,0.155,-27.79,1,0.0608,77.747,0.443
chill,Peace,37i9dQZF1DXdCsscAsbRNz,0Km4RigFVzZCLcqMXOH5jp,spotify:track:0Km4RigFVzZCLcqMXOH5jp,,Big Sky,5,Gavin Luke,Incomplete,0.991,0.258,155000,0.0324,0.875,3,0.102,-27.151,1,0.0463,88.289,0.0617
chill,Peace,37i9dQZF1DXdCsscAsbRNz,2zJmgxEcBUKtrfjfCn1UMM,spotify:track:2zJmgxEcBUKtrfjfCn1UMM,https://p.scdn.co/mp3-preview/c9eb988f208639f4a94b74fbfb4820dbec35fc85?cid=63a77ff40e794a12ae216a18befde98c,Revealing The Unreal,65,Ave Air,Suburban Call For Concrete Dreams,0.982,0.18,212895,0.0311,0.875,2,0.0987,-24.427,0,0.0402,119.501,0.0353
chill,Peace,37i9dQZF1DXdCsscAsbRNz,770urYRt3t7vImMY8106hB,spotify:track:770urYRt3t7vImMY8106hB,,I,4,Aphex Twin,Selected Ambient Works 85-92,0.989,0.183,77347,0.0896,0.899,2,0.107,-27.54,1,0.0486,76.923,0.0326
chill,Peace,37i9dQZF1DXdCsscAsbRNz,3mZprzE78ZgB9fPSNNb6GI,spotify:track:3mZprzE78ZgB9fPSNNb6GI,https://p.scdn.co/mp3-preview/387f2a53ee2d636a368927b0b6c265280dd1ac43?cid=63a77ff40e794a12ae216a18befde98c,Bouncing Clouds,64,Sava Sol,Bouncing Clouds,0.956,0.165,290286,0.0519,0.859,11,0.0971,-30.887,0,0.0376,129.742,0.0393
chill,Peace,37i9dQZF1DXdCsscAsbRNz,7pR7yPgbYcipmTUHT5g68p,spotify:track:7pR7yPgbYcipmTUHT5g68p,https://p.scdn.co/mp3-preview/19682dc96306303a60586f30aa84bbf6e788e0c1?cid=63a77ff40e794a12ae216a18befde98c,Dakota,57,Sheltered Solitude,Dakota,0.838,0.236,130025,0.257,0.83,9,0.112,-16.112,1,0.0339,137.626,0.153
chill,Peace,37i9dQZF1DXdCsscAsbRNz,0Sn8lWeOkc5crNhOus3hw9,spotify:track:0Sn8lWeOkc5crNhOus3hw9,https://p.scdn.co/mp3-preview/7f10d5412f1a3cb359df2ec71c90447ef9b477a4?cid=63a77ff40e794a12ae216a18befde98c,Warmest Embrace,62,Dean Valio,Warmest Embrace,0.988,0.171,294545,0.0323,0.906,0,0.111,-23.442,1,0.0375,72.005,0.0351
chill,Peace,37i9dQZF1DXdCsscAsbRNz,1npBONsS8I6x9PUwBVvGKl,spotify:track:1npBONsS8I6x9PUwBVvGKl,https://p.scdn.co/mp3-preview/e5919dafc615108f0b1cfb2fb75ebc0d0b76ebd7?cid=63a77ff40e794a12ae216a18befde98c,The Flow - Ambient Version,62,Toledo Rains,The Flow,0.847,0.44,165127,0.0855,0.848,0,0.0729,-25.327,1,0.0407,139.944,0.0395
chill,Peace,37i9dQZF1DXdCsscAsbRNz,14MR12RkIvXHeqgaJI0ngI,spotify:track:14MR12RkIvXHeqgaJI0ngI,https://p.scdn.co/mp3-preview/38d38b30efa9cbf1300f96e6cc77677023d39058?cid=63a77ff40e794a12ae216a18befde98c,Two,64,Binary One,Minimalia,0.933,0.166,188732,0.0826,0.882,0,0.119,-25.741,1,0.0359,110.304,0.036
chill,Peace,37i9dQZF1DXdCsscAsbRNz,5jFQb4HLIsyOpClpUNDKqy,spotify:track:5jFQb4HLIsyOpClpUNDKqy,https://p.scdn.co/mp3-preview/036cc9240b411deebec52a06172871e88fb60107?cid=63a77ff40e794a12ae216a18befde98c,All Around Us,57,Amaranth Cove,All Around Us,0.94,0.14,170421,0.158,0.965,1,0.0817,-21.027,1,0.04,70.522,0.0364
chill,Peace,37i9dQZF1DXdCsscAsbRNz,3nINt8VGibM3vHcR7pNhTa,spotify:track:3nINt8VGibM3vHcR7pNhTa,https://p.scdn.co/mp3-preview/0951725b5f09a6cb18cfef471039526a95b7d8a2?cid=63a77ff40e794a12ae216a18befde98c,Eagle,56,Elementaries,Eagle,0.99,0.593,202276,0.06,0.889,7,0.109,-14.045,1,0.0495,114.982,0.0659
chill,Peace,37i9dQZF1DXdCsscAsbRNz,7yMHwH6DywcjlVhTWtjlvs,spotify:track:7yMHwH6DywcjlVhTWtjlvs,https://p.scdn.co/mp3-preview/7671b557ea2dc61e057872ccae58c9fa13313275?cid=63a77ff40e794a12ae216a18befde98c,Escaping Reality,53,Jakob Ahlbom,Escaping Reality,0.993,0.46,182500,0.00233,0.906,1,0.191,-25.089,0,0.047,68.04,0.155
chill,Peace,37i9dQZF1DXdCsscAsbRNz,4UTzl5xz40YYzut1y3EBYi,spotify:track:4UTzl5xz40YYzut1y3EBYi,https://p.scdn.co/mp3-preview/a9452f71b57c325a842c21d21d71615adf9292f6?cid=63a77ff40e794a12ae216a18befde98c,North Haven,51,Lundegard,North Haven,0.952,0.413,224544,0.0404,0.969,3,0.128,-21.861,0,0.0359,121.966,0.038
chill,Peace,37i9dQZF1DXdCsscAsbRNz,3MUvt8kUIA6QPSBTEnjgMr,spotify:track:3MUvt8kUIA6QPSBTEnjgMr,https://p.scdn.co/mp3-preview/16045fa351f0c28bcdf930a6fea4bb70b5c2165e?cid=63a77ff40e794a12ae216a18befde98c,Thoughts,46,Dilaz,Empty Canvas,0.984,0.347,201000,0.00683,0.898,9,0.114,-30.094,0,0.0442,133.863,0.114
chill,Peace,37i9dQZF1DXdCsscAsbRNz,5Wem8XEBdqjKz7AwhDstTu,spotify:track:5Wem8XEBdqjKz7AwhDstTu,https://p.scdn.co/mp3-preview/781002e0457c78b0414e3489a553e757ffb877f6?cid=63a77ff40e794a12ae216a18befde98c,True North,45,Trevor Kowalski,Remnants Of A Setting Sun,0.967,0.213,172845,0.108,0.958,1,0.104,-18.49,1,0.0433,128.732,0.0504
chill,Peace,37i9dQZF1DXdCsscAsbRNz,1SPPEq7HfS9W1wwGOptNdD,spotify:track:1SPPEq7HfS9W1wwGOptNdD,https://p.scdn.co/mp3-preview/272d853b55fe0a4d45da19ab1eb98039e0a822ec?cid=63a77ff40e794a12ae216a18befde98c,Silk And Honey,57,Wolfgang Snow,Silk And Honey,0.889,0.516,200493,0.137,0.885,0,0.14,-23.667,1,0.0375,128.875,0.213
chill,Peace,37i9dQZF1DXdCsscAsbRNz,6IcJ3IyAH3Q4In8bjGVP0W,spotify:track:6IcJ3IyAH3Q4In8bjGVP0W,https://p.scdn.co/mp3-preview/3c86feb668b6878e03c6df07d41a496078c2cad4?cid=63a77ff40e794a12ae216a18befde98c,Ashes,55,Orchestrate the Universe,New Life,0.925,0.262,131000,0.0513,0.872,3,0.104,-20.587,0,0.0431,77.242,0.15
chill,Peace,37i9dQZF1DXdCsscAsbRNz,4FoGnUdmnEsTxrsvRofMZr,spotify:track:4FoGnUdmnEsTxrsvRofMZr,https://p.scdn.co/mp3-preview/13f7e0eb1a00cf01dea29dab9f77cf946f7b5faa?cid=63a77ff40e794a12ae216a18befde98c,Old Habit,60,Jutila,Old Habit,0.993,0.326,123750,0.0561,0.857,6,0.0866,-27.59,1,0.0425,86.913,0.454
chill,Peace,37i9dQZF1DXdCsscAsbRNz,5p3moUVU9JBeuj67GmZjSZ,spotify:track:5p3moUVU9JBeuj67GmZjSZ,https://p.scdn.co/mp3-preview/0672aa8fef8bb19b6f3f196fb4cdbb17d26eb1ba?cid=63a77ff40e794a12ae216a18befde98c,Hushed Premonition,52,amabilla stills,Hushed Premonition,0.824,0.389,214846,0.263,0.879,4,0.0908,-15.645,1,0.029,95.023,0.0354
chill,Peace,37i9dQZF1DXdCsscAsbRNz,2l6cdCbfZ4l9LZMKjepbS2,spotify:track:2l6cdCbfZ4l9LZMKjepbS2,https://p.scdn.co/mp3-preview/8a5f3cde1850e76596b56fb4844b9b09e4f2ee73?cid=63a77ff40e794a12ae216a18befde98c,Waiting,56,Catherine Holm,Waiting,0.993,0.141,109236,0.166,0.792,4,0.117,-19.151,1,0.0379,181.708,0.371
chill,Peace,37i9dQZF1DXdCsscAsbRNz,2pHovdG0IVFBxvThNdGHRl,spotify:track:2pHovdG0IVFBxvThNdGHRl,https://p.scdn.co/mp3-preview/cb1c2a6b1dbd97863f0f326a4e26139e17ba57f5?cid=63a77ff40e794a12ae216a18befde98c,A Kiss and a Hug,41,Mac Quayle,Autism in Love (Original Motion Picture Soundtrack),0.97,0.205,130200,0.0702,0.917,0,0.103,-25.266,0,0.045,72.554,0.0721
chill,Peace,37i9dQZF1DXdCsscAsbRNz,0lFk8GCAu5gbxNCxPGuoOU,spotify:track:0lFk8GCAu5gbxNCxPGuoOU,https://p.scdn.co/mp3-preview/703bd1c5a8bd72638d44daabcc6fbad27c3016e3?cid=63a77ff40e794a12ae216a18befde98c,feather,60,Matti Aalto,at piece,0.993,0.326,170500,0.00947,0.891,5,0.11,-27.684,1,0.0404,116.655,0.236
chill,Peace,37i9dQZF1DXdCsscAsbRNz,5OpOdnNT8P4aMvYFsmidPN,spotify:track:5OpOdnNT8P4aMvYFsmidPN,https://p.scdn.co/mp3-preview/e8e391ec6c54a85f049783d553525141d8614ebe?cid=63a77ff40e794a12ae216a18befde98c,Dharana Focus,62,Yolta,Dharana Focus,0.928,0.259,171876,0.165,0.837,6,0.144,-22.495,1,0.0478,73.49,0.0381
chill,Peace,37i9dQZF1DXdCsscAsbRNz,61I4iLWIWmmx7knqM6f5HL,spotify:track:61I4iLWIWmmx7knqM6f5HL,https://p.scdn.co/mp3-preview/76576f33e6f2664a0a95b5e8deed2fb6a4270d91?cid=63a77ff40e794a12ae216a18befde98c,Newborn Soul,66,Tejal Yann,Newborn Soul,0.913,0.108,276795,0.0718,0.869,0,0.0949,-30.997,1,0.0386,70.314,0.173
chill,Peace,37i9dQZF1DXdCsscAsbRNz,199TOFLcLwoW2knx6OTC0l,spotify:track:199TOFLcLwoW2knx6OTC0l,https://p.scdn.co/mp3-preview/4267c575daa451c7c7b2614b51043956397c041a?cid=63a77ff40e794a12ae216a18befde98c,Lost in the Clouds,65,Zen Gaya,Lost in the Clouds,0.982,0.155,204448,0.0276,0.911,11,0.0973,-24.866,1,0.0424,69.694,0.122
chill,Peace,37i9dQZF1DXdCsscAsbRNz,3KX5zmTOX6JmHFVqG5ID12,spotify:track:3KX5zmTOX6JmHFVqG5ID12,https://p.scdn.co/mp3-preview/39fde39c55a2443f13a33280ed2f50a1421a5c24?cid=63a77ff40e794a12ae216a18befde98c,Frozen Tundra,45,amabilla stills,Frozen Tundra,0.789,0.0705,212101,0.0782,0.763,4,0.0893,-24.392,0,0.0476,78.995,0.0295
chill,Peace,37i9dQZF1DXdCsscAsbRNz,6JVIfxPhQXAyPcA2Ro94HX,spotify:track:6JVIfxPhQXAyPcA2Ro94HX,https://p.scdn.co/mp3-preview/742ed2194be12b3c146a791485bbc65dd8bbd4b6?cid=63a77ff40e794a12ae216a18befde98c,Sunbleached Memory,58,Toledo Rains,Sunbleached Memory,0.645,0.354,155353,0.104,0.781,0,0.111,-25.589,1,0.0353,138.066,0.0655
chill,Peace,37i9dQZF1DXdCsscAsbRNz,6scYL80ldtoY5U8Iv2vtsq,spotify:track:6scYL80ldtoY5U8Iv2vtsq,https://p.scdn.co/mp3-preview/63fba8a4c8fdc2b7406623545f7bcdd29d585da7?cid=63a77ff40e794a12ae216a18befde98c,Omnipresence,44,Wynton Davidson,Omnipresence,0.991,0.488,165000,0.0267,0.966,0,0.105,-24.199,0,0.0677,173.201,0.257
chill,Peace,37i9dQZF1DXdCsscAsbRNz,2kYi4RwuTernByCJR6D4e1,spotify:track:2kYi4RwuTernByCJR6D4e1,https://p.scdn.co/mp3-preview/ca9600e344cd4d045046232f124db06f133c8215?cid=63a77ff40e794a12ae216a18befde98c,Monita,62,Vincent Brahn,Lake Navis,0.994,0.203,196000,0.0664,0.868,5,0.132,-24.621,1,0.0452,65.108,0.0433
chill,Peace,37i9dQZF1DXdCsscAsbRNz,5I3JZ3zvxKQMdp9rEcGkiR,spotify:track:5I3JZ3zvxKQMdp9rEcGkiR,https://p.scdn.co/mp3-preview/f8281074bac19729d65ac02df0c813b7cc392359?cid=63a77ff40e794a12ae216a18befde98c,Pads of Redemption,68,Masala Roo,Pads of Redemption,0.902,0.274,168537,0.0417,0.903,0,0.112,-23.499,0,0.034,43.513,0.0613
chill,Peace,37i9dQZF1DXdCsscAsbRNz,214O1Gcgv9lCWJoley3Ttg,spotify:track:214O1Gcgv9lCWJoley3Ttg,https://p.scdn.co/mp3-preview/4ed1521bc6b6094ece5991bf91ed7ba75dcd8abf?cid=63a77ff40e794a12ae216a18befde98c,The Light of Day,63,Chymeris,The Light of Day,0.96,0.197,167387,0.106,0.921,4,0.102,-19.51,1,0.045,83.262,0.0623
chill,Peace,37i9dQZF1DXdCsscAsbRNz,7G93PdOrq65MM44MULk4LF,spotify:track:7G93PdOrq65MM44MULk4LF,https://p.scdn.co/mp3-preview/c5348e9fb0192b2fb407659f10e2b898b908e173?cid=63a77ff40e794a12ae216a18befde98c,Slumbering,55,Mindful Eclipse,Slumbering,0.923,0.213,182173,0.0153,0.922,8,0.111,-26.337,1,0.0386,71.978,0.0823
chill,Peace,37i9dQZF1DXdCsscAsbRNz,3VtwqVa4zccZMKIiFsMEtk,spotify:track:3VtwqVa4zccZMKIiFsMEtk,https://p.scdn.co/mp3-preview/68fc1033a686e3cc4c8ae5dfdb7542b0b97b6f9f?cid=63a77ff40e794a12ae216a18befde98c,In Context,54,Primer Dia,Foreigner,0.948,0.156,154286,0.0128,0.946,0,0.111,-27.881,1,0.0376,139.262,0.0777
chill,Peace,37i9dQZF1DXdCsscAsbRNz,15aAIdzt0xxazdV6abyGBC,spotify:track:15aAIdzt0xxazdV6abyGBC,https://p.scdn.co/mp3-preview/6e3a758847e70b4386fbd018c6d897133e6e353b?cid=63a77ff40e794a12ae216a18befde98c,Water,57,Roger Reuse,Water,0.982,0.518,134111,0.139,0.939,1,0.104,-25.279,0,0.0373,96.235,0.176
chill,Peace,37i9dQZF1DXdCsscAsbRNz,3SsXxuvEu20CnDg7LUNFDY,spotify:track:3SsXxuvEu20CnDg7LUNFDY,https://p.scdn.co/mp3-preview/05de43130c6b745f6374ec3f5edcd3c2ee787998?cid=63a77ff40e794a12ae216a18befde98c,Solêr,62,Otto Totland,Pinô,0.994,0.333,155880,0.0634,0.927,3,0.136,-26.645,0,0.0516,168.232,0.45
chill,Peace,37i9dQZF1DXdCsscAsbRNz,6oLVqINTKcAPhuQU09qlE9,spotify:track:6oLVqINTKcAPhuQU09qlE9,,VIII. Juliet,17,Matthew Bourne,Montauk Variations,0.992,0.172,200733,0.0773,0.823,0,0.167,-21.966,0,0.0421,134.65,0.0665
chill,Peace,37i9dQZF1DXdCsscAsbRNz,7xD5j8ZCGDAPTTH5EfAVRf,spotify:track:7xD5j8ZCGDAPTTH5EfAVRf,https://p.scdn.co/mp3-preview/f84b6558e4ffce6a66fb5dc64373c03c87cb4f6c?cid=63a77ff40e794a12ae216a18befde98c,Relaxation,67,Yolta,Relaxation,0.951,0.281,216609,0.0197,0.889,1,0.108,-21.443,1,0.0353,135.488,0.039
chill,Peace,37i9dQZF1DXdCsscAsbRNz,30VnmNoXmeNMlDR6MxLP5U,spotify:track:30VnmNoXmeNMlDR6MxLP5U,,Threads,26,Ebb & Flod,Moonrise,0.79,0.12,192793,0.0436,0.889,4,0.112,-22.044,1,0.0383,72.339,0.0361
chill,Peace,37i9dQZF1DXdCsscAsbRNz,0oBzrOKo198tSdaK908zRn,spotify:track:0oBzrOKo198tSdaK908zRn,,Stratos,11,Dew Of Light,Stratos,0.957,0.326,146125,0.364,0.959,8,0.159,-12.541,1,0.0421,67.29,0.113
chill,Peace,37i9dQZF1DXdCsscAsbRNz,0pYcmN2XmJSWNEvjgGFodh,spotify:track:0pYcmN2XmJSWNEvjgGFodh,,Frontiers Are Where You Find Them,15,Trevor Kowalski,Luminescence,0.938,0.174,193727,0.0368,0.852,0,0.111,-24.72,1,0.0341,132.606,0.0661
chill,Peace,37i9dQZF1DXdCsscAsbRNz,5OxLsoveEfCtK2M3CuqCd7,spotify:track:5OxLsoveEfCtK2M3CuqCd7,https://p.scdn.co/mp3-preview/ec4b5c8a4d35474aab3d782d1634cb6e11986797?cid=63a77ff40e794a12ae216a18befde98c,Minds Traversed,62,Spirits Of Our Dreams,Minds Traversed,0.916,0.249,250934,0.408,0.838,0,0.226,-11.078,1,0.0322,77.922,0.052
chill,Peace,37i9dQZF1DXdCsscAsbRNz,0VSWbjMETqEPoNO7puVoLm,spotify:track:0VSWbjMETqEPoNO7puVoLm,https://p.scdn.co/mp3-preview/b4608c2f1496e03e6e659da201735775b5bb28f9?cid=63a77ff40e794a12ae216a18befde98c,Forest Findings,40,Ookean,Forest Findings,0.803,0.0663,211273,0.259,0.948,2,0.0956,-17.916,1,0.0368,72.456,0.0383
chill,Peace,37i9dQZF1DXdCsscAsbRNz,6NBnH96ucOCMKQ4vpsus15,spotify:track:6NBnH96ucOCMKQ4vpsus15,https://p.scdn.co/mp3-preview/6d8968e41c09164f119cb8bbce7a4f655f9394e3?cid=63a77ff40e794a12ae216a18befde98c,Daughters,41,Adelisé,Sacre Coeur,0.953,0.172,89047,0.0202,0.797,5,0.111,-28.445,1,0.0414,172.992,0.354
chill,Peace,37i9dQZF1DXdCsscAsbRNz,5399qRI8W27gFhEdl0WYST,spotify:track:5399qRI8W27gFhEdl0WYST,https://p.scdn.co/mp3-preview/3d2f699f3c50229af0d78e25ea3010c9a6af52b6?cid=63a77ff40e794a12ae216a18befde98c,Pachm,59,Aenor,Pachm,0.993,0.393,112440,0.0563,0.923,8,0.104,-23.868,0,0.0435,70.185,0.345
chill,Peace,37i9dQZF1DXdCsscAsbRNz,50F8hTHpGzxthbPiEEvDfE,spotify:track:50F8hTHpGzxthbPiEEvDfE,https://p.scdn.co/mp3-preview/c54291e52073df3d1b7991553207de9dbd5c2507?cid=63a77ff40e794a12ae216a18befde98c,Lost But Not Forgotten,58,Pacific Humble,Lost But Not Forgotten,0.993,0.496,123000,0.108,0.923,5,0.102,-20.323,1,0.041,78.076,0.367
chill,Peace,37i9dQZF1DXdCsscAsbRNz,2P0xfFLKKis0QdJV6CUoRN,spotify:track:2P0xfFLKKis0QdJV6CUoRN,https://p.scdn.co/mp3-preview/65ef847a223df4cfaf964d6f5daa31cbe0ced60d?cid=63a77ff40e794a12ae216a18befde98c,Rigel,59,S.A. Karl,Cassiopeia,0.996,0.307,163777,0.0146,0.915,11,0.101,-31.32,1,0.0621,175.936,0.286
chill,Peace,37i9dQZF1DXdCsscAsbRNz,5Ssia1opQ1cpUBiY0hLSUy,spotify:track:5Ssia1opQ1cpUBiY0hLSUy,https://p.scdn.co/mp3-preview/3ac1fa0cc6724d2840516c4fa7ad848514a1e6be?cid=63a77ff40e794a12ae216a18befde98c,How did it Happen,56,Tom Holding,How did it Happen,0.981,0.347,113385,0.0362,0.925,9,0.104,-25.999,0,0.0401,69.412,0.121
chill,Peace,37i9dQZF1DXdCsscAsbRNz,07aNE412CtsxB66SOk0Nu3,spotify:track:07aNE412CtsxB66SOk0Nu3,https://p.scdn.co/mp3-preview/f133922a2ab66f553b5963e1faae05e02000ab32?cid=63a77ff40e794a12ae216a18befde98c,Pavane,44,Nikolaj Gaideur,Pavane,0.993,0.46,131837,0.0607,0.957,1,0.107,-23.886,1,0.0646,66.502,0.154
chill,Peace,37i9dQZF1DXdCsscAsbRNz,4YMvriirsclBSASn6serSA,spotify:track:4YMvriirsclBSASn6serSA,https://p.scdn.co/mp3-preview/1ffcf75abce4b417ac70c7d7d77a5260734fc9cd?cid=63a77ff40e794a12ae216a18befde98c,Solitaire,54,Auguste Lèon,Solitaire,0.995,0.324,184809,0.00727,0.947,2,0.093,-28.347,1,0.0425,73.452,0.195
chill,Peace,37i9dQZF1DXdCsscAsbRNz,1UfLZIqSN1TGpe8UdPZ6Cg,spotify:track:1UfLZIqSN1TGpe8UdPZ6Cg,https://p.scdn.co/mp3-preview/2f694e9472f1f3ff5fa87ec36c557b71e4c27f05?cid=63a77ff40e794a12ae216a18befde98c,Lullaby,55,Irma Kantola,Lullaby,0.993,0.381,101000,0.0543,0.945,2,0.0825,-24.1,1,0.0382,136.295,0.474
chill,Peace,37i9dQZF1DXdCsscAsbRNz,1cwF3476JAc3oDy1e3hkz1,spotify:track:1cwF3476JAc3oDy1e3hkz1,https://p.scdn.co/mp3-preview/b7bd2f4a4ad3cc3f1f539e101fa2c721101b0059?cid=63a77ff40e794a12ae216a18befde98c,Touched,57,Stephanie Ferrer,Touched,0.988,0.242,134168,0.111,0.941,5,0.109,-24.035,1,0.0506,170.139,0.319
chill,Peace,37i9dQZF1DXdCsscAsbRNz,2X8hpFc05bqx2vkvUw3GhP,spotify:track:2X8hpFc05bqx2vkvUw3GhP,https://p.scdn.co/mp3-preview/6ca891cbe1c6dd56c67e3eeb8461d0adfc1b5b0e?cid=63a77ff40e794a12ae216a18befde98c,The Endless Winter,54,Sub-City Keys,The Endless Winter,0.995,0.499,178277,0.01,0.956,5,0.113,-29.61,0,0.0499,65.686,0.226
chill,Peace,37i9dQZF1DXdCsscAsbRNz,3L8jkD92gVvzpKszeOxeDU,spotify:track:3L8jkD92gVvzpKszeOxeDU,,All A Beautiful Blur,7,Trevor Kowalski,Degrees Of Separation,0.966,0.0922,208387,0.248,0.917,3,0.0823,-18.7,1,0.0363,87.703,0.0326
chill,Peace,37i9dQZF1DXdCsscAsbRNz,5f1RCJIecw4J6xc442kPpn,spotify:track:5f1RCJIecw4J6xc442kPpn,,Written On The Sky,10,Max Richter,The Blue Notebooks,0.993,0.37,100000,0.12,0.906,10,0.104,-25.251,0,0.0502,127.129,0.187
chill,Peace,37i9dQZF1DXdCsscAsbRNz,4SHDRSDsjbftsEuzxcPbny,spotify:track:4SHDRSDsjbftsEuzxcPbny,https://p.scdn.co/mp3-preview/80730878476ea4faed0ec16c45ee486d732886c4?cid=63a77ff40e794a12ae216a18befde98c,Amanda,44,Léonie Deval,Amanda,0.995,0.52,77000,0.123,0.947,11,0.103,-22.113,0,0.0526,83.244,0.636
chill,Peace,37i9dQZF1DXdCsscAsbRNz,6wlVBEGKPvOoXfGwOJh0H8,spotify:track:6wlVBEGKPvOoXfGwOJh0H8,https://p.scdn.co/mp3-preview/37c42039bc9edf62b444700a39d87d921e6fe376?cid=63a77ff40e794a12ae216a18befde98c,Rivière De Larmes,57,Emile Franck,Rivière De Larmes,0.994,0.319,178894,0.0357,0.96,2,0.0919,-24.029,0,0.0461,67.652,0.098
chill,Peace,37i9dQZF1DXdCsscAsbRNz,5y4ERbPcucZ2Y4u5cm27yD,spotify:track:5y4ERbPcucZ2Y4u5cm27yD,https://p.scdn.co/mp3-preview/155637c34bb0e1a99a86e2612265da09d5261c2d?cid=63a77ff40e794a12ae216a18befde98c,Letter from Daughter,59,Marnie Jacobs,Letter from Daughter,0.989,0.319,174000,0.0726,0.918,0,0.122,-23.352,1,0.0403,92.261,0.257
chill,Peace,37i9dQZF1DXdCsscAsbRNz,5IQNIj54PxmBvPVh2fLuEH,spotify:track:5IQNIj54PxmBvPVh2fLuEH,https://p.scdn.co/mp3-preview/774a854bf56ecfec4d93e55c655a19083c22a181?cid=63a77ff40e794a12ae216a18befde98c,Fracture,50,Jakob Ahlbom,Distant Echo,0.965,0.324,197599,0.056,0.959,2,0.109,-20.22,0,0.033,30.557,0.122
chill,Peace,37i9dQZF1DXdCsscAsbRNz,2BCqoaveLAckZysaXtFObx,spotify:track:2BCqoaveLAckZysaXtFObx,https://p.scdn.co/mp3-preview/578858591910f49d2f44f936dee60ac927d1407c?cid=63a77ff40e794a12ae216a18befde98c,Reflections,48,Dilia,Reflections,0.995,0.52,168917,0.0164,0.932,0,0.103,-28.774,1,0.0395,174.208,0.299
chill,Peace,37i9dQZF1DXdCsscAsbRNz,0NTNYW3E9mPy9jZjlHalDb,spotify:track:0NTNYW3E9mPy9jZjlHalDb,https://p.scdn.co/mp3-preview/b0e2890a63b6b767207694eb4cb750cf48dc8366?cid=63a77ff40e794a12ae216a18befde98c,Don't Let Me Go,57,Mark Souzek,Don't Let Me Go,0.991,0.222,115993,0.0654,0.805,0,0.11,-27.33,1,0.0376,136.106,0.13
chill,Peace,37i9dQZF1DXdCsscAsbRNz,4QqWm9QpS6DIoxkR2XSfZi,spotify:track:4QqWm9QpS6DIoxkR2XSfZi,https://p.scdn.co/mp3-preview/9481f793291cf00e63f71e9756a18ec8b3c3b449?cid=63a77ff40e794a12ae216a18befde98c,No Time,40,Malwave,No Time,0.987,0.413,240323,0.114,0.933,4,0.11,-16.453,1,0.0393,103.433,0.0376
chill,Peace,37i9dQZF1DXdCsscAsbRNz,2eAFdBx9GLn5znptv7dsre,spotify:track:2eAFdBx9GLn5znptv7dsre,https://p.scdn.co/mp3-preview/8fb2d2e160ef599232aba7c0038b2f133956e1b2?cid=63a77ff40e794a12ae216a18befde98c,Silent Chasing,40,Zero Mileage,Silent Chasing,0.975,0.509,217247,0.288,0.935,2,0.133,-16.519,0,0.0276,104.962,0.0531
chill,Peace,37i9dQZF1DXdCsscAsbRNz,1GUdCZLL5KxqpaaB5MtMma,spotify:track:1GUdCZLL5KxqpaaB5MtMma,https://p.scdn.co/mp3-preview/7ec457dc479668ff6f4ce0cfefe470233b5c4266?cid=63a77ff40e794a12ae216a18befde98c,Gloss,48,Nova Meme,Gloss,0.833,0.485,156474,0.249,0.861,0,0.119,-19.253,0,0.053,140.062,0.785
chill,Peace,37i9dQZF1DXdCsscAsbRNz,6OoZfXgh8Y6V869KQMVY4e,spotify:track:6OoZfXgh8Y6V869KQMVY4e,https://p.scdn.co/mp3-preview/98876269d3f4a881aa32def532d00d60ca399358?cid=63a77ff40e794a12ae216a18befde98c,Ballerina - Ambient Version,62,William Keats,Ballerina,0.76,0.444,156429,0.058,0.882,2,0.117,-22.731,1,0.0367,140.059,0.132
chill,Peace,37i9dQZF1DXdCsscAsbRNz,2T6wyxLBkQ4Y2ZjTbpuYfr,spotify:track:2T6wyxLBkQ4Y2ZjTbpuYfr,https://p.scdn.co/mp3-preview/1b3838664aa2e3386c1f02bb880c7fd8f2bb092b?cid=63a77ff40e794a12ae216a18befde98c,Dream Voucher,68,Rannar Sillard,Dream Voucher,0.943,0.302,155040,0.101,0.886,2,0.107,-19.705,1,0.0378,106.904,0.213
chill,Peace,37i9dQZF1DXdCsscAsbRNz,5w4x8Qiu8Wcl2Elxtnsm5z,spotify:track:5w4x8Qiu8Wcl2Elxtnsm5z,https://p.scdn.co/mp3-preview/9b3aa642da4120af9cd7234ec04e22e341008a1f?cid=63a77ff40e794a12ae216a18befde98c,Dedication - Piano Version,63,Hans Johansen,Dedication (Piano Version),0.995,0.539,257694,0.0218,0.964,1,0.107,-23.669,1,0.0845,134.762,0.438
chill,Peace,37i9dQZF1DXdCsscAsbRNz,7yMAAx3OV7LeczNbAERMDt,spotify:track:7yMAAx3OV7LeczNbAERMDt,https://p.scdn.co/mp3-preview/83dbf2552321e822cd0d424e3cbfddd367b1fd6d?cid=63a77ff40e794a12ae216a18befde98c,With Certainty of Tides,48,Bryan Colbert,Theme from Happiness,0.991,0.285,133453,0.0159,0.892,8,0.0901,-28.199,1,0.0403,73.382,0.184
chill,Peace,37i9dQZF1DXdCsscAsbRNz,06X1J1lPc0boVEpxG6UOCB,spotify:track:06X1J1lPc0boVEpxG6UOCB,https://p.scdn.co/mp3-preview/451dd38af9e0bfea1e30ddfdd442d35dd8fac6d1?cid=63a77ff40e794a12ae216a18befde98c,Requiem On Frankfort Ave,51,Eluvium,Copia,0.947,0.112,161027,0.0657,0.931,2,0.112,-19.837,1,0.0495,56.75,0.0354
chill,Peace,37i9dQZF1DXdCsscAsbRNz,5kqPAaf5J4pMvq1fW8iUR1,spotify:track:5kqPAaf5J4pMvq1fW8iUR1,https://p.scdn.co/mp3-preview/984fa98c29d5fd5b6bc7fe03abd311e787cd68c7?cid=63a77ff40e794a12ae216a18befde98c,Missouri,43,Roger Reuse,Missouri,0.994,0.492,168826,0.0111,0.963,7,0.109,-23.477,1,0.0511,131.667,0.212
chill,Peace,37i9dQZF1DXdCsscAsbRNz,31Ym8LjfKv5dpgppLUmpWs,spotify:track:31Ym8LjfKv5dpgppLUmpWs,https://p.scdn.co/mp3-preview/5e46894eb5bd0ce70560cffcb87daf526d6f7554?cid=63a77ff40e794a12ae216a18befde98c,Missy,57,Porch Upright,Missy,0.966,0.215,165360,0.052,0.908,8,0.103,-21.418,0,0.0366,197.895,0.227
chill,Peace,37i9dQZF1DXdCsscAsbRNz,3Le8dA7PwImsZxRgEnwnt6,spotify:track:3Le8dA7PwImsZxRgEnwnt6,https://p.scdn.co/mp3-preview/6a8e245f31cd168b6003144ae052f2b44c33b953?cid=63a77ff40e794a12ae216a18befde98c,Hopes and Dreams,59,Emmanuelle Rimbaud,Hopes and Dreams,0.98,0.298,164649,0.0462,0.941,8,0.125,-28.427,1,0.04,61.299,0.28
chill,Peace,37i9dQZF1DXdCsscAsbRNz,7zVHmyl7rjPZRNJtWhbcIf,spotify:track:7zVHmyl7rjPZRNJtWhbcIf,https://p.scdn.co/mp3-preview/dfe9ec000d830fb10ad6d48cd4aba97f8c41fd55?cid=63a77ff40e794a12ae216a18befde98c,Forever Vanished,59,Rick Hagen,Forever Vanished,0.988,0.282,113378,0.0814,0.902,4,0.108,-25.606,1,0.0529,68.3,0.127
chill,Peace,37i9dQZF1DXdCsscAsbRNz,0mRk8OJgzQ6IATzJwEIJ9Y,spotify:track:0mRk8OJgzQ6IATzJwEIJ9Y,https://p.scdn.co/mp3-preview/c54d03f2d35248eacbfc82d70e35e98d6b0c59bd?cid=63a77ff40e794a12ae216a18befde98c,Roots,52,Jakob Ahlbom,Escaping Reality,0.968,0.212,213718,0.0629,0.921,4,0.121,-19.311,1,0.0352,139.819,0.12
chill,Peace,37i9dQZF1DXdCsscAsbRNz,3IIJBXhYKDDRk5UAaSSacY,spotify:track:3IIJBXhYKDDRk5UAaSSacY,https://p.scdn.co/mp3-preview/baf296082eedcbce60cd91f57fce3fddb1fcb682?cid=63a77ff40e794a12ae216a18befde98c,These Steady Hands,62,Yonder Dale,These Steady Hands,0.825,0.349,165632,0.294,0.894,2,0.107,-16.478,1,0.0326,67.995,0.389
chill,Peace,37i9dQZF1DXdCsscAsbRNz,41gr3AyAmFFl1YyaIqsH2L,spotify:track:41gr3AyAmFFl1YyaIqsH2L,https://p.scdn.co/mp3-preview/0976c5a1e745378eb55d9f7f44d7aa469a44a090?cid=63a77ff40e794a12ae216a18befde98c,Posthumous,40,Insignificant Others,Lonesome Virtues,0.994,0.269,189074,0.0144,0.937,0,0.109,-26.028,0,0.0457,60.833,0.139
chill,Peace,37i9dQZF1DXdCsscAsbRNz,2X0ophIMSyCw9SSISrIEpQ,spotify:track:2X0ophIMSyCw9SSISrIEpQ,https://p.scdn.co/mp3-preview/176f5adf7405e172932cb4445b2549e338a99f14?cid=63a77ff40e794a12ae216a18befde98c,The Way There,47,Hreidar,The Way There,0.996,0.521,204216,0.0117,0.964,2,0.112,-27.872,1,0.0567,65.48,0.301
chill,Peace,37i9dQZF1DXdCsscAsbRNz,7KWhxUrK9ofPTn3ItWceR5,spotify:track:7KWhxUrK9ofPTn3ItWceR5,https://p.scdn.co/mp3-preview/8264837c5521ac6f35c20b7b350e828ac5619c15?cid=63a77ff40e794a12ae216a18befde98c,For the Love of Love,64,Novo Talos,For the Love of Love,0.995,0.321,143251,0.0258,0.915,1,0.137,-27.129,1,0.0454,67.535,0.255
chill,Peace,37i9dQZF1DXdCsscAsbRNz,1BPrChYcVUL7S6mEdPxFux,spotify:track:1BPrChYcVUL7S6mEdPxFux,https://p.scdn.co/mp3-preview/bf548a6304fc63fa2d1d63ee0bf8a5a52c1eb002?cid=63a77ff40e794a12ae216a18befde98c,Swear on this Life,53,Fabienne Willis,Swear on this Life,0.993,0.468,132773,0.0126,0.917,0,0.108,-27.246,1,0.059,67.408,0.357
chill,Peace,37i9dQZF1DXdCsscAsbRNz,3e7815hbTe30BPnkS2wUlk,spotify:track:3e7815hbTe30BPnkS2wUlk,https://p.scdn.co/mp3-preview/920a58662dd5079b7c3c58203226bfbf2146caa0?cid=63a77ff40e794a12ae216a18befde98c,The Final Waltz,56,Réka Ioescu,The Final Waltz,0.983,0.434,180000,0.079,0.927,5,0.13,-21.566,1,0.046,68.667,0.176
chill,Peace,37i9dQZF1DXdCsscAsbRNz,25aunAc59ZS4fjCZgI2wXE,spotify:track:25aunAc59ZS4fjCZgI2wXE,https://p.scdn.co/mp3-preview/43567b110b8786615b4b15551f4acfeea5d7591a?cid=63a77ff40e794a12ae216a18befde98c,Plein d'espoir,44,Otto Berre,Plein d'espoir,0.993,0.437,114790,0.0685,0.925,6,0.101,-23.709,1,0.0454,70.343,0.204
chill,Peace,37i9dQZF1DXdCsscAsbRNz,5RznXCTZiOF8as548yqMaM,spotify:track:5RznXCTZiOF8as548yqMaM,https://p.scdn.co/mp3-preview/1d1925511fc952051026896b21ae44f32b1d7f3d?cid=63a77ff40e794a12ae216a18befde98c,Undone,51,Berlioz,Undone,0.994,0.428,122000,0.0458,0.97,9,0.0863,-26.385,0,0.0553,68.542,0.474
chill,Peace,37i9dQZF1DXdCsscAsbRNz,0IXtXMAOFbhhSZwcBlUu6T,spotify:track:0IXtXMAOFbhhSZwcBlUu6T,https://p.scdn.co/mp3-preview/ecdda846bbb7d899f5607154de994b14927966e4?cid=63a77ff40e794a12ae216a18befde98c,Clear Path,40,Jean Petri,Slow Moves,0.995,0.783,142571,0.0151,0.977,8,0.102,-22.771,1,0.142,72.035,0.277
chill,Peace,37i9dQZF1DXdCsscAsbRNz,4KYnY8kcM4vNdAeUWcLs8u,spotify:track:4KYnY8kcM4vNdAeUWcLs8u,https://p.scdn.co/mp3-preview/9ec716e91556309cc959cbd08da0a60bec9e767b?cid=63a77ff40e794a12ae216a18befde98c,Sarabande,54,Sufi Sheman,Sarabande,0.993,0.558,126545,0.0576,0.947,1,0.106,-21.296,0,0.0396,72.189,0.222
chill,Peace,37i9dQZF1DXdCsscAsbRNz,4mV2e8xKbQme3MQeaBAFqA,spotify:track:4mV2e8xKbQme3MQeaBAFqA,https://p.scdn.co/mp3-preview/cc53db1dc62fc81efafe57825dcee41183aa5c44?cid=63a77ff40e794a12ae216a18befde98c,Parallellities,44,Sidney Godot,Abstractions,0.995,0.732,158546,0.0232,0.947,3,0.113,-21.985,1,0.0589,97.973,0.185
chill,Peace,37i9dQZF1DXdCsscAsbRNz,2cIZnj2au400srT96TbOUO,spotify:track:2cIZnj2au400srT96TbOUO,https://p.scdn.co/mp3-preview/283d15f81638a93f82a644d3ae06cf31484a9b25?cid=63a77ff40e794a12ae216a18befde98c,Scarlet,56,Antonella Schiavone,Scarlet,0.981,0.319,102000,0.109,0.886,9,0.105,-26.256,0,0.0325,118.676,0.175
chill,Peace,37i9dQZF1DXdCsscAsbRNz,325EHPjypMWyytGsNECyTB,spotify:track:325EHPjypMWyytGsNECyTB,https://p.scdn.co/mp3-preview/3c17b670055601ee297141fac646f14f637b38be?cid=63a77ff40e794a12ae216a18befde98c,Carry me in your Smile,46,Vittoria Emanuelle,Time to Heal,0.99,0.427,136000,0.0123,0.934,4,0.109,-25.743,0,0.0514,68.026,0.155
chill,Peace,37i9dQZF1DXdCsscAsbRNz,4Ck1myMt261ophVYeSOC84,spotify:track:4Ck1myMt261ophVYeSOC84,https://p.scdn.co/mp3-preview/08b698efc6ee0322326483285cc819a2523a6423?cid=63a77ff40e794a12ae216a18befde98c,Maroon Lake,43,Lundegard,Outings,0.936,0.449,170722,0.0768,0.936,8,0.1,-21.836,0,0.0377,71.32,0.0376
chill,Peace,37i9dQZF1DXdCsscAsbRNz,0AXQFmU88hVhan5teKTPl5,spotify:track:0AXQFmU88hVhan5teKTPl5,https://p.scdn.co/mp3-preview/c1e6ada42329d7b261ee3db5fc825b94ff099f84?cid=63a77ff40e794a12ae216a18befde98c,Path of Light,65,Moments of Clarity,Path of Light,0.992,0.0657,220446,0.0739,0.934,3,0.119,-20.907,0,0.0454,57.31,0.0358
chill,Peace,37i9dQZF1DXdCsscAsbRNz,1Naf16ekAHVTzYhhxoZCnQ,spotify:track:1Naf16ekAHVTzYhhxoZCnQ,https://p.scdn.co/mp3-preview/d85ccdc5c40a1cca09bd0ce6efe9a551434be983?cid=63a77ff40e794a12ae216a18befde98c,Phenomena,57,Primer Dia,Phenomena,0.964,0.151,166385,0.0422,0.959,0,0.0877,-24.499,1,0.0444,136.114,0.0326
chill,Peace,37i9dQZF1DXdCsscAsbRNz,5plhWnhwmDY9WWNCCmM73D,spotify:track:5plhWnhwmDY9WWNCCmM73D,https://p.scdn.co/mp3-preview/c2fd3f4ee91a918e2e7818ddb4a93acd150e24bd?cid=63a77ff40e794a12ae216a18befde98c,Lights,50,Ageena,Lights,0.986,0.551,194015,0.17,0.849,7,0.101,-20.558,1,0.0309,118.011,0.157
chill,Peace,37i9dQZF1DXdCsscAsbRNz,7kbiF2WwENN3Z5yOZ2X0R2,spotify:track:7kbiF2WwENN3Z5yOZ2X0R2,https://p.scdn.co/mp3-preview/daa8886c243e298db1efd67532deade22ca7057f?cid=63a77ff40e794a12ae216a18befde98c,Relajación espiritual,56,Toga Bali,Relajación espiritual,0.984,0.169,190752,0.0283,0.907,11,0.114,-24.823,1,0.0398,91.745,0.056
chill,Peace,37i9dQZF1DXdCsscAsbRNz,3YmF8PeLj56aEWjm5tFiJc,spotify:track:3YmF8PeLj56aEWjm5tFiJc,,Rolling,2,"Roedelius,Arnold Kasar",Einfluss,0.942,0.224,224760,0.181,0.886,9,0.0764,-24.934,1,0.0365,150.909,0.384
chill,Peace,37i9dQZF1DXdCsscAsbRNz,1LQsAMbRfl2644biYjwHhz,spotify:track:1LQsAMbRfl2644biYjwHhz,https://p.scdn.co/mp3-preview/be886ba48746f511fc960953e80061b09dd5eca4?cid=63a77ff40e794a12ae216a18befde98c,Sway,64,Józef Gatysik,Sway,0.993,0.353,162448,0.017,0.892,5,0.108,-27.471,1,0.0516,101.389,0.24
chill,Peace,37i9dQZF1DXdCsscAsbRNz,1sGpjDlrzobaQW6nUPmVIR,spotify:track:1sGpjDlrzobaQW6nUPmVIR,,An Ending (Ascent),11,Brian Eno,Pure Cinema Chillout,0.932,0.304,261493,0.0962,0.987,8,0.0767,-25.51,1,0.0667,68.205,0.0481
chill,Peace,37i9dQZF1DXdCsscAsbRNz,7gcBSI6Mct6bp2rmjauJ4B,spotify:track:7gcBSI6Mct6bp2rmjauJ4B,https://p.scdn.co/mp3-preview/6b8630fbe6111685cf172ca042788f86b9ea8e90?cid=63a77ff40e794a12ae216a18befde98c,Deep Healing,64,Calma,Aura,0.903,0.164,189924,0.0849,0.909,7,0.13,-23.566,0,0.0328,86.967,0.0324
chill,Peace,37i9dQZF1DXdCsscAsbRNz,6uWjjaiquXsjuQuks2mZME,spotify:track:6uWjjaiquXsjuQuks2mZME,https://p.scdn.co/mp3-preview/fa850316fe3f9e11e39d4083e60c9bb63039f4d6?cid=63a77ff40e794a12ae216a18befde98c,Sugarcane,70,Ana Olgica,Sugarcane,0.995,0.361,144500,0.0165,0.967,0,0.0834,-27.874,1,0.0615,114.346,0.452
chill,Peace,37i9dQZF1DXdCsscAsbRNz,6003CN643H6xAMoSDrOT5z,spotify:track:6003CN643H6xAMoSDrOT5z,https://p.scdn.co/mp3-preview/986f949487421195e2bd62f668e494ad6733b0f7?cid=63a77ff40e794a12ae216a18befde98c,Stairs,39,Sumsar,Stairs,0.995,0.329,217978,0.0449,0.898,10,0.104,-23.07,0,0.0373,128.018,0.0376
chill,Peace,37i9dQZF1DXdCsscAsbRNz,2KevUl7dDhRYB41mwNHMb2,spotify:track:2KevUl7dDhRYB41mwNHMb2,https://p.scdn.co/mp3-preview/5118a2780995d90cef9fcaccd135ec7f5040ae7c?cid=63a77ff40e794a12ae216a18befde98c,Vik,47,Jorulf,Vik,0.992,0.411,157431,0.0307,0.924,5,0.109,-24.503,1,0.0466,120.464,0.0893
chill,Peace,37i9dQZF1DXdCsscAsbRNz,5yMw8o7NMvsH53vLq6c4J4,spotify:track:5yMw8o7NMvsH53vLq6c4J4,https://p.scdn.co/mp3-preview/1fb1d1dee3b254c63e2d93838d6a82ec8794765e?cid=63a77ff40e794a12ae216a18befde98c,Philpot Lane,37,Leo Lloyd,Philpot Lane,0.993,0.219,91161,0.0761,0.91,0,0.11,-24.999,0,0.0441,179.6,0.231
chill,Peace,37i9dQZF1DXdCsscAsbRNz,62tBlIFp1HhV2WpU8YUpIT,spotify:track:62tBlIFp1HhV2WpU8YUpIT,https://p.scdn.co/mp3-preview/77e14b4f1c4d7a316b340ed1f2a1d90f4f4184a3?cid=63a77ff40e794a12ae216a18befde98c,Courage,49,Patrick O'Hearn,Transitions,0.987,0.124,201600,0.0283,0.875,10,0.118,-27.249,0,0.0393,65.053,0.0449
chill,Peace,37i9dQZF1DXdCsscAsbRNz,733fxItPfz9T3xTeiP9gle,spotify:track:733fxItPfz9T3xTeiP9gle,,And Then Stillness,7,Mabelle Jonsson,Touching The Void,0.973,0.251,120604,0.14,0.98,4,0.107,-19.609,0,0.0339,89.872,0.121
chill,Peace,37i9dQZF1DXdCsscAsbRNz,7DGFxOJp8gfV3Y1JqOJ1A4,spotify:track:7DGFxOJp8gfV3Y1JqOJ1A4,,Somewhere In Between,20,August Wilhelmsson,Departure,0.984,0.156,151512,0.138,0.953,0,0.0983,-19.958,1,0.0362,68.062,0.0386
chill,Peace,37i9dQZF1DXdCsscAsbRNz,1w0pI8iAB7ecWKKHP8s0pA,spotify:track:1w0pI8iAB7ecWKKHP8s0pA,,Fly,1,Florian Christl,Inspiration,0.979,0.344,354413,0.0334,0.831,10,0.137,-19.905,1,0.0632,69.275,0.0866
chill,Peace,37i9dQZF1DXdCsscAsbRNz,7bNCbUpU1bbHmzziLoPECh,spotify:track:7bNCbUpU1bbHmzziLoPECh,https://p.scdn.co/mp3-preview/04557bc27a4f1af38a98cc133a93498bb4c34ff0?cid=63a77ff40e794a12ae216a18befde98c,Ashes,40,Westernmind,Interior,0.992,0.458,155250,0.00383,0.942,6,0.143,-27.128,1,0.0371,80.029,0.205
chill,Peace,37i9dQZF1DXdCsscAsbRNz,5NNK5MJ3T4U17LvhibKNPh,spotify:track:5NNK5MJ3T4U17LvhibKNPh,,Elation,15,LUCHS,Chasing Cloud Nine,0.988,0.125,157625,0.0666,0.97,7,0.0833,-23.064,1,0.0385,96.419,0.0426
chill,Peace,37i9dQZF1DXdCsscAsbRNz,2PcXT9BuEClJMNvsnLfB0Z,spotify:track:2PcXT9BuEClJMNvsnLfB0Z,,The Human Derivative,3,Amaranth Cove,The Space Between Us,0.946,0.434,175390,0.0732,0.926,10,0.111,-21.582,1,0.0364,78.049,0.14
chill,Peace,37i9dQZF1DXdCsscAsbRNz,5X3hvz25Pyqgtj1jF3HX4V,spotify:track:5X3hvz25Pyqgtj1jF3HX4V,https://p.scdn.co/mp3-preview/e88f2c61b2668baf5c73a21149fcd90b9ecda711?cid=63a77ff40e794a12ae216a18befde98c,Winding Trails,42,Cara Wolff,Winding Trails,0.995,0.563,122625,0.0554,0.932,0,0.115,-22.385,1,0.0533,112.933,0.28
chill,Peace,37i9dQZF1DXdCsscAsbRNz,2CWBMhcI26NCUp3y09VAGL,spotify:track:2CWBMhcI26NCUp3y09VAGL,https://p.scdn.co/mp3-preview/826af89e53eb287a0df4d0a450e1aa50192a3740?cid=63a77ff40e794a12ae216a18befde98c,Crystal Silence,39,Dilaz,Crystal Silence,0.989,0.193,193000,0.00446,0.864,5,0.0784,-29.624,1,0.0376,65.519,0.118
chill,Peace,37i9dQZF1DXdCsscAsbRNz,2MZSXhq4XDJWu6coGoXX1V,spotify:track:2MZSXhq4XDJWu6coGoXX1V,https://p.scdn.co/mp3-preview/8b0ffffe73ff5ba8bc187516b468777969d7a843?cid=63a77ff40e794a12ae216a18befde98c,Avril 14th,66,Aphex Twin,Drukqs,0.996,0.558,125520,0.0259,0.871,8,0.0969,-30.016,1,0.0458,157.811,0.37
chill,Peace,37i9dQZF1DXdCsscAsbRNz,4yfCqonkMJQhq5ZK7KogiM,spotify:track:4yfCqonkMJQhq5ZK7KogiM,https://p.scdn.co/mp3-preview/39ed954c4a0016c149f85fa3de63712a2b06d841?cid=63a77ff40e794a12ae216a18befde98c,Fernweh,56,Daigo Hanada,Fernweh,0.995,0.194,198000,0.0276,0.895,8,0.112,-31.939,0,0.0605,196.349,0.128
chill,Peace,37i9dQZF1DXdCsscAsbRNz,3saEHBnU9n5mDGwXchbre6,spotify:track:3saEHBnU9n5mDGwXchbre6,https://p.scdn.co/mp3-preview/68104104939376415d81de30c41c8fc92843008e?cid=63a77ff40e794a12ae216a18befde98c,Hearts Made of Gold,64,Lisa Rex,Hearts Made of Gold,0.984,0.371,185460,0.117,0.912,5,0.104,-21.931,1,0.0365,95.453,0.164
chill,Peace,37i9dQZF1DXdCsscAsbRNz,4dnjEaI4F2OigWbi95JIDm,spotify:track:4dnjEaI4F2OigWbi95JIDm,,Between Moments,17,Rand Aldo,Tomorrow Will Save Us,0.973,0.207,116500,0.0065,0.946,4,0.112,-27.214,1,0.0377,72.501,0.235
chill,Peace,37i9dQZF1DXdCsscAsbRNz,22KKy6ftT0i4nyGNCbwc1B,spotify:track:22KKy6ftT0i4nyGNCbwc1B,https://p.scdn.co/mp3-preview/ff729127ac405c5bbcdf501cc4fda4b9e9a68f02?cid=63a77ff40e794a12ae216a18befde98c,Petrichor,60,Cecelya,Petrichor,0.937,0.319,118321,0.122,0.905,4,0.167,-16.69,1,0.0373,70.263,0.214
chill,Peace,37i9dQZF1DXdCsscAsbRNz,1f5neDqYLk7K0ocvlbbbWF,spotify:track:1f5neDqYLk7K0ocvlbbbWF,,A Silver Lining,19,They Dream By Day,Limbo,0.793,0.179,135636,0.171,0.927,4,0.0907,-19.427,1,0.0355,111.128,0.117
chill,Peace,37i9dQZF1DXdCsscAsbRNz,17yuGlOR1mCfOOjdu1XmqH,spotify:track:17yuGlOR1mCfOOjdu1XmqH,https://p.scdn.co/mp3-preview/44d9d2bab37d5f067dd0f4640f6f32786712bc51?cid=63a77ff40e794a12ae216a18befde98c,Astral Body,60,Michel Mondrain,Astral Body,0.896,0.199,187917,0.117,0.93,7,0.0958,-22.377,1,0.0416,65.577,0.0541
chill,Peace,37i9dQZF1DXdCsscAsbRNz,1nhuTS6xotWZima4bQJUvX,spotify:track:1nhuTS6xotWZima4bQJUvX,,A Presence Felt,14,Gavin Luke,The Crossing,0.985,0.186,184001,0.0286,0.886,9,0.0828,-26.125,0,0.0414,170.719,0.23
chill,Peace,37i9dQZF1DXdCsscAsbRNz,5in0ezyUreA4p4XgBd5dJX,spotify:track:5in0ezyUreA4p4XgBd5dJX,https://p.scdn.co/mp3-preview/59bbd0230e7ae9fdc2f1e650c2b53031223e0be9?cid=63a77ff40e794a12ae216a18befde98c,Woods,41,Chymeris,Woods,0.97,0.217,184787,0.155,0.869,4,0.1,-16.463,1,0.0364,78.089,0.154
chill,Peace,37i9dQZF1DXdCsscAsbRNz,6a4A00EF2xOOIMXRetisKS,spotify:track:6a4A00EF2xOOIMXRetisKS,https://p.scdn.co/mp3-preview/3e270cbab9429b89ded69fe4596438fa74e6fb19?cid=63a77ff40e794a12ae216a18befde98c,Bluebird,57,Alexis Ffrench,Bluebird,0.991,0.383,203629,0.116,0.918,10,0.0959,-20.438,1,0.0354,150.441,0.0916
chill,Peace,37i9dQZF1DXdCsscAsbRNz,0ntmnrnM7BqzocwsJeT2PK,spotify:track:0ntmnrnM7BqzocwsJeT2PK,https://p.scdn.co/mp3-preview/8de8b51a03ade1bda99e35f90fe661db98d6b27e?cid=63a77ff40e794a12ae216a18befde98c,Anasazi,61,Morongo,Anasazi,0.932,0.187,219470,0.141,0.969,8,0.105,-23.411,1,0.0397,66.003,0.0372
chill,Peace,37i9dQZF1DXdCsscAsbRNz,55EbjQa4Th0gmzKQdSnMrw,spotify:track:55EbjQa4Th0gmzKQdSnMrw,https://p.scdn.co/mp3-preview/7cc91cfc1dc592b240d50e46599683d49a77b6ed?cid=63a77ff40e794a12ae216a18befde98c,Atmosphere,69,Tejal Yann,Newborn Soul,0.952,0.193,247258,0.0453,0.961,7,0.104,-26.219,1,0.0577,67.675,0.119
chill,Peace,37i9dQZF1DXdCsscAsbRNz,5hbTbKQXJuZ0qFVerk6jRp,spotify:track:5hbTbKQXJuZ0qFVerk6jRp,https://p.scdn.co/mp3-preview/16dcaf39746a5a2ad02c73c6a3baeab313570906?cid=63a77ff40e794a12ae216a18befde98c,Emerald and Lime,41,"Brian Eno,Jon Hopkins,Leo Abrahams",Small Craft On A Milk Sea,0.969,0.0736,182373,0.0983,0.914,11,0.102,-21.111,1,0.0419,78.008,0.0346
chill,Peace,37i9dQZF1DXdCsscAsbRNz,5lfBUkuT4mprXGQML18tyq,spotify:track:5lfBUkuT4mprXGQML18tyq,https://p.scdn.co/mp3-preview/fe64a202df908dd5a3c7887ec0856c5525cce6d5?cid=63a77ff40e794a12ae216a18befde98c,Vates,40,Otto Totland,The Lost,0.995,0.36,256725,0.231,0.921,4,0.0878,-26.701,0,0.0336,104.094,0.282
chill,Peace,37i9dQZF1DXdCsscAsbRNz,5s1EYjc0VfIOOCkFKcYirX,spotify:track:5s1EYjc0VfIOOCkFKcYirX,https://p.scdn.co/mp3-preview/843f0f254fc18f2f993058daf23f288532e73fa7?cid=63a77ff40e794a12ae216a18befde98c,Butterfly,61,Daigo Hanada,Ichiru,0.991,0.375,127059,0.0696,0.938,0,0.118,-23.895,0,0.0351,128.085,0.524
chill,Peace,37i9dQZF1DXdCsscAsbRNz,4H157dvrPw2S3W8tMiOQVr,spotify:track:4H157dvrPw2S3W8tMiOQVr,https://p.scdn.co/mp3-preview/12df62d08b756b5fb39fc7f9fc87d48487c10765?cid=63a77ff40e794a12ae216a18befde98c,Princess Elvira,62,Ana Olgica,Princess Elvira,0.995,0.45,132363,0.0164,0.947,10,0.112,-30.167,1,0.0456,66.682,0.265
chill,Peace,37i9dQZF1DXdCsscAsbRNz,3DpqDWkcWia60JWJwbVbDq,spotify:track:3DpqDWkcWia60JWJwbVbDq,https://p.scdn.co/mp3-preview/9ecc0391e1b4a1925c01e11fcba3b627a863ae6b?cid=63a77ff40e794a12ae216a18befde98c,Close,59,Lunaire,Close,0.984,0.312,208079,0.0393,0.901,0,0.0603,-26.246,1,0.0311,75.234,0.0659
chill,Peace,37i9dQZF1DXdCsscAsbRNz,6MHf9vBoxUgKAY8DmviRo5,spotify:track:6MHf9vBoxUgKAY8DmviRo5,https://p.scdn.co/mp3-preview/ce741ec19f2beb196350d5ec2cc1ba2f5654a188?cid=63a77ff40e794a12ae216a18befde98c,The Beauty of Light,44,Keypling,Desire,0.995,0.31,101434,0.0244,0.955,5,0.165,-20.678,1,0.0446,47.788,0.253
chill,Peace,37i9dQZF1DXdCsscAsbRNz,56KUAxpFTyKJRWyAJGP1P8,spotify:track:56KUAxpFTyKJRWyAJGP1P8,https://p.scdn.co/mp3-preview/8badd375b56f929aec5ec01aaf25b067e39c1fb9?cid=63a77ff40e794a12ae216a18befde98c,Vidda,54,Vegard,Vidda,0.982,0.309,151440,0.0343,0.92,4,0.113,-23.464,0,0.0403,93.228,0.126
chill,Peace,37i9dQZF1DXdCsscAsbRNz,4kNNXWML7vg2b4NXAGILdd,spotify:track:4kNNXWML7vg2b4NXAGILdd,https://p.scdn.co/mp3-preview/8e7b469c56b8dd5dcafb08f5763a0b6fd7658aec?cid=63a77ff40e794a12ae216a18befde98c,Song For Saul,55,They Dream By Day,Fields Of Moab,0.939,0.197,233750,0.139,0.662,9,0.0491,-16.083,0,0.0383,127.883,0.0351
