category_id,playlist_name,playlist_id,track_id,track_uri,track_preview_url,track_name,track_popularity,artist_name,album_name,acousticness,danceability,duration_ms,energy,instrumentalness,key,liveness,loudness,mode,speechiness,tempo,valence
chill,Downtempo Beats,37i9dQZF1DWWQp0YMTvpD3,38tLZTFMlXVGFn8hrRDRnK,spotify:track:38tLZTFMlXVGFn8hrRDRnK,https://p.scdn.co/mp3-preview/17512c7f92a543ba8cc10765ccb01e492bc55edc?cid=63a77ff40e794a12ae216a18befde98c,Circles - Tyde Remix,27,"Yuki Ame,Tyde",Anamnesis (Remixes),0.515,0.479,238748,0.631,0.815,6,0.0997,-11.697,1,0.0507,122.229,0.143
chill,Downtempo Beats,37i9dQZF1DWWQp0YMTvpD3,356N82z0OcAbFvMmUOV6ud,spotify:track:356N82z0OcAbFvMmUOV6ud,https://p.scdn.co/mp3-preview/82fa19d0cc297ea6eab857b9e71e3481141f7021?cid=63a77ff40e794a12ae216a18befde98c,Untold,27,RY X,Untold,0.191,0.3,258561,0.596,0.567,4,0.383,-12.806,0,0.0768,177.501,0.116
chill,Downtempo Beats,37i9dQZF1DWWQp0YMTvpD3,6mW2IiQDrp66AUjCsRu6Kg,spotify:track:6mW2IiQDrp66AUjCsRu6Kg,https://p.scdn.co/mp3-preview/2465c61818fc8108d33f7be1ee83cd605574234d?cid=63a77ff40e794a12ae216a18befde98c,Places,57,The Blaze,Dancehall,0.493,0.771,214827,0.448,0.708,2,0.108,-9.513,1,0.0446,99.994,0.0364
chill,Downtempo Beats,37i9dQZF1DWWQp0YMTvpD3,1QYvA7kQ2iLCN9iJvL4e60,spotify:track:1QYvA7kQ2iLCN9iJvL4e60,https://p.scdn.co/mp3-preview/20b182a5a58e7ac1714a666f7b5faac747c654b6?cid=63a77ff40e794a12ae216a18befde98c,Prophecy,35,"narou,Hannah Jenkins",Prophecy,0.832,0.64,263000,0.325,1.81e-06,9,0.122,-14.359,1,0.12,120.045,0.312
chill,Downtempo Beats,37i9dQZF1DWWQp0YMTvpD3,7fbiMinopbD06lr3KBCAmn,spotify:track:7fbiMinopbD06lr3KBCAmn,https://p.scdn.co/mp3-preview/0db498cbe1c7b15ec498e8fe6ee9fb923278988d?cid=63a77ff40e794a12ae216a18befde98c,No one in the crowd,38,"C H O I S I E S,deaar",someone / no one,0.506,0.461,169600,0.526,0.0955,2,0.37,-9.175,1,0.065,149.996,0.148
chill,Downtempo Beats,37i9dQZF1DWWQp0YMTvpD3,6YKLlLoEYRujlAH8SgkTge,spotify:track:6YKLlLoEYRujlAH8SgkTge,https://p.scdn.co/mp3-preview/1fd815933c5078bb6d2adafbee3332bc4002ac7a?cid=63a77ff40e794a12ae216a18befde98c,Old Bone - Jim-E Stack Remix,50,"Wet,Jim-E Stack",Old Bone (Jim-E Stack Remix),0.281,0.755,207787,0.593,0.504,5,0.097,-9.472,1,0.0484,93.002,0.501
chill,Downtempo Beats,37i9dQZF1DWWQp0YMTvpD3,28y3dy7dsZFxkS9aghsy4B,spotify:track:28y3dy7dsZFxkS9aghsy4B,https://p.scdn.co/mp3-preview/f5bd613ab065459dff72474d49abb24c85e81c27?cid=63a77ff40e794a12ae216a18befde98c,Gotta Live Now,36,Cospe,Gotta Live Now,0.0831,0.503,272317,0.572,0.782,10,0.208,-9.161,0,0.0402,171.998,0.251
chill,Downtempo Beats,37i9dQZF1DWWQp0YMTvpD3,1OUIVjc3xivCrDQyDA6j5N,spotify:track:1OUIVjc3xivCrDQyDA6j5N,https://p.scdn.co/mp3-preview/da70ff5e85b5b46ca056763eb3e256f709565365?cid=63a77ff40e794a12ae216a18befde98c,Wouldn't Be the Same - Grand Pavilion Remix,34,"Tora,Keelan Mak,Grand Pavilion",Wouldn't Be the Same (Grand Pavilion Remix),0.501,0.763,221077,0.801,0.0056,5,0.124,-7.492,0,0.261,115.053,0.658
chill,Downtempo Beats,37i9dQZF1DWWQp0YMTvpD3,7ksSKcmjvXE6lfDZYe6U7E,spotify:track:7ksSKcmjvXE6lfDZYe6U7E,https://p.scdn.co/mp3-preview/6d46738d9b3c62fa54ec4eafe19f42cff580b2bf?cid=63a77ff40e794a12ae216a18befde98c,Heaven's Only Wishful - Jacques Greene Edit,42,"MorMor,Jacques Greene",Heaven's Only Wishful (Jacques Greene Edit),0.0501,0.693,329963,0.636,0.754,4,0.107,-7.387,0,0.0358,103.002,0.168
chill,Downtempo Beats,37i9dQZF1DWWQp0YMTvpD3,7KNCyuoVfNTQC33SuJ3WHs,spotify:track:7KNCyuoVfNTQC33SuJ3WHs,https://p.scdn.co/mp3-preview/5ceff557cd7f81920577e0a3293486dfb5868f47?cid=63a77ff40e794a12ae216a18befde98c,Someone in the crowd,35,"C H O I S I E S,deaar,faceless boy.",someone / no one,0.524,0.281,150000,0.475,0.00179,0,0.271,-10.925,0,0.21,62.218,0.0916
chill,Downtempo Beats,37i9dQZF1DWWQp0YMTvpD3,7rTFl1nuM4mMGcMAhmOaHi,spotify:track:7rTFl1nuM4mMGcMAhmOaHi,https://p.scdn.co/mp3-preview/0ba981f8fb6bf52a24658f51a88d5cf5e0fa08eb?cid=63a77ff40e794a12ae216a18befde98c,Roll Back - TOKiMONSTA Remix,39,"George FitzGerald,Lil Silva,TOKiMONSTA",All That Must Be (Remixes),0.486,0.625,179117,0.579,0.433,2,0.0995,-8.297,1,0.0353,100.006,0.158
chill,Downtempo Beats,37i9dQZF1DWWQp0YMTvpD3,595jZxBNdZydpl8jAO5Ezs,spotify:track:595jZxBNdZydpl8jAO5Ezs,https://p.scdn.co/mp3-preview/af8b267c19c990fead99ece5f7b9aa434b66a678?cid=63a77ff40e794a12ae216a18befde98c,Palm City,40,aiwake,Palm City,0.631,0.675,226415,0.475,0.494,4,0.121,-10.993,0,0.0396,105.964,0.285
chill,Downtempo Beats,37i9dQZF1DWWQp0YMTvpD3,3nOWa3ZohBtapNzPXWofbY,spotify:track:3nOWa3ZohBtapNzPXWofbY,https://p.scdn.co/mp3-preview/78992009fc9eba63890d0ad763bbec32a070cf4f?cid=63a77ff40e794a12ae216a18befde98c,五 Dim,33,Lydmor,I Told You I'd Tell Them Our Story,0.57,0.487,193605,0.508,1.64e-06,10,0.103,-8.876,0,0.23,98.027,0.227
chill,Downtempo Beats,37i9dQZF1DWWQp0YMTvpD3,5JCKb5DNF8oEyjRlZiyKMo,spotify:track:5JCKb5DNF8oEyjRlZiyKMo,https://p.scdn.co/mp3-preview/efb83c2eb6785fce18098d0bfb228109b470d15d?cid=63a77ff40e794a12ae216a18befde98c,Blasé,40,Kwamie Liv,Lovers That Come and Go,0.0131,0.618,210389,0.47,0.00243,2,0.0994,-9.857,0,0.0407,160.065,0.391
chill,Downtempo Beats,37i9dQZF1DWWQp0YMTvpD3,0F0p5ui6cpPUsjiSsPNHcs,spotify:track:0F0p5ui6cpPUsjiSsPNHcs,https://p.scdn.co/mp3-preview/0122014416cbd3a05719949efa59364bf4a16527?cid=63a77ff40e794a12ae216a18befde98c,Scent/Sweat,33,Pheeyownah,Scent/Sweat,0.578,0.609,216733,0.462,0.00558,7,0.112,-11.366,0,0.135,148.911,0.113
chill,Downtempo Beats,37i9dQZF1DWWQp0YMTvpD3,6IMpChUNroKqFsyj2jh92h,spotify:track:6IMpChUNroKqFsyj2jh92h,https://p.scdn.co/mp3-preview/2841539bda97141d906541f7a117a9879a6dc9e1?cid=63a77ff40e794a12ae216a18befde98c,In My Body,44,"Sam Florian,Ia Öberg",In My Body,0.0444,0.632,177424,0.718,0.0,0,0.344,-7.993,1,0.0448,89.962,0.785
chill,Downtempo Beats,37i9dQZF1DWWQp0YMTvpD3,6uXujBdRFkuB5wPUP0OLdX,spotify:track:6uXujBdRFkuB5wPUP0OLdX,https://p.scdn.co/mp3-preview/274e8d7c70cebb5dae4dc1ac1b81f5e9c746b67d?cid=63a77ff40e794a12ae216a18befde98c,Memory Lane,27,Angara,Memory Lane,0.0356,0.608,195398,0.59,0.904,5,0.1,-8.362,1,0.0318,113.003,0.0829
chill,Downtempo Beats,37i9dQZF1DWWQp0YMTvpD3,6TGoYBjxwsLgIzaw9lhfMG,spotify:track:6TGoYBjxwsLgIzaw9lhfMG,,Throwaway,41,"SG Lewis,Clairo",Throwaway,0.784,0.789,180000,0.49,0.000598,2,0.112,-6.588,1,0.0392,140.034,0.869
chill,Downtempo Beats,37i9dQZF1DWWQp0YMTvpD3,2nRdWUhn7dEJbOSv9zrhMF,spotify:track:2nRdWUhn7dEJbOSv9zrhMF,https://p.scdn.co/mp3-preview/5eb05d4470059eb288f58b3b9e54f355249a4f15?cid=63a77ff40e794a12ae216a18befde98c,Living Inside Your Love,37,Monumental Men,Living Inside Your Love,0.504,0.277,244748,0.381,0.037,3,0.0858,-11.772,0,0.0324,211.708,0.073
chill,Downtempo Beats,37i9dQZF1DWWQp0YMTvpD3,48gfj7REhcvZjASWAPEo68,spotify:track:48gfj7REhcvZjASWAPEo68,https://p.scdn.co/mp3-preview/368e7c850ab6ddfb006f5ae757199c5ada1d109d?cid=63a77ff40e794a12ae216a18befde98c,Danger Zone,35,DJ ZeeZee,Danger Zone,0.478,0.559,172500,0.41,0.668,2,0.109,-10.283,1,0.209,79.998,0.155
chill,Downtempo Beats,37i9dQZF1DWWQp0YMTvpD3,0LnglXYyrZm2jtwmvaWOeO,spotify:track:0LnglXYyrZm2jtwmvaWOeO,,Far Out Dust,8,Talos,Far Out Dust,0.343,0.239,282044,0.595,0.576,11,0.109,-7.646,0,0.0491,80.825,0.0785
chill,Downtempo Beats,37i9dQZF1DWWQp0YMTvpD3,4qll3wRtSGgLmpj7liqNEr,spotify:track:4qll3wRtSGgLmpj7liqNEr,https://p.scdn.co/mp3-preview/cdcd3581656f0eb29915c333e08efccc4124204a?cid=63a77ff40e794a12ae216a18befde98c,Novice Juggler,36,Joey Pecoraro,Novice Juggler,0.505,0.723,191932,0.419,0.644,9,0.112,-5.672,1,0.0341,88.021,0.224
chill,Downtempo Beats,37i9dQZF1DWWQp0YMTvpD3,3vwO3FSKEN3kyCfCArbr98,spotify:track:3vwO3FSKEN3kyCfCArbr98,https://p.scdn.co/mp3-preview/773440bbb5349bcadfc149f3e5812a44c6cc044c?cid=63a77ff40e794a12ae216a18befde98c,Mayans,39,Zimmer,Mayans,0.00695,0.796,217787,0.479,0.852,1,0.075,-8.149,1,0.0432,108.003,0.428
chill,Downtempo Beats,37i9dQZF1DWWQp0YMTvpD3,2yGif5vdTFISbpFvPLmOqM,spotify:track:2yGif5vdTFISbpFvPLmOqM,https://p.scdn.co/mp3-preview/290d6436fefd2f23893976e52bbc2ef122ef6479?cid=63a77ff40e794a12ae216a18befde98c,Álom,43,Bella Boo,Supervillain,0.278,0.695,258486,0.375,0.632,0,0.119,-16.427,1,0.0418,104.0,0.225
chill,Downtempo Beats,37i9dQZF1DWWQp0YMTvpD3,1M1t2apFGHyprTP6csoIpP,spotify:track:1M1t2apFGHyprTP6csoIpP,https://p.scdn.co/mp3-preview/d654af221725a3fe1e3ad77e890f226249008f4a?cid=63a77ff40e794a12ae216a18befde98c,Ten Ate,26,Very Yes,Ten Ate,0.145,0.648,239406,0.769,0.876,8,0.325,-5.452,1,0.0338,100.988,0.0684
chill,Downtempo Beats,37i9dQZF1DWWQp0YMTvpD3,74481nLSrNAlMH2kgh84uj,spotify:track:74481nLSrNAlMH2kgh84uj,https://p.scdn.co/mp3-preview/10f2b8f17ba57b04345fc33c5cfee680e6c2aaa6?cid=63a77ff40e794a12ae216a18befde98c,Sneeze,36,Jerry Folk,Sneeze,0.14,0.572,162521,0.814,0.0267,6,0.103,-5.471,1,0.0489,174.915,0.67
chill,Downtempo Beats,37i9dQZF1DWWQp0YMTvpD3,7whKMQm3AjhgnRfucdUzDj,spotify:track:7whKMQm3AjhgnRfucdUzDj,https://p.scdn.co/mp3-preview/0a6012f33ce47c7ac36e4ac54921637f38fe9a37?cid=63a77ff40e794a12ae216a18befde98c,Abloom,34,"Cloudchord,Soul Food Horns",Attunement,0.91,0.574,213750,0.457,0.304,6,0.136,-9.404,0,0.103,80.124,0.23
chill,Downtempo Beats,37i9dQZF1DWWQp0YMTvpD3,2wV1RKfW1wDQl5MN7QMuAk,spotify:track:2wV1RKfW1wDQl5MN7QMuAk,https://p.scdn.co/mp3-preview/5d60f796f772484e00d41bccd59a86ea1542f04b?cid=63a77ff40e794a12ae216a18befde98c,Aura,35,Matsuna,Aura,0.618,0.758,167083,0.464,0.742,5,0.0719,-8.052,1,0.197,72.021,0.365
chill,Downtempo Beats,37i9dQZF1DWWQp0YMTvpD3,4AbAaS6hmijUEX0TJ4bwYZ,spotify:track:4AbAaS6hmijUEX0TJ4bwYZ,https://p.scdn.co/mp3-preview/796043bc20482b555cdd3f9f4f86d1d58ea25196?cid=63a77ff40e794a12ae216a18befde98c,Surrounded by Nature,29,Chill Cole,Surrounded by Nature,0.472,0.618,343970,0.49,0.912,4,0.118,-10.266,0,0.266,169.9,0.221
chill,Downtempo Beats,37i9dQZF1DWWQp0YMTvpD3,6s3Wj74cChHHyVdGTfjkl4,spotify:track:6s3Wj74cChHHyVdGTfjkl4,,Kind of Lonely,24,Selma Judith,Kind of Lonely,0.154,0.867,254331,0.37,0.0161,10,0.12,-8.578,0,0.0419,122.972,0.218
chill,Downtempo Beats,37i9dQZF1DWWQp0YMTvpD3,5ybXB9FyYfHnToCVqcA6GL,spotify:track:5ybXB9FyYfHnToCVqcA6GL,https://p.scdn.co/mp3-preview/9566c0be1d3aec42b46820011aee1f38493725f9?cid=63a77ff40e794a12ae216a18befde98c,Strange Organism,25,Life Is Better Blonde,Strange Organism,0.0459,0.721,234336,0.374,0.00519,8,0.104,-8.565,1,0.052,147.864,0.373
chill,Downtempo Beats,37i9dQZF1DWWQp0YMTvpD3,7vHkT0MHqz0cyRcGjR6OtA,spotify:track:7vHkT0MHqz0cyRcGjR6OtA,https://p.scdn.co/mp3-preview/9b3adccd8a9e18b516b7cf996d1b52e9ce9d09ce?cid=63a77ff40e794a12ae216a18befde98c,Severance,26,Robotaki,Anachronism,0.238,0.637,248304,0.579,0.288,7,0.0869,-7.159,0,0.363,139.868,0.459
chill,Downtempo Beats,37i9dQZF1DWWQp0YMTvpD3,5WOaONMTDsX8r92Qo4Rj5s,spotify:track:5WOaONMTDsX8r92Qo4Rj5s,,Silver,4,Pheeyownah,Silver,0.515,0.372,253573,0.609,3.8e-06,9,0.0951,-9.471,0,0.0813,97.14,0.106
chill,Downtempo Beats,37i9dQZF1DWWQp0YMTvpD3,0SqV6u3HBoMfje0k2CkB3d,spotify:track:0SqV6u3HBoMfje0k2CkB3d,,Soft Touch,4,Need For Speed,Soft Touch,0.304,0.672,245276,0.614,0.86,7,0.119,-10.956,1,0.0393,104.999,0.186
chill,Downtempo Beats,37i9dQZF1DWWQp0YMTvpD3,7rDPl39Wfdo8OqR8M8aI2l,spotify:track:7rDPl39Wfdo8OqR8M8aI2l,https://p.scdn.co/mp3-preview/2727faf258b7f74c2d5ad0374ed3ebbd14f4ea26?cid=63a77ff40e794a12ae216a18befde98c,Kiss Me,29,August Landelius,Kiss Me,0.923,0.757,216490,0.334,0.085,0,0.111,-12.027,0,0.0514,80.001,0.139
chill,Downtempo Beats,37i9dQZF1DWWQp0YMTvpD3,4AYTCusq44mkt5Vzbm1YBO,spotify:track:4AYTCusq44mkt5Vzbm1YBO,,HONEST ENOUGH,36,Cautious Clay,HONEST ENOUGH,0.746,0.591,176387,0.418,0.00207,9,0.334,-7.88,1,0.0306,115.995,0.358
chill,Downtempo Beats,37i9dQZF1DWWQp0YMTvpD3,0Rtf1PWeXnQLsFFyOcQrnk,spotify:track:0Rtf1PWeXnQLsFFyOcQrnk,https://p.scdn.co/mp3-preview/381166ba07c58606222021ef089e7fb42f65be6c?cid=63a77ff40e794a12ae216a18befde98c,Higher,45,((( O ))),((( ~ ))),0.111,0.532,237875,0.49,0.128,10,0.102,-5.575,0,0.0732,138.806,0.222
chill,Downtempo Beats,37i9dQZF1DWWQp0YMTvpD3,3nATeGcFdtkhpUrRvgr667,spotify:track:3nATeGcFdtkhpUrRvgr667,,Easier,25,Mansionair,Easier,0.198,0.449,272600,0.511,0.00946,1,0.0759,-5.995,1,0.0419,116.286,0.221
chill,Downtempo Beats,37i9dQZF1DWWQp0YMTvpD3,2yZLrdAVKZXS6dhWtnheXw,spotify:track:2yZLrdAVKZXS6dhWtnheXw,https://p.scdn.co/mp3-preview/effee267ea1fdf63366d0ba51506c26143ac0a88?cid=63a77ff40e794a12ae216a18befde98c,Love and Fear,52,"Nokiaa,Dontcry",Love and Fear,0.111,0.596,133500,0.562,0.867,6,0.0982,-15.188,0,0.396,80.069,0.635
chill,Downtempo Beats,37i9dQZF1DWWQp0YMTvpD3,3u4rIcRR7gSoJdkJIx9zpu,spotify:track:3u4rIcRR7gSoJdkJIx9zpu,https://p.scdn.co/mp3-preview/1e8e543c27519a69e2d58e5d95d8c8dd4d499be6?cid=63a77ff40e794a12ae216a18befde98c,Young,61,Vallis Alps,Vallis Alps,0.72,0.584,324123,0.384,0.288,3,0.0964,-12.144,0,0.0675,93.981,0.184
chill,Downtempo Beats,37i9dQZF1DWWQp0YMTvpD3,62Dz5wGqHMLCdmVvwDFLFS,spotify:track:62Dz5wGqHMLCdmVvwDFLFS,https://p.scdn.co/mp3-preview/1ba730fde70cfeff3d92fcdc07f296e4d0df001f?cid=63a77ff40e794a12ae216a18befde98c,Breathe,34,LiQWYD,Breathe,0.134,0.687,171200,0.499,0.0521,6,0.147,-9.86,0,0.0874,150.061,0.256
chill,Downtempo Beats,37i9dQZF1DWWQp0YMTvpD3,4VpOk0wgPJiaWcSOVFfKGk,spotify:track:4VpOk0wgPJiaWcSOVFfKGk,https://p.scdn.co/mp3-preview/2e7f4d3657d962279ce7bb3d672146ac19e603ec?cid=63a77ff40e794a12ae216a18befde98c,Swing Set,50,"goosetaf,Timothy Infinite",Memory Bloom,0.972,0.486,144000,0.417,0.778,2,0.107,-10.104,0,0.135,94.202,0.194
chill,Downtempo Beats,37i9dQZF1DWWQp0YMTvpD3,4FQqwtrVJFsliLCrlN0zrz,spotify:track:4FQqwtrVJFsliLCrlN0zrz,https://p.scdn.co/mp3-preview/63098d21ea634f2ef22299cac0445b892dca9ce0?cid=63a77ff40e794a12ae216a18befde98c,Reasons,41,Frye,Reasons,0.0992,0.642,168093,0.322,3.59e-05,8,0.127,-9.663,1,0.0824,90.2,0.146
chill,Downtempo Beats,37i9dQZF1DWWQp0YMTvpD3,5KHvOIAqFm3cTycVvKLjdN,spotify:track:5KHvOIAqFm3cTycVvKLjdN,https://p.scdn.co/mp3-preview/a5fe233f280425a50fe665b75ebf82c17af11801?cid=63a77ff40e794a12ae216a18befde98c,My Love,35,Soleima,NO. 14,0.379,0.757,227506,0.355,0.0,2,0.266,-6.692,1,0.0443,112.97,0.196
chill,Downtempo Beats,37i9dQZF1DWWQp0YMTvpD3,2OGlfXoXEqPVJaNvqrbj5d,spotify:track:2OGlfXoXEqPVJaNvqrbj5d,,Wolf,40,Skott,Porcelain,0.228,0.582,223200,0.563,0.000343,1,0.0714,-9.314,1,0.0388,99.986,0.31
chill,Downtempo Beats,37i9dQZF1DWWQp0YMTvpD3,6NmZ0JkijOwrH8WOyZIQZG,spotify:track:6NmZ0JkijOwrH8WOyZIQZG,https://p.scdn.co/mp3-preview/623978880c9b9d8c99d3afe7d10236451c317da3?cid=63a77ff40e794a12ae216a18befde98c,Antidote,38,Danny Pratt,Antidote,0.927,0.746,198974,0.25,0.0435,9,0.0975,-18.786,0,0.16,116.959,0.215
chill,Downtempo Beats,37i9dQZF1DWWQp0YMTvpD3,18QnuOfBATMFLDxfYwSqbX,spotify:track:18QnuOfBATMFLDxfYwSqbX,https://p.scdn.co/mp3-preview/829bacf74a852130c8a25f52aeda4f19627f3567?cid=63a77ff40e794a12ae216a18befde98c,Lost & Found,46,The Midnight,Lost & Found,0.0581,0.552,350886,0.647,0.000539,10,0.0949,-9.247,0,0.035,157.945,0.381
chill,Downtempo Beats,37i9dQZF1DWWQp0YMTvpD3,2ylVfK4pVfeSV4zxieyT2B,spotify:track:2ylVfK4pVfeSV4zxieyT2B,,Touch,53,Shura,Nothing's Real,0.568,0.731,214556,0.662,0.00102,9,0.22,-11.58,0,0.255,89.927,0.432
chill,Downtempo Beats,37i9dQZF1DWWQp0YMTvpD3,0eb31EsqEBUetDLfTROIep,spotify:track:0eb31EsqEBUetDLfTROIep,https://p.scdn.co/mp3-preview/01e805852166110af0111cbec19d936688a3c030?cid=63a77ff40e794a12ae216a18befde98c,I Shall Love 2 - Edit,35,Julia Holter,I Shall Love 2,0.0567,0.197,252547,0.356,1.71e-05,0,0.118,-10.544,1,0.0292,83.423,0.143
chill,Downtempo Beats,37i9dQZF1DWWQp0YMTvpD3,6NOq79ynBpBi6BSJMdgReN,spotify:track:6NOq79ynBpBi6BSJMdgReN,,Ocean Eyes - Astronomyy Remix,72,"Billie Eilish,Astronomyy",Ocean Eyes (The Remixes),0.647,0.583,296267,0.473,0.0084,4,0.0956,-8.627,0,0.0354,144.936,0.0608
