category_id,playlist_name,playlist_id,track_id,track_uri,track_preview_url,track_name,track_popularity,artist_name,album_name,acousticness,danceability,duration_ms,energy,instrumentalness,key,liveness,loudness,mode,speechiness,tempo,valence
desi,Telugu Party Time,37i9dQZF1DX14rZPczlTBh,3APiIzLQYIitzR8F3oG1fV,spotify:track:3APiIzLQYIitzR8F3oG1fV,https://p.scdn.co/mp3-preview/ca11de656371a34b6c16aee99afdaa491b855cfa?cid=63a77ff40e794a12ae216a18befde98c,Ringa Ringa,37,"Devi Sri Prasad,Priya Hemesh",Aarya - 2 (Original Motion Picture Soundtrack),0.172,0.72,333960,0.949,9.55e-05,5,0.0836,-3.133,0,0.237,82.98,0.956
desi,Telugu Party Time,37i9dQZF1DX14rZPczlTBh,0K2CU7TTmFBSbFm1Lt50Sx,spotify:track:0K2CU7TTmFBSbFm1Lt50Sx,https://p.scdn.co/mp3-preview/12306f509e49ba222ecbbd20a8f40ecc92ba9d35?cid=63a77ff40e794a12ae216a18befde98c,"The Karma Theme - Telugu (From ""U Turn"")",41,"Anirudh Ravichander,Samantha,Rahul Ravindran,Aadhi","The Karma Theme [Telugu (From ""U Turn"")]",0.00948,0.514,214500,0.828,0.000142,5,0.0687,-4.864,1,0.0447,123.933,0.547
desi,Telugu Party Time,37i9dQZF1DX14rZPczlTBh,5qQS9k70G9iuOi5tM0ozOi,spotify:track:5qQS9k70G9iuOi5tM0ozOi,,"Vachinde - From ""Fidaa""",2,"Madhu Priya,Ramky","Vachinde (From ""Fidaa"")",0.353,0.824,322437,0.786,0.0,0,0.124,-4.499,1,0.122,102.976,0.892
desi,Telugu Party Time,37i9dQZF1DX14rZPczlTBh,6qeMTaVZyBOdTxzSMplHrH,spotify:track:6qeMTaVZyBOdTxzSMplHrH,,Barbie Girl,0,"Jaspreet Jasz,Suchitra",Mirchi (Original Motion Picture Soundtrack),0.0709,0.645,237225,0.952,0.0105,9,0.114,-3.55,0,0.0697,75.003,0.964
desi,Telugu Party Time,37i9dQZF1DX14rZPczlTBh,0zmwgbi7xLuYDMiHk9IMjM,spotify:track:0zmwgbi7xLuYDMiHk9IMjM,,Hollywood Hero Lekka,0,"Simha,Geetha Madhuri",Speedunnodu (Original Motion Picture Soundtrack),0.495,0.755,214756,0.96,2.1e-05,11,0.0701,-5.695,0,0.16,82.016,0.813
desi,Telugu Party Time,37i9dQZF1DX14rZPczlTBh,6Zik19tMLPOaY5NHOGbhQj,spotify:track:6Zik19tMLPOaY5NHOGbhQj,,Iraga Iraga,1,"Rahul Sipligunj,Mohana Bhogaraju",Naa Peru Surya Naa Illu India (Original Motion Picture Soundtrack),0.435,0.698,242619,0.988,0.0148,2,0.133,-6.001,1,0.165,168.101,0.288
desi,Telugu Party Time,37i9dQZF1DX14rZPczlTBh,2eAw9wwoNsqLXVv8VjQgSX,spotify:track:2eAw9wwoNsqLXVv8VjQgSX,https://p.scdn.co/mp3-preview/36baf398d4eadc450cbd93471ff38cac464db73c?cid=63a77ff40e794a12ae216a18befde98c,Let's Party All Night,21,"Prudhvi Chandra,M. M. Manasi",Jaya Janaki Nayaka (Original Motion Picture Soundtrack),0.185,0.867,251682,0.82,0.00151,7,0.387,-5.349,0,0.0992,130.065,0.608
desi,Telugu Party Time,37i9dQZF1DX14rZPczlTBh,6Mams2ZPHqDzPyQD1eM5x0,spotify:track:6Mams2ZPHqDzPyQD1eM5x0,,Guruvaram,3,Vijay Prakash,Kirrak Party (Original Motion Picture Soundtrack),0.609,0.808,216171,0.717,2.42e-06,0,0.0925,-7.768,0,0.129,97.001,0.821
desi,Telugu Party Time,37i9dQZF1DX14rZPczlTBh,5hnfqyw3CPgmTXcQ7lmGW0,spotify:track:5hnfqyw3CPgmTXcQ7lmGW0,,Most Wanted Abbayi,0,"Yazin Nizar,Ramya Behra",MLA (Original Motion Picture Soundtrack),0.318,0.819,273639,0.947,3.8e-05,5,0.286,-3.501,0,0.125,130.047,0.735
desi,Telugu Party Time,37i9dQZF1DX14rZPczlTBh,3cN5ajg7uQnroGePex8BuX,spotify:track:3cN5ajg7uQnroGePex8BuX,,Yenniyalo Yenniyalo,0,Sai Karthik,Raja the Great (Original Motion Picture Soundtrack),0.0892,0.919,249000,0.759,0.0,4,0.058,-5.593,0,0.0808,129.995,0.82
desi,Telugu Party Time,37i9dQZF1DX14rZPczlTBh,78EsU5Njik3K2b1Os6zwLV,spotify:track:78EsU5Njik3K2b1Os6zwLV,,"Pedda Puli (From ""Chal Mohan Ranga"")",1,"S. S. Thaman,Rahul Sipligunj","Pedda Puli (From ""Chal Mohan Ranga"")",0.215,0.763,231857,0.857,1.93e-05,6,0.34,-5.579,1,0.153,140.072,0.678
desi,Telugu Party Time,37i9dQZF1DX14rZPczlTBh,0mDjCis8WqZCn20OPMwczH,spotify:track:0mDjCis8WqZCn20OPMwczH,,"Ninnila (From ""Toli Prema"")",2,"S. S. Thaman,Armaan Malik","Ninnila (From ""Toli Prema"")",0.504,0.687,234884,0.47,2.2e-06,6,0.178,-6.384,1,0.0296,128.9,0.349
desi,Telugu Party Time,37i9dQZF1DX14rZPczlTBh,3wQgs2kLVoSiEsNURMrz88,spotify:track:3wQgs2kLVoSiEsNURMrz88,,"Niluvaddham - From ""Nuvvostanante Nenoddantana""",1,"Karthik,Sumangali",Voice of Karthik (Telugu Hits),0.16,0.827,357337,0.638,6.91e-06,2,0.0922,-7.792,1,0.123,95.03,0.355
desi,Telugu Party Time,37i9dQZF1DX14rZPczlTBh,6YbsnZyosLQW36DJsFNMqO,spotify:track:6YbsnZyosLQW36DJsFNMqO,,"Gudilo Badilo Madilo - From ""D.J.""",3,"Devi Sri Prasad,M.L.R. Karthikeyan,K. S. Chithra","Gudilo Badilo Madilo (From ""D.J."")",0.212,0.768,264514,0.737,0.0,10,0.264,-6.466,0,0.198,96.106,0.876
desi,Telugu Party Time,37i9dQZF1DX14rZPczlTBh,4cs8E7TQBRc6geyRjdsrfU,spotify:track:4cs8E7TQBRc6geyRjdsrfU,https://p.scdn.co/mp3-preview/3d47ff0b667f6f848d434a32ae607653317960ee?cid=63a77ff40e794a12ae216a18befde98c,"Chitike (From ""Gang"")",24,"Anirudh Ravichander,Rahul Sipligunj,Suriya,Keerthy Suresh","Chitike (From ""Gang"")",0.514,0.652,240000,0.922,4.23e-06,8,0.041,-3.145,0,0.315,159.378,0.656
desi,Telugu Party Time,37i9dQZF1DX14rZPczlTBh,2xKJafRn5cjHzOoiPaalKA,spotify:track:2xKJafRn5cjHzOoiPaalKA,,Maar Maar,0,"Revanth,Sravana Bhargavi,Roll Rida",Runam (Original Motion Picture Soundtrack),0.404,0.601,226367,0.904,1.08e-05,5,0.731,-2.38,0,0.261,129.93,0.832
desi,Telugu Party Time,37i9dQZF1DX14rZPczlTBh,4oMMYhuXwRTG5EM035dvHQ,spotify:track:4oMMYhuXwRTG5EM035dvHQ,,Box Badhalai Poye,0,"Sagar,Geetha Madhuri",DJ (Original Motion Picture Soundtrack),0.224,0.837,213170,0.945,0.00807,7,0.636,-2.295,1,0.17,96.028,0.808
desi,Telugu Party Time,37i9dQZF1DX14rZPczlTBh,1Tf3RCP9Gs6CghGHeM3I7h,spotify:track:1Tf3RCP9Gs6CghGHeM3I7h,,"Choosi Chudangane - From ""Chalo""",2,"Anurag Kulkarni,Mahathi Swara Sagar","Choosi Chudangane (From ""Chalo"")",0.347,0.634,202111,0.69,0.0,0,0.225,-7.159,1,0.0386,123.023,0.405
desi,Telugu Party Time,37i9dQZF1DX14rZPczlTBh,3dpG9UvGYjcQX7SPiLYSW7,spotify:track:3dpG9UvGYjcQX7SPiLYSW7,,"Bombhaat - From ""LIE""",2,"Mani Sharma,Ramya Behra,Rahul Sipligunj","Bombhaat (From ""LIE"")",0.235,0.836,243711,0.822,0.0,1,0.123,-4.745,1,0.172,97.024,0.322
desi,Telugu Party Time,37i9dQZF1DX14rZPczlTBh,1grDh5NyDiKXEe6DRduzPR,spotify:track:1grDh5NyDiKXEe6DRduzPR,,Cheppave Balamani,0,Sweekar Agasthi,Chalo (Original Motion Picture Soundtrack),0.453,0.69,271579,0.92,0.0,9,0.0778,-3.503,0,0.255,171.047,0.781
desi,Telugu Party Time,37i9dQZF1DX14rZPczlTBh,7ga0tdQeHtJl6F0I07qbZE,spotify:track:7ga0tdQeHtJl6F0I07qbZE,,Ammakutti Ammakutti Andhamantha Ompake,0,"Jaspreeth Jasz,Geetha Madhuri",Jai Simha (Original Motion Picture Soundtrack),0.257,0.527,281703,0.882,6.65e-06,8,0.647,-4.222,1,0.138,139.919,0.949
desi,Telugu Party Time,37i9dQZF1DX14rZPczlTBh,0d3QyPpDRlxPXEZKIExSJ6,spotify:track:0d3QyPpDRlxPXEZKIExSJ6,https://p.scdn.co/mp3-preview/80e6053fb8e5e23042670d9205a57efd59fd8390?cid=63a77ff40e794a12ae216a18befde98c,Yentha Vaadu Gaanie,20,"Harris Jayaraj,Devan Ekambaram,Mark Thomas,Abhishek,Ajith Kumar,Trisha,Anushka Shetty",Yentha Vaadu Gaanie (Original Motion Picture Soundtrack),0.00149,0.715,346933,0.796,0.171,2,0.129,-6.684,1,0.0352,116.019,0.108
desi,Telugu Party Time,37i9dQZF1DX14rZPczlTBh,1vBx4XLZPTcrmMtJbA18ml,spotify:track:1vBx4XLZPTcrmMtJbA18ml,,Dont Care,0,Shankar Mahadevan,Chennakesava Reddy (Original Motion Picture Soundtrack),0.0517,0.9,278700,0.811,0.000183,7,0.33,-7.976,1,0.15,126.932,0.759
desi,Telugu Party Time,37i9dQZF1DX14rZPczlTBh,1NxCGgIpQqmcvdHiEOCeZB,spotify:track:1NxCGgIpQqmcvdHiEOCeZB,,Yenniyello Yenniyello,0,Malavika,Naa Peru Surya Naa Illu India (Original Motion Picture Soundtrack),0.141,0.501,104679,0.7,0.0,2,0.385,-6.534,1,0.175,61.917,0.843
desi,Telugu Party Time,37i9dQZF1DX14rZPczlTBh,26Ghi1nJxXGEAUi7DRJpau,spotify:track:26Ghi1nJxXGEAUi7DRJpau,,Devunney Pilichavante,0,Shankar Mahadevan,Lakshmi Narasimha (Original Motion Picture Soundtrack),0.0648,0.597,340715,0.922,4.4e-05,9,0.0731,-6.945,1,0.247,112.523,0.612
desi,Telugu Party Time,37i9dQZF1DX14rZPczlTBh,3Ew9wEfTVs5JwEQEbVl1Wn,spotify:track:3Ew9wEfTVs5JwEQEbVl1Wn,,Manassa,1,"Haricharan,Sadhana Sargam",Munna (Original Motion Picture Soundtrack),0.328,0.863,349653,0.625,4.93e-06,9,0.0831,-6.901,0,0.0417,100.012,0.938
desi,Telugu Party Time,37i9dQZF1DX14rZPczlTBh,2szVlxZiinyam0VbrirO6N,spotify:track:2szVlxZiinyam0VbrirO6N,https://p.scdn.co/mp3-preview/957ede3905207ea2ee98731ff4ed6748e7eca9b5?cid=63a77ff40e794a12ae216a18befde98c,Oh Godu Nuvvu - Remix,21,Rohan Prakash,Gaddam Gang (Original Motion Picture Soundtrack),0.0275,0.892,175170,0.66,1.55e-05,10,0.595,-8.668,0,0.192,138.01,0.302
desi,Telugu Party Time,37i9dQZF1DX14rZPczlTBh,6Tve6cDltGAxo5dqWxIF9y,spotify:track:6Tve6cDltGAxo5dqWxIF9y,,Colorful Chilaka,0,Narendra,Express Raja (Original Motion Picture Soundtrack),0.694,0.799,228760,0.822,9.06e-05,4,0.049,-5.9,0,0.0951,96.002,0.963
desi,Telugu Party Time,37i9dQZF1DX14rZPczlTBh,1s9ryZb4SbWAp3qWecSSuA,spotify:track:1s9ryZb4SbWAp3qWecSSuA,https://p.scdn.co/mp3-preview/4b87417fa49961da58bd104865b0e9eda51d50d7?cid=63a77ff40e794a12ae216a18befde98c,"Unnatundi Gundey - From ""Ninnu Kori""",30,"Karthik,Chinmayi","Unnatundi Gundey (From ""Ninnu Kori"")",0.512,0.839,281295,0.597,0.001,0,0.105,-7.079,1,0.0363,119.978,0.712
desi,Telugu Party Time,37i9dQZF1DX14rZPczlTBh,3slbzXDxifAHcMe5GHaiI3,spotify:track:3slbzXDxifAHcMe5GHaiI3,,Seethakaalam,1,Yazin Nizar,S/O Satyamurthy (Original Motion Picture Soundtrack),0.305,0.961,262489,0.778,3.82e-06,2,0.305,-6.585,0,0.085,112.967,0.88
desi,Telugu Party Time,37i9dQZF1DX14rZPczlTBh,2FTTWwH9X6k04dsLjTwSI6,spotify:track:2FTTWwH9X6k04dsLjTwSI6,,Bellam Sridevi,0,Sai Charan,Supreme (Original Motion Picture Soundtrack),0.0529,0.626,244328,0.861,3.43e-05,10,0.827,-6.148,0,0.23,141.984,0.661
desi,Telugu Party Time,37i9dQZF1DX14rZPczlTBh,4aZCN73aB7OAdeHzoVXcGL,spotify:track:4aZCN73aB7OAdeHzoVXcGL,,Kurrallu,0,S. P. Balasubrahmanyam,Kurradu (Original Motion Picture Soundtrack),0.288,0.595,238000,0.896,1.03e-06,7,0.348,-5.827,0,0.0746,145.996,0.626
desi,Telugu Party Time,37i9dQZF1DX14rZPczlTBh,7sQGRorl53aZFA7uC9XaLB,spotify:track:7sQGRorl53aZFA7uC9XaLB,https://p.scdn.co/mp3-preview/39688c5d3f20c363916eedf301022d6d2e9936c6?cid=63a77ff40e794a12ae216a18befde98c,MONAA MONAA,18,"A.R. Rahman,Neeti Mohan,Mano",Lingaa (Telugu) [Original Motion Picture Soundtrack],0.216,0.763,363859,0.886,0.0,0,0.0797,-3.493,0,0.178,94.995,0.701
desi,Telugu Party Time,37i9dQZF1DX14rZPczlTBh,6jeTxPEe1RBt3SVKnpZXvo,spotify:track:6jeTxPEe1RBt3SVKnpZXvo,https://p.scdn.co/mp3-preview/6e6b0699071fa80fce3d4fec1239afb87324df98?cid=63a77ff40e794a12ae216a18befde98c,Tauba Tauba,20,"M. M. Manasi,Nakash Aziz",Sardaar Gabbar Singh (Original Motion Picture Soundtrack),0.2,0.756,265164,0.937,0.00116,5,0.771,-5.67,0,0.0972,107.025,0.863
desi,Telugu Party Time,37i9dQZF1DX14rZPczlTBh,1rZKqNBJf4hMLB5mpn5iGk,spotify:track:1rZKqNBJf4hMLB5mpn5iGk,,Seeti Maar,1,"Jaspreet Jasz,Rita",DJ (Original Motion Picture Soundtrack),0.00369,0.793,250680,0.894,0.0113,10,0.139,-2.479,0,0.0411,124.98,0.54
desi,Telugu Party Time,37i9dQZF1DX14rZPczlTBh,1IdliXRVilLPSas4M3weay,spotify:track:1IdliXRVilLPSas4M3weay,,Aadathanama,0,"Sunitha Sarathy,Febimani",Gharshana (Original Motion Picture Soundtrack),0.0122,0.571,288891,0.94,1.16e-05,2,0.151,-6.079,1,0.0634,148.007,0.364
desi,Telugu Party Time,37i9dQZF1DX14rZPczlTBh,0xyDuOw1gAdFHy5ykgdex2,spotify:track:0xyDuOw1gAdFHy5ykgdex2,,"Violin Song - From ""Idharammayilatho""",1,"David Simon,Anitha",Devi Sri Prasad: Telugu Love Songs,0.0827,0.806,263730,0.745,3.92e-05,0,0.164,-4.234,1,0.0627,121.96,0.844
desi,Telugu Party Time,37i9dQZF1DX14rZPczlTBh,2bZYSiQcESqAoXWhbwZt5c,spotify:track:2bZYSiQcESqAoXWhbwZt5c,,"Jivvu Jivvu - From ""Katamarayudu""",0,"Anup Rubens,Dhanunjay","Jivvu Jivvu (From ""Katamarayudu"")",0.314,0.622,158474,0.94,8.48e-06,10,0.0423,-6.221,1,0.516,145.624,0.497
desi,Telugu Party Time,37i9dQZF1DX14rZPczlTBh,0EhbPDUVI1otDZg5KOx21Q,spotify:track:0EhbPDUVI1otDZg5KOx21Q,,Kodi Koora,0,"Jassie Gift,Malathi",Andarivaadu (Original Motion Picture Soundtrack),0.423,0.782,294124,0.948,0.000682,4,0.16,-7.101,0,0.17,102.957,0.823
desi,Telugu Party Time,37i9dQZF1DX14rZPczlTBh,3pCRAPlcJBzIVzrJaVnXsJ,spotify:track:3pCRAPlcJBzIVzrJaVnXsJ,https://p.scdn.co/mp3-preview/30b12b3209f3a3b81bb97dd6be8e324838bc2a63?cid=63a77ff40e794a12ae216a18befde98c,Mastu Mastu,16,Mano,Upendra (Original Motion Picture Soundtrack),0.179,0.715,258142,0.94,3.3e-05,4,0.0959,-6.693,0,0.0849,88.97,0.748
desi,Telugu Party Time,37i9dQZF1DX14rZPczlTBh,0aSyzcFyCsOujevKLbMZxj,spotify:track:0aSyzcFyCsOujevKLbMZxj,,Idhedho Bagundhe,2,"Vijay Prakash,Anitha",Mirchi (Original Motion Picture Soundtrack),0.315,0.845,266760,0.762,0.000208,11,0.165,-6.655,0,0.0692,117.987,0.623
desi,Telugu Party Time,37i9dQZF1DX14rZPczlTBh,2rkwI0o4GNqkV8boIbRBDb,spotify:track:2rkwI0o4GNqkV8boIbRBDb,https://p.scdn.co/mp3-preview/c023c8fc1ef796c4e2395d624a77708e7c11cbc4?cid=63a77ff40e794a12ae216a18befde98c,Once Upon a Time Lo,25,Arun Gopan,Ninnu Kori (Original Motion Picture Soundtrack),0.165,0.867,213163,0.914,2.55e-05,7,0.327,-4.923,0,0.117,131.994,0.672
desi,Telugu Party Time,37i9dQZF1DX14rZPczlTBh,7sQeI1sEBJV99pG2viAn3B,spotify:track:7sQeI1sEBJV99pG2viAn3B,https://p.scdn.co/mp3-preview/86a978f179acd37bca5c13acffe83d563cb00c20?cid=63a77ff40e794a12ae216a18befde98c,Villu Villu,18,"A.R. Rahman,G. V. Prakash,Naresh Iyer,Sharanya Srinivas,Vishwaprasadh,Vijay,Kajal Aggarwal,Samantha,Nithya Menen",Adirindhi (Original Motion Picture Soundtrack),0.197,0.781,256218,0.729,1.73e-06,5,0.0351,-8.25,0,0.179,140.079,0.858
desi,Telugu Party Time,37i9dQZF1DX14rZPczlTBh,5MhnpBzKRDQpeAJgR7vmHV,spotify:track:5MhnpBzKRDQpeAJgR7vmHV,,MCA,0,Nakash Aziz,MCA (Original Motion Picture Soundtrack),0.234,0.619,197321,0.905,0.117,9,0.0969,-2.8,0,0.206,83.902,0.863
desi,Telugu Party Time,37i9dQZF1DX14rZPczlTBh,6WUZsoHnYswXt95ajvbJxY,spotify:track:6WUZsoHnYswXt95ajvbJxY,https://p.scdn.co/mp3-preview/9b084c12596cf8f1a101d2feba74edf0b21ba060?cid=63a77ff40e794a12ae216a18befde98c,Bomma Adirindhi,20,"Saketh,Mohana Bhogaraju",Jawaan (Original Motion Picture Soundtrack),0.177,0.749,215037,0.94,0.000345,10,0.0758,-6.595,0,0.227,102.644,0.884
desi,Telugu Party Time,37i9dQZF1DX14rZPczlTBh,3D0qEmjJ7y8mBPM1Bky07X,spotify:track:3D0qEmjJ7y8mBPM1Bky07X,,Oppulakuppa,0,"R. P. Patnaik,Usha",Allari Ramudu (Original Motion Picture Soundtrack),0.133,0.727,252108,0.973,9.46e-05,0,0.268,-4.562,0,0.141,105.004,0.705
desi,Telugu Party Time,37i9dQZF1DX14rZPczlTBh,3CfqoK4CYSiLPyG4CHFH3Y,spotify:track:3CfqoK4CYSiLPyG4CHFH3Y,,Chuk Chuk,0,"Devi Sri Prasad,Malgadi Subha",Thulasi (Original Motion Picture Soundtrack),0.271,0.921,310040,0.919,2.88e-05,7,0.0626,-7.469,0,0.176,130.014,0.88
desi,Telugu Party Time,37i9dQZF1DX14rZPczlTBh,4aARz7uCOWKKRQHAYbXmgr,spotify:track:4aARz7uCOWKKRQHAYbXmgr,,Maava Maava,0,"S. P. Balasubrahmanyam,K. S. Chithra",Big Boss (Original Motion Picture Soundtrack),0.571,0.647,243704,0.908,0.00114,1,0.116,-4.441,0,0.235,74.695,0.816
desi,Telugu Party Time,37i9dQZF1DX14rZPczlTBh,77LJddfSEnfInv9wd2mBSG,spotify:track:77LJddfSEnfInv9wd2mBSG,,Break the Rules,0,Raghu Dixit,Toliprema (Original Motion Picture Soundtrack),0.533,0.738,246094,0.881,0.00105,4,0.0682,-3.892,0,0.141,128.014,0.535
desi,Telugu Party Time,37i9dQZF1DX14rZPczlTBh,1rUIMfgl59e6euk7wAL4oC,spotify:track:1rUIMfgl59e6euk7wAL4oC,,Family Party,0,Jaspreet Jasz,MCA (Original Motion Picture Soundtrack),0.126,0.836,240626,0.96,0.00206,0,0.111,-5.108,0,0.077,134.966,0.95
desi,Telugu Party Time,37i9dQZF1DX14rZPczlTBh,4yNJ3anRH1rMJzcDDTlOOk,spotify:track:4yNJ3anRH1rMJzcDDTlOOk,https://p.scdn.co/mp3-preview/cc6b4d48f858666d20250ff6078ee11b299c8a48?cid=63a77ff40e794a12ae216a18befde98c,Door Number Okati,21,Geetha Madhuri,Oopiri (Original Motion Picture Soundtrack),0.317,0.59,243043,0.843,0.00167,11,0.203,-6.614,0,0.296,80.991,0.617
desi,Telugu Party Time,37i9dQZF1DX14rZPczlTBh,4G7ISVgFLJ99yh2Wivwf78,spotify:track:4G7ISVgFLJ99yh2Wivwf78,,Life Is a Rainbow,0,"Yazin Nizar,Priya Himesh",Vunnadhi Okate Zindagi (Original Motion Picture Soundtrack),0.114,0.468,262462,0.938,0.0,11,0.931,-4.419,0,0.263,145.146,0.761
desi,Telugu Party Time,37i9dQZF1DX14rZPczlTBh,3HwmP8lL4aO6MHqSSR7nlF,spotify:track:3HwmP8lL4aO6MHqSSR7nlF,https://p.scdn.co/mp3-preview/967e430168357520b1c0009874c19b1d9607452f?cid=63a77ff40e794a12ae216a18befde98c,A For Apple,16,"Mamta Sharma,Sagar",Jaya Janaki Nayaka (Original Motion Picture Soundtrack),0.597,0.824,227579,0.939,0.00025,5,0.138,-5.818,0,0.119,87.472,0.909
desi,Telugu Party Time,37i9dQZF1DX14rZPczlTBh,5WqumC8vL4RGo2Zuk8ZdeO,spotify:track:5WqumC8vL4RGo2Zuk8ZdeO,,Tinga Tinga,0,"Ghibran,Padmalatha",Theeran Adhigaaram Ondru (Original Motion Picture Soundtrack),0.448,0.537,195173,0.828,0.000111,7,0.13,-4.925,0,0.358,109.904,0.721
desi,Telugu Party Time,37i9dQZF1DX14rZPczlTBh,3UuZxEDjZgBfLv9sHuC3HM,spotify:track:3UuZxEDjZgBfLv9sHuC3HM,https://p.scdn.co/mp3-preview/07d0e331fbc03e2005c607f1643f0aba27d843ae?cid=63a77ff40e794a12ae216a18befde98c,Just Chill Boss,18,"M. M. Manasi,Deepak",Jaya Janaki Nayaka (Original Motion Picture Soundtrack),0.12,0.83,251928,0.911,0.00782,2,0.0714,-5.548,1,0.0484,120.008,0.911
desi,Telugu Party Time,37i9dQZF1DX14rZPczlTBh,0cs1CfM5F9C6ABghGIJuli,spotify:track:0cs1CfM5F9C6ABghGIJuli,https://p.scdn.co/mp3-preview/71b8a531f2a2b2342b5ef26103b7bbd1372cc201?cid=63a77ff40e794a12ae216a18befde98c,Parvathi Thanayudavo,15,"Suresh Bobbili,Shankar Babu,Mangli,Ranjani,Kailash,Sivakumar Siddareddy,Naresh",Needi Naadhi Oke Katha (Original Motion Picture Soundtrack),0.768,0.494,248645,0.522,0.0,1,0.1,-11.693,1,0.507,86.121,0.584
