category_id,playlist_name,playlist_id,track_id,track_uri,track_preview_url,track_name,track_popularity,artist_name,album_name,acousticness,danceability,duration_ms,energy,instrumentalness,key,liveness,loudness,mode,speechiness,tempo,valence
arab,Arabic Trap,37i9dQZF1DXcC6YLqj8ET8,1MitUwnaR9yfZghi4Qzf8M,spotify:track:1MitUwnaR9yfZghi4Qzf8M,https://p.scdn.co/mp3-preview/e3c205f7395575d59366bb49968e5f3a573fb73f?cid=63a77ff40e794a12ae216a18befde98c,Galbi,39,Amorf,Hayat,0.0276,0.438,153604,0.587,0.011,5,0.121,-10.558,0,0.064,149.563,0.238
arab,Arabic Trap,37i9dQZF1DXcC6YLqj8ET8,31jM1k905s5TpVflu5KH2d,spotify:track:31jM1k905s5TpVflu5KH2d,https://p.scdn.co/mp3-preview/83a7f07009ca5b91481632acd7aea6650b96bc60?cid=63a77ff40e794a12ae216a18befde98c,PYRMYD,45,Inkyz,PYRMYD,0.14,0.629,99000,0.21,0.0572,9,0.0793,-15.725,1,0.277,75.094,0.586
arab,Arabic Trap,37i9dQZF1DXcC6YLqj8ET8,2IEzElQ5KAtXDoJAGixG2R,spotify:track:2IEzElQ5KAtXDoJAGixG2R,https://p.scdn.co/mp3-preview/b0a908bee65304ff43ff80ffccdc938838889e01?cid=63a77ff40e794a12ae216a18befde98c,Raabta,37,CryJaxx,Raabta,0.017,0.649,183312,0.956,0.0666,2,0.226,-4.261,1,0.0677,150.077,0.287
arab,Arabic Trap,37i9dQZF1DXcC6YLqj8ET8,4BLFw6EbBWHvKe7uTokPe5,spotify:track:4BLFw6EbBWHvKe7uTokPe5,https://p.scdn.co/mp3-preview/3c220801a367a8a047077338c6e3ca74d1976b4b?cid=63a77ff40e794a12ae216a18befde98c,Sargon,31,AxLi,Sargon,0.000727,0.693,184800,0.695,0.937,1,0.32,-10.802,1,0.0521,150.092,0.255
arab,Arabic Trap,37i9dQZF1DXcC6YLqj8ET8,0iwr5Kp0R2RVpBUOVIzMCs,spotify:track:0iwr5Kp0R2RVpBUOVIzMCs,https://p.scdn.co/mp3-preview/52184ad9cba8bda819c7b0a39382aae5b314753c?cid=63a77ff40e794a12ae216a18befde98c,Earif Habibi,33,Amorf,Hayat,0.211,0.613,198408,0.756,0.000475,0,0.331,-8.058,1,0.136,149.94,0.503
arab,Arabic Trap,37i9dQZF1DXcC6YLqj8ET8,39qUZ7zIlDXziDOvRE2UCN,spotify:track:39qUZ7zIlDXziDOvRE2UCN,https://p.scdn.co/mp3-preview/60223c33f20d7e332bd273fa7872c0d7c53f99e2?cid=63a77ff40e794a12ae216a18befde98c,Token Baashi,34,"CryJaxx,TH3 DARP",Token Baashi,0.029,0.673,221156,0.905,0.818,7,0.104,-3.349,1,0.0412,149.998,0.232
arab,Arabic Trap,37i9dQZF1DXcC6YLqj8ET8,2RORNOS5sDvSXwHbOOh1xV,spotify:track:2RORNOS5sDvSXwHbOOh1xV,https://p.scdn.co/mp3-preview/06bff252568c5fe6e24317377e301d52e710f218?cid=63a77ff40e794a12ae216a18befde98c,Resurrection,39,YZKN,Resurrection,0.267,0.524,167312,0.959,0.000729,2,0.712,-3.408,1,0.0587,74.969,0.148
arab,Arabic Trap,37i9dQZF1DXcC6YLqj8ET8,6gItxgLiMUYV5n3ityPec4,spotify:track:6gItxgLiMUYV5n3ityPec4,https://p.scdn.co/mp3-preview/cb53e512a8d5ad3108b66a5d569b24f4fc758a13?cid=63a77ff40e794a12ae216a18befde98c,Golden,30,BoyPanda,Golden,0.0349,0.47,210000,0.315,0.852,8,0.149,-12.746,0,0.0478,80.03,0.225
arab,Arabic Trap,37i9dQZF1DXcC6YLqj8ET8,4w4N4zM2uM4MMsr8Nsi4Nb,spotify:track:4w4N4zM2uM4MMsr8Nsi4Nb,https://p.scdn.co/mp3-preview/31dce70bf6da557b72add11c517d7d2e65162719?cid=63a77ff40e794a12ae216a18befde98c,Ya Habibi,42,AxLi,Ya Habibi,0.00279,0.754,170000,0.405,0.000639,7,0.101,-10.282,1,0.0539,80.0,0.226
arab,Arabic Trap,37i9dQZF1DXcC6YLqj8ET8,2ZV9Noaa7kNq0FSXoe9BZ4,spotify:track:2ZV9Noaa7kNq0FSXoe9BZ4,,Caravan,4,S. Mare,ARABIAN TRAP Part 2,0.00456,0.6,260198,0.834,0.0299,7,0.0884,-5.01,1,0.147,95.933,0.408
arab,Arabic Trap,37i9dQZF1DXcC6YLqj8ET8,6rDBRNVPEHVWUCkDrUVY5a,spotify:track:6rDBRNVPEHVWUCkDrUVY5a,https://p.scdn.co/mp3-preview/34a00d8a942a2ebd8238f1a1cb79fda65d2cab13?cid=63a77ff40e794a12ae216a18befde98c,Kalahari,46,"Take/Five,Curfew",Kalahari,0.0311,0.371,169604,0.866,0.856,6,0.426,-4.202,1,0.102,98.836,0.123
arab,Arabic Trap,37i9dQZF1DXcC6YLqj8ET8,4OFkTR8v7n6fSRdpBvqcao,spotify:track:4OFkTR8v7n6fSRdpBvqcao,https://p.scdn.co/mp3-preview/53ef334f6d3ecbd1de658d78988e87df36c7175f?cid=63a77ff40e794a12ae216a18befde98c,Dansöz,33,Gillionaire,Gillvminati,0.0123,0.602,219712,0.74,0.0558,7,0.106,-8.484,1,0.0913,99.949,0.395
arab,Arabic Trap,37i9dQZF1DXcC6YLqj8ET8,0UyvLVU2WWOyaeRLBa1uBz,spotify:track:0UyvLVU2WWOyaeRLBa1uBz,https://p.scdn.co/mp3-preview/c314900549a0fd544b74a1e3723d871ce9cec6ba?cid=63a77ff40e794a12ae216a18befde98c,Al Andalus,34,"Beauty Brain,Flechette",Al Andalus,0.000809,0.643,168000,0.978,0.577,7,0.0329,-3.414,1,0.129,99.996,0.558
arab,Arabic Trap,37i9dQZF1DXcC6YLqj8ET8,3IFEe2d3yxGabs1s2P0O9p,spotify:track:3IFEe2d3yxGabs1s2P0O9p,https://p.scdn.co/mp3-preview/627f0bec7518b5ef665375a9c2d954701d83fccb?cid=63a77ff40e794a12ae216a18befde98c,Seth - Original Mix,33,Badass & Dandy,Seth,0.283,0.645,163202,0.972,0.108,1,0.242,-3.314,1,0.0479,100.017,0.484
arab,Arabic Trap,37i9dQZF1DXcC6YLqj8ET8,5E5XEWHRoV1sMDpQJCn2Qq,spotify:track:5E5XEWHRoV1sMDpQJCn2Qq,https://p.scdn.co/mp3-preview/fe226bf1d65f9faed35e50844dc696d0238d4fe0?cid=63a77ff40e794a12ae216a18befde98c,Osiris - Original Mix,35,Inkyz,Bottle EP,0.189,0.75,241206,0.728,0.0024,8,0.747,-5.257,1,0.0421,100.02,0.688
arab,Arabic Trap,37i9dQZF1DXcC6YLqj8ET8,6ItNoOCtoNXxHhHY6lydCn,spotify:track:6ItNoOCtoNXxHhHY6lydCn,https://p.scdn.co/mp3-preview/3bc2ef404427582dcc83a15d06f73edf5cd907dc?cid=63a77ff40e794a12ae216a18befde98c,Gxldpyrmds,31,Gillionaire,Gillvminati,0.0403,0.528,214173,0.738,0.759,7,0.158,-7.403,1,0.0444,100.008,0.295
arab,Arabic Trap,37i9dQZF1DXcC6YLqj8ET8,1iSUI1EPeDhppFzzVZGnHe,spotify:track:1iSUI1EPeDhppFzzVZGnHe,,Anymus,18,Inkyz,Luna,0.347,0.736,217212,0.76,0.171,8,0.287,-4.211,0,0.0652,100.007,0.205
arab,Arabic Trap,37i9dQZF1DXcC6YLqj8ET8,5UUYrmyLJ3ZmmDrvyQHyeC,spotify:track:5UUYrmyLJ3ZmmDrvyQHyeC,https://p.scdn.co/mp3-preview/1ef7413f7355896fa51315e455865f765c034acc?cid=63a77ff40e794a12ae216a18befde98c,Çöl,31,"Cricced,Sarque",Çöl,0.000208,0.516,169170,0.68,0.895,0,0.0636,-10.446,1,0.0482,100.043,0.0378
arab,Arabic Trap,37i9dQZF1DXcC6YLqj8ET8,3G6fFwzSObu9BS5XhkJzWA,spotify:track:3G6fFwzSObu9BS5XhkJzWA,https://p.scdn.co/mp3-preview/64b9d560eb1d50eeba77b4c8f985905ef3c9374b?cid=63a77ff40e794a12ae216a18befde98c,Kyojin,31,MVGMVR,Kyojin,0.068,0.724,150875,0.879,0.834,0,0.357,-6.739,1,0.036,105.019,0.237
arab,Arabic Trap,37i9dQZF1DXcC6YLqj8ET8,4BiiDQtijdt0WdtiyIPhnO,spotify:track:4BiiDQtijdt0WdtiyIPhnO,,Magenta Riddim,69,DJ Snake,Magenta Riddim,0.00041,0.604,194490,0.897,0.838,10,0.327,-3.678,0,0.0641,102.053,0.588
arab,Arabic Trap,37i9dQZF1DXcC6YLqj8ET8,6JTUikvtPRHUhcg0K3eXid,spotify:track:6JTUikvtPRHUhcg0K3eXid,,Kobra,48,"Fakear,Pouvoir Magique",Kobra,0.00468,0.679,198453,0.846,0.766,8,0.354,-6.231,1,0.0534,109.995,0.502
arab,Arabic Trap,37i9dQZF1DXcC6YLqj8ET8,6d0ikdVlVc1L3twokzsxux,spotify:track:6d0ikdVlVc1L3twokzsxux,https://p.scdn.co/mp3-preview/24372093f3f291e1c51b82cf77c6853d723ef2e7?cid=63a77ff40e794a12ae216a18befde98c,Abu Dhabi - Original Mix,33,MVXDOSE,Luxury Sound Compilation Vol. Xi,0.0488,0.729,200765,0.587,0.775,9,0.107,-7.203,1,0.141,110.038,0.0739
arab,Arabic Trap,37i9dQZF1DXcC6YLqj8ET8,5cRxZfCoYePq55n6uI94xe,spotify:track:5cRxZfCoYePq55n6uI94xe,https://p.scdn.co/mp3-preview/61f44e6f820572cb641ed6323209210f3bd62294?cid=63a77ff40e794a12ae216a18befde98c,Nefis,32,Żwirek,Nefis,0.0206,0.707,227033,0.542,0.863,2,0.134,-7.245,1,0.101,111.068,0.228
arab,Arabic Trap,37i9dQZF1DXcC6YLqj8ET8,4M92m8y6WXm0xHzWBY3tJJ,spotify:track:4M92m8y6WXm0xHzWBY3tJJ,https://p.scdn.co/mp3-preview/13498826de8536ae76b055723a06daed115ec14a?cid=63a77ff40e794a12ae216a18befde98c,Royal,25,"Nextro,Wizard",Royal,0.0722,0.681,212000,0.829,0.838,0,0.0972,-6.971,0,0.0335,120.089,0.336
arab,Arabic Trap,37i9dQZF1DXcC6YLqj8ET8,3CrDFdN7MKM3Mx9T3znBts,spotify:track:3CrDFdN7MKM3Mx9T3znBts,https://p.scdn.co/mp3-preview/dbc01b56dd4de6450412682edaf7d918d745982c?cid=63a77ff40e794a12ae216a18befde98c,Katyar,31,MVGMVR,Katyar,0.000724,0.638,224438,0.597,0.833,0,0.0864,-9.638,1,0.0369,120.014,0.0341
arab,Arabic Trap,37i9dQZF1DXcC6YLqj8ET8,4FvTKZ0ZTuHcj9QZfWKlC9,spotify:track:4FvTKZ0ZTuHcj9QZfWKlC9,https://p.scdn.co/mp3-preview/187aad15852df8dd0bf8fbc17ea8d6889b52b8bd?cid=63a77ff40e794a12ae216a18befde98c,Kwkb Mhgor,32,"Fady Haroun,Rasha Kamal","Arabic Trap, Pt. 3",0.454,0.546,266266,0.625,3.95e-05,0,0.145,-6.074,1,0.195,120.063,0.135
arab,Arabic Trap,37i9dQZF1DXcC6YLqj8ET8,4WUoLQ28n1JJ6eZKK85plv,spotify:track:4WUoLQ28n1JJ6eZKK85plv,https://p.scdn.co/mp3-preview/97782484cf4ea58c0de5ebdeceb319dc664628af?cid=63a77ff40e794a12ae216a18befde98c,People in Dubai,29,Doktor Gigi,People in Dubai,5.74e-05,0.75,244000,0.887,0.475,6,0.095,-4.783,0,0.0625,120.025,0.582
arab,Arabic Trap,37i9dQZF1DXcC6YLqj8ET8,7E6VpNUEir9C9P2uaPqzYb,spotify:track:7E6VpNUEir9C9P2uaPqzYb,https://p.scdn.co/mp3-preview/4e6fbd07b7c79d1a4dcf196a0f6e55730bf6cc2f?cid=63a77ff40e794a12ae216a18befde98c,Desert,31,Laki Bass,Desert,0.00226,0.358,188448,0.762,0.022,7,0.122,-4.974,0,0.0428,121.604,0.113
arab,Arabic Trap,37i9dQZF1DXcC6YLqj8ET8,1RQ5DfSbpQlh8xEXKUCXBq,spotify:track:1RQ5DfSbpQlh8xEXKUCXBq,https://p.scdn.co/mp3-preview/7159f9e300da8385d6b2cb752ef549d5f63de923?cid=63a77ff40e794a12ae216a18befde98c,Sultan,30,NoXuu,Sultan,0.00173,0.664,204460,0.693,0.658,2,0.118,-7.756,1,0.0616,127.97,0.0773
arab,Arabic Trap,37i9dQZF1DXcC6YLqj8ET8,7mjsDtb6oMFXi6IL069UED,spotify:track:7mjsDtb6oMFXi6IL069UED,https://p.scdn.co/mp3-preview/a52339634738c3abad0c4294b55de91f63632a36?cid=63a77ff40e794a12ae216a18befde98c,Mirage,22,Nextro,Mirage,0.000212,0.43,187248,0.753,0.213,2,0.53,-4.482,1,0.0475,126.831,0.0897
arab,Arabic Trap,37i9dQZF1DXcC6YLqj8ET8,5RT3eHdbNtK7xZouzaH0in,spotify:track:5RT3eHdbNtK7xZouzaH0in,https://p.scdn.co/mp3-preview/f1ba6e3a30a7dfa309342e32cad42b8c55785306?cid=63a77ff40e794a12ae216a18befde98c,Qarabag 2,32,"C.o.R,CRANK","Arabic Trap, Pt. 2",0.0103,0.69,196441,0.566,0.343,1,0.129,-9.274,1,0.0395,127.954,0.441
arab,Arabic Trap,37i9dQZF1DXcC6YLqj8ET8,0boRoPpbki2ozKrAd8wi9u,spotify:track:0boRoPpbki2ozKrAd8wi9u,https://p.scdn.co/mp3-preview/4b8d3b69dcbb5040b347aa8d102c95a3f5f2676f?cid=63a77ff40e794a12ae216a18befde98c,Kabani,29,VFM Style,Kabani,0.000312,0.654,233048,0.808,0.032,1,0.103,-5.523,1,0.0859,129.912,0.0399
arab,Arabic Trap,37i9dQZF1DXcC6YLqj8ET8,78NWG8vFrAehpsCJr1SLvq,spotify:track:78NWG8vFrAehpsCJr1SLvq,https://p.scdn.co/mp3-preview/17884b5ac389f9729e47765414b1914ba663aefd?cid=63a77ff40e794a12ae216a18befde98c,End,33,YZKN,End,0.00247,0.61,184635,0.977,0.944,11,0.094,-3.775,0,0.0396,129.997,0.0508
arab,Arabic Trap,37i9dQZF1DXcC6YLqj8ET8,3f1zVIqnQ5eXU1VrdODX4i,spotify:track:3f1zVIqnQ5eXU1VrdODX4i,https://p.scdn.co/mp3-preview/936b8825e129bd4b8c3691932ba80e13af076ce3?cid=63a77ff40e794a12ae216a18befde98c,TRTRE,30,VVSV,TRTRE,0.0778,0.618,194154,0.746,0.0184,2,0.108,-5.45,1,0.0801,129.916,0.0393
arab,Arabic Trap,37i9dQZF1DXcC6YLqj8ET8,17r16Atqljpae7Jggjds2W,spotify:track:17r16Atqljpae7Jggjds2W,https://p.scdn.co/mp3-preview/b8b045c1d1a358dbabc8eb2061b5c4e93e9f577a?cid=63a77ff40e794a12ae216a18befde98c,Qarabag (Remix),31,Cricced,Legend,0.00345,0.818,156996,0.431,0.872,0,0.133,-11.846,1,0.201,130.022,0.0786
arab,Arabic Trap,37i9dQZF1DXcC6YLqj8ET8,0MrHUrvMKEkC7YqvwJXwD2,spotify:track:0MrHUrvMKEkC7YqvwJXwD2,https://p.scdn.co/mp3-preview/44a6b8b75eeb50c1d1f10550c5b01871eab9127e?cid=63a77ff40e794a12ae216a18befde98c,Mortal Blow,29,Visck,Sudden death,0.00214,0.76,147763,0.664,0.753,10,0.11,-7.59,0,0.0643,130.076,0.0376
arab,Arabic Trap,37i9dQZF1DXcC6YLqj8ET8,7kmJxC8dqaOc8ypyrwn5Y9,spotify:track:7kmJxC8dqaOc8ypyrwn5Y9,https://p.scdn.co/mp3-preview/d449413b2d5fabe5ca19a9a6b743562f3eb044de?cid=63a77ff40e794a12ae216a18befde98c,Stamp,28,Cricced,Legend,0.00434,0.708,147712,0.56,0.804,5,0.168,-9.908,1,0.0428,130.052,0.214
arab,Arabic Trap,37i9dQZF1DXcC6YLqj8ET8,532pwqddzkT5I9j4jgVOhb,spotify:track:532pwqddzkT5I9j4jgVOhb,https://p.scdn.co/mp3-preview/c5b3f34f1f801c7f964627dc298dd34963d8e0dc?cid=63a77ff40e794a12ae216a18befde98c,Leil Nhar,33,AxLi,Leil Nhar,0.00628,0.561,149091,0.464,0.396,2,0.109,-10.261,0,0.039,131.719,0.215
arab,Arabic Trap,37i9dQZF1DXcC6YLqj8ET8,4tDlB4iuEuXaVOcDVh9N9v,spotify:track:4tDlB4iuEuXaVOcDVh9N9v,https://p.scdn.co/mp3-preview/1d89cdcf4b7c09a67c9a46399de2cd4965ec55ae?cid=63a77ff40e794a12ae216a18befde98c,Arab Trap 2 / Habibi,32,DJ KABOO,Arab Trap 2 / Habibi,0.0196,0.565,121574,0.826,0.129,7,0.0708,-7.115,1,0.0576,134.993,0.971
arab,Arabic Trap,37i9dQZF1DXcC6YLqj8ET8,2IiNgBjUpVl06PPgjhTP2x,spotify:track:2IiNgBjUpVl06PPgjhTP2x,https://p.scdn.co/mp3-preview/806f987f78862fd38c44c13e3a5464b186d72c75?cid=63a77ff40e794a12ae216a18befde98c,Manama,29,URUS Squad,Manama,0.00361,0.42,173187,0.27,0.415,5,0.203,-7.886,0,0.0417,138.292,0.0956
arab,Arabic Trap,37i9dQZF1DXcC6YLqj8ET8,235pbDqCelgVBkEU7TEVoK,spotify:track:235pbDqCelgVBkEU7TEVoK,https://p.scdn.co/mp3-preview/f11df276ac2d6a6e7e2925bda671ae9475b6b85b?cid=63a77ff40e794a12ae216a18befde98c,Sawt Al Mashreq - Video Edit,27,Gan Gah,Habibitronics,0.00642,0.676,219150,0.847,0.905,5,0.114,-8.494,0,0.0354,138.017,0.618
arab,Arabic Trap,37i9dQZF1DXcC6YLqj8ET8,33XbI355jYdBpCabA0wp6U,spotify:track:33XbI355jYdBpCabA0wp6U,https://p.scdn.co/mp3-preview/af2b87bd71766731939e2c64e19fa2eb454c95b5?cid=63a77ff40e794a12ae216a18befde98c,Omri,31,FEARSTbeats,Omri,0.0803,0.52,196586,0.901,0.00589,11,0.22,-3.031,1,0.0615,140.053,0.286
arab,Arabic Trap,37i9dQZF1DXcC6YLqj8ET8,4Ilhu67UnrkeG5gtGytsij,spotify:track:4Ilhu67UnrkeG5gtGytsij,,Tomb (feat. Rasha Kamal),27,"Adrinaline,Fady Haroun,Rasha Kamal",Tomb (feat. Rasha Kamal),0.0231,0.53,177293,0.888,0.0304,9,0.377,-2.068,1,0.12,139.993,0.154
arab,Arabic Trap,37i9dQZF1DXcC6YLqj8ET8,2DBU3G7bYWcLKxKNtsXJ5h,spotify:track:2DBU3G7bYWcLKxKNtsXJ5h,https://p.scdn.co/mp3-preview/a605edca7c54b3e9b705f50c18753fd7de728406?cid=63a77ff40e794a12ae216a18befde98c,Arab Trap: Made in Egypt,29,DJ KABOO,Arab Trap: Made in Egypt,0.00365,0.734,154712,0.882,0.88,0,0.0955,-4.973,1,0.0467,139.906,0.755
arab,Arabic Trap,37i9dQZF1DXcC6YLqj8ET8,5EwBXGYbR9GdlSZl9y5pd7,spotify:track:5EwBXGYbR9GdlSZl9y5pd7,https://p.scdn.co/mp3-preview/ef4c42daf2f58e347f8f4b2d577c214a5e3eae96?cid=63a77ff40e794a12ae216a18befde98c,Dokha - Original Mix,27,Fruitsnacks,Dokha,0.00152,0.432,194576,0.881,0.957,7,0.0658,-4.606,1,0.081,140.004,0.132
arab,Arabic Trap,37i9dQZF1DXcC6YLqj8ET8,3AYHbLm0yVwfVsaeVPUNo6,spotify:track:3AYHbLm0yVwfVsaeVPUNo6,https://p.scdn.co/mp3-preview/68d99e9314018e0da991aa013181ed1f77b04883?cid=63a77ff40e794a12ae216a18befde98c,Mirth,27,LM3ALLEM,Al Sharq,0.0154,0.615,169732,0.957,0.88,9,0.256,-3.625,0,0.0566,140.036,0.554
arab,Arabic Trap,37i9dQZF1DXcC6YLqj8ET8,7znEjz5Gix6z04RpJhniKi,spotify:track:7znEjz5Gix6z04RpJhniKi,https://p.scdn.co/mp3-preview/4bc258a7a5c28a8faec48171c574f3a19636b115?cid=63a77ff40e794a12ae216a18befde98c,Nefertiti,28,HVNTRR,Nefertiti,0.0554,0.452,281543,0.523,0.0599,0,0.0948,-7.33,1,0.0404,139.963,0.16
arab,Arabic Trap,37i9dQZF1DXcC6YLqj8ET8,3MC0LPx0R4SSf6eF2vGbVH,spotify:track:3MC0LPx0R4SSf6eF2vGbVH,https://p.scdn.co/mp3-preview/17a2a3aed8a2040cc57f9c4b6b3f374c987d63ca?cid=63a77ff40e794a12ae216a18befde98c,Tarab,26,LM3ALLEM,Al Sharq,0.0185,0.56,209161,0.851,0.681,11,0.713,-3.623,0,0.082,140.055,0.0535
arab,Arabic Trap,37i9dQZF1DXcC6YLqj8ET8,1C3PeqYtCFVFxUBdFZoxeT,spotify:track:1C3PeqYtCFVFxUBdFZoxeT,https://p.scdn.co/mp3-preview/3277d8a9b1a747398b6364640089cef5de755188?cid=63a77ff40e794a12ae216a18befde98c,Oriental,22,OSAK,Oriental,0.102,0.525,268552,0.871,0.00042,7,0.295,-3.05,0,0.0756,145.183,0.161
arab,Arabic Trap,37i9dQZF1DXcC6YLqj8ET8,4LI2D3GbfBTeFt0ftOLvxc,spotify:track:4LI2D3GbfBTeFt0ftOLvxc,https://p.scdn.co/mp3-preview/7826397fd6409b801d783b7b3d8c0774f401fb47?cid=63a77ff40e794a12ae216a18befde98c,Love in Damascus,40,Żwirek,Love in Damascus,0.0158,0.655,234371,0.749,0.797,2,0.0501,-6.963,1,0.0866,145.012,0.303
arab,Arabic Trap,37i9dQZF1DXcC6YLqj8ET8,5Jp1RqJJZz2qYrJrdja9X1,spotify:track:5Jp1RqJJZz2qYrJrdja9X1,https://p.scdn.co/mp3-preview/e075cb4b038e967a4a48f4c43e7ab0c29037c44f?cid=63a77ff40e794a12ae216a18befde98c,Senshi,29,MVGMVR,Senshi,0.0433,0.571,124672,0.976,0.609,7,0.519,-6.48,1,0.0708,145.012,0.136
arab,Arabic Trap,37i9dQZF1DXcC6YLqj8ET8,55DEy5jBZJcm75JpGZTlyC,spotify:track:55DEy5jBZJcm75JpGZTlyC,https://p.scdn.co/mp3-preview/5dadc5abebf9c1100fa365ebbdaf2fbc55857b3a?cid=63a77ff40e794a12ae216a18befde98c,Cataclysm جائحة,26,Gillionaire,Cataclysm جائحة,0.000378,0.55,139043,0.523,0.824,5,0.118,-10.814,0,0.0428,145.054,0.0891
arab,Arabic Trap,37i9dQZF1DXcC6YLqj8ET8,19ShQXQe9w82i7o4oXhChq,spotify:track:19ShQXQe9w82i7o4oXhChq,,Middle of Desert,0,"DJ Orcun,Berk Sezgi",Everyone's a DJ,0.00181,0.713,211582,0.837,0.903,9,0.176,-6.627,1,0.097,145.003,0.762
arab,Arabic Trap,37i9dQZF1DXcC6YLqj8ET8,1xYr9rmYoQD0XSTCHT7Bn2,spotify:track:1xYr9rmYoQD0XSTCHT7Bn2,https://p.scdn.co/mp3-preview/4ccb8aef238924285dbe08460794bddecbb4062e?cid=63a77ff40e794a12ae216a18befde98c,The Belly Dance,28,Flechette,The Belly Dance,0.00201,0.6,196849,0.984,0.465,6,0.351,-2.871,0,0.226,145.995,0.555
arab,Arabic Trap,37i9dQZF1DXcC6YLqj8ET8,4wm54RgVLbAtk5v4A9I9x5,spotify:track:4wm54RgVLbAtk5v4A9I9x5,https://p.scdn.co/mp3-preview/7a8ce44af5b0f442cfde34a56594c14c4f0fc1fe?cid=63a77ff40e794a12ae216a18befde98c,La Câlin,63,Serhat Durmus,La Câlin,0.0883,0.598,172009,0.437,0.839,2,0.1,-10.97,1,0.0422,147.844,0.0697
arab,Arabic Trap,37i9dQZF1DXcC6YLqj8ET8,7jO8s5vVxXqaIAygw9Kg1i,spotify:track:7jO8s5vVxXqaIAygw9Kg1i,https://p.scdn.co/mp3-preview/215104e560fc765b45d4412afa2f812525ae19ca?cid=63a77ff40e794a12ae216a18befde98c,Darayya,25,Bonetrips,Amal,0.00879,0.525,159022,0.758,0.666,2,0.333,-5.811,1,0.0951,148.01,0.435
arab,Arabic Trap,37i9dQZF1DXcC6YLqj8ET8,4HqbXDIHii3bLy2iBOpJTn,spotify:track:4HqbXDIHii3bLy2iBOpJTn,https://p.scdn.co/mp3-preview/311fa753a13b0b1c5ca8c46f86768ead76f4ff53?cid=63a77ff40e794a12ae216a18befde98c,Axis,31,Onur Ormen,Axis,0.0525,0.716,163638,0.661,0.846,6,0.0815,-3.546,0,0.036,150.03,0.103
arab,Arabic Trap,37i9dQZF1DXcC6YLqj8ET8,1BIloS8IudcXo5B2Dtlmy1,spotify:track:1BIloS8IudcXo5B2Dtlmy1,,Dahaka,25,"LANZI,SHAD",Dahaka,0.00353,0.621,192000,0.73,0.756,0,0.122,-4.865,1,0.0457,149.899,0.177
arab,Arabic Trap,37i9dQZF1DXcC6YLqj8ET8,4ETSTxKHqNrp3KuzPJA6fN,spotify:track:4ETSTxKHqNrp3KuzPJA6fN,https://p.scdn.co/mp3-preview/435e3028b4af36f28de0c1c0e598a9e39937188b?cid=63a77ff40e794a12ae216a18befde98c,Al Sharq,32,LM3ALLEM,Al Sharq,0.0942,0.757,168008,0.97,0.953,9,0.111,-3.042,1,0.0759,150.048,0.754
arab,Arabic Trap,37i9dQZF1DXcC6YLqj8ET8,3lQiHxZYdVX4jv6ZhT0J6M,spotify:track:3lQiHxZYdVX4jv6ZhT0J6M,https://p.scdn.co/mp3-preview/76d93fb3fcfe2c176e412fd61951dc6333505443?cid=63a77ff40e794a12ae216a18befde98c,Shishigami,33,Dravek,Shishigami,0.003,0.493,217600,0.968,0.832,4,0.736,-5.576,0,0.0428,149.976,0.709
arab,Arabic Trap,37i9dQZF1DXcC6YLqj8ET8,0tTrEV2SVyRxWkH7AX75YN,spotify:track:0tTrEV2SVyRxWkH7AX75YN,https://p.scdn.co/mp3-preview/d3d01d93d13dd77d61e0ec2300e8c8d5ee6b05b6?cid=63a77ff40e794a12ae216a18befde98c,El Shahqa,25,"Fady Haroun,Team 2Card",El Shahqa,0.00327,0.557,161802,0.949,0.00692,5,0.105,-3.716,1,0.124,149.943,0.256
arab,Arabic Trap,37i9dQZF1DXcC6YLqj8ET8,7FMCLIP6mDs4TuJMtWjTla,spotify:track:7FMCLIP6mDs4TuJMtWjTla,https://p.scdn.co/mp3-preview/24f5caf8e2d0aa4b03200c32abd354e1ee8e11b3?cid=63a77ff40e794a12ae216a18befde98c,Magic Flute,32,Take/Five,Midnight,0.171,0.664,169639,0.594,0.507,6,0.13,-10.393,0,0.0868,149.945,0.281
arab,Arabic Trap,37i9dQZF1DXcC6YLqj8ET8,6UCoYj2uO3pyIP43eQGMko,spotify:track:6UCoYj2uO3pyIP43eQGMko,,Trapeast - Original Mix,0,Dammirka,"Turkish Arabian Trap, Vol. 6",0.0341,0.559,164952,0.893,0.865,4,0.355,-5.734,1,0.169,150.209,0.696
arab,Arabic Trap,37i9dQZF1DXcC6YLqj8ET8,5aZaJ7puWEEwKDJg0GjsIb,spotify:track:5aZaJ7puWEEwKDJg0GjsIb,https://p.scdn.co/mp3-preview/009c7fb7ae90375bfc34cddfa4957c68948bbb1a?cid=63a77ff40e794a12ae216a18befde98c,Caspian,37,ASADI,Caspian,0.0293,0.524,202648,0.745,0.000307,2,0.321,-5.763,1,0.339,153.824,0.413
arab,Arabic Trap,37i9dQZF1DXcC6YLqj8ET8,0SkgM4byQ2Lu5t8F2skrbq,spotify:track:0SkgM4byQ2Lu5t8F2skrbq,https://p.scdn.co/mp3-preview/238b1db4740669156e5d66d0ecea83a6d569b16a?cid=63a77ff40e794a12ae216a18befde98c,Yallah,27,Bonetrips,Yallah,0.0153,0.582,178000,0.899,0.671,10,0.119,-5.117,1,0.194,154.941,0.279
arab,Arabic Trap,37i9dQZF1DXcC6YLqj8ET8,09Ltdtsh3FFIGAppCJj0HD,spotify:track:09Ltdtsh3FFIGAppCJj0HD,https://p.scdn.co/mp3-preview/d50f5bf9955d7ffe900d59caefe67059f5b497ac?cid=63a77ff40e794a12ae216a18befde98c,Ares,29,"TORU,TH3 DARP",Ares,0.38,0.526,189542,0.66,0.55,2,0.115,-7.465,1,0.133,157.119,0.24
arab,Arabic Trap,37i9dQZF1DXcC6YLqj8ET8,17Hze4N6virr6w023xwCo5,spotify:track:17Hze4N6virr6w023xwCo5,https://p.scdn.co/mp3-preview/8ccfc84ba754e7a0c9b824543b95428247606412?cid=63a77ff40e794a12ae216a18befde98c,Salvation,26,"Blvck,Hanzo",Tortured Souls,0.046,0.603,212658,0.785,0.828,4,0.075,-4.124,1,0.103,158.115,0.0792
arab,Arabic Trap,37i9dQZF1DXcC6YLqj8ET8,38n8scVMRubWOn1rIN2hfr,spotify:track:38n8scVMRubWOn1rIN2hfr,https://p.scdn.co/mp3-preview/e96c2bc8a7f65ff12532dcdbce8da31ab3f0e49c?cid=63a77ff40e794a12ae216a18befde98c,Sailor Mars,32,AxLi,Sailor Mars,0.0243,0.489,152906,0.843,0.033,0,0.106,-4.534,0,0.161,159.941,0.355
arab,Arabic Trap,37i9dQZF1DXcC6YLqj8ET8,06VL0LPGJodM9Kq7j2mpcu,spotify:track:06VL0LPGJodM9Kq7j2mpcu,https://p.scdn.co/mp3-preview/30e31f6dc0ec83991fbf3bd264c561215c104e07?cid=63a77ff40e794a12ae216a18befde98c,Rise,30,"Onur Ormen,SVRRIC",Rise,0.0618,0.579,137125,0.827,0.021,2,0.0926,-5.013,1,0.0505,159.97,0.271
arab,Arabic Trap,37i9dQZF1DXcC6YLqj8ET8,20apZJRGImKXGa6jXHbuMd,spotify:track:20apZJRGImKXGa6jXHbuMd,https://p.scdn.co/mp3-preview/62845aebdc67d3a942aaccd9fd00e46ec1f32bfd?cid=63a77ff40e794a12ae216a18befde98c,Wild,30,"YZKN,SVLIH",Wild,0.0652,0.739,126224,0.853,0.877,4,0.156,-4.866,0,0.209,160.107,0.108
arab,Arabic Trap,37i9dQZF1DXcC6YLqj8ET8,7j1dbcqcjjVbA6Jk7xpcTI,spotify:track:7j1dbcqcjjVbA6Jk7xpcTI,https://p.scdn.co/mp3-preview/d66644a0738219f22d89af963b5e879c850be782?cid=63a77ff40e794a12ae216a18befde98c,Mahal,36,Gent & Jawns,Mahal,0.0139,0.597,192528,0.951,0.615,8,0.148,-5.21,1,0.062,159.968,0.251
arab,Arabic Trap,37i9dQZF1DXcC6YLqj8ET8,2UlTu8xUMKfIXmQ8tKnnWn,spotify:track:2UlTu8xUMKfIXmQ8tKnnWn,https://p.scdn.co/mp3-preview/ba29f4f1adaa72766384df1d084556a2ce8e75c2?cid=63a77ff40e794a12ae216a18befde98c,Arabic Trap,27,FredBeats,Arabic Trap,0.00138,0.557,207438,0.788,0.683,1,0.0698,-8.93,1,0.032,159.991,0.124
arab,Arabic Trap,37i9dQZF1DXcC6YLqj8ET8,6mhiCvUbK5Jq2Ho05kgaa5,spotify:track:6mhiCvUbK5Jq2Ho05kgaa5,https://p.scdn.co/mp3-preview/21da3e2bba461e7e998e3d91157cf9993529fd68?cid=63a77ff40e794a12ae216a18befde98c,Lambo,29,VFM Style,Lambo,0.0464,0.561,198836,0.663,0.755,2,0.0928,-9.464,1,0.0528,160.016,0.0947
arab,Arabic Trap,37i9dQZF1DXcC6YLqj8ET8,2yxfQyA2fAfkE8r13br2qb,spotify:track:2yxfQyA2fAfkE8r13br2qb,https://p.scdn.co/mp3-preview/e978e4f73bbfc18257e061a3915d7eab75964a17?cid=63a77ff40e794a12ae216a18befde98c,Sahar,31,VFM Style,Sahar,0.000339,0.519,204062,0.656,0.602,1,0.309,-6.524,1,0.0405,160.017,0.219
arab,Arabic Trap,37i9dQZF1DXcC6YLqj8ET8,0WWvPEK2VaWu0MlMkQMCzY,spotify:track:0WWvPEK2VaWu0MlMkQMCzY,https://p.scdn.co/mp3-preview/b586f1039144093190887a5570eb1c8250ed292d?cid=63a77ff40e794a12ae216a18befde98c,Leviathan,29,Lucha,Leviathan,0.0566,0.391,129008,0.902,0.886,8,0.211,-4.511,0,0.378,159.978,0.103
arab,Arabic Trap,37i9dQZF1DXcC6YLqj8ET8,7DPkCFDBjWkAPpamTAOYjG,spotify:track:7DPkCFDBjWkAPpamTAOYjG,https://p.scdn.co/mp3-preview/ffa7b0d052df20ef3ab275098acdde2ec0825bc3?cid=63a77ff40e794a12ae216a18befde98c,Zarzavat,27,NoXuu,Zarzavat,0.0102,0.688,247510,0.733,0.056,10,0.129,-5.934,0,0.275,160.007,0.361
arab,Arabic Trap,37i9dQZF1DXcC6YLqj8ET8,4qg5zuCvEWTeOb3ON0qLuc,spotify:track:4qg5zuCvEWTeOb3ON0qLuc,https://p.scdn.co/mp3-preview/ee91a4e4d23cdcb35af783d66960bd3cc6818642?cid=63a77ff40e794a12ae216a18befde98c,Ankh,26,Gagexa,Ankh,0.367,0.641,200057,0.644,0.761,8,0.19,-9.045,1,0.332,162.075,0.122
arab,Arabic Trap,37i9dQZF1DXcC6YLqj8ET8,2R2H8r2X1MCJFvvLx6DYZy,spotify:track:2R2H8r2X1MCJFvvLx6DYZy,https://p.scdn.co/mp3-preview/af099b0e6d6ad3fdf9cee66998eaa1cb72fc441f?cid=63a77ff40e794a12ae216a18befde98c,Odyssey,32,Żwirek,Odyssey,0.00404,0.481,245722,0.643,0.848,2,0.128,-8.414,1,0.0414,167.935,0.153
arab,Arabic Trap,37i9dQZF1DXcC6YLqj8ET8,3W1WuBxYYxMXqLf35rYVt4,spotify:track:3W1WuBxYYxMXqLf35rYVt4,,Saharia,14,Arabian Trap,Burj Khalifa,0.0787,0.68,271125,0.844,0.765,6,0.226,-6.925,1,0.158,170.067,0.452
arab,Arabic Trap,37i9dQZF1DXcC6YLqj8ET8,4i67pQ2UN2OILnA95L4aFT,spotify:track:4i67pQ2UN2OILnA95L4aFT,https://p.scdn.co/mp3-preview/8d97ceeba71f1bed5920a27315ea1ceb1e101b48?cid=63a77ff40e794a12ae216a18befde98c,Violons,25,Gan Gah,Lowup Presents 10yrs Later: a Global Club Compilation,0.00635,0.453,229099,0.628,0.786,1,0.312,-6.939,1,0.217,171.989,0.385
arab,Arabic Trap,37i9dQZF1DXcC6YLqj8ET8,6mfPXjRatJn2PpWch6d4il,spotify:track:6mfPXjRatJn2PpWch6d4il,https://p.scdn.co/mp3-preview/5a1e56e6629e0617dbaff3742549b9fb715ae4f9?cid=63a77ff40e794a12ae216a18befde98c,Whirlwind,31,Spol,Self Titled,0.00849,0.703,202081,0.872,0.666,11,0.0875,-3.204,0,0.0768,172.116,0.145
arab,Arabic Trap,37i9dQZF1DXcC6YLqj8ET8,4h4xLP4cgZ3iggAL81meV0,spotify:track:4h4xLP4cgZ3iggAL81meV0,https://p.scdn.co/mp3-preview/5c7339fd930c5aff6a2249af61f94f5a32f94ced?cid=63a77ff40e794a12ae216a18befde98c,Plevne,47,CVRTOON,Plevne,0.000551,0.306,226116,0.601,0.865,11,0.104,-7.028,1,0.13,172.292,0.223
arab,Arabic Trap,37i9dQZF1DXcC6YLqj8ET8,7iO6K0jqexhsgMuiT7osIz,spotify:track:7iO6K0jqexhsgMuiT7osIz,https://p.scdn.co/mp3-preview/cd3ac8aa4f50a41074e7fa31f05f42de57c8525f?cid=63a77ff40e794a12ae216a18befde98c,Desert,29,Inova,Desert,0.0132,0.51,237785,0.855,0.808,2,0.465,-5.518,1,0.0494,179.93,0.298
arab,Arabic Trap,37i9dQZF1DXcC6YLqj8ET8,7ons06QtOzzgDpbFhbFjRc,spotify:track:7ons06QtOzzgDpbFhbFjRc,https://p.scdn.co/mp3-preview/9b244507587b40453c550ad50f42ec6e1caf252a?cid=63a77ff40e794a12ae216a18befde98c,Rebel,37,Żwirek,Rebel,0.0302,0.456,235029,0.804,0.724,1,0.281,-4.241,1,0.0863,193.075,0.382
arab,Arabic Trap,37i9dQZF1DXcC6YLqj8ET8,1gAYsbY37gNkUVWKyHd7sb,spotify:track:1gAYsbY37gNkUVWKyHd7sb,https://p.scdn.co/mp3-preview/a2a10e0d66acdb7d11ba9b67ce6a099abbafc1d5?cid=63a77ff40e794a12ae216a18befde98c,Duhan,46,"Mazlum Uruc,Serhat Durmus",Duhan,0.0423,0.384,176920,0.704,0.00014,5,0.154,-7.49,0,0.181,193.841,0.0855
