category_id,playlist_name,playlist_id,track_id,track_uri,track_preview_url,track_name,track_popularity,artist_name,album_name,acousticness,danceability,duration_ms,energy,instrumentalness,key,liveness,loudness,mode,speechiness,tempo,valence
afro,Sonko Sounds,37i9dQZF1DXbKudQCcJmwF,6YTRpyreiFstGQVil4RNUs,spotify:track:6YTRpyreiFstGQVil4RNUs,https://p.scdn.co/mp3-preview/af5b4ea131deac5ca51a09f0404172ea00b3b334?cid=63a77ff40e794a12ae216a18befde98c,Atenshan,26,Blinky Bill,Everyone's Just Winging It And Other Fly Tales,0.19,0.841,181653,0.499,0.342,2,0.0878,-8.855,0,0.0834,100.028,0.73
afro,Sonko Sounds,37i9dQZF1DXbKudQCcJmwF,1hafubfNjNObcGTGLsZOMX,spotify:track:1hafubfNjNObcGTGLsZOMX,https://p.scdn.co/mp3-preview/c97c3b535d9d0d101b8dfebe2d14ccd19c051988?cid=63a77ff40e794a12ae216a18befde98c,Nyota Feat Damian Soul,27,"Joh Makini,Damian Soul",Nyota Feat Damian Soul,0.422,0.554,235868,0.737,0.0,7,0.223,-2.165,0,0.34,201.943,0.672
afro,Sonko Sounds,37i9dQZF1DXbKudQCcJmwF,4KVMTVTpoR7kK92pyJC7nJ,spotify:track:4KVMTVTpoR7kK92pyJC7nJ,https://p.scdn.co/mp3-preview/bc981acf5d3f84f0533ce8aeb9725f30a2bee3ce?cid=63a77ff40e794a12ae216a18befde98c,Tunaendana,8,Miss Rizy,Tunaendana,0.38,0.68,182022,0.619,7.18e-05,7,0.267,-6.147,1,0.0616,96.96,0.496
afro,Sonko Sounds,37i9dQZF1DXbKudQCcJmwF,6f0y9EdhLpOuPODQyo6AZV,spotify:track:6f0y9EdhLpOuPODQyo6AZV,https://p.scdn.co/mp3-preview/59127eeb66db2aa65972e75e83370b459c7cf117?cid=63a77ff40e794a12ae216a18befde98c,Vumilia,8,"Linah,Marhox",Vumilia,0.819,0.648,212211,0.815,0.0154,1,0.0815,-5.509,1,0.0611,95.003,0.76
afro,Sonko Sounds,37i9dQZF1DXbKudQCcJmwF,2Kcwta4Ytn34mJBZibzCiG,spotify:track:2Kcwta4Ytn34mJBZibzCiG,https://p.scdn.co/mp3-preview/83c1151c5fa314e1de7b9e5006afd9e07b44a41a?cid=63a77ff40e794a12ae216a18befde98c,Kodoo,12,Mimi Mars,Kodoo,0.317,0.736,194400,0.613,0.00142,11,0.0914,-5.07,0,0.172,199.882,0.542
afro,Sonko Sounds,37i9dQZF1DXbKudQCcJmwF,7EDRThoRWvUqkY9zdPr3VO,spotify:track:7EDRThoRWvUqkY9zdPr3VO,https://p.scdn.co/mp3-preview/90bf05c18d1f0a1b95005d1e4e3281bc56e7d26c?cid=63a77ff40e794a12ae216a18befde98c,Juu (feat. Jux),28,"Vanessa Mdee,Jux",Money Mondays,0.0116,0.501,230918,0.785,0.00198,1,0.0545,-5.508,1,0.0659,100.059,0.461
afro,Sonko Sounds,37i9dQZF1DXbKudQCcJmwF,4N0kGL4JJ2cFaV2a6FSJRS,spotify:track:4N0kGL4JJ2cFaV2a6FSJRS,https://p.scdn.co/mp3-preview/cb7f98702bdbdeea774ea777b336da343cdd4839?cid=63a77ff40e794a12ae216a18befde98c,Shikorobo,27,"Shetta,KCee",Shikorobo (feat. Kcee),0.199,0.774,212376,0.673,0.0,8,0.106,-4.141,1,0.0389,129.999,0.398
afro,Sonko Sounds,37i9dQZF1DXbKudQCcJmwF,7t0YG4UMAtkO4AiCWoLb1U,spotify:track:7t0YG4UMAtkO4AiCWoLb1U,https://p.scdn.co/mp3-preview/bfb046ef788045c9cbf694a9e94ea935b024d01d?cid=63a77ff40e794a12ae216a18befde98c,Show Me,36,"Harmonize,Rich Mavoko",Show Me,0.131,0.835,203050,0.838,3.34e-06,3,0.15,-3.799,1,0.151,102.01,0.938
afro,Sonko Sounds,37i9dQZF1DXbKudQCcJmwF,3RMzzi2R7fFTIcaE8ohZg9,spotify:track:3RMzzi2R7fFTIcaE8ohZg9,https://p.scdn.co/mp3-preview/1d68574da86086ba42c77057a6cbffe6746d8ebc?cid=63a77ff40e794a12ae216a18befde98c,Zilipendwa,39,"Diamond Platnumz,Rayvanny,Rich Mavoko,Harmonize,Queen Darleen,Lava Lava,Mbosso",Zilipendwa,0.516,0.835,318119,0.896,0.0,10,0.104,-4.076,1,0.341,129.828,0.954
afro,Sonko Sounds,37i9dQZF1DXbKudQCcJmwF,1GmIU8ygYw6lSMuCOKAS53,spotify:track:1GmIU8ygYw6lSMuCOKAS53,https://p.scdn.co/mp3-preview/5acdcd906464283dee22fc400cb59bd33e2fe115?cid=63a77ff40e794a12ae216a18befde98c,Indemonie - In the Morning,30,"Dully Sykes,Harmonize",Indemonie (In the Morning),0.218,0.872,232333,0.843,4.75e-06,5,0.329,-3.086,0,0.129,123.026,0.968
afro,Sonko Sounds,37i9dQZF1DXbKudQCcJmwF,6QXl6iHqFpAEDvfGIaIItf,spotify:track:6QXl6iHqFpAEDvfGIaIItf,,Natafuta Kiki,0,Rayvanny,Natafuta Kiki,0.209,0.845,185391,0.845,0.0,8,0.245,-3.441,0,0.0811,126.054,0.967
afro,Sonko Sounds,37i9dQZF1DXbKudQCcJmwF,7ixUYuWKLuU8S7WBIIr0B6,spotify:track:7ixUYuWKLuU8S7WBIIr0B6,https://p.scdn.co/mp3-preview/d0d096bcdc8b5d8d40c9b42ff1b715e45a63b5c0?cid=63a77ff40e794a12ae216a18befde98c,3 (feat. Darassa),14,"Ben Pol,Darassa",3 (feat. Darassa),0.00908,0.849,218147,0.726,9.12e-05,6,0.19,-6.908,1,0.138,97.979,0.827
afro,Sonko Sounds,37i9dQZF1DXbKudQCcJmwF,5sx3r6jbGxrOVyBBgZW46v,spotify:track:5sx3r6jbGxrOVyBBgZW46v,https://p.scdn.co/mp3-preview/9566d0d9b3a9150a55d7495747b2dbf3436ae979?cid=63a77ff40e794a12ae216a18befde98c,Fanya Refixx,8,Willy Paul,Fanya Refixx,0.265,0.739,147017,0.939,5.02e-06,8,0.0928,-1.472,0,0.0595,88.006,0.843
afro,Sonko Sounds,37i9dQZF1DXbKudQCcJmwF,2HXzlqD0au0rdjDiC5qebb,spotify:track:2HXzlqD0au0rdjDiC5qebb,,Too Much,0,Darassa,Two Legends One Album,0.0621,0.913,191660,0.586,2.77e-05,5,0.0842,-7.048,0,0.192,102.002,0.698
afro,Sonko Sounds,37i9dQZF1DXbKudQCcJmwF,7wYjUxB2cwOElBPRYxxU22,spotify:track:7wYjUxB2cwOElBPRYxxU22,,Game,0,"Navy Kenzo,Vanessa Mdee",Game,0.0665,0.732,220909,0.545,0.0,0,0.278,-6.132,0,0.0411,109.994,0.733
afro,Sonko Sounds,37i9dQZF1DXbKudQCcJmwF,37jpxdXjVDminn2nlEAiyk,spotify:track:37jpxdXjVDminn2nlEAiyk,https://p.scdn.co/mp3-preview/a6b05161e2b7ff7e94b5180329a337ba0df813cb?cid=63a77ff40e794a12ae216a18befde98c,Na Gode Swahili Version,26,Yemi Alade,Na Gode (Swahili Version),0.318,0.481,206524,0.947,0.0,5,0.135,-0.847,1,0.363,171.02,0.935
afro,Sonko Sounds,37i9dQZF1DXbKudQCcJmwF,7mT3oqy90oTdW1YZp5b0YG,spotify:track:7mT3oqy90oTdW1YZp5b0YG,,Marry You,0,"Diamond Platnumz,Ne-Yo",Marry You,0.0404,0.752,246805,0.751,0.00674,1,0.06,-7.673,1,0.0399,126.999,0.905
afro,Sonko Sounds,37i9dQZF1DXbKudQCcJmwF,0hugfW51SMyTveg9oCufqY,spotify:track:0hugfW51SMyTveg9oCufqY,https://p.scdn.co/mp3-preview/e1236eb175b6caf0245171a4c28b1d9d4637f5ee?cid=63a77ff40e794a12ae216a18befde98c,Joto Hasira,23,Lady Jaydee,Siku Hazigandi,0.487,0.852,274768,0.651,0.0,9,0.336,-11.115,1,0.211,109.846,0.876
afro,Sonko Sounds,37i9dQZF1DXbKudQCcJmwF,1FtvEnHmGe88KgOluJ1chO,spotify:track:1FtvEnHmGe88KgOluJ1chO,,Umenikosea,0,Kidum,The Great East African Trip,0.397,0.572,288120,0.582,0.0,9,0.133,-9.263,1,0.0861,104.875,0.669
afro,Sonko Sounds,37i9dQZF1DXbKudQCcJmwF,0EnKQWE4bXNX8JwV1pBbb6,spotify:track:0EnKQWE4bXNX8JwV1pBbb6,https://p.scdn.co/mp3-preview/bcf358a062cf81c0705bf3344dace21495f37796?cid=63a77ff40e794a12ae216a18befde98c,Juu,25,"Vanessa Mdee,Jux",Juu,0.0142,0.748,230425,0.776,0.00206,1,0.0509,-5.565,1,0.0382,100.004,0.436
afro,Sonko Sounds,37i9dQZF1DXbKudQCcJmwF,3JX0npNmGfC0xPSLiGVa6s,spotify:track:3JX0npNmGfC0xPSLiGVa6s,https://p.scdn.co/mp3-preview/fc01c4159fc441b4a68b6cf977690f65af4588a3?cid=63a77ff40e794a12ae216a18befde98c,Cinderella,26,Alikiba,Cinderella,0.0313,0.652,254907,0.754,0.0,7,0.203,-6.009,1,0.321,177.981,0.73
afro,Sonko Sounds,37i9dQZF1DXbKudQCcJmwF,7dYoSDCzarfwOrU2C9Qyho,spotify:track:7dYoSDCzarfwOrU2C9Qyho,https://p.scdn.co/mp3-preview/5ecab55437acdb300163316f6798f9173907f395?cid=63a77ff40e794a12ae216a18befde98c,Happy Birthday,32,Harmonize,Happy Birthday,0.0861,0.809,209856,0.779,0.0175,6,0.197,-4.891,1,0.0448,125.938,0.711
afro,Sonko Sounds,37i9dQZF1DXbKudQCcJmwF,5BZI3geMbXNxBK6N17Cf1T,spotify:track:5BZI3geMbXNxBK6N17Cf1T,https://p.scdn.co/mp3-preview/63d976ab7d6ce7448b35867f143a69207ef3bbbb?cid=63a77ff40e794a12ae216a18befde98c,Nai Nai,24,Ommy Dimpoz,Me N You,0.0216,0.712,252048,0.695,3.39e-06,6,0.0607,-8.464,1,0.0463,111.975,0.754
afro,Sonko Sounds,37i9dQZF1DXbKudQCcJmwF,1C8Rtx7kCxfqFgfzeuLqHx,spotify:track:1C8Rtx7kCxfqFgfzeuLqHx,,Nana,0,"Diamond Platnumz,Flavour",Nana (feat. Flavour),0.112,0.692,196206,0.698,5.96e-05,8,0.798,-13.129,1,0.109,125.073,0.899
afro,Sonko Sounds,37i9dQZF1DXbKudQCcJmwF,5MOFAr8iHtzUGyFnQaysSb,spotify:track:5MOFAr8iHtzUGyFnQaysSb,,Bado,0,"Harmonize,Diamond",Bado,0.455,0.523,224392,0.858,1.26e-05,5,0.358,-3.154,1,0.205,91.473,0.944
afro,Sonko Sounds,37i9dQZF1DXbKudQCcJmwF,6MkJSR4N7PlSYLUeij3CUe,spotify:track:6MkJSR4N7PlSYLUeij3CUe,,Done,0,"Navy Kenzo,Mr Eazi",AIM (Above Inna Minute),0.0297,0.825,228350,0.657,0.0,11,0.0725,-6.483,0,0.0811,103.015,0.48
afro,Sonko Sounds,37i9dQZF1DXbKudQCcJmwF,242ESljtKUOdlwvDfAudV1,spotify:track:242ESljtKUOdlwvDfAudV1,,Kamatia,0,Navy Kenzo,Kamatia,0.155,0.872,192475,0.501,0.0,0,0.0917,-6.976,1,0.128,100.955,0.695
afro,Sonko Sounds,37i9dQZF1DXbKudQCcJmwF,3yXTg2aoTSA2IFo0XfEz8o,spotify:track:3yXTg2aoTSA2IFo0XfEz8o,https://p.scdn.co/mp3-preview/41bd8d99f1cf67b489b99dce75e6b9405c87abdb?cid=63a77ff40e794a12ae216a18befde98c,Na Yule,16,Ruby,Na Yule,0.511,0.659,231863,0.839,0.0,7,0.261,-4.753,1,0.101,109.954,0.772
afro,Sonko Sounds,37i9dQZF1DXbKudQCcJmwF,5lR4lrJtny3JnHU1cN7KVk,spotify:track:5lR4lrJtny3JnHU1cN7KVk,,Cash Madame,0,Vanessa Mdee,Cash Madame,0.012,0.487,181093,0.794,0.249,8,0.187,-7.458,0,0.0651,99.032,0.68
afro,Sonko Sounds,37i9dQZF1DXbKudQCcJmwF,5lXSk0yqmuEhfUQ2dnOkOO,spotify:track:5lXSk0yqmuEhfUQ2dnOkOO,https://p.scdn.co/mp3-preview/bfca28d8a38c4fa012fcaf668f2ca73d865555e4?cid=63a77ff40e794a12ae216a18befde98c,Ndindindi,27,Lady Jaydee,Ndindindi,0.67,0.531,212194,0.5,0.0,3,0.129,-7.404,1,0.131,96.072,0.749
afro,Sonko Sounds,37i9dQZF1DXbKudQCcJmwF,1PNXEcDe4sPtvsOIhOCV4D,spotify:track:1PNXEcDe4sPtvsOIhOCV4D,https://p.scdn.co/mp3-preview/8c16c117cd349128a0a9d16ad6be9f532fe63ef1?cid=63a77ff40e794a12ae216a18befde98c,Love Boat,24,"KCee,Diamond Platnumz",Love Boat,0.708,0.75,226064,0.884,8.44e-06,7,0.304,-3.173,1,0.119,111.996,0.97
afro,Sonko Sounds,37i9dQZF1DXbKudQCcJmwF,0reVjv3ndulyIbnNLGoBPW,spotify:track:0reVjv3ndulyIbnNLGoBPW,https://p.scdn.co/mp3-preview/732cfeb06c5030d286aad3a9950694d746731add?cid=63a77ff40e794a12ae216a18befde98c,Kama Utanipenda,11,"Darassa,Rich Mavoko",Kama Utanipenda,0.187,0.546,233222,0.803,0.0,0,0.0774,-5.072,1,0.326,100.787,0.637
afro,Sonko Sounds,37i9dQZF1DXbKudQCcJmwF,07Oqtx4OahzxgDUkQCSuIJ,spotify:track:07Oqtx4OahzxgDUkQCSuIJ,https://p.scdn.co/mp3-preview/c77b1efae08394354ea45a14c3c8861043fd32f6?cid=63a77ff40e794a12ae216a18befde98c,Waache Waoane,20,"Chege,Diamond",Waache Waoane,0.197,0.804,231340,0.877,2.43e-05,9,0.194,-4.596,1,0.0902,122.979,0.901
afro,Sonko Sounds,37i9dQZF1DXbKudQCcJmwF,6lDWA57Jmq7hJgerzKPQ2O,spotify:track:6lDWA57Jmq7hJgerzKPQ2O,,Phone (feat. Mr Eazi),0,"Ben Pol,Mr Eazi",Phone (feat. Mr Eazi),0.446,0.832,234000,0.784,0.0,7,0.0596,-6.609,0,0.0657,106.012,0.949
afro,Sonko Sounds,37i9dQZF1DXbKudQCcJmwF,1tdx1hN7GpRbt3pwulldsS,spotify:track:1tdx1hN7GpRbt3pwulldsS,https://p.scdn.co/mp3-preview/77ad992a246d184dabd5e3b901bbfc8c169a54e3?cid=63a77ff40e794a12ae216a18befde98c,Moyo Mashine,31,Ben Pol,Moyo Mashine,0.0377,0.771,254710,0.751,0.000242,6,0.203,-6.999,1,0.0442,102.487,0.647
afro,Sonko Sounds,37i9dQZF1DXbKudQCcJmwF,6f25OQxtWTCqR7L8cpD60D,spotify:track:6f25OQxtWTCqR7L8cpD60D,https://p.scdn.co/mp3-preview/05c76ff52574f8a8232a8dd9fc7b09e7050e4f68?cid=63a77ff40e794a12ae216a18befde98c,Nisamehe,25,"Barakah The Prince,Alikiba",Nisamehe,0.567,0.615,227360,0.723,3.03e-06,5,0.0593,-4.848,0,0.111,189.935,0.875
afro,Sonko Sounds,37i9dQZF1DXbKudQCcJmwF,0z23kTGJ3MYx0USxIRUn0d,spotify:track:0z23kTGJ3MYx0USxIRUn0d,https://p.scdn.co/mp3-preview/e8a1f6b799a8a4bd24f2a43fd9be210eb3a42390?cid=63a77ff40e794a12ae216a18befde98c,AJE,38,Alikiba,AJE,0.0144,0.787,191173,0.736,0.000175,1,0.104,-5.798,0,0.0436,99.005,0.806
afro,Sonko Sounds,37i9dQZF1DXbKudQCcJmwF,10q7g5aviYwoGrhJFXRmiT,spotify:track:10q7g5aviYwoGrhJFXRmiT,,Aiyola,0,Harmonize,Aiyola,0.128,0.565,200229,0.677,0.0,5,0.385,-6.504,1,0.092,121.984,0.912
afro,Sonko Sounds,37i9dQZF1DXbKudQCcJmwF,1FfW2mJwENFizrvJe75r1U,spotify:track:1FfW2mJwENFizrvJe75r1U,https://p.scdn.co/mp3-preview/bb2fd1bf6994160db7491276becafe863256956b?cid=63a77ff40e794a12ae216a18befde98c,Nkarira (feat. Diamond Platnumz),11,"Lolilo,Diamond Platnumz","Lolilo: Collection, Vol. I",0.598,0.653,195657,0.708,5.46e-06,3,0.174,-6.788,0,0.174,100.159,0.672
afro,Sonko Sounds,37i9dQZF1DXbKudQCcJmwF,1DlWIj0nXakvuZ2NCMuHKz,spotify:track:1DlWIj0nXakvuZ2NCMuHKz,https://p.scdn.co/mp3-preview/b9ee331b7b00f715c2c7bf6e5f5169b490675d1f?cid=63a77ff40e794a12ae216a18befde98c,Atarudi,33,Harmonize,Atarudi,0.287,0.831,278988,0.687,0.0,0,0.101,-3.358,1,0.0779,105.023,0.81
afro,Sonko Sounds,37i9dQZF1DXbKudQCcJmwF,7iB0UMRMfdc4bpIqqXKVtR,spotify:track:7iB0UMRMfdc4bpIqqXKVtR,,Fimbo,0,Jux,Fimbo,0.0815,0.707,186000,0.655,0.0,9,0.299,-8.096,1,0.0914,95.04,0.704
afro,Sonko Sounds,37i9dQZF1DXbKudQCcJmwF,2LDEC35mRlSP6HDbxiNKMt,spotify:track:2LDEC35mRlSP6HDbxiNKMt,,Fella,0,Navy Kenzo,Fella,0.388,0.743,190579,0.584,2.27e-06,0,0.0772,-8.788,1,0.247,102.022,0.811
afro,Sonko Sounds,37i9dQZF1DXbKudQCcJmwF,1foCj8WLn3XovudUECxc8S,spotify:track:1foCj8WLn3XovudUECxc8S,https://p.scdn.co/mp3-preview/ddc37f41c9a89f9f61d7772385aa245a290c4d11?cid=63a77ff40e794a12ae216a18befde98c,Nakuelewa,20,Maua Sama,Nakuelewa,0.107,0.789,213630,0.744,1.36e-05,0,0.101,-4.818,1,0.0526,99.991,0.882
afro,Sonko Sounds,37i9dQZF1DXbKudQCcJmwF,3pZhKyZk6QS2v0G6C67XGv,spotify:track:3pZhKyZk6QS2v0G6C67XGv,https://p.scdn.co/mp3-preview/8da6623d0eaf24b867a0802e71544478c46d4ea9?cid=63a77ff40e794a12ae216a18befde98c,Zai,9,"Ben Pol,Kizz Daniel",Zai (feat. Kizz Daniel),0.208,0.766,179434,0.401,0.0,3,0.0876,-11.89,0,0.103,105.982,0.795
afro,Sonko Sounds,37i9dQZF1DXbKudQCcJmwF,7hT8oleBWnToh0NhBInyDb,spotify:track:7hT8oleBWnToh0NhBInyDb,https://p.scdn.co/mp3-preview/6c438b19bbb9966ab0d8659ee33377db05d49157?cid=63a77ff40e794a12ae216a18befde98c,Time To Party,48,"Flavour,Diamond Platnumz",Time To Party,0.237,0.849,212532,0.735,1.67e-05,9,0.0652,-4.546,1,0.0746,121.932,0.97
afro,Sonko Sounds,37i9dQZF1DXbKudQCcJmwF,7kdeAfGQvjqHx9Nz2JMzlx,spotify:track:7kdeAfGQvjqHx9Nz2JMzlx,https://p.scdn.co/mp3-preview/01ddc82029a024305db012f26055b81925b5e897?cid=63a77ff40e794a12ae216a18befde98c,Chombo,32,Rayvanny,Chombo,0.0952,0.932,173520,0.637,0.000567,9,0.0317,-4.237,0,0.156,107.961,0.92
afro,Sonko Sounds,37i9dQZF1DXbKudQCcJmwF,0Jr98FSUo6UZz1VV1kwcsL,spotify:track:0Jr98FSUo6UZz1VV1kwcsL,https://p.scdn.co/mp3-preview/bdfb22ae2c4203f80f97c7786b1ed0dd00a8e6bf?cid=63a77ff40e794a12ae216a18befde98c,Kidonda Changu,24,Harmonize,Kidonda Changu,0.734,0.498,178272,0.767,0.00116,9,0.0876,-5.302,1,0.0865,90.55,0.961
afro,Sonko Sounds,37i9dQZF1DXbKudQCcJmwF,6BnKiK0FwqJoqCdVKh442g,spotify:track:6BnKiK0FwqJoqCdVKh442g,https://p.scdn.co/mp3-preview/ac1fef1bf0bbf334c92ec2a0e852c523cd30bb53?cid=63a77ff40e794a12ae216a18befde98c,Love You Die (feat. Diamond Platnumz),48,"Patoranking,Diamond Platnumz",Love You Die (feat. Diamond Platnumz),0.14,0.79,195597,0.699,0.0,0,0.0945,-6.427,1,0.0376,105.04,0.771
afro,Sonko Sounds,37i9dQZF1DXbKudQCcJmwF,6Bq9M4oqyzgcCFNmnFO2pU,spotify:track:6Bq9M4oqyzgcCFNmnFO2pU,,Sikomi,32,Diamond Platnumz,Sikomi,0.367,0.89,233125,0.679,0.0,2,0.0927,-3.624,1,0.307,95.989,0.749
afro,Sonko Sounds,37i9dQZF1DXbKudQCcJmwF,4XhcLatD531TeTZFVXdZWc,spotify:track:4XhcLatD531TeTZFVXdZWc,https://p.scdn.co/mp3-preview/71a47943b8714fd35216dff4bb0c03d964408f5e?cid=63a77ff40e794a12ae216a18befde98c,Penzi,24,"Rayvanny,Harmonize",Penzi,0.317,0.527,232440,0.868,2.01e-06,2,0.428,-5.101,1,0.152,154.585,0.796
afro,Sonko Sounds,37i9dQZF1DXbKudQCcJmwF,5XJNfBRkPRctViuRG2dV1c,spotify:track:5XJNfBRkPRctViuRG2dV1c,https://p.scdn.co/mp3-preview/30234e212bbbc930e4f6f693109bc7bd4c86c756?cid=63a77ff40e794a12ae216a18befde98c,Zigo (Remix) [feat. Diamond Platnumz],28,"Ay,Diamond Platnumz",Zigo (Remix) [feat. Diamond Platnumz],0.134,0.847,230352,0.726,6.76e-06,8,0.287,-7.293,0,0.106,102.998,0.91
afro,Sonko Sounds,37i9dQZF1DXbKudQCcJmwF,6TTCUltkty2TZ6Q9NBKHHL,spotify:track:6TTCUltkty2TZ6Q9NBKHHL,https://p.scdn.co/mp3-preview/a90ebd1a318b4f943f014d428c58a9d97bcb706a?cid=63a77ff40e794a12ae216a18befde98c,Nobody but Me,11,"Vanessa Mdee,K.O",Nobody but Me,0.00903,0.346,244133,0.666,0.0,0,0.107,-5.823,1,0.0944,64.647,0.612
afro,Sonko Sounds,37i9dQZF1DXbKudQCcJmwF,70HMQ2SRGTJnuXyKCiFKpJ,spotify:track:70HMQ2SRGTJnuXyKCiFKpJ,https://p.scdn.co/mp3-preview/960b6efc69b327fb02f57ddd4480efe8c963d6b9?cid=63a77ff40e794a12ae216a18befde98c,Siri (feat. Nikk Wa Pili),24,"Rayvanny,Nikk Wa Pili",Siri (feat. Nikk Wa Pili),0.0993,0.776,237558,0.65,0.0,0,0.0736,-5.467,1,0.177,92.082,0.616
afro,Sonko Sounds,37i9dQZF1DXbKudQCcJmwF,7GA5pKxPsvm1M8gOtH8aKF,spotify:track:7GA5pKxPsvm1M8gOtH8aKF,,Kidogo,0,"Diamond Platnumz,P-Square",Kidogo,0.079,0.803,244271,0.89,1.4e-05,11,0.0222,-5.099,1,0.14,127.98,0.898
afro,Sonko Sounds,37i9dQZF1DXbKudQCcJmwF,2JODJoVkSgTK9wdWNIxN8V,spotify:track:2JODJoVkSgTK9wdWNIxN8V,https://p.scdn.co/mp3-preview/e4085d45fde370bde945f607e53bbae5d6baa883?cid=63a77ff40e794a12ae216a18befde98c,Usimwache,7,Lulu Diva,Usimwache,0.136,0.926,176718,0.719,7.4e-06,3,0.116,-4.863,0,0.184,106.927,0.731
