category_id,playlist_name,playlist_id,track_id,track_uri,track_preview_url,track_name,track_popularity,artist_name,album_name,acousticness,danceability,duration_ms,energy,instrumentalness,key,liveness,loudness,mode,speechiness,tempo,valence
arab,Sudan Sounds,37i9dQZF1DX15iTqq2X8NE,33U53mkczIUGC8kmaIZ0A0,spotify:track:33U53mkczIUGC8kmaIZ0A0,https://p.scdn.co/mp3-preview/ed6ec5636e59ba3c4f8a7df4ee3818326366db2c?cid=63a77ff40e794a12ae216a18befde98c,Ia Sudan Ma'alesh,24,Rasha,Let Me Be,0.374,0.788,273522,0.529,4.88e-05,7,0.101,-12.033,1,0.0432,107.934,0.92
arab,Sudan Sounds,37i9dQZF1DX15iTqq2X8NE,3hXjEjCujOecf0X0yxUdx2,spotify:track:3hXjEjCujOecf0X0yxUdx2,https://p.scdn.co/mp3-preview/acd507ca467625bad1799d28445dc3c7e6d68b34?cid=63a77ff40e794a12ae216a18befde98c,Soukura - Boddhi Satva Ancestral Soul Remix,25,"Alsarah & The Nubatones,Boddhi Satva",Soukura - EP,0.047,0.61,320000,0.632,0.388,1,0.0659,-7.745,1,0.194,120.062,0.529
arab,Sudan Sounds,37i9dQZF1DX15iTqq2X8NE,2bUEt4DCNb6idQ84isIpo3,spotify:track:2bUEt4DCNb6idQ84isIpo3,https://p.scdn.co/mp3-preview/74a6704c0f63cf12cee020d744e32564b1f3e23f?cid=63a77ff40e794a12ae216a18befde98c,Azara Alhai,29,Rasha,Sudaniyat,0.704,0.719,387903,0.427,0.000868,0,0.137,-10.358,0,0.0396,77.991,0.754
arab,Sudan Sounds,37i9dQZF1DX15iTqq2X8NE,30QMkmrxQGVuTtPqPOFihu,spotify:track:30QMkmrxQGVuTtPqPOFihu,https://p.scdn.co/mp3-preview/a0e8ac21cdca813321a4dc037725570cf4033921?cid=63a77ff40e794a12ae216a18befde98c,Al Mursal (The Messenger),28,Mohammed Wardi,Two Niles to Sing a Melody: The Violins & Synths of Sudan,0.275,0.538,695016,0.552,0.00281,0,0.0769,-8.056,0,0.0651,135.847,0.859
arab,Sudan Sounds,37i9dQZF1DX15iTqq2X8NE,69mx4H45USZvMmDCkRQ1Vo,spotify:track:69mx4H45USZvMmDCkRQ1Vo,https://p.scdn.co/mp3-preview/30a04c2fc678c5c84b5026dc41b3a8aa50fdded3?cid=63a77ff40e794a12ae216a18befde98c,Bitgooli La,20,Abdel Aziz El Mubarak,Abdel Aziz El Mubarak,0.174,0.43,488707,0.652,0.00146,10,0.0914,-10.506,1,0.0462,163.839,0.881
arab,Sudan Sounds,37i9dQZF1DX15iTqq2X8NE,1KUmHS4kiZ4KZvfjyTg0dJ,spotify:track:1KUmHS4kiZ4KZvfjyTg0dJ,https://p.scdn.co/mp3-preview/962a42a6dd26add548548d7efa7526f43f8a87f1?cid=63a77ff40e794a12ae216a18befde98c,Igd Allooli (The Pearl Necklace),20,Saied Khalifa,Two Niles to Sing a Melody: The Violins & Synths of Sudan,0.00839,0.407,267856,0.561,0.031,2,0.0868,-6.762,1,0.0763,160.72,0.554
arab,Sudan Sounds,37i9dQZF1DX15iTqq2X8NE,4Ij4lk5kvcqCJZyQQqE1pv,spotify:track:4Ij4lk5kvcqCJZyQQqE1pv,,Baai,26,"Emmanuel Jal,Abdel Gadir Salim",Blood Diamond (Original Motion Picture Soundtrack),0.00898,0.761,277533,0.748,0.0411,7,0.0527,-12.959,0,0.0686,100.029,0.97
arab,Sudan Sounds,37i9dQZF1DX15iTqq2X8NE,4zza6464stnHetdc4NOVZo,spotify:track:4zza6464stnHetdc4NOVZo,https://p.scdn.co/mp3-preview/ef27438ac917953f7bc35ec50354654ccee2880d?cid=63a77ff40e794a12ae216a18befde98c,Herman,18,Abdel Karim Alkabli,Amir Al Oud Part 1,0.0396,0.48,423107,0.579,0.0297,7,0.0947,-8.173,1,0.0423,126.291,0.583
arab,Sudan Sounds,37i9dQZF1DX15iTqq2X8NE,3t6mDLyrhHgRfcZErr5N9G,spotify:track:3t6mDLyrhHgRfcZErr5N9G,https://p.scdn.co/mp3-preview/416b3de3ca12f264e1177390a6d777f5ba494bdb?cid=63a77ff40e794a12ae216a18befde98c,Ahla Eyyoun,19,Abdel Aziz El Mubarak,Abdel Aziz El Mubarak,0.266,0.588,404067,0.727,0.00944,9,0.0678,-8.612,0,0.0511,80.536,0.946
arab,Sudan Sounds,37i9dQZF1DX15iTqq2X8NE,28QZMziRHzyxHet8LKkv7R,spotify:track:28QZMziRHzyxHet8LKkv7R,https://p.scdn.co/mp3-preview/d6ee4ad733404ad92e8c1e1367f47c59e717c9b6?cid=63a77ff40e794a12ae216a18befde98c,Noora,18,Mohamed Gubara,Sounds of Sudan,0.969,0.591,370667,0.359,0.00251,8,0.125,-13.044,1,0.0464,98.182,0.639
arab,Sudan Sounds,37i9dQZF1DX15iTqq2X8NE,1fnZ32eSVmirDFUz4rE57A,spotify:track:1fnZ32eSVmirDFUz4rE57A,https://p.scdn.co/mp3-preview/17ec0147a498113c191c7ec7fa09fdfc54204bfe?cid=63a77ff40e794a12ae216a18befde98c,Ya Samir (Hey Samir),19,"Salma Al Assal,Mohamed Al Semary,Aasam Al Tayyeb,Adel El Serr,Atef Reyhan,Magdy Meshmesh,Moddathir Meshmesh",The Sound of Sudan,0.116,0.42,627880,0.787,0.000119,9,0.24,-3.063,0,0.0307,148.955,0.845
arab,Sudan Sounds,37i9dQZF1DX15iTqq2X8NE,1QbqlXWseeM4ZdFCNpH9rP,spotify:track:1QbqlXWseeM4ZdFCNpH9rP,https://p.scdn.co/mp3-preview/8068c85aa2958dec2f5235a5e7143b53fc39c484?cid=63a77ff40e794a12ae216a18befde98c,Nujum Al-lail,18,Abdel Gadir Salim,Nujum Al-lail,0.891,0.459,511267,0.499,0.00278,5,0.131,-12.29,1,0.0335,155.527,0.777
arab,Sudan Sounds,37i9dQZF1DX15iTqq2X8NE,2hmstsNRhz6izCcsHABu4l,spotify:track:2hmstsNRhz6izCcsHABu4l,https://p.scdn.co/mp3-preview/f133ec2b3d15535b3cd0c15a11f5209c8e570f56?cid=63a77ff40e794a12ae216a18befde98c,Al Khourtom,17,Abdel Karim Alkabli,Amir Al Oud Part 1,0.133,0.551,549653,0.564,0.000188,7,0.162,-6.978,1,0.0486,122.165,0.646
arab,Sudan Sounds,37i9dQZF1DX15iTqq2X8NE,7km3RkjOhMJFs0N5kMuFot,spotify:track:7km3RkjOhMJFs0N5kMuFot,https://p.scdn.co/mp3-preview/0dcc6984211e9b78909c03b115bedba5e37ca172?cid=63a77ff40e794a12ae216a18befde98c,Ahel Allel,19,Amira Kheir,View From Somewhere,0.705,0.418,308280,0.338,0.00533,9,0.152,-16.447,0,0.06,86.618,0.292
arab,Sudan Sounds,37i9dQZF1DX15iTqq2X8NE,6zbd0o0ESiB9VDJrdDOFKm,spotify:track:6zbd0o0ESiB9VDJrdDOFKm,https://p.scdn.co/mp3-preview/1689c4e00932cfc8cfb266cdc775abf4ed0a63e3?cid=63a77ff40e794a12ae216a18befde98c,Ya Dunya,18,Sharhabil Ahmed,Ya Dunya,0.313,0.706,431281,0.492,0.00191,9,0.0985,-9.912,0,0.0328,120.004,0.773
arab,Sudan Sounds,37i9dQZF1DX15iTqq2X8NE,6iHipSyQfTx6N7EHtZfzkG,spotify:track:6iHipSyQfTx6N7EHtZfzkG,https://p.scdn.co/mp3-preview/ec49abb3c262f2a0be512e725bee78214ba24a59?cid=63a77ff40e794a12ae216a18befde98c,Dam-et al shouq (Tears of Longing),15,"Salma Al Assal,Mohamed Al Semary,Saadeya Ahmed Adam,Amira Mahmoud Mohammadein,Awadeya Othman Al Sheikh,Aasam Al Tayyeb,Adel El Serr,Atef Reyhan,Magdy Meshmesh,Moddathir Meshmesh",The Sound of Sudan,0.482,0.493,354720,0.764,2.86e-05,0,0.0565,-3.75,0,0.0339,154.993,0.883
arab,Sudan Sounds,37i9dQZF1DX15iTqq2X8NE,4SCrXi9ykaO1ARxy3LpoDX,spotify:track:4SCrXi9ykaO1ARxy3LpoDX,https://p.scdn.co/mp3-preview/59a4e21a5444c05505e8ea684dbee9c915a3c3fc?cid=63a77ff40e794a12ae216a18befde98c,Al Sourah (The Photo),17,Mohammed Wardi,Al Sourah (The Photo),0.578,0.437,543976,0.683,0.00136,0,0.121,-6.018,1,0.0926,114.069,0.745
arab,Sudan Sounds,37i9dQZF1DX15iTqq2X8NE,2cUvCCjza5beypAt3hgW8n,spotify:track:2cUvCCjza5beypAt3hgW8n,https://p.scdn.co/mp3-preview/77479a3067959deba318879b5145d28b45306836?cid=63a77ff40e794a12ae216a18befde98c,Soukura It's Late,29,Alsarah & The Nubatones,Silt,0.696,0.613,300235,0.578,0.13,0,0.137,-7.389,1,0.0565,107.774,0.58
arab,Sudan Sounds,37i9dQZF1DX15iTqq2X8NE,0qFCusOSOxNdjSWuDILGt2,spotify:track:0qFCusOSOxNdjSWuDILGt2,https://p.scdn.co/mp3-preview/7accc84329564cb26210691c450b1a9d7bbeb745?cid=63a77ff40e794a12ae216a18befde98c,Qamar Al Massa (Moon of the Night),25,Abu Obaida Hassan,Qamar Al Massa (Moon of the Night),0.887,0.638,495443,0.711,0.0121,9,0.0823,-12.111,1,0.0377,164.308,0.955
arab,Sudan Sounds,37i9dQZF1DX15iTqq2X8NE,6AbIm68PEd1R3ua5n2H2hh,spotify:track:6AbIm68PEd1R3ua5n2H2hh,https://p.scdn.co/mp3-preview/c487395a4211cbafedc5b0307d6f0d14a6484d75?cid=63a77ff40e794a12ae216a18befde98c,Taban Ahwak,24,Kamal Keila,Muslims and Christians (Habibi Funk 008),0.698,0.591,391000,0.754,0.0337,11,0.0676,-5.653,0,0.0757,100.586,0.757
arab,Sudan Sounds,37i9dQZF1DX15iTqq2X8NE,6lJJHmqZGULV0H34Dyw1kF,spotify:track:6lJJHmqZGULV0H34Dyw1kF,https://p.scdn.co/mp3-preview/d7964e4076957db0e318441c0424c9231d484e9b?cid=63a77ff40e794a12ae216a18befde98c,Soudani Manayou - Cervo Edit,20,"Majid Bekkas,Cervo",Soudani Manayou,0.154,0.859,485483,0.803,0.00131,11,0.324,-6.447,0,0.117,123.012,0.779
arab,Sudan Sounds,37i9dQZF1DX15iTqq2X8NE,1d4HxmK73RxLhbqEj9k8XD,spotify:track:1d4HxmK73RxLhbqEj9k8XD,https://p.scdn.co/mp3-preview/2c0bf5d9cb3472827d981095694ff86e04d1d3d8?cid=63a77ff40e794a12ae216a18befde98c,Argos Farfish,31,Sharhabeel Ahmed,Habibi Funk: An Eclectic Selection of Music from the Arab World (Habibi Funk 007),0.761,0.688,278000,0.898,0.538,9,0.111,-4.306,1,0.0386,82.168,0.976
arab,Sudan Sounds,37i9dQZF1DX15iTqq2X8NE,24uuDkIjZdkaoFqAy4IJbP,spotify:track:24uuDkIjZdkaoFqAy4IJbP,https://p.scdn.co/mp3-preview/0dd02389795cd67366b667c1908099cd02ee58a7?cid=63a77ff40e794a12ae216a18befde98c,Oatmeal,40,Sudan Archives,Sudan Archives,0.268,0.621,168000,0.514,0.0674,6,0.0857,-6.205,1,0.0606,140.333,0.415
arab,Sudan Sounds,37i9dQZF1DX15iTqq2X8NE,0J4ltLwYQP6kyTy8JvmH9K,spotify:track:0J4ltLwYQP6kyTy8JvmH9K,,Farrah Galbi Aljadeed,4,"The Scorpions,Saif Abu Bakr",Farrah Galbi Aljadeed (Habibi Funk 009),0.0886,0.531,301000,0.775,1.52e-06,9,0.0342,-6.094,0,0.0312,120.486,0.67
arab,Sudan Sounds,37i9dQZF1DX15iTqq2X8NE,0Y0dnRnYmG8VhtWthghsXV,spotify:track:0Y0dnRnYmG8VhtWthghsXV,https://p.scdn.co/mp3-preview/4dbb1e2ab57459db01e22bde70610907789c1b3f?cid=63a77ff40e794a12ae216a18befde98c,Habibi Taal,35,Alsarah & The Nubatones,Silt,0.088,0.586,198368,0.478,0.0,9,0.467,-7.328,0,0.172,144.389,0.518
arab,Sudan Sounds,37i9dQZF1DX15iTqq2X8NE,5Wnb0u6PP3JRSH9d3vrvHb,spotify:track:5Wnb0u6PP3JRSH9d3vrvHb,https://p.scdn.co/mp3-preview/db100809156261d5922eda88508ff42d016ccf6e?cid=63a77ff40e794a12ae216a18befde98c,Ya Izzana,17,Abdel Aziz El Mubarak,Sounds of Sudan,0.909,0.434,503627,0.249,0.181,4,0.0966,-17.263,0,0.0424,147.648,0.829
arab,Sudan Sounds,37i9dQZF1DX15iTqq2X8NE,10LEmxW2mReKO9krEEROLa,spotify:track:10LEmxW2mReKO9krEEROLa,https://p.scdn.co/mp3-preview/4c7215ba10cbb64c481836eac5e7bcd2a41b44dd?cid=63a77ff40e794a12ae216a18befde98c,Manaok (Forbidden),32,Amira Kheir,Mystic Dance,0.437,0.627,375480,0.55,0.0197,5,0.103,-10.957,0,0.0299,139.853,0.626
arab,Sudan Sounds,37i9dQZF1DX15iTqq2X8NE,4wUkSzBjXOPCxH0RCG2GaE,spotify:track:4wUkSzBjXOPCxH0RCG2GaE,https://p.scdn.co/mp3-preview/2db8497303f9d8073c54f61963aa40ccf6be17c4?cid=63a77ff40e794a12ae216a18befde98c,Come Meh Way,48,Sudan Archives,Sudan Archives,0.0745,0.683,146000,0.861,0.000639,4,0.183,-6.614,0,0.0975,159.989,0.744
arab,Sudan Sounds,37i9dQZF1DX15iTqq2X8NE,5eoW1Ke2adtl6zuEc6hbjy,spotify:track:5eoW1Ke2adtl6zuEc6hbjy,,Agricultural Revolution,0,Kamal Keila,Agricultural Revolution / Al Asafir,0.394,0.545,307500,0.734,0.0159,5,0.225,-6.828,0,0.0443,114.866,0.782
arab,Sudan Sounds,37i9dQZF1DX15iTqq2X8NE,0gfLC4KZ7tLqGpYAlKcZ3N,spotify:track:0gfLC4KZ7tLqGpYAlKcZ3N,https://p.scdn.co/mp3-preview/b4381f45e7460c6ff91e65d95a282153cca76aef?cid=63a77ff40e794a12ae216a18befde98c,Jani,43,T.A,Jani,0.158,0.764,213342,0.638,0.0,11,0.328,-6.504,0,0.466,145.803,0.567
