category_id,playlist_name,playlist_id,track_id,track_uri,track_preview_url,track_name,track_popularity,artist_name,album_name,acousticness,danceability,duration_ms,energy,instrumentalness,key,liveness,loudness,mode,speechiness,tempo,valence
arab,Arab Metal,37i9dQZF1DXaqykGqi6KX8,3y5i78fcWnHxu1g67brpOP,spotify:track:3y5i78fcWnHxu1g67brpOP,https://p.scdn.co/mp3-preview/b44d31732d40b60928be5765c63e454cf136f240?cid=63a77ff40e794a12ae216a18befde98c,Asl,25,Myrath,Shehili,0.685,0.229,69083,0.142,0.0,2,0.239,-22.85,1,0.0393,70.838,0.293
arab,Arab Metal,37i9dQZF1DXaqykGqi6KX8,7MSH1qlIpKG1JNd0vhBhte,spotify:track:7MSH1qlIpKG1JNd0vhBhte,https://p.scdn.co/mp3-preview/a7720609a8c088b23b91d01c4940be13cd68c478?cid=63a77ff40e794a12ae216a18befde98c,Time to Raise the Curtains,23,Nawather,Wasted Years,0.0491,0.543,240508,0.939,0.00874,5,0.059,-3.731,0,0.0517,75.059,0.437
arab,Arab Metal,37i9dQZF1DXaqykGqi6KX8,6YJxrjI7Y53MCKWEzdxDta,spotify:track:6YJxrjI7Y53MCKWEzdxDta,https://p.scdn.co/mp3-preview/4eedaa8ef085df4f2b89f49d3573923887797e3f?cid=63a77ff40e794a12ae216a18befde98c,Blind Fate (Turab),20,Esodic,Mirrors of Disgrace,1.29e-05,0.341,285651,0.964,0.0267,8,0.0575,-5.763,1,0.052,93.16,0.543
arab,Arab Metal,37i9dQZF1DXaqykGqi6KX8,3Qo94B93QHjhPTIAQyMmcd,spotify:track:3Qo94B93QHjhPTIAQyMmcd,https://p.scdn.co/mp3-preview/a271914d49ee4a774b3b128de9ecf3f40502e059?cid=63a77ff40e794a12ae216a18befde98c,Forever and A Day,22,Myrath,Desert Call,0.000866,0.427,340427,0.956,0.289,2,0.0779,-6.555,1,0.096,94.932,0.271
arab,Arab Metal,37i9dQZF1DXaqykGqi6KX8,1fnCKZ8ikOhckUwvBMGLLW,spotify:track:1fnCKZ8ikOhckUwvBMGLLW,https://p.scdn.co/mp3-preview/d53f49e999dbfd42d21be2f6040fc4a8b0308c2c?cid=63a77ff40e794a12ae216a18befde98c,Insomnia Kid,14,The Kordz,Beauty & The East,0.00248,0.518,272400,0.846,0.0,0,0.117,-4.029,1,0.0352,96.022,0.32
arab,Arab Metal,37i9dQZF1DXaqykGqi6KX8,5ZZL2N5HjKYpsObCF5WcT6,spotify:track:5ZZL2N5HjKYpsObCF5WcT6,https://p.scdn.co/mp3-preview/592b91aab2cde1926eddddf9d62cf73118d59102?cid=63a77ff40e794a12ae216a18befde98c,Haz El Adala,20,Khalas,Arabic Rock Orchestra,0.000552,0.524,169867,0.95,0.062,1,0.314,-5.302,0,0.0446,98.026,0.323
arab,Arab Metal,37i9dQZF1DXaqykGqi6KX8,4i3idsiscIXPruOORL8o0F,spotify:track:4i3idsiscIXPruOORL8o0F,https://p.scdn.co/mp3-preview/7a305b6210aa8ed5a777cce7d734da5bc0867c38?cid=63a77ff40e794a12ae216a18befde98c,Halil İbrahim Sofrası,26,Pitch Black Process,Derin,0.00163,0.556,274603,0.965,0.000367,1,0.405,-5.23,1,0.0515,100.01,0.541
arab,Arab Metal,37i9dQZF1DXaqykGqi6KX8,1lnPIy0Vp3sEnPnFidT3bH,spotify:track:1lnPIy0Vp3sEnPnFidT3bH,https://p.scdn.co/mp3-preview/7a2ab85f9b79e35cb2bc492f32686162d1ca480f?cid=63a77ff40e794a12ae216a18befde98c,Leap of Faith,17,Luay Rifai,Timeless Truths,0.000365,0.474,342267,0.85,0.573,2,0.319,-8.822,1,0.0609,100.043,0.517
arab,Arab Metal,37i9dQZF1DXaqykGqi6KX8,0MHj9bCzoNtKVIuEGnUeH6,spotify:track:0MHj9bCzoNtKVIuEGnUeH6,https://p.scdn.co/mp3-preview/65d833528b32cc42192f381c67b2f053e24e4d10?cid=63a77ff40e794a12ae216a18befde98c,Ladders To Sumeria,25,Melechesh,Emissaries,1.7e-06,0.429,241693,0.962,0.963,2,0.337,-3.22,1,0.0748,105.001,0.173
arab,Arab Metal,37i9dQZF1DXaqykGqi6KX8,0Ti4bbSLBtIP2pJHHmQgqR,spotify:track:0Ti4bbSLBtIP2pJHHmQgqR,https://p.scdn.co/mp3-preview/b0bc6f14d084b54b7a7423f170d85e442317ac0f?cid=63a77ff40e794a12ae216a18befde98c,Mejwez,18,Khalas,Arabic Rock Orchestra,3.02e-05,0.304,249067,0.823,0.797,9,0.265,-9.397,1,0.0408,111.953,0.521
arab,Arab Metal,37i9dQZF1DXaqykGqi6KX8,3Fz8IcdXklVz1Kr9SHFcFe,spotify:track:3Fz8IcdXklVz1Kr9SHFcFe,https://p.scdn.co/mp3-preview/18476b59d05c249840f188da4f8a06b59e053b20?cid=63a77ff40e794a12ae216a18befde98c,Riot Against Riot,14,Blaakyum,Riot Against Riot,7.75e-05,0.357,323009,0.922,0.0373,6,0.247,-8.409,1,0.101,112.516,0.48
arab,Arab Metal,37i9dQZF1DXaqykGqi6KX8,2QX8MH41UYIYKEfodmfRJd,spotify:track:2QX8MH41UYIYKEfodmfRJd,https://p.scdn.co/mp3-preview/136c81ffc32543fe8535debbb3a5b8ebdcd2638c?cid=63a77ff40e794a12ae216a18befde98c,Ankh,18,Scarab,Blinding the Masses,0.00468,0.308,300253,0.981,0.24,6,0.0867,-5.979,1,0.106,118.07,0.154
arab,Arab Metal,37i9dQZF1DXaqykGqi6KX8,5YgGtiu9OvYhwgfwvK13gl,spotify:track:5YgGtiu9OvYhwgfwvK13gl,https://p.scdn.co/mp3-preview/d2f47f890d1b40f8e6f87e5dd5776764facecb10?cid=63a77ff40e794a12ae216a18befde98c,The Battle for Baghdad,17,Baghdad Heavy Metal,Baghdad Heavy Metal,0.008,0.656,214040,0.928,0.775,2,0.0849,-3.914,1,0.07,119.982,0.42
arab,Arab Metal,37i9dQZF1DXaqykGqi6KX8,4QRjuVSPlAIDZP3KfiBwt1,spotify:track:4QRjuVSPlAIDZP3KfiBwt1,https://p.scdn.co/mp3-preview/c775901ccb2a049174c0e6de6c93d9e7acad294b?cid=63a77ff40e794a12ae216a18befde98c,Son of Muhieddine,17,Acyl,Aftermath,0.0253,0.676,336347,0.816,2.22e-06,11,0.0753,-5.372,1,0.0346,119.99,0.226
arab,Arab Metal,37i9dQZF1DXaqykGqi6KX8,3Xzwv8OlCT65i73QpicPlO,spotify:track:3Xzwv8OlCT65i73QpicPlO,https://p.scdn.co/mp3-preview/2a85eb0331fe3ce692f7ae649ab77b251f8405a8?cid=63a77ff40e794a12ae216a18befde98c,No Holding Back,19,Myrath,No Holding Back,0.00246,0.453,282790,0.953,0.000995,2,0.33,-4.764,1,0.082,145.943,0.309
arab,Arab Metal,37i9dQZF1DXaqykGqi6KX8,1SkWDSHs825x3os2JtxKBQ,spotify:track:1SkWDSHs825x3os2JtxKBQ,https://p.scdn.co/mp3-preview/e00f05b59bab9083c0f599894c42a94a2269924c?cid=63a77ff40e794a12ae216a18befde98c,The Twelth Gate,8,Crescent,The Order Of Amenti,1.16e-05,0.412,240000,0.776,0.975,5,0.408,-5.911,1,0.0446,120.007,0.195
arab,Arab Metal,37i9dQZF1DXaqykGqi6KX8,6Qd5yE8cmlcaaBz7Nxy2EL,spotify:track:6Qd5yE8cmlcaaBz7Nxy2EL,https://p.scdn.co/mp3-preview/ef2bb4cfca323e1c40d1e11278c56c6578e8179d?cid=63a77ff40e794a12ae216a18befde98c,Freedom Denied,16,Blaakyum,Line of Fear,0.000199,0.439,255440,0.833,0.00519,6,0.0783,-7.295,1,0.0808,120.03,0.538
arab,Arab Metal,37i9dQZF1DXaqykGqi6KX8,3ooVc9kPY6DNpCxM2srJtb,spotify:track:3ooVc9kPY6DNpCxM2srJtb,https://p.scdn.co/mp3-preview/0c436bf678162d68496f6bb19abe0fe41470ab91?cid=63a77ff40e794a12ae216a18befde98c,Inta Omri (You Are My Life),18,Khalas,Ma Adesh Feeha (We've Had It),0.00323,0.719,239675,0.521,0.853,1,0.0701,-7.922,1,0.0352,120.045,0.556
arab,Arab Metal,37i9dQZF1DXaqykGqi6KX8,3p51E8KkplEefPXyO9CuzY,spotify:track:3p51E8KkplEefPXyO9CuzY,https://p.scdn.co/mp3-preview/a9a26e8fc5dfa6d636bcad10dfab67d69d44c3ca?cid=63a77ff40e794a12ae216a18befde98c,Unfollow,13,Massive Scar Era,Color Blind,1.68e-05,0.546,222157,0.88,0.00405,10,0.177,-11.488,0,0.0687,124.959,0.69
arab,Arab Metal,37i9dQZF1DXaqykGqi6KX8,3lgATvxpyAxR3FgZ4P8yge,spotify:track:3lgATvxpyAxR3FgZ4P8yge,https://p.scdn.co/mp3-preview/1177ec4a200f6c4b47def70d0c5b28c4ec335156?cid=63a77ff40e794a12ae216a18befde98c,Deeper In,10,The Kordz,Beauty & The East,1.41e-05,0.468,250813,0.942,5.15e-06,2,0.334,-3.4,1,0.0451,134.98,0.209
arab,Arab Metal,37i9dQZF1DXaqykGqi6KX8,67Ds7V9onIBlErmkSWFtt6,spotify:track:67Ds7V9onIBlErmkSWFtt6,https://p.scdn.co/mp3-preview/1b4edc09b3cd80aae5cfcce72b0c52a444c840f0?cid=63a77ff40e794a12ae216a18befde98c,12,12,Benevolent,The Wave,2.71e-05,0.465,320373,0.937,0.354,6,0.122,-5.853,1,0.0531,137.767,0.177
arab,Arab Metal,37i9dQZF1DXaqykGqi6KX8,3wULkaOnTXCGpK5MA3kqbe,spotify:track:3wULkaOnTXCGpK5MA3kqbe,https://p.scdn.co/mp3-preview/186df55e3762514079a7d82cee833a20948471f5?cid=63a77ff40e794a12ae216a18befde98c,Kont Trab,13,Nawather,Wasted Years,0.00515,0.492,377473,0.918,2.13e-05,0,0.641,-4.467,0,0.0619,140.007,0.263
arab,Arab Metal,37i9dQZF1DXaqykGqi6KX8,3PC9Eih4l2RUMXoIUWzbmM,spotify:track:3PC9Eih4l2RUMXoIUWzbmM,https://p.scdn.co/mp3-preview/3f4ccba52295277e0fd4ae0d68306be75a23e7a2?cid=63a77ff40e794a12ae216a18befde98c,Ala Remshe,14,Khalas,Arabic Rock Orchestra,3e-05,0.502,229960,0.854,0.628,5,0.0947,-5.432,1,0.0458,141.968,0.402
arab,Arab Metal,37i9dQZF1DXaqykGqi6KX8,34k1SirFGrzHpYUrwiFNAk,spotify:track:34k1SirFGrzHpYUrwiFNAk,https://p.scdn.co/mp3-preview/a9a2c69a0d97b49c84fc55dc839ca31c4e383121?cid=63a77ff40e794a12ae216a18befde98c,The Cost Of Everything And The Value Of Nothing,15,Acrassicauda,GILGAMESH,0.000826,0.566,188735,0.947,0.292,11,0.896,-4.608,1,0.142,142.039,0.399
arab,Arab Metal,37i9dQZF1DXaqykGqi6KX8,3bkHJDmHIjdKOOCvVDoXCE,spotify:track:3bkHJDmHIjdKOOCvVDoXCE,https://p.scdn.co/mp3-preview/31c11b9f6e99aa736a2ed57c07e8534121d1f822?cid=63a77ff40e794a12ae216a18befde98c,Quest For Eternity,15,Acrassicauda,GILGAMESH,0.0139,0.276,226795,0.882,0.0684,1,0.0928,-4.441,0,0.0795,143.526,0.463
arab,Arab Metal,37i9dQZF1DXaqykGqi6KX8,5sjx2BzDr9YK5At7XgLGds,spotify:track:5sjx2BzDr9YK5At7XgLGds,https://p.scdn.co/mp3-preview/d91e0e96273bbe785ddcf05c5d29e7742ea5b3f9?cid=63a77ff40e794a12ae216a18befde98c,Intro,13,Nervecell,"Past, Present...Torture",0.00327,0.422,161720,0.739,0.809,1,0.11,-7.881,1,0.071,149.98,0.0393
arab,Arab Metal,37i9dQZF1DXaqykGqi6KX8,0pYtMLPKmN2ROSZ46O4DEC,spotify:track:0pYtMLPKmN2ROSZ46O4DEC,https://p.scdn.co/mp3-preview/3f6cd9c8fddee6d042ca52a963b1d564c0ee2d89?cid=63a77ff40e794a12ae216a18befde98c,The Tragedy Within,13,BILOCATE,Summoning the Bygones,8.31e-05,0.204,524840,0.934,0.385,9,0.102,-5.153,1,0.0774,156.819,0.119
arab,Arab Metal,37i9dQZF1DXaqykGqi6KX8,26uaNROSTOeRpwMCGICjza,spotify:track:26uaNROSTOeRpwMCGICjza,https://p.scdn.co/mp3-preview/de2d3a58e907800a89274b8697fa4a2135ec6902?cid=63a77ff40e794a12ae216a18befde98c,Daret Layyem,16,Nawather,Wasted Years,0.147,0.451,302601,0.939,0.00414,10,0.115,-3.701,0,0.071,179.988,0.678
arab,Arab Metal,37i9dQZF1DXaqykGqi6KX8,3esEno7VbHhFQly6SYeBV8,spotify:track:3esEno7VbHhFQly6SYeBV8,https://p.scdn.co/mp3-preview/d7f085f47af5d20ea787cdb778a10aad73f12e6b?cid=63a77ff40e794a12ae216a18befde98c,I Am the Beast,12,Ambrotype,The Revelations,0.00259,0.192,666511,0.811,0.741,6,0.337,-6.617,0,0.0706,180.02,0.155
arab,Arab Metal,37i9dQZF1DXaqykGqi6KX8,1OHJZQs2Xm9OrAl7qyNRc2,spotify:track:1OHJZQs2Xm9OrAl7qyNRc2,https://p.scdn.co/mp3-preview/dbb14a9356cfa0f0a558edb6dce5d402fa0b0a95?cid=63a77ff40e794a12ae216a18befde98c,For the Unknown Is Horrid,12,Odious,Mirror of Vibrations,0.00143,0.188,432373,0.984,0.314,9,0.368,-4.563,1,0.293,183.503,0.27
