category_id,playlist_name,playlist_id,track_id,track_uri,track_preview_url,track_name,track_popularity,artist_name,album_name,acousticness,danceability,duration_ms,energy,instrumentalness,key,liveness,loudness,mode,speechiness,tempo,valence
afro,Afro Hits,37i9dQZF1DWX0o6sD1a6P5,55mCsKCo4bPuYtZvHppp8z,spotify:track:55mCsKCo4bPuYtZvHppp8z,,Médicament,78,"Niska,Booba",Médicament,0.693,0.665,198857,0.653,0.0,6,0.0769,-6.686,0,0.0893,157.38,0.381
afro,Afro Hits,37i9dQZF1DWX0o6sD1a6P5,53NjleILyfXt7GYwTgxZX9,spotify:track:53NjleILyfXt7GYwTgxZX9,https://p.scdn.co/mp3-preview/5dfb00c611000d9f1839166fbccc209a02c9d3e7?cid=63a77ff40e794a12ae216a18befde98c,Tetema,62,"Rayvanny,Diamond Platnumz",Tetema,0.37,0.855,152607,0.841,0.00127,6,0.0545,-2.769,0,0.18,96.12,0.953
afro,Afro Hits,37i9dQZF1DWX0o6sD1a6P5,7bLy8fxBMroDuV0zxwGSn6,spotify:track:7bLy8fxBMroDuV0zxwGSn6,https://p.scdn.co/mp3-preview/24078154b5cedc67e8ea1adef95e9fbe582ffd5d?cid=63a77ff40e794a12ae216a18befde98c,À Kinshasa (feat. Fally Ipupa),72,"Ninho,Fally Ipupa",Destin,0.229,0.508,177806,0.768,0.0,10,0.11,-5.733,0,0.203,66.57,0.61
afro,Afro Hits,37i9dQZF1DWX0o6sD1a6P5,2tsuHoDRjMTPkibpOkRuq4,spotify:track:2tsuHoDRjMTPkibpOkRuq4,https://p.scdn.co/mp3-preview/1b72799fd1d9646b986d02e34a916bda8f1992b7?cid=63a77ff40e794a12ae216a18befde98c,Sensima,61,"Skiibii,Reekado Banks",Sensima,0.0899,0.874,187794,0.807,0.0,7,0.0698,-3.973,1,0.177,109.945,0.884
afro,Afro Hits,37i9dQZF1DWX0o6sD1a6P5,0n9lOrBXeibRmEN8BNYmkI,spotify:track:0n9lOrBXeibRmEN8BNYmkI,https://p.scdn.co/mp3-preview/13765645d450036198ebac52698d00fae6ec1aff?cid=63a77ff40e794a12ae216a18befde98c,Ça va bien se passer (feat. Naza & KeBlack),55,"Dr. Yaro & La Folie,Naza,KeBlack",Ça va bien se passer (feat. Naza & KeBlack),0.119,0.806,183693,0.825,1.37e-05,5,0.0682,-4.191,0,0.0537,113.968,0.96
afro,Afro Hits,37i9dQZF1DWX0o6sD1a6P5,1sBX7EfLOgP3u6gHJBSqQg,spotify:track:1sBX7EfLOgP3u6gHJBSqQg,https://p.scdn.co/mp3-preview/d6a2106a940cccf1d448e5645f931ccfd4ed88e7?cid=63a77ff40e794a12ae216a18befde98c,Dumebi,62,Rema,Rema,0.202,0.922,179775,0.666,0.00386,3,0.105,-4.97,0,0.0609,110.015,0.7
afro,Afro Hits,37i9dQZF1DWX0o6sD1a6P5,45p64coOj1vJMsg9r0TfhR,spotify:track:45p64coOj1vJMsg9r0TfhR,https://p.scdn.co/mp3-preview/50423eed11e2ef6f137ae0c1130f62ae33b1fade?cid=63a77ff40e794a12ae216a18befde98c,Ou Lè,49,"Kassav',Jacob Desvarieux,Toofan",Ou Lè - Single,0.0253,0.882,197816,0.864,0.000342,1,0.029,-3.158,1,0.0745,104.021,0.915
afro,Afro Hits,37i9dQZF1DWX0o6sD1a6P5,07rmJZVpXdsSfjOl4VmmFf,spotify:track:07rmJZVpXdsSfjOl4VmmFf,https://p.scdn.co/mp3-preview/5cf4f4c97b480ebb23851ad7a8490d66e4e77326?cid=63a77ff40e794a12ae216a18befde98c,Jealous,52,Fireboy DML,Jealous,0.116,0.747,216667,0.778,0.000112,4,0.631,-6.993,0,0.0501,103.019,0.311
afro,Afro Hits,37i9dQZF1DWX0o6sD1a6P5,6cEuhrLjBptqS2Vps5U6Fx,spotify:track:6cEuhrLjBptqS2Vps5U6Fx,,Comme ça,56,"Franglish,Dadju",Monsieur,0.311,0.674,200573,0.677,0.0,6,0.0935,-5.462,1,0.221,94.006,0.735
afro,Afro Hits,37i9dQZF1DWX0o6sD1a6P5,4qVlq30c2CgdPHlRBbuQGh,spotify:track:4qVlq30c2CgdPHlRBbuQGh,https://p.scdn.co/mp3-preview/526f0411b343e360efee97e87256ff6eff2e99ec?cid=63a77ff40e794a12ae216a18befde98c,Olelele,41,"Young ""D"",Harmonize,Skales",Olelele,0.127,0.85,214180,0.594,0.000733,6,0.0912,-4.6,1,0.147,121.911,0.906
afro,Afro Hits,37i9dQZF1DWX0o6sD1a6P5,40M9DN8MY88fw2Kxx7Owne,spotify:track:40M9DN8MY88fw2Kxx7Owne,https://p.scdn.co/mp3-preview/45655986a880d59b0325a7420ebab170e6fc8c44?cid=63a77ff40e794a12ae216a18befde98c,A découvert,64,"Hiro,Ninho",A découvert,0.625,0.803,185403,0.477,0.0,7,0.17,-9.799,1,0.146,113.352,0.501
afro,Afro Hits,37i9dQZF1DWX0o6sD1a6P5,2q8pwL0okH2NEJLs0Mdo0Y,spotify:track:2q8pwL0okH2NEJLs0Mdo0Y,,Up Tempo,55,Tekno,Up Tempo,0.154,0.881,234055,0.774,0.00381,11,0.059,-1.71,0,0.053,120.986,0.776
afro,Afro Hits,37i9dQZF1DWX0o6sD1a6P5,0X8d4wY8cjlmzV07SAqImm,spotify:track:0X8d4wY8cjlmzV07SAqImm,https://p.scdn.co/mp3-preview/25c4721e3570fbca3ce53490fc6419f45236f70e?cid=63a77ff40e794a12ae216a18befde98c,Reason with me,47,Rudeboy,Reason with me,0.431,0.913,251306,0.56,1.6e-06,6,0.11,-6.782,1,0.0919,102.015,0.595
afro,Afro Hits,37i9dQZF1DWX0o6sD1a6P5,0OxsMrg3FYcxK3zKa7IloA,spotify:track:0OxsMrg3FYcxK3zKa7IloA,https://p.scdn.co/mp3-preview/4403ad303d6c326ff2aebeb0caafb0681cbf168b?cid=63a77ff40e794a12ae216a18befde98c,La jalousie (Dis l'heure 2 Afro Pop),40,"Magasco,Milca",La jalousie (Dis l'heure 2 Afro Pop),0.443,0.694,211547,0.795,0.0,1,0.0684,-4.456,0,0.034,119.934,0.795
afro,Afro Hits,37i9dQZF1DWX0o6sD1a6P5,3RZzQ2QfYGSHbU2xNdCZ2n,spotify:track:3RZzQ2QfYGSHbU2xNdCZ2n,https://p.scdn.co/mp3-preview/808461d3dc81f1a5c916831f0f8d3c312008a744?cid=63a77ff40e794a12ae216a18befde98c,On Me,47,Terri,On Me,0.333,0.849,194182,0.842,0.0,5,0.0647,-2.975,1,0.0483,109.949,0.891
afro,Afro Hits,37i9dQZF1DWX0o6sD1a6P5,3qHs2PoiJMPvdxgyRSvqAl,spotify:track:3qHs2PoiJMPvdxgyRSvqAl,https://p.scdn.co/mp3-preview/c3558a9bf16614913e1c21b4828a1900116ce6af?cid=63a77ff40e794a12ae216a18befde98c,Sucette (feat. Niska),66,"Aya Nakamura,Niska",NAKAMURA,0.238,0.795,167067,0.783,1.16e-06,5,0.0638,-6.12,0,0.127,189.978,0.677
afro,Afro Hits,37i9dQZF1DWX0o6sD1a6P5,42ZhnOEmGwSfwIB3p30p6W,spotify:track:42ZhnOEmGwSfwIB3p30p6W,https://p.scdn.co/mp3-preview/0cd25e055fd0f4ad7951aebfd7b49d5157a8a7c4?cid=63a77ff40e794a12ae216a18befde98c,In a Fix,45,"Ice Prince,Mr Eazi",In a Fix,0.0598,0.632,199200,0.694,0.0,5,0.112,-4.04,0,0.33,66.969,0.635
afro,Afro Hits,37i9dQZF1DWX0o6sD1a6P5,3sYWEKTYatfvPfVGvC98FN,spotify:track:3sYWEKTYatfvPfVGvC98FN,,Impossible,54,Joe Dwet File,A deux,0.228,0.554,214013,0.556,0.0,4,0.0754,-6.092,0,0.0398,78.215,0.546
afro,Afro Hits,37i9dQZF1DWX0o6sD1a6P5,5z0zxp3SKW96Zf2Whmoaqf,spotify:track:5z0zxp3SKW96Zf2Whmoaqf,https://p.scdn.co/mp3-preview/687de4d06fa74a2393b4b0a0937bf0b8173abbfb?cid=63a77ff40e794a12ae216a18befde98c,Emotions,41,Runtown,Emotions,0.368,0.807,190311,0.62,8.24e-05,4,0.0702,-4.868,0,0.0707,102.016,0.79
afro,Afro Hits,37i9dQZF1DWX0o6sD1a6P5,6jXWx8sjZ8jyxzx5lTgMB6,spotify:track:6jXWx8sjZ8jyxzx5lTgMB6,,Katana,34,Locko,Katana,0.0306,0.914,177000,0.711,2.59e-06,5,0.068,-6.178,0,0.0563,99.007,0.851
afro,Afro Hits,37i9dQZF1DWX0o6sD1a6P5,1QcEyWr0XhYI0QvySZRdTu,spotify:track:1QcEyWr0XhYI0QvySZRdTu,https://p.scdn.co/mp3-preview/809c83e873dfd5ce5eb953fe7f40dfbb30151d36?cid=63a77ff40e794a12ae216a18befde98c,Tattoo,47,"Del B,DaVido,Mr Eazi",Afrodisiac: The Mixtape,0.659,0.749,204000,0.829,0.0,9,0.265,-2.863,1,0.108,105.06,0.722
afro,Afro Hits,37i9dQZF1DWX0o6sD1a6P5,3TDVn3sSgkKSJLMeDpOqEL,spotify:track:3TDVn3sSgkKSJLMeDpOqEL,https://p.scdn.co/mp3-preview/6f7928b355bf4ad04447cfe9ff376078eaf26730?cid=63a77ff40e794a12ae216a18befde98c,Je t'aime,41,"Fanicko,Sidiki Diabaté","Le feu, Vol. 1",0.492,0.758,185143,0.659,0.0,1,0.146,-4.586,1,0.0362,104.973,0.578
afro,Afro Hits,37i9dQZF1DWX0o6sD1a6P5,2J7gUMdczimfHm5gSDn3Hz,spotify:track:2J7gUMdczimfHm5gSDn3Hz,https://p.scdn.co/mp3-preview/d5f995ef742e6e61dc73c556eeaa21b5b9c27c92?cid=63a77ff40e794a12ae216a18befde98c,Confirm (feat. Davido),55,"Patoranking,DaVido",Confirm (feat. Davido),0.0457,0.769,229013,0.75,0.0,11,0.0525,-5.747,0,0.0297,107.998,0.891
afro,Afro Hits,37i9dQZF1DWX0o6sD1a6P5,0mdTvlebd5dVjieu6Hezq6,spotify:track:0mdTvlebd5dVjieu6Hezq6,https://p.scdn.co/mp3-preview/b763ae8ce6b400b5ae782ec88d7fc3483742dd9e?cid=63a77ff40e794a12ae216a18befde98c,Peace of Mind,67,"Sean Kingston,Tory Lanez,DaVido",Peace of Mind,0.106,0.744,265899,0.875,0.0,5,0.243,-4.224,0,0.159,121.993,0.326
afro,Afro Hits,37i9dQZF1DWX0o6sD1a6P5,7AfBFOXNl4nteB9Rb0mcF9,spotify:track:7AfBFOXNl4nteB9Rb0mcF9,https://p.scdn.co/mp3-preview/edd69271daccd309a1636b665e50ca4055580562?cid=63a77ff40e794a12ae216a18befde98c,Zinawa,39,"Bebi Philip,Zaga Bambo",Zinawa,0.308,0.741,216356,0.651,1e-06,5,0.245,-6.533,1,0.0617,117.917,0.789
afro,Afro Hits,37i9dQZF1DWX0o6sD1a6P5,5yIXBZKTROZpH37UGShIpi,spotify:track:5yIXBZKTROZpH37UGShIpi,https://p.scdn.co/mp3-preview/84229644e8e9412f10e2ebf35950ae7cf5160333?cid=63a77ff40e794a12ae216a18befde98c,Oil & Gas,45,Olamide,Oil & Gas,0.185,0.937,194787,0.857,0.00789,7,0.191,-3.929,1,0.155,121.014,0.926
afro,Afro Hits,37i9dQZF1DWX0o6sD1a6P5,0QkJ1eRrXrW5aIHLWxM22v,spotify:track:0QkJ1eRrXrW5aIHLWxM22v,https://p.scdn.co/mp3-preview/7d05357aa741a7d30a2dba055733d952468848ea?cid=63a77ff40e794a12ae216a18befde98c,Yakata,47,Dabenja,Yakata,0.321,0.483,201144,0.918,0.0,11,0.162,-1.834,1,0.0844,116.938,0.929
afro,Afro Hits,37i9dQZF1DWX0o6sD1a6P5,16PlSKMa2N4Xu7jT7ia0wg,spotify:track:16PlSKMa2N4Xu7jT7ia0wg,https://p.scdn.co/mp3-preview/f50be11b6a04c4f15e9ade8b0bc454dd79181341?cid=63a77ff40e794a12ae216a18befde98c,Low,54,"Larry Gaaga,WizKid",Low,0.62,0.758,233012,0.584,0.00252,9,0.0835,-2.862,0,0.0751,101.929,0.769
afro,Afro Hits,37i9dQZF1DWX0o6sD1a6P5,5NpET8pwPjwxU2XD1W4rT5,spotify:track:5NpET8pwPjwxU2XD1W4rT5,https://p.scdn.co/mp3-preview/02403dcc27a705d8ed15cf5a0cd6a5f82c426e6b?cid=63a77ff40e794a12ae216a18befde98c,Bounce It (feat. Stonebwoy),59,"Collie Buddz,Stonebwoy",Bounce It (feat. Stonebwoy),0.167,0.933,189699,0.515,0.0,2,0.0446,-6.731,0,0.139,110.014,0.811
afro,Afro Hits,37i9dQZF1DWX0o6sD1a6P5,6actBtOAt0KxuALPwoPZIo,spotify:track:6actBtOAt0KxuALPwoPZIo,https://p.scdn.co/mp3-preview/99f04e33c7ac18d5ab9b6eb08046cd00b6abbb2e?cid=63a77ff40e794a12ae216a18befde98c,Doucement (feat. Alrima),55,"DJ Skorp,Dopebwoy,Alrima",Doucement (feat. Alrima),0.346,0.737,191600,0.701,8.27e-05,11,0.109,-7.102,0,0.0511,114.97,0.406
afro,Afro Hits,37i9dQZF1DWX0o6sD1a6P5,4O9uTF4xWnjic7aP7bH8RC,spotify:track:4O9uTF4xWnjic7aP7bH8RC,https://p.scdn.co/mp3-preview/06994e2fd01c94b07de6de66c6ea49223f1f32aa?cid=63a77ff40e794a12ae216a18befde98c,"Money (feat. Kah-Lo, Mr Eazi & Davido) - Shrine VIP",37,"Riton,Kah-Lo,Mr Eazi,DaVido","Money (feat. Kah-Lo, Mr Eazi & Davido) [Shrine VIP]",0.287,0.815,192766,0.668,1.5e-05,1,0.16,-5.841,1,0.128,117.978,0.643
afro,Afro Hits,37i9dQZF1DWX0o6sD1a6P5,20JXngbVXifMXbUqCTljje,spotify:track:20JXngbVXifMXbUqCTljje,,Calimero,64,"Vegedream,Dadju",Calimero,0.396,0.455,221355,0.703,0.0,7,0.297,-5.938,0,0.0647,117.166,0.533
afro,Afro Hits,37i9dQZF1DWX0o6sD1a6P5,4ITftSVpf4XkYoDqqpWjBX,spotify:track:4ITftSVpf4XkYoDqqpWjBX,https://p.scdn.co/mp3-preview/fe1ffa08579fe64da680a523db986d6e5a10eb1a?cid=63a77ff40e794a12ae216a18befde98c,Zulu Screams (feat. Maleek Berry & Bibi Bourelly),67,"GoldLink,Maleek Berry,Bibi Bourelly",Zulu Screams (feat. Maleek Berry & Bibi Bourelly),0.136,0.753,177568,0.926,0.026,6,0.129,-5.444,0,0.169,125.956,0.721
afro,Afro Hits,37i9dQZF1DWX0o6sD1a6P5,2e2y7gOj4JhMwHHY9QsPZx,spotify:track:2e2y7gOj4JhMwHHY9QsPZx,https://p.scdn.co/mp3-preview/8627663b8c1d3c535ebdc273cd90f11fd3a86f81?cid=63a77ff40e794a12ae216a18befde98c,Good Day (Fire),42,Stanley Enow,Good Day (Fire),0.137,0.78,202222,0.54,2.53e-06,0,0.15,-6.53,1,0.0382,108.094,0.508
afro,Afro Hits,37i9dQZF1DWX0o6sD1a6P5,7zXccMrWw9YKlVGMRsNERH,spotify:track:7zXccMrWw9YKlVGMRsNERH,https://p.scdn.co/mp3-preview/dfe9e3e4ccec90b326292d6d560c0cb1955eda2d?cid=63a77ff40e794a12ae216a18befde98c,Doucement,50,"Hiro,Still Fresh",Doucement,0.0616,0.835,195761,0.673,0.0092,7,0.0593,-4.704,0,0.0495,96.03,0.704
afro,Afro Hits,37i9dQZF1DWX0o6sD1a6P5,3GfnbcoU5w9rT4a2BMXBDw,spotify:track:3GfnbcoU5w9rT4a2BMXBDw,https://p.scdn.co/mp3-preview/7bda6764deec821c64854204d3e9b39d910fedea?cid=63a77ff40e794a12ae216a18befde98c,All Night Long (feat. SteffLon Don),57,"Fuse ODG,Stefflon Don",New Africa Nation,0.257,0.468,218836,0.718,6.02e-06,1,0.0874,-4.031,0,0.247,65.22,0.92
afro,Afro Hits,37i9dQZF1DWX0o6sD1a6P5,6hKrXMEi6nKlP3BjMrawfM,spotify:track:6hKrXMEi6nKlP3BjMrawfM,https://p.scdn.co/mp3-preview/65123f3facb34b5249925ea77f00c6dfa8a024d4?cid=63a77ff40e794a12ae216a18befde98c,No one else remix,55,"Idahams,Teni",No one else remix,0.35,0.643,202000,0.708,8.77e-06,4,0.102,-3.717,1,0.114,204.044,0.924
afro,Afro Hits,37i9dQZF1DWX0o6sD1a6P5,5vdlds1BEt0TtCM7oeSA8B,spotify:track:5vdlds1BEt0TtCM7oeSA8B,,I Love You,46,Sidiki Diabaté,I Love You,0.0424,0.672,237474,0.497,0.000364,6,0.131,-10.474,0,0.0811,94.961,0.495
afro,Afro Hits,37i9dQZF1DWX0o6sD1a6P5,0Z3WgEI6TL0cBa8t4lKvho,spotify:track:0Z3WgEI6TL0cBa8t4lKvho,https://p.scdn.co/mp3-preview/3c9999c8cfaae7cc8489b44471c9bd3beb2c4bf8?cid=63a77ff40e794a12ae216a18befde98c,All I Want,68,"Russ,DaVido",All I Want,0.299,0.847,247154,0.577,5.76e-06,5,0.114,-8.75,0,0.124,116.923,0.626
afro,Afro Hits,37i9dQZF1DWX0o6sD1a6P5,713vhcww9d5fZbv6YlnUH9,spotify:track:713vhcww9d5fZbv6YlnUH9,https://p.scdn.co/mp3-preview/993fcfb9e9ece58eb0de03c1b5c3b12a046a992f?cid=63a77ff40e794a12ae216a18befde98c,Yaji,50,"Yemi Alade,Slimcase,Brainee",Yaji (feat. Slimcase & Brainee),0.0504,0.869,242857,0.807,0.000508,7,0.118,-3.23,1,0.227,122.005,0.519
afro,Afro Hits,37i9dQZF1DWX0o6sD1a6P5,65eraLUxV51a3LMD1ixDAF,spotify:track:65eraLUxV51a3LMD1ixDAF,https://p.scdn.co/mp3-preview/a148bc57a01cc426b63f04e5f2f3fbd223ae004f?cid=63a77ff40e794a12ae216a18befde98c,Dangote,27,Burna Boy,Dangote,0.505,0.539,225743,0.651,1.78e-06,7,0.0814,-5.017,1,0.402,67.169,0.8
afro,Afro Hits,37i9dQZF1DWX0o6sD1a6P5,2W2ZqOco83YgqCedx8sUJf,spotify:track:2W2ZqOco83YgqCedx8sUJf,https://p.scdn.co/mp3-preview/53b7e90386803a0a817044d859a02a3704abf894?cid=63a77ff40e794a12ae216a18befde98c,Million de dollars,54,"Naza,4Keus",Million de dollars,0.4,0.764,244733,0.802,0.0637,9,0.0587,-5.583,1,0.0495,90.751,0.815
afro,Afro Hits,37i9dQZF1DWX0o6sD1a6P5,3z4CGd63tpUn9a6oQSG0CI,spotify:track:3z4CGd63tpUn9a6oQSG0CI,,Location (feat. Burna Boy),80,"Dave,Burna Boy",PSYCHODRAMA,0.271,0.812,241293,0.496,0.0,9,0.0955,-5.969,0,0.297,109.979,0.55
afro,Afro Hits,37i9dQZF1DWX0o6sD1a6P5,1dXOd2cT6Wh5TEb1og8ckU,spotify:track:1dXOd2cT6Wh5TEb1og8ckU,,Superhéro,53,Dosseh,Black Snake (Bande originale inspirée du film),0.659,0.838,186320,0.824,0.000145,5,0.144,-6.402,0,0.0503,122.018,0.76
afro,Afro Hits,37i9dQZF1DWX0o6sD1a6P5,5HDjETTfreXfSUeP54PQSp,spotify:track:5HDjETTfreXfSUeP54PQSp,https://p.scdn.co/mp3-preview/c84403474f49399bde397c5782bd17b8f43ccafe?cid=63a77ff40e794a12ae216a18befde98c,Aminah,41,"Krizbeatz,Reekado Banks,Rayvanny",Aminah,0.207,0.783,216000,0.868,0.0249,8,0.571,-4.192,1,0.115,110.036,0.802
afro,Afro Hits,37i9dQZF1DWX0o6sD1a6P5,2RcqJxFcuwSngASme6SpvT,spotify:track:2RcqJxFcuwSngASme6SpvT,https://p.scdn.co/mp3-preview/4af8906a277210347e7e23054c92d692dc156d5e?cid=63a77ff40e794a12ae216a18befde98c,Amina,43,Ariel Sheney,Amina,0.532,0.677,217853,0.685,0.0,9,0.163,-6.057,1,0.327,125.7,0.679
afro,Afro Hits,37i9dQZF1DWX0o6sD1a6P5,0OgvTMxYqkwpcSqQx9qdyv,spotify:track:0OgvTMxYqkwpcSqQx9qdyv,https://p.scdn.co/mp3-preview/0afa65a151c2faef81c4520bd26985003410f826?cid=63a77ff40e794a12ae216a18befde98c,Camitoyottta,35,Magasco,Camitoyottta,0.487,0.639,201960,0.794,1.47e-06,0,0.48,-4.038,0,0.0512,126.096,0.617
afro,Afro Hits,37i9dQZF1DWX0o6sD1a6P5,763rW1kKNXl4CUNK4P4ZOO,spotify:track:763rW1kKNXl4CUNK4P4ZOO,https://p.scdn.co/mp3-preview/28c6758393d12ed392e8b312167de7de2350d77d?cid=63a77ff40e794a12ae216a18befde98c,Halle (feat. Duncan Mighty),44,"Iyanya,Duncan Mighty",Halle (feat. Duncan Mighty),0.624,0.598,235102,0.823,0.0,0,0.222,-0.964,0,0.08,101.591,0.74
afro,Afro Hits,37i9dQZF1DWX0o6sD1a6P5,30pqcW30krzzm5ggiaPWnn,spotify:track:30pqcW30krzzm5ggiaPWnn,https://p.scdn.co/mp3-preview/e440cc5ef009b9ae07d4a5b86d737662a5656779?cid=63a77ff40e794a12ae216a18befde98c,Shape Nice,56,"Afro B,Vybz Kartel,Dre Skull",Shape Nice,0.0499,0.919,192000,0.606,0.000419,10,0.187,-7.496,1,0.0572,102.978,0.473
afro,Afro Hits,37i9dQZF1DWX0o6sD1a6P5,2SZugFCZTiDEZX7FEqGvwn,spotify:track:2SZugFCZTiDEZX7FEqGvwn,https://p.scdn.co/mp3-preview/b4bd788d458f544b7c6f14c9ecfbc528afa93d25?cid=63a77ff40e794a12ae216a18befde98c,Ne m'en veux pas,62,KeBlack,Ne m'en veux pas,0.498,0.642,191521,0.684,0.0,7,0.165,-6.273,0,0.246,180.071,0.463
