category_id,playlist_name,playlist_id,track_id,track_uri,track_preview_url,track_name,track_popularity,artist_name,album_name,acousticness,danceability,duration_ms,energy,instrumentalness,key,liveness,loudness,mode,speechiness,tempo,valence
desi,Asli Aishwarya,37i9dQZF1DWZIQCYtfr3hh,1vP5twuVXFiInkDvv2815T,spotify:track:1vP5twuVXFiInkDvv2815T,,Ramta Jogi,29,"A.R. Rahman,Alka Yagnik,Sukhwinder Singh",Taal (Original Motion Picture Soundtrack),0.327,0.798,373451,0.636,0.0,6,0.117,-10.524,1,0.0432,139.979,0.798
desi,Asli Aishwarya,37i9dQZF1DWZIQCYtfr3hh,1UV1ej70vDBIdPUEJ40ZG1,spotify:track:1UV1ej70vDBIdPUEJ40ZG1,,Song: Dola Re,41,"Kavita Krishnamurthy,Shreya Ghoshal,KK","Devdas - An Adaptation Of Sarat Chandra Chattopadhyay's ""Devdas""",0.198,0.645,303387,0.914,0.0,4,0.396,-5.772,0,0.15,130.941,0.533
desi,Asli Aishwarya,37i9dQZF1DWZIQCYtfr3hh,1fH8lEKL8TUjQElU1a1g2W,spotify:track:1fH8lEKL8TUjQElU1a1g2W,https://p.scdn.co/mp3-preview/292f7c3df07d960518d94e78b1da3a0024e4bdd9?cid=63a77ff40e794a12ae216a18befde98c,Achchi Lagti Ho,36,"Udit Narayan,Kavita Krishnamurthy",Kuch Naa Kaho (Original Motion Picture Soundtrack),0.343,0.699,378973,0.712,0.00367,2,0.0752,-10.426,0,0.0659,92.008,0.491
desi,Asli Aishwarya,37i9dQZF1DWZIQCYtfr3hh,0MG4XuSIiwX5rmok4OvHBZ,spotify:track:0MG4XuSIiwX5rmok4OvHBZ,,Taal Se Taal,34,"A.R. Rahman,Udit Narayan,Alka Yagnik",Taal (Original Motion Picture Soundtrack),0.0154,0.682,373005,0.532,0.000432,7,0.129,-14.114,1,0.0969,95.007,0.614
desi,Asli Aishwarya,37i9dQZF1DWZIQCYtfr3hh,5n7KWx7UkcKJUB8GvJCYqj,spotify:track:5n7KWx7UkcKJUB8GvJCYqj,,Song: Silsila Ye Chahat Ka,40,Shreya Ghoshal,"Devdas - An Adaptation Of Sarat Chandra Chattopadhyay's ""Devdas""",0.539,0.544,240707,0.503,0.0,0,0.427,-10.842,1,0.0643,138.653,0.311
desi,Asli Aishwarya,37i9dQZF1DWZIQCYtfr3hh,6gE55TrGcfgqu2HMOdTeM5,spotify:track:6gE55TrGcfgqu2HMOdTeM5,https://p.scdn.co/mp3-preview/ce1856529f4455108049a2d31a13f1746f6d04ed?cid=63a77ff40e794a12ae216a18befde98c,Aa Ab Laut Chalen,29,"Udit Narayan,Alka Yagnik",Aa Ab Laut Chalen (Original Motion Picture Soundtrack),0.399,0.509,340160,0.657,0.000391,6,0.147,-13.381,0,0.0595,156.012,0.796
desi,Asli Aishwarya,37i9dQZF1DWZIQCYtfr3hh,6A5wFryRTfXaihsdLwA31C,spotify:track:6A5wFryRTfXaihsdLwA31C,https://p.scdn.co/mp3-preview/fe02a1bdf96f518b9b3f71f6daee4cdbec7aeac6?cid=63a77ff40e794a12ae216a18befde98c,"Hai Mera Dil (From ""Josh"")",40,"Alka Yagnik,Udit Narayan",Bollywood Melody Queen (Alka Yagnik),0.379,0.643,250920,0.43,1.34e-05,5,0.17,-11.978,0,0.0331,89.92,0.565
desi,Asli Aishwarya,37i9dQZF1DWZIQCYtfr3hh,4HYh0JLWQISuE1EI39pPaJ,spotify:track:4HYh0JLWQISuE1EI39pPaJ,https://p.scdn.co/mp3-preview/f71f90a5247d2609192891b3235702baad08ce9e?cid=63a77ff40e794a12ae216a18befde98c,Thodasa Pagla,28,Asha Bhosle,Aur Pyar Ho Gaya (Original Motion Picture Soundtrack),0.481,0.688,334933,0.728,3.89e-05,0,0.287,-13.147,1,0.073,112.956,0.928
desi,Asli Aishwarya,37i9dQZF1DWZIQCYtfr3hh,32DWojMZeZebVrfBkhAkKy,spotify:track:32DWojMZeZebVrfBkhAkKy,https://p.scdn.co/mp3-preview/5b1579e8fa0b5828accbc49583ffbe08a5499b01?cid=63a77ff40e794a12ae216a18befde98c,Barso Re,45,"A.R. Rahman,Shreya Ghoshal,Uday Mazumdar,Abhishek Bachchan,Aishwarya Rai Bachchan,R. Madhavan,Vidya Balan,Mithun Chakraborty,Arya Babbar",Guru (Original Motion Picture Soundtrack),0.337,0.879,329600,0.487,0.000284,0,0.0706,-9.441,1,0.148,116.991,0.338
desi,Asli Aishwarya,37i9dQZF1DWZIQCYtfr3hh,4FeczSomVWVyU4FW7xDeAI,spotify:track:4FeczSomVWVyU4FW7xDeAI,https://p.scdn.co/mp3-preview/04e68549e39b89d53f83a147f0ccea948d9b6d30?cid=63a77ff40e794a12ae216a18befde98c,Tere Bina,52,"A.R. Rahman,Chinmayi,Murtuza Khan,Qadir Khan,Abhishek Bachchan,Aishwarya Rai Bachchan,R. Madhavan,Vidya Balan,Mithun Chakraborty,Arya Babbar",Guru (Original Motion Picture Soundtrack),0.278,0.744,309640,0.7,0.000155,2,0.068,-7.663,1,0.0376,144.043,0.866
desi,Asli Aishwarya,37i9dQZF1DWZIQCYtfr3hh,3QASUFraIxvzyeC2dpbKbS,spotify:track:3QASUFraIxvzyeC2dpbKbS,,Hamara Dil Aapke Paas Hai,21,"Udit Narayan,Alka Yagnik & Arvind Hasabnish,Alka Yagnik",Hamara Dil Aapke Paas Hai (Original Motion Picture Soundtrack),0.165,0.601,371334,0.567,0.00287,5,0.118,-12.373,0,0.0648,115.826,0.644
desi,Asli Aishwarya,37i9dQZF1DWZIQCYtfr3hh,4OzPhySUxM08Y48nfMF0wY,spotify:track:4OzPhySUxM08Y48nfMF0wY,,Shukriya Shukriya,18,"Udit Narayan,Alka Yagnik & Arvind Hasabnish,Alka Yagnik",Hamara Dil Aapke Paas Hai (Original Motion Picture Soundtrack),0.218,0.469,338733,0.893,5.69e-05,1,0.496,-12.029,1,0.15,83.623,0.547
desi,Asli Aishwarya,37i9dQZF1DWZIQCYtfr3hh,3v2hL8GGZL65q1hlfLGYYz,spotify:track:3v2hL8GGZL65q1hlfLGYYz,https://p.scdn.co/mp3-preview/9f2cb86d83e66daa621bf50dd5118ad63f3311a4?cid=63a77ff40e794a12ae216a18befde98c,Meri Sanson Mein,28,Udit Narayan,Aur Pyar Ho Gaya (Original Motion Picture Soundtrack),0.611,0.582,459000,0.402,0.0,0,0.0598,-14.656,1,0.0428,82.053,0.656
desi,Asli Aishwarya,37i9dQZF1DWZIQCYtfr3hh,2Kkr2QXo3cytnUJvzF6O0N,spotify:track:2Kkr2QXo3cytnUJvzF6O0N,https://p.scdn.co/mp3-preview/9985e4c23bfb3b67d05a46d1cede70e16b247754?cid=63a77ff40e794a12ae216a18befde98c,"Mere Khayalon Ki Malika (From ""Josh"")",29,Abhijeet,Tan Tana Tan,0.323,0.67,297747,0.3,7.61e-06,7,0.173,-14.959,1,0.0463,141.873,0.577
desi,Asli Aishwarya,37i9dQZF1DWZIQCYtfr3hh,4JZjasEBqN1lqCbm4XPG2A,spotify:track:4JZjasEBqN1lqCbm4XPG2A,https://p.scdn.co/mp3-preview/fe1d89471bd555c2d7a79c2d5bb63ea3e4ce9949?cid=63a77ff40e794a12ae216a18befde98c,Hum To Dil Se Haare,28,"Udit Narayan,Alka Yagnik,Altaf Raja","Tum Dil Ki Dhadkan Mein with Shayeri - Dard-e-Dil, Vol. 6",0.429,0.602,308140,0.506,0.0,7,0.157,-12.118,1,0.0565,82.874,0.565
desi,Asli Aishwarya,37i9dQZF1DWZIQCYtfr3hh,3jMGA2y2KR31pBI6SRW2Kb,spotify:track:3jMGA2y2KR31pBI6SRW2Kb,,"Saajan Saajan (From ""Dil Ka Rishta"")",23,"Alka Yagnik & Arvind Hasabnish,Kumar Sanu,Sapna Awasthi",Dil Ka Rishta (Original Motion Picture Soundtrack),0.604,0.621,380840,0.903,2.53e-05,11,0.131,-5.059,0,0.105,97.938,0.68
desi,Asli Aishwarya,37i9dQZF1DWZIQCYtfr3hh,3Jlg87N2KzP2KdlI552PQq,spotify:track:3Jlg87N2KzP2KdlI552PQq,,Dil Hamara Hua Hai Kisi Ka,11,"Alka Yagnik & Arvind Hasabnish,Hariharan,Jatin-Lalit",Albela (Original Motion Picture Soundtrack),0.705,0.517,266844,0.426,0.0,0,0.146,-10.752,1,0.0325,147.134,0.731
desi,Asli Aishwarya,37i9dQZF1DWZIQCYtfr3hh,3AemMBXKJWFd87svnFyrHy,spotify:track:3AemMBXKJWFd87svnFyrHy,,Kahin Aag Lage,21,"A.R. Rahman,Aditya Narayan,Richa Sharma,Asha Bhosle",Taal (Original Motion Picture Soundtrack),0.0179,0.753,427517,0.517,0.00497,7,0.405,-12.871,1,0.115,94.851,0.454
desi,Asli Aishwarya,37i9dQZF1DWZIQCYtfr3hh,1OdIiuGt2DMOa1oOReao7V,spotify:track:1OdIiuGt2DMOa1oOReao7V,,"Aao Naa ... (From ""Kyun! Ho Gaya Na..."")",26,"Sadhana Sargam,Udit Narayan",Kyun... Ho Gaya Na (Original Motion Picture Soundtrack),0.454,0.612,383739,0.459,2.29e-05,4,0.143,-8.826,1,0.0284,93.952,0.412
desi,Asli Aishwarya,37i9dQZF1DWZIQCYtfr3hh,4rIv0uUnxs5hVZfe5t9SNs,spotify:track:4rIv0uUnxs5hVZfe5t9SNs,https://p.scdn.co/mp3-preview/60005a9129e097e7d611eb2d0cedd08e94c47ef4?cid=63a77ff40e794a12ae216a18befde98c,Alizeh,43,"Pritam,Arijit Singh,Ash King,Shashwat Singh,Ranbir Kapoor,Anushka Sharma,Aishwarya Rai Bachchan,Fawad Khan",Ae Dil Hai Mushkil (Original Motion Picture Soundtrack),0.401,0.513,282273,0.632,0.000305,9,0.0695,-7.612,1,0.0449,87.963,0.294
desi,Asli Aishwarya,37i9dQZF1DWZIQCYtfr3hh,7508E9guaBFcipYVJTECBV,spotify:track:7508E9guaBFcipYVJTECBV,,Song: Hamesha Tumko Chaha,31,"Kavita Krishnamurthy,Udit Narayan","Devdas - An Adaptation Of Sarat Chandra Chattopadhyay's ""Devdas""",0.52,0.614,266200,0.617,0.0,0,0.51,-6.989,1,0.0573,139.912,0.504
desi,Asli Aishwarya,37i9dQZF1DWZIQCYtfr3hh,2x1cepyIlfViCPkXY30sek,spotify:track:2x1cepyIlfViCPkXY30sek,https://p.scdn.co/mp3-preview/3fd630f4dab54db434a6d841c850198143a84f0c?cid=63a77ff40e794a12ae216a18befde98c,Kuch Naa Kaho,31,"Shaan,Sadhana Sargam",Kuch Naa Kaho (Original Motion Picture Soundtrack),0.304,0.717,321280,0.524,1.87e-05,2,0.0499,-10.636,1,0.0379,94.998,0.55
desi,Asli Aishwarya,37i9dQZF1DWZIQCYtfr3hh,0Bz7dfqPY4JOGZO3O1j8Wh,spotify:track:0Bz7dfqPY4JOGZO3O1j8Wh,https://p.scdn.co/mp3-preview/e0e9734386a7f07468888f93196290aaa3e89c8b?cid=63a77ff40e794a12ae216a18befde98c,Bulleya,52,"Pritam,Amit Mishra,Shilpa Rao,Ranbir Kapoor,Anushka Sharma,Aishwarya Rai Bachchan,Fawad Khan",Ae Dil Hai Mushkil (Original Motion Picture Soundtrack) [Deluxe Edition],0.497,0.552,348966,0.769,0.0,2,0.112,-4.504,0,0.0465,86.957,0.702
desi,Asli Aishwarya,37i9dQZF1DWZIQCYtfr3hh,5HN8TrH0zfNvVacHwTa7YG,spotify:track:5HN8TrH0zfNvVacHwTa7YG,,"Hai Dil (From ""Dil Ka Rishta"")",20,"Alka Yagnik,Kumar Sanu",Dil Ka Rishta (Original Motion Picture Soundtrack),0.588,0.476,267000,0.724,0.00495,4,0.194,-5.842,0,0.042,175.827,0.536
desi,Asli Aishwarya,37i9dQZF1DWZIQCYtfr3hh,5CwWrAjLUm9k7JB5QD8JXl,spotify:track:5CwWrAjLUm9k7JB5QD8JXl,,Dayya Dayya Dayya Re,23,"Alka Yagnik & Arvind Hasabnish,Nadeem Shravan",Dil Ka Rishta (Original Motion Picture Soundtrack),0.409,0.679,283000,0.834,0.0147,0,0.0963,-6.783,0,0.0862,89.944,0.821
desi,Asli Aishwarya,37i9dQZF1DWZIQCYtfr3hh,5LiTo6dKqIeQJHXHS9aQBW,spotify:track:5LiTo6dKqIeQJHXHS9aQBW,,Hai Mera Dil Tu,12,"Alka Yagnik & Arvind Hasabnish,Babul Supriyo,Jatin-Lalit",Albela (Original Motion Picture Soundtrack),0.0993,0.81,205357,0.756,1.28e-05,7,0.48,-10.01,0,0.0707,128.999,0.871
desi,Asli Aishwarya,37i9dQZF1DWZIQCYtfr3hh,4P1JOLoPFvL5aDe8siRsaj,spotify:track:4P1JOLoPFvL5aDe8siRsaj,https://p.scdn.co/mp3-preview/d5c49f79cca6262e0d33f580628f3cced6dca186?cid=63a77ff40e794a12ae216a18befde98c,Koi Jane Koi Na Jane,26,"Nusrat Fateh Ali Khan,Udit Narayan,Anuradha Paudwal",Aur Pyar Ho Gaya (Original Motion Picture Soundtrack),0.268,0.662,337867,0.717,0.0,4,0.151,-12.338,0,0.0789,126.09,0.892
desi,Asli Aishwarya,37i9dQZF1DWZIQCYtfr3hh,5LiEusObV5gbPVwlvE0pgP,spotify:track:5LiEusObV5gbPVwlvE0pgP,https://p.scdn.co/mp3-preview/c3de9b51ab405ac0c749f6e7d2d0418ce360984c?cid=63a77ff40e794a12ae216a18befde98c,Yeh Kaisi Mulaqat,21,"Kumar Sanu,Alka Yagnik,Suman Ranganathan",Aa Ab Laut Chalen (Original Motion Picture Soundtrack),0.179,0.659,314493,0.781,0.0,7,0.544,-14.586,1,0.0791,117.023,0.679
desi,Asli Aishwarya,37i9dQZF1DWZIQCYtfr3hh,3Bq7CnWgfvplEzGSVXUvOe,spotify:track:3Bq7CnWgfvplEzGSVXUvOe,https://p.scdn.co/mp3-preview/0512685b582ac01416755ea835bb51063eb147a5?cid=63a77ff40e794a12ae216a18befde98c,Ay Hairathe,36,"A.R. Rahman,Hariharan,Alka Yagnik,Mohammed Aslam,Abhishek Bachchan,Aishwarya Rai Bachchan,R. Madhavan,Vidya Balan,Mithun Chakraborty,Arya Babbar",Guru (Original Motion Picture Soundtrack),0.249,0.746,369120,0.449,0.00298,2,0.128,-10.063,1,0.031,122.004,0.666
