category_id,playlist_name,playlist_id,track_id,track_uri,track_preview_url,track_name,track_popularity,artist_name,album_name,acousticness,danceability,duration_ms,energy,instrumentalness,key,liveness,loudness,mode,speechiness,tempo,valence
classical,Summer Classical,37i9dQZF1DWYRUctuBGBo1,0FH1fJBbFu1HJd52akksBj,spotify:track:0FH1fJBbFu1HJd52akksBj,,"Eight Memories In Watercolour, Op.1: 6. Floating Clouds - Live",0,"Tan Dun,Lang Lang",Lang Lang - Live at Carnegie Hall,0.976,0.303,102813,0.0239,0.924,5,0.0876,-35.586,0,0.0317,81.52,0.328
classical,Summer Classical,37i9dQZF1DWYRUctuBGBo1,6vFOjfAq5qK7F9h3TdND3z,spotify:track:6vFOjfAq5qK7F9h3TdND3z,,"A Midsummer Night's Dream, Op. 21: Overture (Tempo primo)",7,"Felix Mendelssohn,London Symphony Orchestra,John Eliot Gardiner",Mendelssohn: A Midsummer Night's Dream,0.939,0.242,354428,0.0394,0.659,4,0.0676,-23.061,1,0.0445,139.849,0.0542
classical,Summer Classical,37i9dQZF1DWYRUctuBGBo1,0pXcUsmScNpkgrdt1R43sz,spotify:track:0pXcUsmScNpkgrdt1R43sz,https://p.scdn.co/mp3-preview/54f290e956969aa8e65392708c975e1bb909ce9a?cid=63a77ff40e794a12ae216a18befde98c,"The Seasons, Op. 37a, TH 135: No. 6 in G Minor, June. Barcarolle",28,"Pyotr Ilyich Tchaikovsky,Nikolai Lugansky",Tchaikovsky: Grand Sonata & The Seasons,0.995,0.293,299587,0.0229,0.904,7,0.0729,-30.195,0,0.0594,170.483,0.113
classical,Summer Classical,37i9dQZF1DWYRUctuBGBo1,1Ojz92vyPK4fJ5K8RVnV5u,spotify:track:1Ojz92vyPK4fJ5K8RVnV5u,https://p.scdn.co/mp3-preview/53e68166955817df5ab3b348fa1146342a92cea5?cid=63a77ff40e794a12ae216a18befde98c,"The Four Seasons - Summer in G Minor, RV. 315: III. Presto",55,"Antonio Vivaldi,Adrian Chandler,La Serenissima","The Four Seasons & Concertos for Bassoon and Violin ""in tromba marina""",0.83,0.34,167880,0.489,0.91,7,0.141,-15.316,1,0.0412,157.024,0.468
classical,Summer Classical,37i9dQZF1DWYRUctuBGBo1,65kOAHbG0aXD1djO5Efx3K,spotify:track:65kOAHbG0aXD1djO5Efx3K,https://p.scdn.co/mp3-preview/2004d2e928be8e4ef79a789b42adcba05910e0e7?cid=63a77ff40e794a12ae216a18befde98c,"Frosoblomster (Froso-Flowers), Book 1, Op. 16: No. 2. Sommarsang (Summer Song)",25,"Wilhelm Peterson-Berger,Niklas Sivelov",Peterson-Berger: Flowers From Froso Island,0.993,0.475,142960,0.0518,0.864,5,0.0727,-29.729,1,0.0432,112.491,0.216
classical,Summer Classical,37i9dQZF1DWYRUctuBGBo1,6ZomYh09DfACeBHqww6B8F,spotify:track:6ZomYh09DfACeBHqww6B8F,https://p.scdn.co/mp3-preview/763ab85239d41499e835d9849c66182efc060606?cid=63a77ff40e794a12ae216a18befde98c,Glazunov : The Seasons Op.67 : XII Summer - Coda,25,"Alexander Glazunov,José Serebrier,Royal Scottish National Orchestra",Glazunov : Symphony No.5 & The Seasons,0.877,0.264,226840,0.167,0.874,4,0.257,-22.608,1,0.0357,133.557,0.256
classical,Summer Classical,37i9dQZF1DWYRUctuBGBo1,6BWXFbRnIAZR6ssUFrVBHw,spotify:track:6BWXFbRnIAZR6ssUFrVBHw,https://p.scdn.co/mp3-preview/a4a132f547df2268dcbfe4df6ede458f021ba6c3?cid=63a77ff40e794a12ae216a18befde98c,"Grieg: Lyric Pieces, Book 10, Op. 71: No. 2, Summer Evening",25,"Edvard Grieg,Leif Ove Andsnes",Grieg: Lyric Pieces,0.993,0.359,153973,0.00402,0.77,1,0.0732,-31.152,1,0.0928,70.271,0.0379
classical,Summer Classical,37i9dQZF1DWYRUctuBGBo1,3oF7zXzb9wEHqX2arH0R4R,spotify:track:3oF7zXzb9wEHqX2arH0R4R,,"Cinderella, Op.87: 13. Summer Fairy",24,"Sergei Prokofiev,Cleveland Orchestra,Vladimir Ashkenazy",Prokofiev: Cinderella/Glazunov: The Seasons,0.804,0.221,95200,0.095,0.874,5,0.166,-30.26,1,0.047,73.697,0.0353
classical,Summer Classical,37i9dQZF1DWYRUctuBGBo1,0gymtLpPtgTUZGSAPWdqRk,spotify:track:0gymtLpPtgTUZGSAPWdqRk,https://p.scdn.co/mp3-preview/84065f56e97f0e5241ccf16d1fb9af56205604be?cid=63a77ff40e794a12ae216a18befde98c,"Kesailta (Summer evening), Op. 1",23,"Oskar Merikanto,Risto Lauriala",Nordic Piano Favourites,0.988,0.517,239587,0.117,0.835,7,0.0951,-20.336,1,0.049,62.542,0.318
classical,Summer Classical,37i9dQZF1DWYRUctuBGBo1,4QH7mbANUsUcAI4dGBFruG,spotify:track:4QH7mbANUsUcAI4dGBFruG,,Symphony No. 3 in D Minor / Part 2: 3. Comodo. Scherzando. Ohne Hast (Senza fretta) - Live,0,"Gustav Mahler,Berliner Philharmoniker,Claudio Abbado",Mahler: Symphony No.3,0.892,0.283,148520,0.0416,0.224,5,0.103,-29.508,1,0.034,94.789,0.495
classical,Summer Classical,37i9dQZF1DWYRUctuBGBo1,5cb0SsKsEk0YqgMjM1VLOq,spotify:track:5cb0SsKsEk0YqgMjM1VLOq,,N°.2 Verano Porteño,23,Göran Söllscher,Piazzolla: L'Histoire du Tango,0.974,0.335,253250,0.0381,0.901,9,0.101,-26.452,0,0.0708,80.051,0.174
classical,Summer Classical,37i9dQZF1DWYRUctuBGBo1,6bnYnAVPzpWLqG4mqC9gc3,spotify:track:6bnYnAVPzpWLqG4mqC9gc3,https://p.scdn.co/mp3-preview/3f7c4c8717c4e590d4f2affd41ab078da3c62832?cid=63a77ff40e794a12ae216a18befde98c,"Midsommarvaka (Midsummer Vigil), Op. 19, ""Swedish Rhapsody No.1""",29,"Hugo Alfvén,Royal Stockholm Philharmonic Orchestra,Neeme Järvi",Alfven: 3 Swedish Rhapsodies,0.938,0.256,820000,0.081,0.919,2,0.0523,-22.492,1,0.0411,104.221,0.0698
classical,Summer Classical,37i9dQZF1DWYRUctuBGBo1,0JtocspHbD072dCEIKDMDf,spotify:track:0JtocspHbD072dCEIKDMDf,https://p.scdn.co/mp3-preview/a6e711895587c4f3d1c9f3508f1f89970572c35c?cid=63a77ff40e794a12ae216a18befde98c,"Symphony No. 6 in F Major, Op. 68, S. 464 ""Pastoral"" (Piano Transcription by Franz Liszt): V. Hirtengesang. Frohe und dankbare Gefühle nach dem Sturm. Allegretto",22,"Ludwig van Beethoven,Glenn Gould","Beethoven & Liszt: Symphony No. 6 ""Pastoral""",0.992,0.301,644493,0.153,0.916,5,0.0702,-22.354,1,0.0544,170.352,0.0775
classical,Summer Classical,37i9dQZF1DWYRUctuBGBo1,4WuXaOsNC978ap22AcdtAK,spotify:track:4WuXaOsNC978ap22AcdtAK,https://p.scdn.co/mp3-preview/f0f59bcc304248ee8f28a8ec5c4d211c98d748db?cid=63a77ff40e794a12ae216a18befde98c,Summer Night on the River - 2001 Remastered Version,21,"Frederick Delius,Sir Thomas Beecham,Royal Philharmonic Orchestra",Delius: Brigg Fair and other orchestral works,0.974,0.0925,402640,0.0264,0.93,9,0.0978,-28.729,1,0.0412,87.245,0.0364
classical,Summer Classical,37i9dQZF1DWYRUctuBGBo1,2ZZAbZ5TXjVIMa3kD5vN7t,spotify:track:2ZZAbZ5TXjVIMa3kD5vN7t,https://p.scdn.co/mp3-preview/3033050fb7f60e6cab1d9bf31b2beb6d6835302e?cid=63a77ff40e794a12ae216a18befde98c,"6 Preludes and Fugues, Op. 61: Prelude and Fugue No. 1 in G Major, ""A Summer Morning On The Lawn""",21,"Dmitry Kabalevsky,Alexandre Dossin","Kabalevsky, D.: Preludes (Complete) / 6 Preludes and Fugues, Op. 61",0.994,0.459,215973,0.0189,0.906,7,0.072,-35.514,1,0.0648,94.465,0.245
classical,Summer Classical,37i9dQZF1DWYRUctuBGBo1,0kiyJmBp11iqj6eK1vKjH3,spotify:track:0kiyJmBp11iqj6eK1vKjH3,,Pastorale d'été: Calme - Vif et gai - Tempo I (calme),0,"Arthur Honegger,Orchestre Du Capitole De Toulouse,Michel Plasson",Honegger: Prelude; Pastorale d'été. Poème symphonique; Horace victorieux,0.937,0.0752,541000,0.00987,0.835,9,0.14,-34.95,1,0.0441,175.996,0.0605
classical,Summer Classical,37i9dQZF1DWYRUctuBGBo1,5umPHdVrRNsdoJn1htUC4B,spotify:track:5umPHdVrRNsdoJn1htUC4B,https://p.scdn.co/mp3-preview/073bec061a6334db71d425858bc4d0f638975e2a?cid=63a77ff40e794a12ae216a18befde98c,"3 Preludes, Op. 56: No. 2. Summer",20,"Henning Mankell,Anna Christensson","Mankell, H.: Piano Music",0.994,0.315,242213,0.00373,0.857,6,0.0796,-31.127,0,0.0404,71.082,0.0315
classical,Summer Classical,37i9dQZF1DWYRUctuBGBo1,6sYQnXMSSzj7Hz3H6CTWa5,spotify:track:6sYQnXMSSzj7Hz3H6CTWa5,https://p.scdn.co/mp3-preview/6fbb3c9d8e67846068f6eb63eadcd7990111726a?cid=63a77ff40e794a12ae216a18befde98c,"En sommerdag paa landet (A Summer's Day in the Country), Op. 55: I. Early: Allegro vivo",20,"Niels Gade,Rheinland-Pfalz State Philharmonic Orchestra,Ole Schmidt",Gade: Echoes of Ossian / Hamlet Overture / A Summer's Day in the Country / Holbergiana Suite,0.93,0.0718,329040,0.103,0.948,4,0.102,-21.98,1,0.0458,72.093,0.045
classical,Summer Classical,37i9dQZF1DWYRUctuBGBo1,4CGQu0Evv42V8sHyrbgOY0,spotify:track:4CGQu0Evv42V8sHyrbgOY0,https://p.scdn.co/mp3-preview/a3c7fc663ad8d2e37b376e4796a3a438787759cd?cid=63a77ff40e794a12ae216a18befde98c,Midsummer Nocturne,20,"Aaron Copland,Michael Landrum",Nocturnes,0.993,0.547,110080,0.0228,0.931,6,0.0686,-28.77,0,0.0635,96.766,0.393
classical,Summer Classical,37i9dQZF1DWYRUctuBGBo1,75FaSwUEwcGPMfLXYb4zfr,spotify:track:75FaSwUEwcGPMfLXYb4zfr,https://p.scdn.co/mp3-preview/4c711027f212987c42773157247439368cfdb103?cid=63a77ff40e794a12ae216a18befde98c,Summer,20,"Frank Bridge,New Zealand Symphony Orchestra,James Judd","Bridge: The Sea, Enter Spring & Summer",0.929,0.063,589533,0.0676,0.838,9,0.194,-22.969,0,0.0472,63.758,0.0364
classical,Summer Classical,37i9dQZF1DWYRUctuBGBo1,15QYpgt6iCEW1lkbDzGRHQ,spotify:track:15QYpgt6iCEW1lkbDzGRHQ,https://p.scdn.co/mp3-preview/0cade50ccb40a542d202e9ec2ded7d615d5d2231?cid=63a77ff40e794a12ae216a18befde98c,"Piano Trio No. 1 ""Russian Summer"": I. Nocturne",19,"Judith Lang Zaimont,Peter Winograd,Peter Wyrick,Joanne Polk","Zaimont: Symphony No. 4 ""Pure, Cool (Water)""",0.972,0.243,428000,0.0119,0.225,6,0.296,-28.954,1,0.0412,81.331,0.0429
classical,Summer Classical,37i9dQZF1DWYRUctuBGBo1,4wv13tC74Y7LOmGqw7oH8t,spotify:track:4wv13tC74Y7LOmGqw7oH8t,https://p.scdn.co/mp3-preview/533ae1297e1d33945fb050570269d732f97a7b94?cid=63a77ff40e794a12ae216a18befde98c,"String Quartet No. 7, 'Summer Eaves': IV. Adagio",19,"John McCabe,Carducci String Quartet",Into the Ravine,0.973,0.284,421227,0.0462,0.541,7,0.104,-22.745,1,0.0502,114.088,0.0386
classical,Summer Classical,37i9dQZF1DWYRUctuBGBo1,38p7RlgHNYJkaaUGij6AOW,spotify:track:38p7RlgHNYJkaaUGij6AOW,https://p.scdn.co/mp3-preview/b3aa0e0952b9f93f2c8ce20be40f35540ab111d2?cid=63a77ff40e794a12ae216a18befde98c,"12 Études d'exécution transcendante, Op. 11: No. 5. Summer Night",20,"Sergei Lyapunov,Clare Hammond","Chin, Kapustin, Lyapunov & Szymanowski: Piano Etudes",0.99,0.302,508387,0.0266,0.923,4,0.0851,-31.808,1,0.0388,66.352,0.0361
classical,Summer Classical,37i9dQZF1DWYRUctuBGBo1,5trBAPFg7wBlYUUZRPQe5g,spotify:track:5trBAPFg7wBlYUUZRPQe5g,,"Les Nuits d'été, Op. 7: II. Le Spectre de la rose",0,"Hector Berlioz,Marc Minkowski",Berlioz: Les Nuits d'été Op. 7 - Harold en Italie Op. 16,0.974,0.163,400147,0.0385,0.00114,11,0.101,-25.843,1,0.0471,83.429,0.0362
classical,Summer Classical,37i9dQZF1DWYRUctuBGBo1,0gRYtL0DKaRZFt2ETOV43R,spotify:track:0gRYtL0DKaRZFt2ETOV43R,,Porgy and Bess: Summertime,0,"George Gershwin,Anne-Sophie Mutter,André Previn",Anne-Sophie Mutter - Tango Song and Dance,0.954,0.194,133040,0.0645,0.179,11,0.0971,-27.77,0,0.0441,76.627,0.0938
classical,Summer Classical,37i9dQZF1DWYRUctuBGBo1,5CSdMlYLzMhycIhhtEa4uW,spotify:track:5CSdMlYLzMhycIhhtEa4uW,,España - Rhapsody for Orchestra,0,"Emmanuel Chabrier,London Symphony Orchestra,Ataúlfo Argenta",Debussy / Granados / Rimsky-Korsakov etc.: Images / Spanish Dance No.5 / Capriccio Espagnol etc.,0.854,0.384,388013,0.32,0.845,5,0.0323,-14.821,1,0.0386,122.292,0.261
classical,Summer Classical,37i9dQZF1DWYRUctuBGBo1,4zfLCK0Nez1gdk6CrUxzTY,spotify:track:4zfLCK0Nez1gdk6CrUxzTY,,The Last Rose of Summer,18,"John Andrew Stevenson,Dame Joan Sutherland,London Symphony Orchestra,Richard Bonynge",Home Sweet Home,0.985,0.283,196027,0.0525,0.0354,6,0.15,-22.709,1,0.0522,137.365,0.0398
classical,Summer Classical,37i9dQZF1DWYRUctuBGBo1,5TbszSsiUjvZYscm92WW1a,spotify:track:5TbszSsiUjvZYscm92WW1a,https://p.scdn.co/mp3-preview/5a57dc82147e6435176d3ae196748ad3c0f11806?cid=63a77ff40e794a12ae216a18befde98c,"""Summer Tunes"" String Quartet No.2: II. Birds",18,"Pēteris Vasks,Duke Quartet",Baltic Elegy,0.976,0.277,533600,0.114,0.733,9,0.225,-22.387,0,0.043,116.311,0.0694
classical,Summer Classical,37i9dQZF1DWYRUctuBGBo1,53dkYdSNxIRCvFM5DIQIPa,spotify:track:53dkYdSNxIRCvFM5DIQIPa,https://p.scdn.co/mp3-preview/ea4e7ff32a80418faef8b4f1ca6e571629f9f6c7?cid=63a77ff40e794a12ae216a18befde98c,Guangxi Impression: II. Summer Cicada,18,"Gao Hong,Minneapolis Guitar Quartet",Thrum,0.963,0.499,378347,0.179,0.924,4,0.0876,-19.054,0,0.0578,101.321,0.113
classical,Summer Classical,37i9dQZF1DWYRUctuBGBo1,0z2FNoZU51PEYFKswJau6g,spotify:track:0z2FNoZU51PEYFKswJau6g,https://p.scdn.co/mp3-preview/9f87bc8189d7140e9b790bc8983396eae3f76221?cid=63a77ff40e794a12ae216a18befde98c,Knoxville: Summer of 1915,19,"Samuel Barber,Dawn Upshaw,David Zinman,Orchestra of St. Luke's",Knoxville: Summer Of 1915,0.98,0.257,911600,0.112,0.00499,9,0.0962,-19.017,1,0.0423,101.504,0.0549
classical,Summer Classical,37i9dQZF1DWYRUctuBGBo1,0nJn92VsAjprDW1Oj5k5rk,spotify:track:0nJn92VsAjprDW1Oj5k5rk,https://p.scdn.co/mp3-preview/8537ceaaf860131381cd8079ce09ab7fb968fc63?cid=63a77ff40e794a12ae216a18befde98c,"Symphony No. 9 in B Minor, Op. 143 ""Die Jahreszeiten"": Part II: Der Sommer: Largo",17,"Louis Spohr,NDR Radiophilharmonie,Howard Griffiths",Spohr: Symphonies Nos. 7 & 9,0.943,0.123,293373,0.0113,0.859,11,0.114,-33.177,1,0.0403,81.114,0.035
classical,Summer Classical,37i9dQZF1DWYRUctuBGBo1,5JLTv9CjHM9vEu5TKAphyX,spotify:track:5JLTv9CjHM9vEu5TKAphyX,https://p.scdn.co/mp3-preview/d6a5c70c829e0a2532a333437ccaebaaa50611f5?cid=63a77ff40e794a12ae216a18befde98c,Violin Sonata No. 2: I. Summer Dreams,17,"William Bolcom,Solomia Soroka,Arthur Greene",Bolcom: Violin Sonatas Nos. 1-4,0.937,0.272,383987,0.00993,0.19,5,0.104,-29.862,1,0.0386,109.333,0.155
classical,Summer Classical,37i9dQZF1DWYRUctuBGBo1,4eaL4sWPzTI7BOWN2e2iG2,spotify:track:4eaL4sWPzTI7BOWN2e2iG2,https://p.scdn.co/mp3-preview/7bc157f902e8febfd9ac7704975d1f630359391c?cid=63a77ff40e794a12ae216a18befde98c,Im Sommerwind (In the Summerwind),17,"Anton Webern,SWR Symphony Orchestra,Michael Gielen","Mahler: Kindertotenlieder / Symphony No. 10: Adagio / Webern: Passacaglia, Op. 1 / Im Sommerwind",0.804,0.121,794227,0.0437,0.777,2,0.108,-17.883,1,0.041,95.661,0.0373
classical,Summer Classical,37i9dQZF1DWYRUctuBGBo1,3IiMvTryw7wEngdjOib8kB,spotify:track:3IiMvTryw7wEngdjOib8kB,https://p.scdn.co/mp3-preview/030aa654f144cde14b427dd86a9ac46d0f3befd7?cid=63a77ff40e794a12ae216a18befde98c,2 Pieces: Summer Nocturne,16,"Eldon Rathburn,Chamber Players of Canada",Rathburn: Works,0.965,0.0883,227413,0.00155,0.048,1,0.0855,-41.348,0,0.0477,172.554,0.0485
classical,Summer Classical,37i9dQZF1DWYRUctuBGBo1,0CezPEH6qPCVlzAq8k8FlE,spotify:track:0CezPEH6qPCVlzAq8k8FlE,https://p.scdn.co/mp3-preview/f8be81ba44a571d20251c4abdb30e43fe46d83db?cid=63a77ff40e794a12ae216a18befde98c,2 Nocturnes: Sommers sovn (Summer Sleep),16,"Per Nørgård,Ars Nova,Tamas Veto",Norgard: Mystic Morning / Like A Child / Ut Rosa,0.987,0.0782,200293,0.0436,0.426,7,0.104,-27.334,0,0.0387,175.891,0.0329
classical,Summer Classical,37i9dQZF1DWYRUctuBGBo1,2oyQjGoIK7tUWvho9ZWjSH,spotify:track:2oyQjGoIK7tUWvho9ZWjSH,,Summer Skies,9,"Leroy Anderson,Eastman Rochester Pops Orchestra,Frederick Fennell",Frederick Fennell Conducts The Music Of Leroy Anderson,0.803,0.18,178267,0.141,0.806,3,0.127,-20.352,1,0.0383,78.622,0.0708
classical,Summer Classical,37i9dQZF1DWYRUctuBGBo1,1OngOi8EGgOYGeuK62LbHx,spotify:track:1OngOi8EGgOYGeuK62LbHx,https://p.scdn.co/mp3-preview/60ae1aa7485b08a395f45a556b7a05b35f783a01?cid=63a77ff40e794a12ae216a18befde98c,"String Quartet No. 4, BVN 215, ""Sommerdage"" (Summer Days): III. Sostenuto - Allegro, scherzoso",17,"Rued Langgaard,Nightingale String Quartet","Langgaard: String Quartets, Vol. 2",0.941,0.155,576573,0.0972,0.65,5,0.283,-20.331,1,0.0442,75.055,0.0589
classical,Summer Classical,37i9dQZF1DWYRUctuBGBo1,3lk4VBYhplK8ZB46xZTTTp,spotify:track:3lk4VBYhplK8ZB46xZTTTp,https://p.scdn.co/mp3-preview/a3e782dea70f62201c748546da4ff4848b01176a?cid=63a77ff40e794a12ae216a18befde98c,Summer Music,23,"Arnold Bax,Ulster Orchestra,Bryden Thomson","Bax: Orchestral Works, Vol. 3: November Woods / Tintagel / Summer Music",0.959,0.101,592200,0.0353,0.793,5,0.0751,-24.635,1,0.0392,89.581,0.0387
classical,Summer Classical,37i9dQZF1DWYRUctuBGBo1,2CX2waLX8wCDrALR7YH9Ci,spotify:track:2CX2waLX8wCDrALR7YH9Ci,,The Seasons: Summer,0,"John Cage,Stephen Drury",The Complete John Cage Edition Volume 17: The Piano Works 3,0.982,0.573,270467,0.00158,0.845,0,0.0627,-38.092,1,0.152,129.506,0.369
classical,Summer Classical,37i9dQZF1DWYRUctuBGBo1,6pHLFv2Ilo57sGJHvugDaz,spotify:track:6pHLFv2Ilo57sGJHvugDaz,,Late Summer,0,"Volker Bertelmann,Hauschka",5 Movements,0.798,0.558,288200,0.454,0.837,4,0.161,-12.263,1,0.034,148.131,0.623
classical,Summer Classical,37i9dQZF1DWYRUctuBGBo1,7HfTV27PcPruxR0U1arqQ6,spotify:track:7HfTV27PcPruxR0U1arqQ6,https://p.scdn.co/mp3-preview/d901267daeccd7a8bea438b063ddb8c4a547c3b2?cid=63a77ff40e794a12ae216a18befde98c,"String Quartet No. 3, Op. 40, ""Az evszakfordulok unnepei"" (Feasts of Equinoxes): IV. Nyar: A leghosszabb nap (Summer: The longest day) - Motto",15,"Attila Bozay,Somogyi Quartet",Bozay: String Quartets Nos. 1-3,0.955,0.336,350360,0.285,0.729,2,0.89,-18.066,0,0.144,107.702,0.096
classical,Summer Classical,37i9dQZF1DWYRUctuBGBo1,0vw7y1LviPM4PaV5wOFMl9,spotify:track:0vw7y1LviPM4PaV5wOFMl9,https://p.scdn.co/mp3-preview/27c7875476549fae2cdef928be7221ac8640704f?cid=63a77ff40e794a12ae216a18befde98c,"A Serenade for Summer, Op. 76",15,"Robert Muczynski,Slovenian Radio Symphony Orchestra,Paul Freeman","Kabalevsky: Piano Concerto No. 3 - Muczynski: Piano Concerto No. 1 / The Suite, Op. 13 / A Serenade for Summer",0.924,0.0649,497693,0.086,0.884,4,0.125,-22.155,0,0.0454,63.965,0.0383
classical,Summer Classical,37i9dQZF1DWYRUctuBGBo1,5QRCTmczjoESeXuUxvaiBT,spotify:track:5QRCTmczjoESeXuUxvaiBT,https://p.scdn.co/mp3-preview/df536d562f3386eb6b4e7a1295e32e3c299ffdb2?cid=63a77ff40e794a12ae216a18befde98c,"String Quartet No. 16 in G Major, ""Provencale"": I. Summer Morning (La place du Bon Roi): Moderato capriccioso",16,"John Blackwood McEwen,Chilingirian Quartet","Mcewen: String Quartets, Vol. 1",0.982,0.474,394200,0.113,0.324,2,0.108,-20.034,0,0.0424,101.716,0.174
classical,Summer Classical,37i9dQZF1DWYRUctuBGBo1,1IQEwpCEhdnGQGniZHFwUX,spotify:track:1IQEwpCEhdnGQGniZHFwUX,https://p.scdn.co/mp3-preview/dcaabcffa6b243e1e1b41e75c8f5899692458ad8?cid=63a77ff40e794a12ae216a18befde98c,"Nocturne for tenor, seven obbligato instruments & strings, Op.60: Nocturne for tenor, seven obbligato instruments & strings, Op.60: VII. What is more gentle than a wind in summer?",15,"Benjamin Britten,Mark Padmore,Joy Farrall,Britten Sinfonia","Britten: Serenade for tenor, horn & strings - Nocturne. Finzi: Dies Natalis",0.948,0.292,218893,0.0565,0.00106,5,0.156,-29.66,1,0.0584,78.941,0.106
classical,Summer Classical,37i9dQZF1DWYRUctuBGBo1,63w7uQLLkGcJ2nNiOCZWzF,spotify:track:63w7uQLLkGcJ2nNiOCZWzF,https://p.scdn.co/mp3-preview/83a3c61d9c95f6bb81f06c17ef891b86a2e5d0c2?cid=63a77ff40e794a12ae216a18befde98c,Nyari este (Summer Evening),16,"Zoltán Kodály,Miskolc Symphony Orchestra,Laszlo Kovacs",Kodaly: Concerto for Orchestra - Symphony - Summer Evening,0.969,0.139,1043760,0.0695,0.928,7,0.094,-22.295,1,0.043,71.46,0.0477
classical,Summer Classical,37i9dQZF1DWYRUctuBGBo1,7IdG1BuJpNpEWFQrkymtz5,spotify:track:7IdG1BuJpNpEWFQrkymtz5,https://p.scdn.co/mp3-preview/6988735bc67f03112259a43cc4818eba8eaf1f05?cid=63a77ff40e794a12ae216a18befde98c,Nocturnes: No. 1. Sa Nuit d'Ete,19,"Morten Lauridsen,Amadeus Choir,Christian Schmitt,Nicol Matt","Choral Concert: Amadeus Choir - Barber, S. / Copland, A. / Whitacre, E. / Christiansen, P. / Lauridsen, M.J. / Ungerer, U. / Ives, C. / Hogan, M",0.989,0.197,225000,0.0125,0.112,1,0.0806,-27.671,1,0.0364,136.453,0.0546
classical,Summer Classical,37i9dQZF1DWYRUctuBGBo1,7wO0A3oM5vjHQjBswOzsSc,spotify:track:7wO0A3oM5vjHQjBswOzsSc,https://p.scdn.co/mp3-preview/dff6133834694dca00bb7184ad5fd200b30e2040?cid=63a77ff40e794a12ae216a18befde98c,"Symphony No. 9 in E Minor, Op. 208, ""Im Sommer"": II. Die Jagd der Elfen: Allegro",15,"Joachim Raff,Bamberg Symphony,Hans Stadlmair","Raff, J.: Symphony No. 9",0.941,0.303,627000,0.0892,0.888,5,0.0694,-25.798,1,0.0367,83.813,0.146
classical,Summer Classical,37i9dQZF1DWYRUctuBGBo1,3kiSeE99XLATugzS6c9Rwm,spotify:track:3kiSeE99XLATugzS6c9Rwm,https://p.scdn.co/mp3-preview/925f99e1cfbbd702f4dfb7cda9830a8ac3fb42f1?cid=63a77ff40e794a12ae216a18befde98c,The Seasons: IV. Summer,15,"Thea Musgrave,Scottish Chamber Orchestra,Nicholas Kraemer","Musgrave: Memento vitae, Helios, Night Music & The Seasons",0.887,0.202,324800,0.291,0.795,4,0.0754,-16.56,0,0.0698,77.019,0.0396
classical,Summer Classical,37i9dQZF1DWYRUctuBGBo1,4I5DqMebveCWu77bQSu1ut,spotify:track:4I5DqMebveCWu77bQSu1ut,https://p.scdn.co/mp3-preview/788a2c961258bba64971d02251d619590d7ad1a5?cid=63a77ff40e794a12ae216a18befde98c,"Symphony No. 3 in D Major, Op. 10, ""West Coast Pictures"": III. Sommarnatt (Summer Night)",19,"Kurt Atterberg,Hannover Radio Philharmonic Orchestra,Ari Rasilainen",Atterberg: Symphonies 3 & 6,0.788,0.146,1078427,0.0844,0.816,2,0.0794,-20.973,1,0.0402,139.105,0.0397
classical,Summer Classical,37i9dQZF1DWYRUctuBGBo1,4thSp9cwFee6DjCmoXu6zY,spotify:track:4thSp9cwFee6DjCmoXu6zY,https://p.scdn.co/mp3-preview/6e841203a5d4c73c489d72c7d646ca9f3da3c91b?cid=63a77ff40e794a12ae216a18befde98c,Summer,46,Joe Hisaishi,Kikujiro (Original Soundtrack),0.941,0.351,386027,0.196,0.937,9,0.14,-16.699,1,0.0368,83.022,0.148
