category_id,playlist_name,playlist_id,track_id,track_uri,track_preview_url,track_name,track_popularity,artist_name,album_name,acousticness,danceability,duration_ms,energy,instrumentalness,key,liveness,loudness,mode,speechiness,tempo,valence
classical,Classical World: Finland,37i9dQZF1DWUL3kA2TtHbs,6t2UFULQXc3N0oO0ujaK39,spotify:track:6t2UFULQXc3N0oO0ujaK39,https://p.scdn.co/mp3-preview/4d098e135650570cebf0c23cd0464ffcab7f4b9e?cid=63a77ff40e794a12ae216a18befde98c,"Valse lente, Op. 33 (arr. for orchestra)",29,"Oskar Merikanto,Jorma Panula,Turku Philharmonic Orchestra",Early One Morning,0.829,0.133,180067,0.00155,0.000111,10,0.0916,-42.839,1,0.0446,99.782,0.126
classical,Classical World: Finland,37i9dQZF1DWUL3kA2TtHbs,51wfCNQpsBZ97cLgCNTE1B,spotify:track:51wfCNQpsBZ97cLgCNTE1B,https://p.scdn.co/mp3-preview/1e999945b802d4490806feff3848cba012574166?cid=63a77ff40e794a12ae216a18befde98c,"Toukokuu, Op. 27: No. 4. Ketvatyo, ""Toukokuun yo"" (Spring Night, ""May Night"")",12,"Selim Palmgren,Risto Lauriala",Suomalaisia klassisia suosikkisävelmiä pianolle,0.995,0.405,203293,0.00371,0.954,4,0.0542,-38.818,1,0.0552,134.076,0.0326
classical,Classical World: Finland,37i9dQZF1DWUL3kA2TtHbs,3hHWhvw2hjwfngWcFjIzqr,spotify:track:3hHWhvw2hjwfngWcFjIzqr,https://p.scdn.co/mp3-preview/0daf33747975b10602d60ef8007df68b5132b63f?cid=63a77ff40e794a12ae216a18befde98c,"Finlandia, Op. 26",36,"Jean Sibelius,Lahti Symphony Orchestra,Osmo Vänskä",The Sound of Sibelius,0.933,0.181,507973,0.188,0.887,8,0.0989,-19.208,1,0.0392,74.637,0.041
classical,Classical World: Finland,37i9dQZF1DWUL3kA2TtHbs,7gtl2QIs5RTCIRIe6InDwI,spotify:track:7gtl2QIs5RTCIRIe6InDwI,https://p.scdn.co/mp3-preview/afa8df5dc52a681d1d8c2d4cfb144328fd89a9b4?cid=63a77ff40e794a12ae216a18befde98c,"Luulit, ma katselin sua (You Thought I was Watching You), Op. 68, No. 3",9,"Leevi Madetoja,Karita Mattila,Finnish Radio Symphony Orchestra,Jukka-Pekka Saraste","Vocal Recital: Mattila, Karita - Wagner, R. / Dvorak, A. / Verdi, G. / Strauss Ii / Sibelius, J. / Madetoja, L. / Hollander, F. (Karita Live!)",0.976,0.245,173173,0.0819,2.78e-05,5,0.143,-18.843,1,0.041,78.827,0.0386
classical,Classical World: Finland,37i9dQZF1DWUL3kA2TtHbs,3fRwvuSDWv8BVgUJMd6ZVR,spotify:track:3fRwvuSDWv8BVgUJMd6ZVR,https://p.scdn.co/mp3-preview/2788213088433dc434ea97ad6e0ed879aecc4045?cid=63a77ff40e794a12ae216a18befde98c,"Sunrise Serenade, Op. 63",8,"Aulis Sallinen,Hanna Juutilainen,Mats Rondin,Finnish Chamber Orchestra,Okko Kamu",Sallinen: Works for String Orchestra (Complete),0.974,0.139,405027,0.0393,0.85,5,0.0828,-21.058,1,0.0468,64.106,0.0394
classical,Classical World: Finland,37i9dQZF1DWUL3kA2TtHbs,3YDxbZ1OR0V73nhi4MlOs2,spotify:track:3YDxbZ1OR0V73nhi4MlOs2,https://p.scdn.co/mp3-preview/2dfd0511f252b8bfc3332e42e4838c99e893899a?cid=63a77ff40e794a12ae216a18befde98c,Leino Songs: I. Sua katselen,10,"Kaija Saariaho,Anu Komsi,Finnish Radio Symphony Orchestra,Sakari Oramo",Saariaho: D'OM LE VRAI SENS - Laterna Magica - Leino Songs,0.883,0.216,181880,0.114,0.138,2,0.0957,-25.028,1,0.0418,92.888,0.034
classical,Classical World: Finland,37i9dQZF1DWUL3kA2TtHbs,4YkBUn9DfD9UCfSTpbV0uz,spotify:track:4YkBUn9DfD9UCfSTpbV0uz,https://p.scdn.co/mp3-preview/74cbff3f6cf55644f38ca2163d4803ab5a7f7916?cid=63a77ff40e794a12ae216a18befde98c,"Symphony No. 6, Op. 100, ""Symphony of the Elements"": II. Andante",8,"Erkki Melartin,Tampere Philharmonic Orchestra,Leonid Grin","Melartin, E.: Symphonies Nos. 1-6",0.904,0.0688,330840,0.0404,0.887,8,0.137,-26.48,0,0.0398,74.707,0.0706
classical,Classical World: Finland,37i9dQZF1DWUL3kA2TtHbs,1Wyt63ALdQgkiNbQ03D4MI,spotify:track:1Wyt63ALdQgkiNbQ03D4MI,https://p.scdn.co/mp3-preview/177bec2672ba1c3c2c0e43f9d6b4438302253115?cid=63a77ff40e794a12ae216a18befde98c,4 Pieces: No. 3. Arietta,8,"Aarre Merikanto,Janne Marttila,Tampere Philharmonic Orchestra,Tuomas Ollila-Hannikainen","Merikanto, A.: Orchestral Music (Lansio)",0.97,0.125,285653,0.0158,0.92,4,0.0892,-32.258,0,0.0484,87.967,0.0336
classical,Classical World: Finland,37i9dQZF1DWUL3kA2TtHbs,5D1C13JHD5kCD94O8WnXK1,spotify:track:5D1C13JHD5kCD94O8WnXK1,https://p.scdn.co/mp3-preview/75c7ac00e33e62972239c2a44f54227c5b0fe150?cid=63a77ff40e794a12ae216a18befde98c,"Symphony No. 7, ""Angel of Light"": III. Come un sogno",34,"Einojuhani Rautavaara,Helsinki Philharmonic Orchestra,Leif Segerstam",Apotheosis: The Best of Einojuhani Rautavaara,0.308,0.101,615693,0.0292,0.87,1,0.112,-31.949,1,0.0426,62.929,0.0288
classical,Classical World: Finland,37i9dQZF1DWUL3kA2TtHbs,6azIjAWPiw9ITjHgJu3Y2Y,spotify:track:6azIjAWPiw9ITjHgJu3Y2Y,https://p.scdn.co/mp3-preview/50d422eb3693684c846677b5672e0153b14805ac?cid=63a77ff40e794a12ae216a18befde98c,Vinternatten (Talviyo),7,"Juhani Komulainen,Kaamos Chamber Choir,Dani Juris",Valossa: From Darkness to Light,0.987,0.173,297693,0.0637,0.831,6,0.115,-23.904,0,0.045,73.148,0.0367
classical,Classical World: Finland,37i9dQZF1DWUL3kA2TtHbs,6ulwHIDXzANVvw6ZAsTtMb,spotify:track:6ulwHIDXzANVvw6ZAsTtMb,https://p.scdn.co/mp3-preview/b363853daa19462ccf680d7f35e05e08901981e8?cid=63a77ff40e794a12ae216a18befde98c,Guitar Concerto: II. Adio: Amoroso,6,"Kimmo Hakola,Timo Korhonen,Oulu Symphony Orchestra,Santtu-Matias Rouvali",Hakola & Hosokawa: Guitar Concertos,0.945,0.15,802187,0.0205,0.862,9,0.0778,-26.479,1,0.0394,72.958,0.0308
classical,Classical World: Finland,37i9dQZF1DWUL3kA2TtHbs,59kVoiozHEttzpemQFzdnB,spotify:track:59kVoiozHEttzpemQFzdnB,https://p.scdn.co/mp3-preview/229b0683f27c3eaba1930dea7923ea708ea1cfa2?cid=63a77ff40e794a12ae216a18befde98c,"Clarinet Concerto No. 1 in E-Flat Major, Op. 1: II. Adagio",9,"Bernhard Henrik Crusell,Martin Fröst,Gothenburg Symphony Orchestra,Okko Kamu","Crusell, B.H.: Clarinet Concertos Nos. 1-3",0.967,0.164,218307,0.00625,0.638,8,0.0999,-31.141,1,0.0448,110.208,0.0679
classical,Classical World: Finland,37i9dQZF1DWUL3kA2TtHbs,1HIPLL7ZsbkI88X0IcO9Or,spotify:track:1HIPLL7ZsbkI88X0IcO9Or,https://p.scdn.co/mp3-preview/cd27ae3d503a74421f6e13df6ee3993ffcfef238?cid=63a77ff40e794a12ae216a18befde98c,"Kalevala Suite, Op. 23: V. The Forging of the Sampo: Allegro moderato",6,"Uuno Klami,Helsinki Philharmonic Orchestra,John Storgårds","Klami, U.: Kalevala Suite / Aurora borealis / Cheremis Fantasia",0.728,0.127,445387,0.094,0.869,10,0.117,-19.259,1,0.0299,77.824,0.035
classical,Classical World: Finland,37i9dQZF1DWUL3kA2TtHbs,5p6iTXookCurPKfClsXYK9,spotify:track:5p6iTXookCurPKfClsXYK9,,Violin Concerto: Movement Three: Pulse II,7,"Esa-Pekka Salonen,Leila Josefowicz,Finnish Radio Symphony Orchestra","Salonen: ""Out Of Nowhere"" - Violin Concerto; Nyx",0.603,0.388,321960,0.262,0.578,2,0.16,-23.596,1,0.167,118.819,0.272
classical,Classical World: Finland,37i9dQZF1DWUL3kA2TtHbs,3MY785Oox2sVq8uUIgLZrl,spotify:track:3MY785Oox2sVq8uUIgLZrl,https://p.scdn.co/mp3-preview/ce06d95cb4eba7bb7a0e32c8f530315092d4e009?cid=63a77ff40e794a12ae216a18befde98c,Symphony No. 1: I. Andante,7,"Kalevi Aho,Sakari Tepponen,Lahti Symphony Orchestra,Osmo Vänskä",Aho: Symphony No. 1 / Hiljaisuus / Violin Concerto,0.909,0.158,512000,0.00932,0.599,8,0.209,-29.051,0,0.049,133.016,0.0277
classical,Classical World: Finland,37i9dQZF1DWUL3kA2TtHbs,6rDALb03bddoOdUr9fw5nf,spotify:track:6rDALb03bddoOdUr9fw5nf,https://p.scdn.co/mp3-preview/dd48eb865a750fa494adb1b6440a694b686e59b0?cid=63a77ff40e794a12ae216a18befde98c,Nostalgic Thoughts,6,"Leif Segerstam,Helsinki Philharmonic Orchestra",Earquake: The Loudest Classical Music of All Time,0.746,0.194,139520,0.123,0.618,9,0.0904,-26.722,1,0.0383,68.979,0.0611
classical,Classical World: Finland,37i9dQZF1DWUL3kA2TtHbs,0LExkZWUO5NNmEtG9TCRfM,spotify:track:0LExkZWUO5NNmEtG9TCRfM,https://p.scdn.co/mp3-preview/177bec2672ba1c3c2c0e43f9d6b4438302253115?cid=63a77ff40e794a12ae216a18befde98c,The Ambush: Adagio,6,"Tuomas Kantelinen,Karelia Philharmonic Orchestra,Oleg Soldatov","Orchestral Music (Finnish) - Rautavaara, E. / Sibelius, J. / Merikanto, A. / Kantilen, T. / Pingoud, E. / Sallinen, A. / Nordgren, P.H.",0.97,0.125,285653,0.0158,0.92,4,0.0892,-32.258,0,0.0484,87.967,0.0336
classical,Classical World: Finland,37i9dQZF1DWUL3kA2TtHbs,6JbDN9rWW8PcbPOcbAr5Pb,spotify:track:6JbDN9rWW8PcbPOcbAr5Pb,https://p.scdn.co/mp3-preview/a48dc36739eac951774f7f21ecbc4598a2ed0d49?cid=63a77ff40e794a12ae216a18befde98c,Piano Concerto No. 1: I. Moderato,5,"Einar Englund,Niklas Sivelov,Turku Philharmonic Orchestra,Jorma Panula",Englund: Symphonies Nos. 2 and 4 / Piano Concerto No. 1,0.981,0.331,580733,0.0709,0.791,10,0.109,-25.284,0,0.0406,118.72,0.048
classical,Classical World: Finland,37i9dQZF1DWUL3kA2TtHbs,3oLnuhv4rdVUQsxlAgjsOi,spotify:track:3oLnuhv4rdVUQsxlAgjsOi,https://p.scdn.co/mp3-preview/59d3c20252c9a43d02ad27c66d95d2bc3e7bbc5f?cid=63a77ff40e794a12ae216a18befde98c,Kuula : Häämarssi Op.3 No.2 [Wedding March],12,"Toivo Kuula,Kuopio Symphony Orchestra And Shuntaro Sato",Northern Pictures,0.907,0.146,251533,0.145,0.927,11,0.107,-16.278,1,0.0354,81.999,0.0399
classical,Classical World: Finland,37i9dQZF1DWUL3kA2TtHbs,7Cv324ndsMb3BHTPoVWVkc,spotify:track:7Cv324ndsMb3BHTPoVWVkc,https://p.scdn.co/mp3-preview/9deb6308ae5cb87e6640b3160dd9da4ad504a47a?cid=63a77ff40e794a12ae216a18befde98c,"Berceuse, ""Lullaby""",46,"Armas Järnefelt,Jaakko Kuusisto,Lahti Symphony Orchestra","Jarnefelt: Symphonic Fantasy / Suite in E flat major / Serenade / Berceuse, ""Lullaby""",0.803,0.193,251173,0.00709,0.208,7,0.0981,-33.602,0,0.0436,94.681,0.037
classical,Classical World: Finland,37i9dQZF1DWUL3kA2TtHbs,21fFYtSrQQR2I3INoQ4kG0,spotify:track:21fFYtSrQQR2I3INoQ4kG0,https://p.scdn.co/mp3-preview/d7168f85aa57cb268a5d3306860add0e2e8e384c?cid=63a77ff40e794a12ae216a18befde98c,Kadenza,4,"Teppo Hauta-aho,Bjorn Malmqvist",Baltic Bass,0.972,0.145,354600,0.0197,0.919,2,0.216,-27.016,0,0.0488,79.101,0.0397
classical,Classical World: Finland,37i9dQZF1DWUL3kA2TtHbs,6IlICn5h1kVqQomC7QbjWm,spotify:track:6IlICn5h1kVqQomC7QbjWm,https://p.scdn.co/mp3-preview/ef9f37575d2dbd3f143005d1e71415726e9c2e7e?cid=63a77ff40e794a12ae216a18befde98c,Valkalam,4,"Eero Hämeenniemi,Markku Luolajan-Mikkola,Varpu Haavisto,Aapo Häkkinen","Wennakoski, L.: Procris / Vuori, H.: From Day To Dream / Hameenniemi, E.: Valkalam / Fantazia / Tiensuu, J.: Musica Ambigua",0.756,0.155,328987,0.056,0.677,6,0.161,-25.577,1,0.0349,79.042,0.0721
classical,Classical World: Finland,37i9dQZF1DWUL3kA2TtHbs,0E6Mcbyv903e1Op14bbgqx,spotify:track:0E6Mcbyv903e1Op14bbgqx,https://p.scdn.co/mp3-preview/02e2fa17b0d77e3a313935363d3cce74120fa939?cid=63a77ff40e794a12ae216a18befde98c,O magnum mysterium,5,"Jaakko Mäntyjärvi,Exultate Singers,David Ogden",All Shall be Well,0.987,0.0641,257280,0.0208,0.467,10,0.0806,-29.857,0,0.0457,65.155,0.0331
classical,Classical World: Finland,37i9dQZF1DWUL3kA2TtHbs,4oICKiaH7cZwiSWuRx2PKV,spotify:track:4oICKiaH7cZwiSWuRx2PKV,https://p.scdn.co/mp3-preview/bc874f5e929985d083bfc3d512666bf81eaa6cb8?cid=63a77ff40e794a12ae216a18befde98c,Frogs Dancing on Water Lilies,5,"Olli Mustonen,Martti Rousi,Tapiola Sinfonietta","Mustonen, O.: Triple Concerto / Petite Suite / Nonets Nos. 1 and 2 / Frogs Dancing On Water Lilies",0.954,0.237,196013,0.0706,0.675,0,0.208,-27.619,1,0.0424,121.523,0.0527
classical,Classical World: Finland,37i9dQZF1DWUL3kA2TtHbs,6Z7tMhG3KDABGqVZresnLH,spotify:track:6Z7tMhG3KDABGqVZresnLH,https://p.scdn.co/mp3-preview/8c7739e34d881c6b4274c9cd5ca13832bd5fb0c1?cid=63a77ff40e794a12ae216a18befde98c,"Sisyfoksen uni (Sisyphus Dreams), Op. 47",4,"Jouni Kaipainen,Finnish Radio Symphony Orchestra,Sakari Oramo","Kaipainen, J.: Symphony No. 2 / Oboe Concerto / Sisyphus Dreams",0.588,0.156,637800,0.0179,0.744,6,0.111,-28.122,0,0.0425,106.676,0.0383
classical,Classical World: Finland,37i9dQZF1DWUL3kA2TtHbs,7GjsEWoOPIQuvxamnYIWm7,spotify:track:7GjsEWoOPIQuvxamnYIWm7,https://p.scdn.co/mp3-preview/90251f5e071034518c7f4573eb30f6e05945db3c?cid=63a77ff40e794a12ae216a18befde98c,"Bim Bam Bum, Op. 80: No. 1. Bim Bam Bum (Bim Bam Boom)",3,"Erik Bergman,John Potter,New London Chamber Choir,Endymion Ensemble,James Wood","Bergman: Nox, Bim Bam Bum, Fåglarna, Hathor-Suite",0.938,0.26,208800,0.0157,2.26e-05,2,0.347,-33.862,1,0.0353,90.503,0.0785
classical,Classical World: Finland,37i9dQZF1DWUL3kA2TtHbs,5gSCzcKvjePuQVoMyYX6rR,spotify:track:5gSCzcKvjePuQVoMyYX6rR,https://p.scdn.co/mp3-preview/cbe29767bd9e6dd3b829de02cdf6da35069fa96f?cid=63a77ff40e794a12ae216a18befde98c,"…durch einen Spiegel…, ""Metamorphoses""",4,"Joonas Kokkonen,Radion sinfoniaorkesteri,Paavo Berglund",Kokkonen: Durch einen Spiegel & Symphonies Nos. 1 and 4,0.842,0.245,1112533,0.0796,0.377,7,0.29,-22.749,1,0.041,127.937,0.0372
classical,Classical World: Finland,37i9dQZF1DWUL3kA2TtHbs,5PQUyS8qKPqvsjf064YSXT,spotify:track:5PQUyS8qKPqvsjf064YSXT,https://p.scdn.co/mp3-preview/e6bab6ce529dc5804a1fbcb0a2d133d5033e6e32?cid=63a77ff40e794a12ae216a18befde98c,Canzonetta,3,"Erkki Salmenhaara,Ostrobothnian Chamber Orchestra,Juha Kangas",Epifania,0.841,0.111,393267,0.185,0.893,11,0.128,-15.889,1,0.0414,82.123,0.0266
classical,Classical World: Finland,37i9dQZF1DWUL3kA2TtHbs,00sz0GThPCWLyaceDBtx4s,spotify:track:00sz0GThPCWLyaceDBtx4s,https://p.scdn.co/mp3-preview/3ca5251d21abc666299395c1bc714ba4f6f44e09?cid=63a77ff40e794a12ae216a18befde98c,Feria,3,"Magnus Lindberg,Finnish Radio Symphony Orchestra,Jukka-Pekka Saraste","Lindberg, M.: Feria / Corrente Ii / Arena",0.969,0.213,1032400,0.207,0.922,9,0.334,-21.518,1,0.0466,126.398,0.0381
classical,Classical World: Finland,37i9dQZF1DWUL3kA2TtHbs,7EYWNZadoNlwX5dNe6UhCR,spotify:track:7EYWNZadoNlwX5dNe6UhCR,https://p.scdn.co/mp3-preview/a961c52dc1446239bb6afcd58836ac0c1e7affd9?cid=63a77ff40e794a12ae216a18befde98c,Overtura sinfonica,4,"Robert Kajanus,Helsinki Philharmonic Orchestra,Leif Segerstam","Orchestral Music (Finnish) - Klami, U. / Palmgren, S. / Kajanus, R. / Kuula, T. / Sibelius, J. (Pictures From Finland)",0.914,0.083,558613,0.0984,0.636,9,0.149,-22.207,1,0.0373,53.512,0.0389
