category_id,playlist_name,playlist_id,track_id,track_uri,track_preview_url,track_name,track_popularity,artist_name,album_name,acousticness,danceability,duration_ms,energy,instrumentalness,key,liveness,loudness,mode,speechiness,tempo,valence
classical,Spotify Orchestra: Clarinet,37i9dQZF1DX1Ad8XNl1pGU,1WSwBOF7SM9LwM9nx2LWVw,spotify:track:1WSwBOF7SM9LwM9nx2LWVw,https://p.scdn.co/mp3-preview/7855e82685f53ed91d641f18c70c3d94035d4495?cid=63a77ff40e794a12ae216a18befde98c,All in the Past,43,"Georgs Pelēcis,Martin Fröst,Royal Stockholm Philharmonic Orchestra",Roots,0.992,0.326,176093,0.0239,0.362,2,0.209,-26.397,0,0.0561,57.69,0.161
classical,Spotify Orchestra: Clarinet,37i9dQZF1DX1Ad8XNl1pGU,7InhXVYqZRZcYKg8g6Aeee,spotify:track:7InhXVYqZRZcYKg8g6Aeee,https://p.scdn.co/mp3-preview/65d176eee6077f28696eadd4255ea3615756146a?cid=63a77ff40e794a12ae216a18befde98c,"Trois Phantasiestücke pour clarinette et piano, Op. 73: I. Zart und mit Ausdruck",19,"Robert Schumann,Eric Le Sage,François Leleux",Schumann Project: Complete Chamber Music With Piano,0.993,0.0924,196413,0.0234,0.877,9,0.0694,-25.763,0,0.0432,75.977,0.0499
classical,Spotify Orchestra: Clarinet,37i9dQZF1DX1Ad8XNl1pGU,4a2qoYY6xINDXtUOBFbJ6d,spotify:track:4a2qoYY6xINDXtUOBFbJ6d,https://p.scdn.co/mp3-preview/f68ed653a85eee988c92dbfeb9b198b97d8ae9ff?cid=63a77ff40e794a12ae216a18befde98c,"Klarinettenkonzert A-Dur, K. 622: 2. Adagio (Jenseits von Afrika): II. Adagio",57,"Wolfgang Amadeus Mozart,David Shifrin,Mostly Mozart Orchestra,Gerard Schwarz","Mozart, W.A.: Clarinet Concerto in A Major / Clarinet Quintet in A Major",0.967,0.122,477733,0.0182,0.834,2,0.0735,-27.89,1,0.0383,77.59,0.0473
classical,Spotify Orchestra: Clarinet,37i9dQZF1DX1Ad8XNl1pGU,7pC7NvB7wldwlWjEYt4GO2,spotify:track:7pC7NvB7wldwlWjEYt4GO2,https://p.scdn.co/mp3-preview/9d4668f5b4a6a2f20467ca15f29b9e1c6c2f06ee?cid=63a77ff40e794a12ae216a18befde98c,"Sonata for clarinet and piano No. 2 in E Flat Major, Op. 120: Sonata for clarinet and piano No. 2 in E Flat Major, Op. 120: II. Allegro appassionato",18,"Johannes Brahms,Lorenzo Coppola,Andreas Staier",Brahms: Sonatas for clarinet and piano Op. 120,0.993,0.314,278440,0.0902,0.887,11,0.0925,-19.057,1,0.0397,79.844,0.14
classical,Spotify Orchestra: Clarinet,37i9dQZF1DX1Ad8XNl1pGU,3MTTZdYGiKeCoKt0MQVf62,spotify:track:3MTTZdYGiKeCoKt0MQVf62,https://p.scdn.co/mp3-preview/95e915f5cd5de334486317d9c51776ec597ec219?cid=63a77ff40e794a12ae216a18befde98c,Première Rhapsodie,32,"Claude Debussy,Sabine Meyer,Claudio Abbado,Berliner Philharmoniker",Mozart: Clarinet Concerto/Debussy: Première Rhapsodie/Takemitsu: Fantasma/Cantos,0.984,0.187,509533,0.0315,0.848,6,0.0663,-24.494,1,0.0452,161.24,0.04
classical,Spotify Orchestra: Clarinet,37i9dQZF1DX1Ad8XNl1pGU,2v3QZ7ZbC7zSptL0Mtsi0i,spotify:track:2v3QZ7ZbC7zSptL0Mtsi0i,https://p.scdn.co/mp3-preview/6ae492934923f5c8cbed018bd31bc462a48dd918?cid=63a77ff40e794a12ae216a18befde98c,"Souvenir d'un lieu cher, Op. 42: No. 3, Mélodie in E-Flat Major",17,"Pyotr Ilyich Tchaikovsky,Sharon Kam,Itamar Golan",Souvenirs,0.99,0.284,199573,0.0473,0.234,3,0.139,-23.734,1,0.0508,137.143,0.0718
classical,Spotify Orchestra: Clarinet,37i9dQZF1DX1Ad8XNl1pGU,1NUa0XtTkOEloRymAdapYW,spotify:track:1NUa0XtTkOEloRymAdapYW,,Clarinet Concerto No.7 in E Flat Major (Darmstädter No.1): 3. Rondeau,0,"Carl Stamitz,Andreas Ottensamer,Kammerakademie Potsdam",New Era,0.976,0.448,337333,0.161,0.35,3,0.102,-17.931,1,0.043,142.589,0.556
classical,Spotify Orchestra: Clarinet,37i9dQZF1DX1Ad8XNl1pGU,1xgNdYubgDLCGK2Avuzppz,spotify:track:1xgNdYubgDLCGK2Avuzppz,https://p.scdn.co/mp3-preview/dfe79609b756ee8c596c134ab5b6b240c5238317?cid=63a77ff40e794a12ae216a18befde98c,"Clarinet Quintet No. 3 in E-Flat Major, Op. 23: II. Adagio (arr. P. Weston for clarinet and piano)",16,"Heinrich Joseph Baermann,Pamela Weston,Michael Collins,Michael McHale",The Lyrical Clarinet,0.988,0.124,255240,0.00255,0.438,1,0.1,-29.55,1,0.0454,78.217,0.0969
classical,Spotify Orchestra: Clarinet,37i9dQZF1DX1Ad8XNl1pGU,15ic8Xb9U7igGnyfHU0mZY,spotify:track:15ic8Xb9U7igGnyfHU0mZY,https://p.scdn.co/mp3-preview/cf80cea17c88b1bdbb64806e727333e6c50c6466?cid=63a77ff40e794a12ae216a18befde98c,River of Crystal Light,14,"Peter Lieuwen,Texas Music Festival Orchestra,David Campbell,Franz Anton Krager,Moores School Symphony Orchestra",Living Waters,0.915,0.371,553493,0.208,0.81,1,0.103,-17.219,1,0.0357,139.85,0.103
classical,Spotify Orchestra: Clarinet,37i9dQZF1DX1Ad8XNl1pGU,3QOimHmKfSsvczPRoiJIze,spotify:track:3QOimHmKfSsvczPRoiJIze,https://p.scdn.co/mp3-preview/04baa9f1383862eed59dc7813eb1ca91fc866433?cid=63a77ff40e794a12ae216a18befde98c,Time Hole,22,Jonny Greenwood,The Master: Original Motion Picture Soundtrack,0.995,0.373,101533,0.027,0.871,6,0.0854,-17.503,1,0.039,110.866,0.0905
classical,Spotify Orchestra: Clarinet,37i9dQZF1DX1Ad8XNl1pGU,5kWheTVZIJwuSjbmz2ITZq,spotify:track:5kWheTVZIJwuSjbmz2ITZq,https://p.scdn.co/mp3-preview/237e9be9341473bc2984f1a066ea403041d43c41?cid=63a77ff40e794a12ae216a18befde98c,"Clarinet Quintet in B Minor, Op. 115: II. Adagio",18,"Johannes Brahms,Julian Bliss",David Bruce: Gumboots – Johannes Brahms: Clarinet Quintet,0.974,0.123,592027,0.0424,0.0249,11,0.12,-20.327,0,0.0432,83.33,0.0389
classical,Spotify Orchestra: Clarinet,37i9dQZF1DX1Ad8XNl1pGU,1iROJpfiGCqW2hkm0LLNCm,spotify:track:1iROJpfiGCqW2hkm0LLNCm,https://p.scdn.co/mp3-preview/08210ff28384a9e5b70f391f7e92941f6e01176a?cid=63a77ff40e794a12ae216a18befde98c,"Concerto for Clarinet, Strings & Harp",14,"Aaron Copland,Benny Goodman,Columbia Symphony Orchestra",The Copland Collection: Orchestral & Ballet Works 1936-1948,0.927,0.407,1015333,0.11,0.594,2,0.552,-19.026,0,0.0465,119.882,0.126
classical,Spotify Orchestra: Clarinet,37i9dQZF1DX1Ad8XNl1pGU,0qlXn1Iw4wAgLgnSS5ud6M,spotify:track:0qlXn1Iw4wAgLgnSS5ud6M,https://p.scdn.co/mp3-preview/e415ba327f8672be345370f6e28a45a67d484643?cid=63a77ff40e794a12ae216a18befde98c,New York Counterpoint for Clarinet and Tape: III. Fast,13,"Steve Reich,Sebastian Manz,Martin Klett",In Rhythm,0.975,0.709,228827,0.297,0.924,2,0.0698,-11.872,1,0.0744,90.413,0.232
classical,Spotify Orchestra: Clarinet,37i9dQZF1DX1Ad8XNl1pGU,4lXpe4LDI0vsONqli2BmTf,spotify:track:4lXpe4LDI0vsONqli2BmTf,,The Tale Of Viktor Navorski - The Terminal/Soundtrack Version,1,John Williams,The Terminal,0.952,0.594,252933,0.0948,0.83,7,0.114,-19.805,0,0.0368,96.681,0.148
classical,Spotify Orchestra: Clarinet,37i9dQZF1DX1Ad8XNl1pGU,50nv0NAzDcBL1u641qSVBF,spotify:track:50nv0NAzDcBL1u641qSVBF,https://p.scdn.co/mp3-preview/0002b9167d070fdc1e1e6833e11d11339be8f94f?cid=63a77ff40e794a12ae216a18befde98c,Oblivion,15,"Florent Héau,Marcela Roggeri",Une histoire de tango,0.991,0.109,225401,0.0151,0.595,0,0.0736,-23.688,0,0.0421,181.665,0.0877
classical,Spotify Orchestra: Clarinet,37i9dQZF1DX1Ad8XNl1pGU,1L34AoX3Ad17TOGksTbkCO,spotify:track:1L34AoX3Ad17TOGksTbkCO,https://p.scdn.co/mp3-preview/27547ade848b648e93f79ccecfbef8d2857e8859?cid=63a77ff40e794a12ae216a18befde98c,"Piano Trio in D Minor, Op. 120: II. Andantino",12,"Gabriel Fauré,Richard Hosford,Jesper Svedberg,Simon Crawford-Phillips",Fauré: Piano Quartet No. 2 & Piano Trio,0.989,0.0861,513013,0.0469,0.909,10,0.0783,-21.714,1,0.0394,64.615,0.037
classical,Spotify Orchestra: Clarinet,37i9dQZF1DX1Ad8XNl1pGU,15upJosvfwZSGsqooPYQBW,spotify:track:15upJosvfwZSGsqooPYQBW,https://p.scdn.co/mp3-preview/cd47ff4c71dff359c1c6697d210ccbd2392ca07d?cid=63a77ff40e794a12ae216a18befde98c,"Concerto for Clarinet and Orchestra No. 1 in F Minor, Op. 73: II. Adagio ma non troppo",14,"Carl Maria von Weber,Fabio Di Casola,Russische Kammerphilharmonie St. Petersburg,Juri Gilbo",Weber: Concertos For Clarinet And Orchestra,0.986,0.144,379667,0.00539,0.646,0,0.0692,-25.412,1,0.0462,60.707,0.038
classical,Spotify Orchestra: Clarinet,37i9dQZF1DX1Ad8XNl1pGU,6wUqWrR6SRYzy3hbUKmXNw,spotify:track:6wUqWrR6SRYzy3hbUKmXNw,https://p.scdn.co/mp3-preview/1729a795d63622ee0f42bfa8fb650f1b5be89599?cid=63a77ff40e794a12ae216a18befde98c,Sonata for Clarinet and Piano: II. Andantino - Vivace e leggiero,15,"Leonard Bernstein,Jon Manasse,Jon Nakamatsu","Bernstein, Gershwin, Novacek, D'Rivera - American Music for Clarinet & Piano",0.995,0.4,398413,0.0333,0.736,7,0.0698,-21.672,1,0.053,91.653,0.172
classical,Spotify Orchestra: Clarinet,37i9dQZF1DX1Ad8XNl1pGU,0l28wq13W7amVS81I0sGZF,spotify:track:0l28wq13W7amVS81I0sGZF,https://p.scdn.co/mp3-preview/c8aba63a495a29f1fd3910ea72016a7ea08a3831?cid=63a77ff40e794a12ae216a18befde98c,Gnarly Buttons: Put Your Loving Arms Around Me,14,"John Adams,London Sinfonietta",Gnarly Buttons/John's Book Of Alleged Dances,0.953,0.193,511443,0.0936,0.347,5,0.0719,-18.339,1,0.0326,88.187,0.0359
classical,Spotify Orchestra: Clarinet,37i9dQZF1DX1Ad8XNl1pGU,0VnnbBhH9CbnLSVnh6NhAr,spotify:track:0VnnbBhH9CbnLSVnh6NhAr,https://p.scdn.co/mp3-preview/30e8199c54bc7b8b005a1a89426667cfbf2575c1?cid=63a77ff40e794a12ae216a18befde98c,Clarinet Sonatina: II. Night Thoughts. Lento,10,"Richard Rodney Bennett,Dimitri Ashkenazy",Night Thoughts,0.989,0.322,235693,0.000879,0.0397,4,0.132,-25.112,0,0.0499,70.454,0.21
classical,Spotify Orchestra: Clarinet,37i9dQZF1DX1Ad8XNl1pGU,2oVUYRMrs9NPahUYj4ttD2,spotify:track:2oVUYRMrs9NPahUYj4ttD2,https://p.scdn.co/mp3-preview/0c39959c772a9c6e6265ed8aefd1a4a13f0dc4b9?cid=63a77ff40e794a12ae216a18befde98c,"Scaramouche, Op. 165: II. Modéré",12,"Darius Milhaud,Jos Van Immerseel,Lisa Shklyaver",La clarinette française,0.991,0.147,264000,0.00745,0.901,10,0.0923,-30.12,1,0.0497,64.635,0.138
classical,Spotify Orchestra: Clarinet,37i9dQZF1DX1Ad8XNl1pGU,4H5FJuRFw7OlMuFJB5M7qf,spotify:track:4H5FJuRFw7OlMuFJB5M7qf,https://p.scdn.co/mp3-preview/255d88227ca7571e078f1243e2ff6f66d05f1700?cid=63a77ff40e794a12ae216a18befde98c,"Sonate pour clarinette et piano, Op. 167: I. Allegretto",12,"Camille Saint-Saëns,Alexandre Tharaud,Ronald Van Spaendonck","Alexandre Tharaud. ""Voyage en France""",0.992,0.19,291067,0.00971,0.733,3,0.0851,-27.144,1,0.0427,70.184,0.0552
classical,Spotify Orchestra: Clarinet,37i9dQZF1DX1Ad8XNl1pGU,2UI0gVprzRHVTRGY0vb3Nn,spotify:track:2UI0gVprzRHVTRGY0vb3Nn,https://p.scdn.co/mp3-preview/5dc4c136b6bfc158a60af57a9c65c8283b6270f0?cid=63a77ff40e794a12ae216a18befde98c,"Clarinet Concerto No.4 in E Minor, WoO 20: II. Larghetto",12,"Louis Spohr,Thea King,Alun Francis,English Chamber Orchestra",Mozart: Clarinet Concerto / Spohr: Clarinet Concerto No. 4,0.982,0.19,369000,0.0151,0.829,0,0.0913,-26.846,1,0.0431,97.945,0.0389
classical,Spotify Orchestra: Clarinet,37i9dQZF1DX1Ad8XNl1pGU,3YheXmTx0hG43RclglYyfs,spotify:track:3YheXmTx0hG43RclglYyfs,https://p.scdn.co/mp3-preview/5a901fb9eebd7fa2138ce69c357e69b10f41262d?cid=63a77ff40e794a12ae216a18befde98c,Gra - for solo clarinet (1993),10,"Elliott Carter,Alain Damiens",The American Clarinet,0.976,0.55,230827,0.0022,0.1,4,0.0898,-28.706,0,0.0635,110.375,0.297
classical,Spotify Orchestra: Clarinet,37i9dQZF1DX1Ad8XNl1pGU,4lxk1OkzOHXzsgzwhVf40R,spotify:track:4lxk1OkzOHXzsgzwhVf40R,https://p.scdn.co/mp3-preview/8d689bf5c69b370c430647299fe3bb92ae31b9ff?cid=63a77ff40e794a12ae216a18befde98c,Clarinet Quintet in A Major: Clarinet Quintet in A Major: I. Allegro,16,"Wolfgang Amadeus Mozart,Arcanto Quartett,Jörg Widmann",Mozart: Clarinet Quintet,0.989,0.282,549627,0.0531,0.389,9,0.0568,-20.126,1,0.046,115.594,0.141
classical,Spotify Orchestra: Clarinet,37i9dQZF1DX1Ad8XNl1pGU,6YT3RNjqZ1YItaB7kSqXhm,spotify:track:6YT3RNjqZ1YItaB7kSqXhm,,Midday Prayers For Solo Clarinet And 19 Players,0,"Giya Kancheli,Eduard Brunner,Maacha Deubner,Stuttgart Chamber Orchestra,Dennis Russell Davies",Caris Mere,0.944,0.136,1414293,0.00207,0.0981,7,0.159,-34.931,0,0.0401,68.514,0.0348
classical,Spotify Orchestra: Clarinet,37i9dQZF1DX1Ad8XNl1pGU,5G1KXxf6jBRuayGjhguAnD,spotify:track:5G1KXxf6jBRuayGjhguAnD,https://p.scdn.co/mp3-preview/4b79afcd972d90bb11c41d66cc988e7bfaa16758?cid=63a77ff40e794a12ae216a18befde98c,"After you, Mr. Gershwin",13,"Béla Kovács,André Moisan,Jean Saulnier","After You, Mr. Gershwin!",0.985,0.46,241067,0.0374,0.852,10,0.0897,-25.876,1,0.0432,116.729,0.21
classical,Spotify Orchestra: Clarinet,37i9dQZF1DX1Ad8XNl1pGU,42pHl1cO4rogmZq4wWXJtL,spotify:track:42pHl1cO4rogmZq4wWXJtL,https://p.scdn.co/mp3-preview/e0acc3c77a3a248ec8007f8a394daf6014167dd8?cid=63a77ff40e794a12ae216a18befde98c,"Piano Trio in E-Flat Major, K. 498 ""Kegelstatt"": I. Andante",11,"Wolfgang Amadeus Mozart,Nobuko Imai,Janet Hilton,Roger Vignoles","Schumann: Marchenerzahlungen / Mozart: Piano Trio No. 2, ""Kegelstatt"" / Bruch: 8 Pieces",0.993,0.263,350280,0.0162,0.81,3,0.132,-30.423,1,0.042,139.961,0.189
classical,Spotify Orchestra: Clarinet,37i9dQZF1DX1Ad8XNl1pGU,1emP4FkP3W63XOOAwmQOwH,spotify:track:1emP4FkP3W63XOOAwmQOwH,https://p.scdn.co/mp3-preview/39f7a54e382ad2590a2d4df1f12397b350edf0d8?cid=63a77ff40e794a12ae216a18befde98c,"Clarinet Concerto, Op. 31: I. Allegro vigoroso",10,"Gerald Finzi,Alan Hacker,William Boughton,English String Orchestra",Finzi: A Centenary Collection,0.631,0.161,441000,0.0276,0.43,8,0.106,-26.84,1,0.0456,74.929,0.083
classical,Spotify Orchestra: Clarinet,37i9dQZF1DX1Ad8XNl1pGU,1uAU0syEsLE4nAdjs5Mo9H,spotify:track:1uAU0syEsLE4nAdjs5Mo9H,https://p.scdn.co/mp3-preview/b7d1a3aefc322c2de93b4e8eb07389b65cd1c721?cid=63a77ff40e794a12ae216a18befde98c,Clarinet Sonata: I. Massig bewegt,12,"Paul Hindemith,Colin Bradbury,Bernard Roberts",Brahms and Hindemith Clarinet Sonatas,0.989,0.272,285400,0.0443,0.868,10,0.152,-22.976,0,0.0402,108.039,0.0783
classical,Spotify Orchestra: Clarinet,37i9dQZF1DX1Ad8XNl1pGU,3obDqAKqYv0Bml6BKtMl8A,spotify:track:3obDqAKqYv0Bml6BKtMl8A,https://p.scdn.co/mp3-preview/eb89777d175e0fda1245c3a7c36f50795e774884?cid=63a77ff40e794a12ae216a18befde98c,"Clarinet Quintet in A Major, Op. 146: IV. Poco allegretto",9,"Max Reger,Wolfgang Meyer,Carmina Quartett",Mozart & Reger: Clarinet quintets,0.981,0.216,565720,0.0287,0.428,9,0.0666,-24.965,1,0.0451,134.856,0.0601
classical,Spotify Orchestra: Clarinet,37i9dQZF1DX1Ad8XNl1pGU,40TIfndeXixhDUjACMqpl7,spotify:track:40TIfndeXixhDUjACMqpl7,https://p.scdn.co/mp3-preview/bb43a35f5b4ead2c044f935ce571834ffe2ed41d?cid=63a77ff40e794a12ae216a18befde98c,Clarinet Concerto: II. Sarabande,12,"Patrick Hawes,Emma Johnson,Philip Ellis,BBC Concert Orchestra",English Fantasy: Music for Clarinet and Orchestra,0.931,0.142,545347,0.00808,0.396,3,0.072,-32.495,1,0.0499,141.157,0.0373
classical,Spotify Orchestra: Clarinet,37i9dQZF1DX1Ad8XNl1pGU,5tTXievJJM8QoGvx5GWhMy,spotify:track:5tTXievJJM8QoGvx5GWhMy,https://p.scdn.co/mp3-preview/cab10aeea596fb885e432165e503a4b90dcd1e77?cid=63a77ff40e794a12ae216a18befde98c,Glinka: Trio Pathétique: Largo,10,"Mikhail Glinka,The Fibonacci Sequence",Clarinet,0.991,0.173,313151,0.0375,0.818,5,0.107,-21.662,1,0.0394,71.253,0.0391
classical,Spotify Orchestra: Clarinet,37i9dQZF1DX1Ad8XNl1pGU,33lrxvQ06qQv5NfcqDwUt3,spotify:track:33lrxvQ06qQv5NfcqDwUt3,https://p.scdn.co/mp3-preview/75fe7029b445e216676e9371d709f3af0af47723?cid=63a77ff40e794a12ae216a18befde98c,"Clarinet Concerto, Op. 57, FS 129: Allegretto un poco -",10,"Carl Nielsen,Anthony Mcgill,New York Philharmonic,Alan Gilbert",Nielsen: Concertos (Live),0.972,0.306,487187,0.0959,0.407,5,0.178,-23.384,1,0.0503,137.092,0.0446
classical,Spotify Orchestra: Clarinet,37i9dQZF1DX1Ad8XNl1pGU,7rrYbm8fmNKD6IMISpFz9n,spotify:track:7rrYbm8fmNKD6IMISpFz9n,https://p.scdn.co/mp3-preview/6b16f3b208b8ddf29445f7b1fcca7b2fdf44c83b?cid=63a77ff40e794a12ae216a18befde98c,"Piano Trio in A Major, Op. 264: II. Intermezzo: Moderato",12,"Carl Reinecke,Karl Leister,Christoph Schiller,Homero Francesch","Mozart: Piano Trio in E-Flat Major - Reinecke: Piano Trio in A Major & Flute Sonata in E Minor ""Undine""",0.993,0.23,345600,0.0218,0.833,9,0.0779,-23.934,0,0.0377,72.108,0.0721
classical,Spotify Orchestra: Clarinet,37i9dQZF1DX1Ad8XNl1pGU,3S8k3lb8shDU0fpLlCeHHu,spotify:track:3S8k3lb8shDU0fpLlCeHHu,,"Quintet for Clarinet and String Quartet in B flat major, Op. 89: II. Andante",0,"Antoine Reicha,Ludmila Peterková,Bennewitz Quartet","Mozart, Rejcha, Kukal: Clarinet Quintets",0.981,0.162,340827,0.0249,0.636,3,0.104,-24.942,1,0.0467,75.659,0.197
classical,Spotify Orchestra: Clarinet,37i9dQZF1DX1Ad8XNl1pGU,1AK1EGKIUYjVV6ETfGK20l,spotify:track:1AK1EGKIUYjVV6ETfGK20l,https://p.scdn.co/mp3-preview/0e650f340281d6f7513f994f8dd3ba1f5123a5ec?cid=63a77ff40e794a12ae216a18befde98c,"Piano Trio No. 4 in B-Flat Major, Op. 11 ""Gassenhauer"": II. Adagio",14,"Ludwig van Beethoven,Yo-Yo Ma,Richard Stoltzman,Emanuel Ax","Brahms, Beethoven, Mozart: Clarinet Trios (Remastered)",0.979,0.208,336693,0.023,0.839,3,0.0783,-26.083,1,0.0422,134.278,0.0498
classical,Spotify Orchestra: Clarinet,37i9dQZF1DX1Ad8XNl1pGU,1H9rGpQ1Xqh45Y13mzfJvU,spotify:track:1H9rGpQ1Xqh45Y13mzfJvU,https://p.scdn.co/mp3-preview/9d9ad789a97c50c5ba1e9a4b937858bd48a14561?cid=63a77ff40e794a12ae216a18befde98c,Clarinet Concerto in B-Flat Major (reconstructed R. Meylan): I. Andante sostenuto,37,"Gaetano Donizetti,Raymond Meylan,Béla Kovács,Camerata De Budapest,Laszlo Kovacs",Donizetti: Double Concerto / Flute Concertino / Clarinet Concertino,0.983,0.138,250000,0.0121,0.833,10,0.12,-25.735,0,0.0442,95.1,0.0661
classical,Spotify Orchestra: Clarinet,37i9dQZF1DX1Ad8XNl1pGU,75R8LmDMuAalLHKhpwvoyE,spotify:track:75R8LmDMuAalLHKhpwvoyE,https://p.scdn.co/mp3-preview/779b64ba4bda8f2a1dc286ed930a5683e0781cfb?cid=63a77ff40e794a12ae216a18befde98c,"3 Intermezzi, Op. 13: No. 1. Andante espressivo",10,"Charles Villiers Stanford,Robert Plane,Benjamin Frith",Stanford: Clarinet Sonata / Piano Trio No. 3 / 2 Fantasies,0.988,0.263,196587,0.0316,0.895,10,0.0858,-24.116,1,0.0403,90.561,0.0849
classical,Spotify Orchestra: Clarinet,37i9dQZF1DX1Ad8XNl1pGU,6OxbC1RnfJ4KhbSgfVNWN5,spotify:track:6OxbC1RnfJ4KhbSgfVNWN5,,"Introduction, Theme and Variations for Clarinet and Orchestra in E flat major - Cadenza: Charles Neidich: Introduzione: Andante (sostenuto)",0,"Gioachino Rossini,Charles Neidich,Orpheus Chamber Orchestra","Rossini: Overtures; Introduction, Theme and Variations for Clarinet and Orchestra",0.982,0.282,239493,0.036,0.425,10,0.167,-23.411,1,0.045,136.576,0.128
classical,Spotify Orchestra: Clarinet,37i9dQZF1DX1Ad8XNl1pGU,5SC19ZNIh6MUxPHQU9FbEV,spotify:track:5SC19ZNIh6MUxPHQU9FbEV,https://p.scdn.co/mp3-preview/dacfa335e84264c34acf59e65c56d47c8afeed72?cid=63a77ff40e794a12ae216a18befde98c,Sonate pour clarinette et piano: II. Romanza,10,"Francis Poulenc,Pierre Génisson,David Bismuth",Made in France,0.989,0.241,280520,0.00318,0.588,7,0.141,-26.587,0,0.0419,105.974,0.0387
classical,Spotify Orchestra: Clarinet,37i9dQZF1DX1Ad8XNl1pGU,1zsWbuk2lUHd2RIlwME16g,spotify:track:1zsWbuk2lUHd2RIlwME16g,https://p.scdn.co/mp3-preview/423b218568d2f3f5ec46f22583d221c239ea77b0?cid=63a77ff40e794a12ae216a18befde98c,Potpourri No. 3 in B-Flat Major,10,"Franz Danzi,Dieter Klöcker,Consortium Classicum",Danzi: Septets & Potpourris,0.972,0.236,719200,0.0609,0.611,10,0.0971,-23.029,1,0.0383,77.097,0.234
classical,Spotify Orchestra: Clarinet,37i9dQZF1DX1Ad8XNl1pGU,1j9GeEXRvhXfMEC151PEkt,spotify:track:1j9GeEXRvhXfMEC151PEkt,https://p.scdn.co/mp3-preview/fb2360ace6f6e57d7fc8eb6e6aa101b1ccfde80b?cid=63a77ff40e794a12ae216a18befde98c,"Clarinet Concerto No. 2, Op. 115: II. Lento",9,"Malcolm Arnold,Martin Fröst,Malmö Symphony Orchestra,Lan Shui",Clarinet Concertos Dedicated to Benny Goodman,0.971,0.0854,439200,0.0135,0.464,0,0.0723,-25.619,0,0.0429,84.319,0.0337
classical,Spotify Orchestra: Clarinet,37i9dQZF1DX1Ad8XNl1pGU,4l1ykZQdncDg57zsxQipSu,spotify:track:4l1ykZQdncDg57zsxQipSu,https://p.scdn.co/mp3-preview/39c23281d05238c631579fa2bd59e504f67de941?cid=63a77ff40e794a12ae216a18befde98c,D'OM LE VRAI SENS: VI. A mon seul desir,10,"Kaija Saariaho,Kari Kriikku,Finnish Radio Symphony Orchestra,Sakari Oramo",Saariaho: D'OM LE VRAI SENS - Laterna Magica - Leino Songs,0.655,0.132,371453,0.0336,0.898,1,0.0765,-24.898,1,0.0384,88.378,0.0293
classical,Spotify Orchestra: Clarinet,37i9dQZF1DX1Ad8XNl1pGU,3L7Y7w87jGuTnchCvg7pAj,spotify:track:3L7Y7w87jGuTnchCvg7pAj,https://p.scdn.co/mp3-preview/bd8b15a82022519b55e1f3d3e200faf5ed32dab2?cid=63a77ff40e794a12ae216a18befde98c,"Contrasts, Sz. 111: I. Verbunkos",13,"Béla Bartók,Jérôme Comte,Diego Tosi,Sébastien Vichard",Bartók & Ligeti,0.98,0.269,317120,0.0807,0.477,10,0.114,-22.242,1,0.0442,94.018,0.0751
classical,Spotify Orchestra: Clarinet,37i9dQZF1DX1Ad8XNl1pGU,4pk1npvnyhafT1wEMrDWBG,spotify:track:4pk1npvnyhafT1wEMrDWBG,https://p.scdn.co/mp3-preview/21bb7a8f705bd876fe7460dd70c25f93fc1f9dcf?cid=63a77ff40e794a12ae216a18befde98c,Concerto for Clarinet and Orchestra (1977): Elegy,9,"John Corigliano,Paul Meyer,Eddy Vanoosthuyse,Brussels Philharmonic",Corigliano-Carter: American Clarinet Concertos,0.771,0.0904,526893,0.0237,0.793,0,0.0665,-29.213,0,0.0511,70.215,0.028
classical,Spotify Orchestra: Clarinet,37i9dQZF1DX1Ad8XNl1pGU,5M1cij7sMBd89fTK6zKZCQ,spotify:track:5M1cij7sMBd89fTK6zKZCQ,https://p.scdn.co/mp3-preview/98017dff0c2b990e851795a76faa48c756bfdc90?cid=63a77ff40e794a12ae216a18befde98c,Tsmindao ghmerto,9,"Evan Ziporyn,Bang On A Can All-Stars",Bang on Can Classics,0.97,0.271,248507,0.0397,0.9,1,0.112,-25.533,0,0.0498,100.369,0.188
classical,Spotify Orchestra: Clarinet,37i9dQZF1DX1Ad8XNl1pGU,1pHYKN3CblB2INc0JM9mal,spotify:track:1pHYKN3CblB2INc0JM9mal,https://p.scdn.co/mp3-preview/9694a5a2333d9a69c4f6baa48115cc8cd051bda3?cid=63a77ff40e794a12ae216a18befde98c,Clarinet Concerto: II. —,8,"Sean Hickey,Alexander Fiterstein,St. Petersburg State Academic Symphony Orchestra,Vladimir Lande",Sean Hickey: Concertos,0.972,0.115,380413,0.0542,0.687,0,0.0731,-21.079,0,0.0401,87.852,0.0596
classical,Spotify Orchestra: Clarinet,37i9dQZF1DX1Ad8XNl1pGU,3PQq4UjuDL01y6gMelzKGA,spotify:track:3PQq4UjuDL01y6gMelzKGA,https://p.scdn.co/mp3-preview/3e786748c900ce658d99a03b7fe5068c7e0c5e4b?cid=63a77ff40e794a12ae216a18befde98c,"The Dreams & Prayers of Isaac the Blind: Postlude: Lento, liberamente",8,"Osvaldo Golijov,Emil Jonason,Vamlingbo Quartet",Lindberg: The Erratic Dreams of Mr Grönstedt - Golijov: The Dreams & Prayers of Isaac the Blind,0.927,0.0734,175813,0.000266,0.107,2,0.0658,-38.942,0,0.0492,80.904,0.0616
classical,Spotify Orchestra: Clarinet,37i9dQZF1DX1Ad8XNl1pGU,20VdSVehETxMuHty9jTfSs,spotify:track:20VdSVehETxMuHty9jTfSs,,In Freundschaft,0,"Karlheinz Stockhausen,Eduard Brunner","Stravinsky, Boulez, Stockhausen: Dal Niente",0.987,0.326,744600,0.0109,0.0614,1,0.107,-19.413,1,0.0512,71.059,0.0497
