category_id,playlist_name,playlist_id,track_id,track_uri,track_preview_url,track_name,track_popularity,artist_name,album_name,acousticness,danceability,duration_ms,energy,instrumentalness,key,liveness,loudness,mode,speechiness,tempo,valence
desi,Asian Underground,37i9dQZF1DWVr1Mv0HkuSR,445reohcMKhVOQW8yV1Myu,spotify:track:445reohcMKhVOQW8yV1Myu,,See Breeze,18,Talvin Singh,Ha!,0.0831,0.442,292693,0.805,0.788,2,0.117,-10.959,1,0.0587,159.996,0.168
desi,Asian Underground,37i9dQZF1DWVr1Mv0HkuSR,5bh3YMpau925IG85SB8kA1,spotify:track:5bh3YMpau925IG85SB8kA1,https://p.scdn.co/mp3-preview/93b0292388f43dd6489f3ef642040e5b9cb96782?cid=63a77ff40e794a12ae216a18befde98c,Joy,21,"Talvin Singh,Niladri Kumar",Together,0.00184,0.223,354040,0.894,0.903,7,0.151,-8.519,1,0.12,161.502,0.526
desi,Asian Underground,37i9dQZF1DWVr1Mv0HkuSR,3zysPElaSc1k9xHPeKqMio,spotify:track:3zysPElaSc1k9xHPeKqMio,https://p.scdn.co/mp3-preview/5d8cf198aa4b7001f55adc5845725248d7a62d57?cid=63a77ff40e794a12ae216a18befde98c,The Last Mile,21,Badmarsh & Shri,Signs,0.118,0.472,378040,0.724,0.507,4,0.306,-10.945,0,0.0714,179.992,0.348
desi,Asian Underground,37i9dQZF1DWVr1Mv0HkuSR,1S9jV7hfkB6UkASpXuar6h,spotify:track:1S9jV7hfkB6UkASpXuar6h,https://p.scdn.co/mp3-preview/8b7147f4d33a91f5b6e5e23aeae33f93403a84fb?cid=63a77ff40e794a12ae216a18befde98c,"New Way, New Life",27,"Asian Dub Foundation,Adrian Bushby And Asian Dub Foundation At Strongroom",Community Music,1.47e-05,0.457,301480,0.974,0.0186,2,0.453,-3.568,1,0.0376,155.986,0.872
desi,Asian Underground,37i9dQZF1DWVr1Mv0HkuSR,0MQcKEuPwfrTMYi5WRV5Kj,spotify:track:0MQcKEuPwfrTMYi5WRV5Kj,https://p.scdn.co/mp3-preview/5d9ee4d61c03b79f4afaf34e0c4b649839381ddc?cid=63a77ff40e794a12ae216a18befde98c,Halal Dub,18,The Rootsman,"Eastern Sonics: Asian Underground Beats, Vol. 2",2.91e-05,0.683,210817,0.669,0.898,2,0.108,-12.49,1,0.0862,170.027,0.93
desi,Asian Underground,37i9dQZF1DWVr1Mv0HkuSR,6aRFHDkOKIR7M1H8Mj2gfx,spotify:track:6aRFHDkOKIR7M1H8Mj2gfx,https://p.scdn.co/mp3-preview/94b95f5ff510883d8dc778bf7c7dd28c251ac40d?cid=63a77ff40e794a12ae216a18befde98c,Sweet Pain - Joi Remix,19,"Nusrat Fateh Ali Khan,Michael Brook",Star Rise,0.000765,0.655,377360,0.919,0.719,10,0.0907,-8.519,0,0.0341,129.891,0.659
desi,Asian Underground,37i9dQZF1DWVr1Mv0HkuSR,4ukM0W3Jzyq0rsh992JQur,spotify:track:4ukM0W3Jzyq0rsh992JQur,https://p.scdn.co/mp3-preview/03fae7c95f5de725ee704adff56be3dd7d96f7af?cid=63a77ff40e794a12ae216a18befde98c,Bheer,22,Panjabi MC,"Eastern Sonics: Asian Underground Beats, Vol. 2",0.00306,0.868,282680,0.714,0.00022,8,0.0469,-6.227,0,0.0774,131.801,0.906
desi,Asian Underground,37i9dQZF1DWVr1Mv0HkuSR,2ZEqL3nGvRBQYQUBd17O49,spotify:track:2ZEqL3nGvRBQYQUBd17O49,,40 Days,0,Stranjah,Black Orchid EP,0.00251,0.468,386851,0.904,0.922,8,0.307,-5.757,1,0.0439,170.0,0.485
desi,Asian Underground,37i9dQZF1DWVr1Mv0HkuSR,0yL4gsrquo3zFIWhf6cO5a,spotify:track:0yL4gsrquo3zFIWhf6cO5a,,Jewel Thief,0,Sukh Knight,Jewel Thief / Flyer Manz,0.00208,0.63,278640,0.837,0.255,7,0.845,-3.791,1,0.429,144.996,0.579
desi,Asian Underground,37i9dQZF1DWVr1Mv0HkuSR,2lnqzzbzzEKeuFYru3CaXJ,spotify:track:2lnqzzbzzEKeuFYru3CaXJ,https://p.scdn.co/mp3-preview/cbf7c4b506bfed2da775292e96c7862194cb2959?cid=63a77ff40e794a12ae216a18befde98c,Elephant Ride - Radio Edit,25,State Of Bengal,Elephant Ride,0.00234,0.752,214693,0.845,0.911,11,0.0914,-8.62,0,0.0434,129.994,0.656
desi,Asian Underground,37i9dQZF1DWVr1Mv0HkuSR,6wohPiCwWDXgAy1z6spVxB,spotify:track:6wohPiCwWDXgAy1z6spVxB,https://p.scdn.co/mp3-preview/df66710c77c6b5dbc3f3b007e63292dba165e0b7?cid=63a77ff40e794a12ae216a18befde98c,Rama Communication,15,State Of Bengal,Visual Audio,0.00631,0.692,367573,0.857,0.537,8,0.0812,-7.291,1,0.104,165.409,0.362
desi,Asian Underground,37i9dQZF1DWVr1Mv0HkuSR,4TiSwDh054K67NB26YK1o3,spotify:track:4TiSwDh054K67NB26YK1o3,https://p.scdn.co/mp3-preview/9c76a535b5a9af69535ed9d00902acb02ae9addd?cid=63a77ff40e794a12ae216a18befde98c,Flight Ic408,16,State Of Bengal,Visual Audio,0.0492,0.716,439960,0.916,0.429,11,0.355,-7.354,0,0.0871,157.958,0.725
desi,Asian Underground,37i9dQZF1DWVr1Mv0HkuSR,2UB7UdGiCnGIb7qwQ7am5U,spotify:track:2UB7UdGiCnGIb7qwQ7am5U,https://p.scdn.co/mp3-preview/57ca4439d855f34677d5a0eb1a873e339bde22aa?cid=63a77ff40e794a12ae216a18befde98c,Taki Naki,15,State Of Bengal,Visual Audio,0.000812,0.73,379733,0.897,0.499,1,0.0441,-8.425,1,0.0555,164.958,0.66
desi,Asian Underground,37i9dQZF1DWVr1Mv0HkuSR,2s8bjXmluq261xOLrxEepw,spotify:track:2s8bjXmluq261xOLrxEepw,https://p.scdn.co/mp3-preview/74f5c8b18ec47d10e697de66aed91e1cb0cc0745?cid=63a77ff40e794a12ae216a18befde98c,Taa Deem,21,"Asian Dub Foundation,Adrian Bushby And Asian Dub Foundation At Strongroom",Community Music,0.000211,0.51,286787,0.865,0.0018,5,0.152,-4.9,1,0.0474,157.147,0.394
desi,Asian Underground,37i9dQZF1DWVr1Mv0HkuSR,7cmPZmTqTlJidiLyPoLlY2,spotify:track:7cmPZmTqTlJidiLyPoLlY2,https://p.scdn.co/mp3-preview/2afc8e9c0b3a67c9da8e824f6a536d6901a62cd8?cid=63a77ff40e794a12ae216a18befde98c,Mission to the Moog Pt. 2,14,Indian Ropeman,Elephant Sound,0.00229,0.492,315533,0.883,0.867,11,0.305,-11.003,1,0.0946,77.916,0.618
desi,Asian Underground,37i9dQZF1DWVr1Mv0HkuSR,68xkOhpISsLSszdF76Y93a,spotify:track:68xkOhpISsLSszdF76Y93a,https://p.scdn.co/mp3-preview/9c7237bc65ddb7a220a5c07147de46d9a4c44a4d?cid=63a77ff40e794a12ae216a18befde98c,Duggie Dhol,17,Black Star Liner,Yemen Cutta Connection,0.00645,0.618,405907,0.83,0.299,1,0.0734,-10.444,1,0.0597,104.002,0.486
desi,Asian Underground,37i9dQZF1DWVr1Mv0HkuSR,2ZArKPPsMrbZbRsEwV6xet,spotify:track:2ZArKPPsMrbZbRsEwV6xet,https://p.scdn.co/mp3-preview/e4aa91a66c82e63088b144ce1db677c1dda24a7e?cid=63a77ff40e794a12ae216a18befde98c,Chittagong Chill,13,State Of Bengal,Visual Audio,0.000477,0.649,379533,0.93,0.702,9,0.0534,-6.289,1,0.0408,137.989,0.333
desi,Asian Underground,37i9dQZF1DWVr1Mv0HkuSR,6Gt3rkozOaHe0u3rm2Glwe,spotify:track:6Gt3rkozOaHe0u3rm2Glwe,https://p.scdn.co/mp3-preview/6e63ea827546fc04548b80c3f3de32c1a5a4ec78?cid=63a77ff40e794a12ae216a18befde98c,Farewell Ferengistan,18,Banco De Gaia,Songs from the Silk Road,0.142,0.32,373541,0.559,0.482,2,0.357,-8.837,1,0.0272,176.124,0.102
desi,Asian Underground,37i9dQZF1DWVr1Mv0HkuSR,3Q6R8IOkswKwABhUIp0Zcl,spotify:track:3Q6R8IOkswKwABhUIp0Zcl,https://p.scdn.co/mp3-preview/43d380aeed39410c116c716799275a83e444a96d?cid=63a77ff40e794a12ae216a18befde98c,Back to Basix,14,Fun 'Da' Mental,Seize The Time,0.00734,0.67,552427,0.6,0.709,1,0.139,-12.987,1,0.0653,117.91,0.326
desi,Asian Underground,37i9dQZF1DWVr1Mv0HkuSR,2M4Z3gUtdjLN12kmMYYy21,spotify:track:2M4Z3gUtdjLN12kmMYYy21,https://p.scdn.co/mp3-preview/2ef7021a371310b82d5abf8ddb9719c1ee5f27e4?cid=63a77ff40e794a12ae216a18befde98c,Mundian to Bach Ke - Dimatik Remix,39,"Panjabi MC,Dimatik",Mundian to Bach Ke (2017 Remixes),0.0817,0.744,243728,0.938,0.407,8,0.073,-2.755,1,0.393,140.05,0.844
desi,Asian Underground,37i9dQZF1DWVr1Mv0HkuSR,7MLCHHO2jSale56s7d7oHq,spotify:track:7MLCHHO2jSale56s7d7oHq,https://p.scdn.co/mp3-preview/43c61ebfd25c8f73fb0f8a1bfaf2b9a5b87954c2?cid=63a77ff40e794a12ae216a18befde98c,Killah Connection,14,Black Star Liner,Yemen Cutta Connection,0.00154,0.617,300293,0.715,0.492,11,0.507,-12.782,1,0.0465,109.022,0.0446
desi,Asian Underground,37i9dQZF1DWVr1Mv0HkuSR,3XFhM9ooBwdcbT5spp9oua,spotify:track:3XFhM9ooBwdcbT5spp9oua,https://p.scdn.co/mp3-preview/ff88a596abbfa10dc32719ccfecf29fa826d8401?cid=63a77ff40e794a12ae216a18befde98c,Tour Guide,17,Karsh Kale,Realize,0.0289,0.493,280133,0.486,0.882,8,0.106,-9.117,1,0.0607,139.982,0.295
desi,Asian Underground,37i9dQZF1DWVr1Mv0HkuSR,5yFNL0HlsQ9pipAC7UunFV,spotify:track:5yFNL0HlsQ9pipAC7UunFV,https://p.scdn.co/mp3-preview/e410fd82d696aec6c327de275ad9e5a2683e9a74?cid=63a77ff40e794a12ae216a18befde98c,Streets of Calcutta,16,Ananda Shankar,"Eastern Sonics: Asian Underground Beats, Vol. 2",0.0528,0.466,280462,0.856,0.853,6,0.25,-7.875,0,0.0818,131.255,0.395
desi,Asian Underground,37i9dQZF1DWVr1Mv0HkuSR,0mAex1Wa5QBrlXFJnRM8EZ,spotify:track:0mAex1Wa5QBrlXFJnRM8EZ,,Nadia,0,Nitin Sawhney,Beyond Skin,0.111,0.35,307000,0.599,0.00707,1,0.369,-10.519,1,0.079,84.971,0.107
desi,Asian Underground,37i9dQZF1DWVr1Mv0HkuSR,5DMhVHcN9vGxUeywuOf1Qr,spotify:track:5DMhVHcN9vGxUeywuOf1Qr,https://p.scdn.co/mp3-preview/b6a9773c5a66e0dd61b0ad1fe205e0cf30b0caed?cid=63a77ff40e794a12ae216a18befde98c,Pluck,15,"The Ananda Shankar Experience,State Of Bengal",Walking On,0.209,0.667,399640,0.705,0.688,2,0.134,-12.403,1,0.0387,144.962,0.254
desi,Asian Underground,37i9dQZF1DWVr1Mv0HkuSR,0sZIruGxYMAZ4AMIiJutte,spotify:track:0sZIruGxYMAZ4AMIiJutte,,Rebel Warrior,2,Asian Dub Foundation,Facts & Fictions,0.00724,0.706,387427,0.845,0.429,1,0.139,-8.031,1,0.0603,102.971,0.358
desi,Asian Underground,37i9dQZF1DWVr1Mv0HkuSR,2K7ARd5GkDyZtqYvCy0M83,spotify:track:2K7ARd5GkDyZtqYvCy0M83,https://p.scdn.co/mp3-preview/060c67789312f5118ed81ffebb70c6b61fd080d7?cid=63a77ff40e794a12ae216a18befde98c,Bang,8,Badmarsh and Shri,Swaraj: Future Asian Beat,0.0787,0.672,265040,0.917,0.852,6,0.0792,-9.799,1,0.0435,131.012,0.0394
desi,Asian Underground,37i9dQZF1DWVr1Mv0HkuSR,0JUhYHreEcLK2pKC9o87gh,spotify:track:0JUhYHreEcLK2pKC9o87gh,https://p.scdn.co/mp3-preview/f71699aee4be987f91d96cbfac9b9d05085fad10?cid=63a77ff40e794a12ae216a18befde98c,Slowfinger (Delta Ladies Night Mix),15,Transglobal Underground,Backpacking On The Graves Of Our Ancestors (Transglobal Underground 1991-1998),0.00297,0.762,402360,0.933,0.368,8,0.5,-8.885,1,0.0817,134.796,0.356
desi,Asian Underground,37i9dQZF1DWVr1Mv0HkuSR,6GzTT2zHLY60lnZ6JZon9R,spotify:track:6GzTT2zHLY60lnZ6JZon9R,https://p.scdn.co/mp3-preview/937d904fcd49862e8baaa1a17c14d2258eaf2094?cid=63a77ff40e794a12ae216a18befde98c,Panj Pind,14,Panjabi MC,Desi,0.000605,0.78,282307,0.646,0.884,1,0.0683,-7.944,1,0.0792,137.202,0.805
desi,Asian Underground,37i9dQZF1DWVr1Mv0HkuSR,3Mc1I7VSrkgcydPAAixJ59,spotify:track:3Mc1I7VSrkgcydPAAixJ59,https://p.scdn.co/mp3-preview/6fe3ce079028a7ee88618ed011a14cd0bfcd5432?cid=63a77ff40e794a12ae216a18befde98c,Disciples,11,Chill Pill,Mastercuts World Beats,0.000611,0.647,314173,0.709,0.851,1,0.102,-9.11,1,0.039,141.012,0.257
desi,Asian Underground,37i9dQZF1DWVr1Mv0HkuSR,1GQJKyiGaaXcjWW5Fbb8Wo,spotify:track:1GQJKyiGaaXcjWW5Fbb8Wo,https://p.scdn.co/mp3-preview/1be784ddcb5e4d18174c3bd856267e40da54a935?cid=63a77ff40e794a12ae216a18befde98c,Amar Kahani,12,Joi,Joi Sound System,0.0261,0.572,399573,0.921,0.588,7,0.061,-8.091,1,0.0441,135.833,0.61
desi,Asian Underground,37i9dQZF1DWVr1Mv0HkuSR,53RRSSDnV1vn7R13PwQvns,spotify:track:53RRSSDnV1vn7R13PwQvns,https://p.scdn.co/mp3-preview/27736c443b79e68b1013eae27e47e746c440986b?cid=63a77ff40e794a12ae216a18befde98c,River,23,"Talvin Singh,Niladri Kumar",Together,0.178,0.516,355867,0.893,0.712,9,0.0384,-6.37,0,0.134,175.93,0.434
desi,Asian Underground,37i9dQZF1DWVr1Mv0HkuSR,2tPKIbaFFFkls6MmdG74zh,spotify:track:2tPKIbaFFFkls6MmdG74zh,https://p.scdn.co/mp3-preview/b5e8a0c901f77c4136492caec0552c78184d2666?cid=63a77ff40e794a12ae216a18befde98c,Who Killed Bhangra?,13,TJ Rehmi,Mind Filter,0.0273,0.715,369133,0.862,0.873,6,0.112,-11.363,1,0.0428,96.005,0.482
desi,Asian Underground,37i9dQZF1DWVr1Mv0HkuSR,0DgFGkj1Fox5to64GTJObk,spotify:track:0DgFGkj1Fox5to64GTJObk,,Butterfly,0,Talvin Singh,OK (Standard Version),0.00745,0.564,266467,0.829,0.724,6,0.362,-6.844,1,0.0589,169.565,0.62
desi,Asian Underground,37i9dQZF1DWVr1Mv0HkuSR,3zzSMhHyBP1vghQPiscy5B,spotify:track:3zzSMhHyBP1vghQPiscy5B,https://p.scdn.co/mp3-preview/95ea37049f48929b332078544074159073345b9f?cid=63a77ff40e794a12ae216a18befde98c,Longing,15,Karsh Kale,Realize,0.081,0.327,483573,0.816,0.14,1,0.109,-9.428,0,0.088,160.232,0.0801
desi,Asian Underground,37i9dQZF1DWVr1Mv0HkuSR,6meb01LoSemujL2bD1gNXy,spotify:track:6meb01LoSemujL2bD1gNXy,,Butterfly - Bass Flo Remix,0,Talvin Singh,OK (Expanded Edition),0.00733,0.302,276213,0.977,0.826,6,0.128,-5.22,1,0.0637,106.86,0.331
desi,Asian Underground,37i9dQZF1DWVr1Mv0HkuSR,0Cz1iDDwaHf1P1vinwVrsK,spotify:track:0Cz1iDDwaHf1P1vinwVrsK,,Strong Culture,2,Asian Dub Foundation,Facts & Fictions,5.52e-05,0.772,404227,0.779,0.0401,6,0.134,-7.966,0,0.0698,113.99,0.698
desi,Asian Underground,37i9dQZF1DWVr1Mv0HkuSR,7BKlEG6yGgVgko37RIRkim,spotify:track:7BKlEG6yGgVgko37RIRkim,https://p.scdn.co/mp3-preview/eb4161a13371d5a2adee837d4215e4f188f9a257?cid=63a77ff40e794a12ae216a18befde98c,Brimful of Asha (Florence Ballard Mix),19,Cornershop,Brimful of Asha,0.00181,0.635,308080,0.794,0.00622,10,0.276,-9.713,1,0.0272,116.633,0.914
desi,Asian Underground,37i9dQZF1DWVr1Mv0HkuSR,4niholgEfhqnE5ibXj51IB,spotify:track:4niholgEfhqnE5ibXj51IB,https://p.scdn.co/mp3-preview/9602a7f6d9baf2f09eacc624d31dc14f31c3ca31?cid=63a77ff40e794a12ae216a18befde98c,The Nomad,38,"Niraj Chag,Melissa Baten",Along The Dusty Road,0.0925,0.634,310000,0.512,0.767,1,0.208,-9.992,0,0.117,93.96,0.271
desi,Asian Underground,37i9dQZF1DWVr1Mv0HkuSR,3pJnM8qOaalnVo4l2S3Scs,spotify:track:3pJnM8qOaalnVo4l2S3Scs,https://p.scdn.co/mp3-preview/91af31dc71bf353283b3df2ed4cca1b7a1416d15?cid=63a77ff40e794a12ae216a18befde98c,Bangles,32,Niraj Chag,Along The Dusty Road,0.45,0.596,242653,0.398,0.0115,7,0.123,-11.911,1,0.0291,118.928,0.547
desi,Asian Underground,37i9dQZF1DWVr1Mv0HkuSR,5uycfDlFeV8QcbPlO4Gg4C,spotify:track:5uycfDlFeV8QcbPlO4Gg4C,https://p.scdn.co/mp3-preview/7933597509896bd4c0c9cedd25e46a037ef0e650?cid=63a77ff40e794a12ae216a18befde98c,Collective Mode,21,"Asian Dub Foundation,Adrian Bushby And Asian Dub Foundation At Strongroom",Community Music,0.000401,0.378,230907,0.918,0.00015,10,0.205,-3.688,0,0.119,80.626,0.758
desi,Asian Underground,37i9dQZF1DWVr1Mv0HkuSR,7Dzydt03UMjwoJXiM8tsmE,spotify:track:7Dzydt03UMjwoJXiM8tsmE,https://p.scdn.co/mp3-preview/b1708d41ef43a3991e7e2ba7a2666997f56a1a24?cid=63a77ff40e794a12ae216a18befde98c,Disturbed Synapses,12,Badmarsh & Shri,Dancing Drums,0.113,0.694,193493,0.796,0.739,1,0.0782,-4.212,1,0.0543,154.991,0.337
desi,Asian Underground,37i9dQZF1DWVr1Mv0HkuSR,2Xwiipt6wsioAM44zEX0AQ,spotify:track:2Xwiipt6wsioAM44zEX0AQ,,Khwaab - Bengali,0,Niraj Chag,The Asian Collection,0.457,0.498,232739,0.631,0.614,11,0.152,-5.333,0,0.0302,79.974,0.353
desi,Asian Underground,37i9dQZF1DWVr1Mv0HkuSR,2CQ3Pyy2OpRjxOM3TMqEJW,spotify:track:2CQ3Pyy2OpRjxOM3TMqEJW,https://p.scdn.co/mp3-preview/f9df02cff6265705409a0ef639deaa2ef51a03ae?cid=63a77ff40e794a12ae216a18befde98c,Real Great Britain,23,"Asian Dub Foundation,Bobby Marshall And Sean Doherty At Roundhouse Studios,Louis Beckett",Community Music,0.000317,0.443,193840,0.987,1.22e-06,9,0.6,-2.746,1,0.0969,163.161,0.587
