category_id,playlist_name,playlist_id,track_id,track_uri,track_preview_url,track_name,track_popularity,artist_name,album_name,acousticness,danceability,duration_ms,energy,instrumentalness,key,liveness,loudness,mode,speechiness,tempo,valence
afro,This Is 2Baba,37i9dQZF1DZ06evO1m1kAx,2Me8dFaaNQOtFdNKgkJucu,spotify:track:2Me8dFaaNQOtFdNKgkJucu,https://p.scdn.co/mp3-preview/93eaee6da868b102c340f730cc194dd035050b38?cid=63a77ff40e794a12ae216a18befde98c,Amaka,49,2Baba,Amaka,0.284,0.861,227707,0.698,1.05e-06,0,0.0715,-3.144,0,0.135,104.031,0.849
afro,This Is 2Baba,37i9dQZF1DZ06evO1m1kAx,3VSMeD0q2AXrGbLkpNFlHW,spotify:track:3VSMeD0q2AXrGbLkpNFlHW,https://p.scdn.co/mp3-preview/7361c50dd0bc1f3384afe8b7e7769d0c4e89f3a4?cid=63a77ff40e794a12ae216a18befde98c,Gaga Shuffle,43,2Baba,Gaga Shuffle,0.507,0.899,221584,0.584,0.02,6,0.0835,-5.292,1,0.0523,105.0,0.828
afro,This Is 2Baba,37i9dQZF1DZ06evO1m1kAx,7BVhguhgHsEDZBFQh92Vik,spotify:track:7BVhguhgHsEDZBFQh92Vik,https://p.scdn.co/mp3-preview/fc6edbc31ea2ac17eacdbbee4cc0c5a6509e4833?cid=63a77ff40e794a12ae216a18befde98c,Oyi,41,"2Baba,HI-Idibia",Oyi,0.352,0.637,232478,0.702,7.22e-05,10,0.0445,-4.187,0,0.232,127.806,0.913
afro,This Is 2Baba,37i9dQZF1DZ06evO1m1kAx,5WrrKyhWgHbqelmd2ENpSf,spotify:track:5WrrKyhWgHbqelmd2ENpSf,https://p.scdn.co/mp3-preview/ec341e24a4cb23015217682817da8c43e7a62fba?cid=63a77ff40e794a12ae216a18befde98c,African Queen,33,2Baba,Face 2 Face 10.0,0.35,0.479,260987,0.773,0.0,10,0.392,-6.112,1,0.349,77.346,0.563
afro,This Is 2Baba,37i9dQZF1DZ06evO1m1kAx,7FkT43Ziw1twchabx7AfOJ,spotify:track:7FkT43Ziw1twchabx7AfOJ,https://p.scdn.co/mp3-preview/474a53d139b49eb8ebd6cdcd17445b13f983591f?cid=63a77ff40e794a12ae216a18befde98c,African Queen,39,2Baba,Face 2 Face - Remix,0.483,0.48,260987,0.853,0.0,7,0.606,-2.081,0,0.381,79.362,0.539
afro,This Is 2Baba,37i9dQZF1DZ06evO1m1kAx,5UrFUR3rGEuDQaKTQi4RQR,spotify:track:5UrFUR3rGEuDQaKTQi4RQR,https://p.scdn.co/mp3-preview/cd91957c12a3b0d137c68756af4345dade73ef5f?cid=63a77ff40e794a12ae216a18befde98c,Geshomo,38,"Sound Sultan,WizKid,2Baba",Geshomo,0.21,0.824,226014,0.746,1.89e-05,1,0.276,-4.207,1,0.127,103.041,0.902
afro,This Is 2Baba,37i9dQZF1DZ06evO1m1kAx,1imfHroOMdTqspOIGnVtOs,spotify:track:1imfHroOMdTqspOIGnVtOs,https://p.scdn.co/mp3-preview/eb61bdf2a3b80f3fbeb079772a3d3dfcacfd79ef?cid=63a77ff40e794a12ae216a18befde98c,If Love Is A Crime,31,"2Baba,VIP",Grass 2 Grace,0.496,0.505,269733,0.7,0.0,9,0.111,-5.175,1,0.104,171.84,0.75
afro,This Is 2Baba,37i9dQZF1DZ06evO1m1kAx,3sI92ByyeCtuvkoZhyALJL,spotify:track:3sI92ByyeCtuvkoZhyALJL,https://p.scdn.co/mp3-preview/e5b2b031b6474f388e637215ae41c016e4b025a7?cid=63a77ff40e794a12ae216a18befde98c,Suffer Head,41,"Mr Eazi,2Baba","Life is Eazi, Vol. 2 - Lagos To London",0.323,0.891,199651,0.558,4.89e-05,1,0.117,-7.238,1,0.0583,107.0,0.665
afro,This Is 2Baba,37i9dQZF1DZ06evO1m1kAx,71XEsdlc9T5PrshrqzyaGN,spotify:track:71XEsdlc9T5PrshrqzyaGN,https://p.scdn.co/mp3-preview/19635ff75920a98915874e1440af261e79f27fd5?cid=63a77ff40e794a12ae216a18befde98c,Ihe Neme,29,2Baba,Away and Beyond Plus,0.115,0.665,253858,0.925,2.78e-06,1,0.154,-3.98,1,0.0479,124.019,0.965
afro,This Is 2Baba,37i9dQZF1DZ06evO1m1kAx,5warjJSXOS6pxRgQehCYYx,spotify:track:5warjJSXOS6pxRgQehCYYx,https://p.scdn.co/mp3-preview/1b49c09b6975759d639b9505d15fa0b02c825f2e?cid=63a77ff40e794a12ae216a18befde98c,Baecation,34,"D'banj,2Baba",Baecation,0.41,0.752,225071,0.883,2.97e-05,1,0.084,-1.991,1,0.0885,105.053,0.823
afro,This Is 2Baba,37i9dQZF1DZ06evO1m1kAx,0RdXMS28fH63l6Is3eHZXM,spotify:track:0RdXMS28fH63l6Is3eHZXM,https://p.scdn.co/mp3-preview/be1a1deb5f97f662a08c144b2c8bd7cf6d70f592?cid=63a77ff40e794a12ae216a18befde98c,See Me So,30,"2Baba,VIP",Grass 2 Grace,0.111,0.6,280880,0.484,0.0,6,0.0912,-7.031,1,0.414,187.366,0.853
afro,This Is 2Baba,37i9dQZF1DZ06evO1m1kAx,4pPTKgTFyjU4VVT8BCHThZ,spotify:track:4pPTKgTFyjU4VVT8BCHThZ,https://p.scdn.co/mp3-preview/657a5d4aa776285d1e7f683678a6cb0546e75427?cid=63a77ff40e794a12ae216a18befde98c,Ole,24,"2Baba,Freestyle",Face 2 Face 10.0,0.517,0.483,290240,0.814,0.0,10,0.684,-4.339,0,0.315,127.811,0.709
afro,This Is 2Baba,37i9dQZF1DZ06evO1m1kAx,2hAfERh67ZamCULs9eRtjM,spotify:track:2hAfERh67ZamCULs9eRtjM,https://p.scdn.co/mp3-preview/6944a18730da215470b24b378e16def971541c2b?cid=63a77ff40e794a12ae216a18befde98c,Only Me,26,2Baba,Only Me,0.426,0.493,222434,0.664,0.0,3,0.112,-4.991,0,0.184,99.733,0.817
afro,This Is 2Baba,37i9dQZF1DZ06evO1m1kAx,5EuzSjOdAfFsuxnrr237Fw,spotify:track:5EuzSjOdAfFsuxnrr237Fw,https://p.scdn.co/mp3-preview/c1a9271a120f93df976c2f62897a65607b4ded1f?cid=63a77ff40e794a12ae216a18befde98c,Holy Holy,24,2Baba,Holy Holy,0.16,0.662,267319,0.934,0.0,5,0.0319,-3.146,0,0.248,80.278,0.961
afro,This Is 2Baba,37i9dQZF1DZ06evO1m1kAx,64Abyr4HpkCBbT0DqBp1dx,spotify:track:64Abyr4HpkCBbT0DqBp1dx,https://p.scdn.co/mp3-preview/1d51cf573c4b33fd7535ec751d2018fdf8588536?cid=63a77ff40e794a12ae216a18befde98c,True Love,31,"2Baba,VIP",Grass 2 Grace,0.248,0.488,262320,0.736,0.0,10,0.164,-5.883,1,0.239,140.311,0.595
afro,This Is 2Baba,37i9dQZF1DZ06evO1m1kAx,7L3sQ9DSqZTmxkxZy7HMxe,spotify:track:7L3sQ9DSqZTmxkxZy7HMxe,https://p.scdn.co/mp3-preview/21136fe8967e1c044bcca118b879f93070385011?cid=63a77ff40e794a12ae216a18befde98c,Nfana Ibaga (No Problem),21,2Baba,Face 2 Face 10.0,0.22,0.615,265440,0.723,0.0,0,0.082,-4.808,1,0.404,97.998,0.941
afro,This Is 2Baba,37i9dQZF1DZ06evO1m1kAx,6vFu3apoMFRBsyKMDZ8cSF,spotify:track:6vFu3apoMFRBsyKMDZ8cSF,https://p.scdn.co/mp3-preview/1fa7930e0e5242963a252ede5e7b95137abd6aed?cid=63a77ff40e794a12ae216a18befde98c,Rainbow (Remix) [feat. T Pain],24,"2Baba,T-Pain",Away and Beyond Plus,0.0618,0.707,266502,0.658,0.0,10,0.0865,-5.702,1,0.27,117.793,0.571
afro,This Is 2Baba,37i9dQZF1DZ06evO1m1kAx,3m1h3Jm2JRCEh6DLkc4y5T,spotify:track:3m1h3Jm2JRCEh6DLkc4y5T,https://p.scdn.co/mp3-preview/71e31390abc79f57ca142e53bc4c8333e643d574?cid=63a77ff40e794a12ae216a18befde98c,Thank You Lord,23,2Baba,Rewind Select Update,0.155,0.628,247320,0.751,0.0,7,0.0708,-3.48,1,0.0969,84.906,0.819
afro,This Is 2Baba,37i9dQZF1DZ06evO1m1kAx,7FQecMcIQ2oB7dMaW0MYJ2,spotify:track:7FQecMcIQ2oB7dMaW0MYJ2,https://p.scdn.co/mp3-preview/a089eabb3cb841c64509b58cc31b9c0fb2345e57?cid=63a77ff40e794a12ae216a18befde98c,4 Instance,26,"2Baba,VIP",Grass 2 Grace,0.0824,0.694,227907,0.717,0.0,7,0.075,-5.606,1,0.371,95.691,0.797
afro,This Is 2Baba,37i9dQZF1DZ06evO1m1kAx,5U4zmoeMnoD8UmJlJCJbz8,spotify:track:5U4zmoeMnoD8UmJlJCJbz8,https://p.scdn.co/mp3-preview/f3ccf199d7ed410122a6d23d1c3058344a72eee0?cid=63a77ff40e794a12ae216a18befde98c,Unconditional Love,22,2Baba,Unconditional Love,0.545,0.749,194835,0.683,5.91e-06,3,0.138,-3.335,1,0.0267,90.029,0.722
afro,This Is 2Baba,37i9dQZF1DZ06evO1m1kAx,2UkNYX60LKt06ev3D29EK6,spotify:track:2UkNYX60LKt06ev3D29EK6,https://p.scdn.co/mp3-preview/f1648a6ec6eebc047940a21d55f2c243c91fbbb4?cid=63a77ff40e794a12ae216a18befde98c,Hate What U Do Me,23,2Baba,"The Edge Of Africa, Vol. 1",0.0632,0.613,234515,0.699,0.0,4,0.131,-4.712,0,0.308,167.707,0.755
afro,This Is 2Baba,37i9dQZF1DZ06evO1m1kAx,2x7QOUkINqQsCSiuPwXTqM,spotify:track:2x7QOUkINqQsCSiuPwXTqM,https://p.scdn.co/mp3-preview/f31f58b3c2cd2531f5c86d5e60fbf04d065967f7?cid=63a77ff40e794a12ae216a18befde98c,Coded Tinz (feat. Phyno & Chief Obi),21,"2Baba,Phyno,Chief Obi",Coded Tinz (feat. Phyno & Chief Obi),0.153,0.604,251386,0.885,0.0,1,0.0849,-2.205,1,0.258,101.492,0.934
afro,This Is 2Baba,37i9dQZF1DZ06evO1m1kAx,0ZYKnsD8GoiU5tHki9T7Fn,spotify:track:0ZYKnsD8GoiU5tHki9T7Fn,https://p.scdn.co/mp3-preview/20fb161e85dbe4a5e1f50db28d1b4fb269d770c1?cid=63a77ff40e794a12ae216a18befde98c,E Be Like Say,27,"2Baba,VIP",Grass 2 Grace,0.27,0.694,286867,0.6,0.0,7,0.152,-5.263,1,0.161,87.029,0.618
afro,This Is 2Baba,37i9dQZF1DZ06evO1m1kAx,6uDx4p5FwDZesqipK8inqo,spotify:track:6uDx4p5FwDZesqipK8inqo,https://p.scdn.co/mp3-preview/dd9de787264e748a87ea5d694cd40a7453905ec1?cid=63a77ff40e794a12ae216a18befde98c,Right Here,19,2Baba,Face 2 Face 10.0,0.189,0.431,286320,0.637,0.0,2,0.216,-7.004,0,0.341,94.778,0.686
afro,This Is 2Baba,37i9dQZF1DZ06evO1m1kAx,3psh6yIG0VnSIOM1LmOpch,spotify:track:3psh6yIG0VnSIOM1LmOpch,https://p.scdn.co/mp3-preview/284586b8743695e5b544bcd8f4126de28721b8da?cid=63a77ff40e794a12ae216a18befde98c,Hold My Hand,20,2Baba,Hold My Hand,0.11,0.709,219167,0.78,0.0,1,0.364,-6.797,1,0.0472,94.045,0.621
afro,This Is 2Baba,37i9dQZF1DZ06evO1m1kAx,17DFjNUUiWalCWOMxzuXJR,spotify:track:17DFjNUUiWalCWOMxzuXJR,https://p.scdn.co/mp3-preview/2bf5626f10d30c696ce500dd3f03ede3a8be7662?cid=63a77ff40e794a12ae216a18befde98c,Higher Healing (feat. Huma Lara),20,"2Baba,Huma Lara",Away and Beyond Plus,0.0611,0.703,235781,0.833,0.0,8,0.0921,-5.496,1,0.302,159.971,0.798
afro,This Is 2Baba,37i9dQZF1DZ06evO1m1kAx,2I4PuUJLbVQUiGLnZpQRqV,spotify:track:2I4PuUJLbVQUiGLnZpQRqV,https://p.scdn.co/mp3-preview/c5be6e8ce31fef0d29edba8376c7bc3dde430071?cid=63a77ff40e794a12ae216a18befde98c,No Shakin,24,"2Baba,VIP",Grass 2 Grace,0.068,0.797,271720,0.64,0.0,9,0.0812,-6.932,0,0.21,104.006,0.528
afro,This Is 2Baba,37i9dQZF1DZ06evO1m1kAx,3v0FEcW2YJaJlVU5k7zolI,spotify:track:3v0FEcW2YJaJlVU5k7zolI,https://p.scdn.co/mp3-preview/c933155433fee07d816f988ee7b66dce10a8b90d?cid=63a77ff40e794a12ae216a18befde98c,U No Holy Pass,19,2Baba,Face 2 Face 10.0,0.293,0.589,267840,0.624,0.0,9,0.0537,-8.891,0,0.0522,91.893,0.844
afro,This Is 2Baba,37i9dQZF1DZ06evO1m1kAx,3iBVoZpLCAdX53kyAnF3o3,spotify:track:3iBVoZpLCAdX53kyAnF3o3,https://p.scdn.co/mp3-preview/9d68c3ee086a1baf0341ebeeb28418d89e8ecd7c?cid=63a77ff40e794a12ae216a18befde98c,Officially Blind,21,2Baba,Officially Blind,0.297,0.647,187027,0.91,0.0,10,0.32,-2.062,1,0.0397,100.007,0.433
afro,This Is 2Baba,37i9dQZF1DZ06evO1m1kAx,3qAjX8O0YQWKaTrK0UPIcR,spotify:track:3qAjX8O0YQWKaTrK0UPIcR,https://p.scdn.co/mp3-preview/62263fccd83d35f0b2268c9d692a7dd237384df3?cid=63a77ff40e794a12ae216a18befde98c,Enter the Place (feat. Sound Sultan),18,"2Baba,Sound Sultan",The Unstoppable,0.258,0.502,261277,0.843,0.0,8,0.171,-5.229,0,0.415,83.149,0.927
afro,This Is 2Baba,37i9dQZF1DZ06evO1m1kAx,0J4eQ4zyzQoDGioLAFCeXD,spotify:track:0J4eQ4zyzQoDGioLAFCeXD,https://p.scdn.co/mp3-preview/6706d50b2f0d8ea045ba502cb0a08b26e6ec0d2d?cid=63a77ff40e794a12ae216a18befde98c,Dance in the Rain,18,2Baba,Away and Beyond Plus,0.106,0.669,218462,0.875,0.0,7,0.285,-4.2,1,0.0355,99.975,0.601
afro,This Is 2Baba,37i9dQZF1DZ06evO1m1kAx,4SV4FQoKZ6wH8osLAo3exO,spotify:track:4SV4FQoKZ6wH8osLAo3exO,https://p.scdn.co/mp3-preview/8d57d39a20bdb5b52d42b47b1196d22e798795ee?cid=63a77ff40e794a12ae216a18befde98c,Dance Go (Eau De Vie),18,"2Baba,WizKid",Face 2 Face 10.0,0.096,0.787,228571,0.923,0.00071,11,0.0836,-4.196,0,0.0711,124.994,0.725
afro,This Is 2Baba,37i9dQZF1DZ06evO1m1kAx,2wCfyfqRbm2t8OyJNkvm7X,spotify:track:2wCfyfqRbm2t8OyJNkvm7X,https://p.scdn.co/mp3-preview/10af38e54604db9960b8a257eaf7db2ed3a4dc1f?cid=63a77ff40e794a12ae216a18befde98c,Kiss of Life,17,2Baba,Rewind Select Update,0.475,0.375,227627,0.721,0.0,8,0.121,-5.142,1,0.281,70.239,0.355
afro,This Is 2Baba,37i9dQZF1DZ06evO1m1kAx,2YS2tXRuq2rXBowgm6orDZ,spotify:track:2YS2tXRuq2rXBowgm6orDZ,https://p.scdn.co/mp3-preview/07ce9571f98d310210bf2fd7d0e3ff8f8301bff0?cid=63a77ff40e794a12ae216a18befde98c,Outside,17,2Baba,The Unstoppable,0.603,0.454,236565,0.673,0.0,9,0.328,-7.009,1,0.268,175.913,0.727
afro,This Is 2Baba,37i9dQZF1DZ06evO1m1kAx,0EDkMSTKctqacgzcIr68yD,spotify:track:0EDkMSTKctqacgzcIr68yD,https://p.scdn.co/mp3-preview/607565ee12df806372b24761c42b16391209e96a?cid=63a77ff40e794a12ae216a18befde98c,Omo T'osan,17,2Baba,Away and Beyond Plus,0.086,0.557,274051,0.883,0.0,10,0.103,-5.172,1,0.232,89.987,0.2
afro,This Is 2Baba,37i9dQZF1DZ06evO1m1kAx,453NbRIkfe66TiQu5S17cA,spotify:track:453NbRIkfe66TiQu5S17cA,https://p.scdn.co/mp3-preview/fe9786da6cf3009d5b77c9b2650e61fed9ce5b32?cid=63a77ff40e794a12ae216a18befde98c,Oya Come Make We Go,19,2Baba,Oya Come Make We Go,0.225,0.755,259773,0.89,0.0,8,0.143,-2.11,1,0.115,100.066,0.46
afro,This Is 2Baba,37i9dQZF1DZ06evO1m1kAx,40LL5qUeSibazGWO56JA7D,spotify:track:40LL5qUeSibazGWO56JA7D,https://p.scdn.co/mp3-preview/0d755271142abc07daca2bbbba72d19c6943539c?cid=63a77ff40e794a12ae216a18befde98c,For You,19,"DaVido,2Baba",Omo Baba Olowo (O.B.O) - The Genesis,0.152,0.646,219115,0.903,0.0,0,0.138,-3.885,1,0.191,89.987,0.85
afro,This Is 2Baba,37i9dQZF1DZ06evO1m1kAx,3N1t0NYCgDKAM2QgikYJVU,spotify:track:3N1t0NYCgDKAM2QgikYJVU,https://p.scdn.co/mp3-preview/4a70b8c07f34e825c68bfafa25f58eedb0d0830f?cid=63a77ff40e794a12ae216a18befde98c,Appreciate It,17,2Baba,The Unstoppable,0.289,0.487,254119,0.821,0.0,9,0.0862,-4.985,1,0.24,88.751,0.83
afro,This Is 2Baba,37i9dQZF1DZ06evO1m1kAx,2X7CmVsjmOQQa3KVg60ta4,spotify:track:2X7CmVsjmOQQa3KVg60ta4,https://p.scdn.co/mp3-preview/72777a85f97bd456551ca4dca4e80ec7b6d9de16?cid=63a77ff40e794a12ae216a18befde98c,Bother You,16,2Baba,Away and Beyond Plus,0.739,0.481,256418,0.676,0.0,1,0.146,-4.671,1,0.182,139.953,0.471
afro,This Is 2Baba,37i9dQZF1DZ06evO1m1kAx,3T2TvulTX3ci1zOk0yvuG8,spotify:track:3T2TvulTX3ci1zOk0yvuG8,https://p.scdn.co/mp3-preview/c7b5a77973eb3a678d02cc1fdf8f94d2cee44f9c?cid=63a77ff40e794a12ae216a18befde98c,Wassup Wassup (feat. 2 Face Idibia),19,"Ice Prince,2Baba",Everbody Loves Ice Prince,0.221,0.64,236200,0.509,0.0,1,0.0707,-6.683,1,0.324,126.291,0.817
afro,This Is 2Baba,37i9dQZF1DZ06evO1m1kAx,6tqRTGMys8jvDUmdxsPwdk,spotify:track:6tqRTGMys8jvDUmdxsPwdk,https://p.scdn.co/mp3-preview/5bfd1c1edd3186e92ef105e601819d66f1a44beb?cid=63a77ff40e794a12ae216a18befde98c,Remember (feat. 2face),18,"Bracket,2Baba",Cupid Stories,0.0879,0.38,242813,0.913,0.000124,8,0.0977,-2.84,1,0.0794,141.616,0.886
afro,This Is 2Baba,37i9dQZF1DZ06evO1m1kAx,7E6C85pN9bwfTTxOjaqlcx,spotify:track:7E6C85pN9bwfTTxOjaqlcx,https://p.scdn.co/mp3-preview/80313dfe1b284543b249e0d22594790619f5efc9?cid=63a77ff40e794a12ae216a18befde98c,Free (feat. Ehi Idibia),15,"2Baba,EHI IDIBIA",The Unstoppable,0.455,0.632,230191,0.748,0.0,10,0.0694,-7.236,0,0.165,77.098,0.888
afro,This Is 2Baba,37i9dQZF1DZ06evO1m1kAx,4sM5rCswnpePWijx8KUxZR,spotify:track:4sM5rCswnpePWijx8KUxZR,https://p.scdn.co/mp3-preview/1fe213333e9fca7b1573ba27af445afbc27e90bd?cid=63a77ff40e794a12ae216a18befde98c,Amplifier,16,2Baba,Amplifier,0.194,0.696,252500,0.937,0.0,7,0.189,-3.159,1,0.0612,123.017,0.887
afro,This Is 2Baba,37i9dQZF1DZ06evO1m1kAx,22CTRg2UfNB89qo1QlzdaS,spotify:track:22CTRg2UfNB89qo1QlzdaS,https://p.scdn.co/mp3-preview/949c70c9a1d3a6c0e3b516817d4320ccb6fa0378?cid=63a77ff40e794a12ae216a18befde98c,9ice vs 2face Idibia,14,2Baba,Versus (The Battle Line is Drawn),0.646,0.659,307627,0.737,0.0,1,0.0851,-6.394,0,0.0682,113.42,0.583
afro,This Is 2Baba,37i9dQZF1DZ06evO1m1kAx,0lPrmWdivH77mwUFpa3EXG,spotify:track:0lPrmWdivH77mwUFpa3EXG,https://p.scdn.co/mp3-preview/c14c8688dfc73a72d2c24a561a493e59846417cb?cid=63a77ff40e794a12ae216a18befde98c,Holy Pass,13,2Baba,Rewind Select Update,0.403,0.534,274053,0.917,0.0,7,0.398,-2.679,1,0.102,96.815,0.629
afro,This Is 2Baba,37i9dQZF1DZ06evO1m1kAx,2Sc06DZwx3ntLMF5ILeY4V,spotify:track:2Sc06DZwx3ntLMF5ILeY4V,https://p.scdn.co/mp3-preview/e2564be916ae6ef45ee13cc4fa4a0dd7736ee542?cid=63a77ff40e794a12ae216a18befde98c,Feeling You,12,2Baba,The Unstoppable,0.0931,0.576,262844,0.785,0.0,8,0.0815,-5.295,0,0.382,135.418,0.85
afro,This Is 2Baba,37i9dQZF1DZ06evO1m1kAx,0gVzvc1b7v9kwmZVgab4sZ,spotify:track:0gVzvc1b7v9kwmZVgab4sZ,https://p.scdn.co/mp3-preview/6f0d011316a1962ebe4c1c16167bd57881a20f26?cid=63a77ff40e794a12ae216a18befde98c,Intro,11,"2Baba,BEENIE MAN,KUNLE,O.J.B.,BLACK FACE,DE NATIVES,FREESTYL,E.T.C.",Face 2 Face,0.861,0.66,68000,0.295,0.0,10,0.619,-9.825,0,0.936,92.802,0.624
afro,This Is 2Baba,37i9dQZF1DZ06evO1m1kAx,6vHvybm4N1VRM5BDVeo5ER,spotify:track:6vHvybm4N1VRM5BDVeo5ER,https://p.scdn.co/mp3-preview/1af7b66cffc9bbe53f1e9b78023d494f99592988?cid=63a77ff40e794a12ae216a18befde98c,Let Somebody Love You (feat. Bridget Kelly),13,"2Baba,Bridget Kelly",Let Somebody Love You (feat. Bridget Kelly),0.049,0.445,251820,0.594,7.97e-05,5,0.065,-7.943,0,0.351,97.608,0.274
afro,This Is 2Baba,37i9dQZF1DZ06evO1m1kAx,34qekAT1aSBQMdxoys0q7f,spotify:track:34qekAT1aSBQMdxoys0q7f,https://p.scdn.co/mp3-preview/facf56ab1832e1c99c478f427eb9ac385a5675aa?cid=63a77ff40e794a12ae216a18befde98c,Fatima (feat. 2 Face Idibia),15,"Emmerson,2Baba",Rise,0.307,0.789,284862,0.911,0.0,9,0.116,-3.731,1,0.136,95.996,0.967
afro,This Is 2Baba,37i9dQZF1DZ06evO1m1kAx,52WulcpCsSdffIkbzdk8Wv,spotify:track:52WulcpCsSdffIkbzdk8Wv,https://p.scdn.co/mp3-preview/1d36239bae4c09125b09b3cc41fa306f4a9ee179?cid=63a77ff40e794a12ae216a18befde98c,Fly,15,2Baba,The Unstoppable,0.241,0.478,250305,0.72,0.0,0,0.128,-5.299,1,0.242,90.682,0.584
