category_id,playlist_name,playlist_id,track_id,track_uri,track_preview_url,track_name,track_popularity,artist_name,album_name,acousticness,danceability,duration_ms,energy,instrumentalness,key,liveness,loudness,mode,speechiness,tempo,valence
blues,Blues & Roots Rock,37i9dQZF1DWSKpvyAAcaNZ,3b9xTm2eiaCRTGqUEWuzxc,spotify:track:3b9xTm2eiaCRTGqUEWuzxc,https://p.scdn.co/mp3-preview/1f4cfc4085c038d7f3f4a6ebe9d455bff62048f4?cid=63a77ff40e794a12ae216a18befde98c,I'm Glad Trouble Don't Last Always,49,Luke Winslow-King,I'm Glad Trouble Don't Last Always,0.000545,0.579,257587,0.522,0.00811,2,0.0914,-7.124,1,0.0232,81.969,0.286
blues,Blues & Roots Rock,37i9dQZF1DWSKpvyAAcaNZ,5yeM63cXgGvSN2VrcHbv6x,spotify:track:5yeM63cXgGvSN2VrcHbv6x,https://p.scdn.co/mp3-preview/dc5cd6511834c903210576d5c87ba3900c0c7aa6?cid=63a77ff40e794a12ae216a18befde98c,Thousand Mile Night,48,Jonah Tolchin,Thousand Mile Night - Single,0.228,0.584,235173,0.35,0.0719,2,0.0944,-13.942,1,0.0471,140.652,0.498
blues,Blues & Roots Rock,37i9dQZF1DWSKpvyAAcaNZ,1XDLcR3ykWZx7p0UmMoLKp,spotify:track:1XDLcR3ykWZx7p0UmMoLKp,,Troublemaker,51,Devon Gilfillian,Troublemaker,0.00155,0.555,212016,0.927,0.0288,0,0.209,-4.167,0,0.0708,156.031,0.848
blues,Blues & Roots Rock,37i9dQZF1DWSKpvyAAcaNZ,3u74mqUGokRUze14qa3gY2,spotify:track:3u74mqUGokRUze14qa3gY2,https://p.scdn.co/mp3-preview/9a4711d7a34a9aef2c0d199de93f22ecd4da64bb?cid=63a77ff40e794a12ae216a18befde98c,Fire,45,Fruition,Fire,0.12,0.472,216085,0.813,0.000109,9,0.382,-5.919,0,0.0399,134.922,0.684
blues,Blues & Roots Rock,37i9dQZF1DWSKpvyAAcaNZ,5Xx8krVxg1pRy6CXieB7FS,spotify:track:5Xx8krVxg1pRy6CXieB7FS,https://p.scdn.co/mp3-preview/d103413df36094cb426289881acc61e9a0d7fd94?cid=63a77ff40e794a12ae216a18befde98c,No Good,63,"KALEO,Vinyl on HBO",No Good,0.0234,0.378,234240,0.925,0.00062,9,0.18,-3.781,1,0.185,108.525,0.584
blues,Blues & Roots Rock,37i9dQZF1DWSKpvyAAcaNZ,4z0wfXLJT9YMplnRBzs2Rv,spotify:track:4z0wfXLJT9YMplnRBzs2Rv,,On Our Own,4,The Suitcase Junket,Dying Star,0.351,0.509,161320,0.504,0.15,1,0.31,-6.789,1,0.0267,104.755,0.327
blues,Blues & Roots Rock,37i9dQZF1DWSKpvyAAcaNZ,3lwBgpUnYL2pnPGRlWEkd9,spotify:track:3lwBgpUnYL2pnPGRlWEkd9,https://p.scdn.co/mp3-preview/120de4fb3fd92b57db5d8fb9c9b7c8440ccaa737?cid=63a77ff40e794a12ae216a18befde98c,Bad Things,55,Rayland Baxter,Ashkelon,0.383,0.318,313868,0.586,0.0,2,0.145,-7.606,0,0.0375,80.806,0.211
blues,Blues & Roots Rock,37i9dQZF1DWSKpvyAAcaNZ,55KHk8PhJC3HIpT3mA2smL,spotify:track:55KHk8PhJC3HIpT3mA2smL,,White House Road - OurVinyl Sessions,4,Tyler Childers,Tyler Childers | OurVinyl Sessions,0.479,0.406,268000,0.41,0.0,0,0.0875,-8.65,1,0.0396,79.93,0.368
blues,Blues & Roots Rock,37i9dQZF1DWSKpvyAAcaNZ,6Mxb9ZguHzhND7GiTkWJiu,spotify:track:6Mxb9ZguHzhND7GiTkWJiu,,Keep It Close,12,Bones Owens,Keep It Close,0.0394,0.41,220819,0.684,0.00112,11,0.137,-5.391,1,0.032,80.137,0.636
blues,Blues & Roots Rock,37i9dQZF1DWSKpvyAAcaNZ,7wypArbDkWBJOnBWhwYR4I,spotify:track:7wypArbDkWBJOnBWhwYR4I,https://p.scdn.co/mp3-preview/ee46bc49da9f7523f883795d0f599087b7c2d4ab?cid=63a77ff40e794a12ae216a18befde98c,Bottle Rocket,42,The Weeks,Bottle Rocket,0.0286,0.679,268467,0.634,0.0,9,0.0605,-3.305,1,0.0522,92.046,0.642
blues,Blues & Roots Rock,37i9dQZF1DWSKpvyAAcaNZ,1wSTaoEcGPZy9osC25kn0m,spotify:track:1wSTaoEcGPZy9osC25kn0m,https://p.scdn.co/mp3-preview/3c0a50d70c30529de29af891abf4f39fb4b74cf7?cid=63a77ff40e794a12ae216a18befde98c,It Came to Me,43,The Barr Brothers,It Came to Me,0.285,0.516,261987,0.931,0.013,10,0.333,-6.291,1,0.0388,117.097,0.578
blues,Blues & Roots Rock,37i9dQZF1DWSKpvyAAcaNZ,2Yf3wwS48rkAoBRXNJ34kz,spotify:track:2Yf3wwS48rkAoBRXNJ34kz,https://p.scdn.co/mp3-preview/af277b06413359bdfc72cdfff8f4a874a2b29003?cid=63a77ff40e794a12ae216a18befde98c,Hades Pleads,47,Parker Millsap,The Very Last Day,0.0245,0.568,156107,0.632,0.000246,9,0.401,-6.958,1,0.161,164.823,0.711
blues,Blues & Roots Rock,37i9dQZF1DWSKpvyAAcaNZ,7Blrv4fr8DwRcytz8qrvtW,spotify:track:7Blrv4fr8DwRcytz8qrvtW,https://p.scdn.co/mp3-preview/b5e3b7613bfd5533b27832fb3423b24261665a19?cid=63a77ff40e794a12ae216a18befde98c,Sallisaw Blue,48,John Moreland,Big Bad Luv,0.112,0.395,237373,0.866,9.85e-06,7,0.112,-7.047,1,0.0691,150.77,0.836
blues,Blues & Roots Rock,37i9dQZF1DWSKpvyAAcaNZ,0HeNDXMTdBDS9eWQkhENJ2,spotify:track:0HeNDXMTdBDS9eWQkhENJ2,https://p.scdn.co/mp3-preview/59c8aafccdaaa268b9cd966b472f57c98e4c0c1a?cid=63a77ff40e794a12ae216a18befde98c,I Know,48,Shovels & Rope,I Know,0.115,0.545,218778,0.908,0.0,0,0.0877,-6.548,1,0.0512,120.155,0.391
blues,Blues & Roots Rock,37i9dQZF1DWSKpvyAAcaNZ,6UQkKezR70jMXymMJgRcOz,spotify:track:6UQkKezR70jMXymMJgRcOz,,Uh Huh,23,Jade Bird,Uh Huh,0.0188,0.584,142444,0.81,0.0,11,0.313,-3.092,1,0.0406,119.859,0.57
blues,Blues & Roots Rock,37i9dQZF1DWSKpvyAAcaNZ,3vCj0QDwcJBJoCteRG1kfh,spotify:track:3vCj0QDwcJBJoCteRG1kfh,,Indestructible,9,Welshly Arms,Indestructible,0.0409,0.672,225001,0.596,1.46e-06,2,0.0762,-6.323,0,0.0352,175.924,0.789
blues,Blues & Roots Rock,37i9dQZF1DWSKpvyAAcaNZ,4qHSciBVrNNpUlI8TT9CHQ,spotify:track:4qHSciBVrNNpUlI8TT9CHQ,https://p.scdn.co/mp3-preview/bf36024d75b0c435ada81a6f247826aa00a1d8f5?cid=63a77ff40e794a12ae216a18befde98c,LUCKY PENNY,54,JD McPherson,LUCKY PENNY,0.0664,0.698,214267,0.736,2.16e-05,2,0.119,-5.525,1,0.0481,127.979,0.822
blues,Blues & Roots Rock,37i9dQZF1DWSKpvyAAcaNZ,0iG8xWaMt2FdcNOkOZiz7H,spotify:track:0iG8xWaMt2FdcNOkOZiz7H,https://p.scdn.co/mp3-preview/ebfeb7356d6acdd008435b448ffa8b8ad84d6d92?cid=63a77ff40e794a12ae216a18befde98c,If I Was The Devil,44,Justin Townes Earle,Kids In The Street,0.843,0.535,154653,0.432,0.0212,5,0.108,-12.438,1,0.0362,89.712,0.287
blues,Blues & Roots Rock,37i9dQZF1DWSKpvyAAcaNZ,0PcyGgEAKYaVpND2efXlar,spotify:track:0PcyGgEAKYaVpND2efXlar,https://p.scdn.co/mp3-preview/4a805b8de5806b5d03266a1cba74d668b547e044?cid=63a77ff40e794a12ae216a18befde98c,Didn't He Ramble,40,Glen Hansard,A Season On The Line,0.02,0.257,292307,0.764,0.000685,11,0.296,-6.904,0,0.0563,180.135,0.446
blues,Blues & Roots Rock,37i9dQZF1DWSKpvyAAcaNZ,7ywUfT35DxrKOoq7ZL0VQ5,spotify:track:7ywUfT35DxrKOoq7ZL0VQ5,https://p.scdn.co/mp3-preview/143c5b11a3d2b523e44f3bd466296895098122c8?cid=63a77ff40e794a12ae216a18befde98c,Chains,46,Rose Cousins,Natural Conclusion,0.396,0.381,194571,0.593,0.00245,2,0.113,-7.376,1,0.0382,79.848,0.477
blues,Blues & Roots Rock,37i9dQZF1DWSKpvyAAcaNZ,0SZuZRybxPKuZ5H6CsSPX3,spotify:track:0SZuZRybxPKuZ5H6CsSPX3,https://p.scdn.co/mp3-preview/f94553f028f6dd541aa05bf078325a2bf287f910?cid=63a77ff40e794a12ae216a18befde98c,California,43,The Delta Saints,California,0.00381,0.585,222653,0.741,8.96e-06,4,0.3,-6.954,0,0.0326,124.678,0.676
blues,Blues & Roots Rock,37i9dQZF1DWSKpvyAAcaNZ,4zP4mkNgtK75UsscbVsVyZ,spotify:track:4zP4mkNgtK75UsscbVsVyZ,https://p.scdn.co/mp3-preview/1e9228d6cf6e0ecca335499d3944d42be862d068?cid=63a77ff40e794a12ae216a18befde98c,Thirty,45,The Weather Station,Thirty,0.685,0.403,220253,0.553,3.85e-05,0,0.228,-8.738,1,0.0552,162.581,0.543
blues,Blues & Roots Rock,37i9dQZF1DWSKpvyAAcaNZ,2i7fQIvwbrt8bSro3U25pr,spotify:track:2i7fQIvwbrt8bSro3U25pr,https://p.scdn.co/mp3-preview/b14cceb1f0b32d1e2ae92cd4b7cbbe5602440c26?cid=63a77ff40e794a12ae216a18befde98c,Barleycorn,30,Johnny Flynn,Barleycorn,0.587,0.661,272400,0.422,0.132,2,0.297,-10.019,0,0.0354,99.08,0.251
blues,Blues & Roots Rock,37i9dQZF1DWSKpvyAAcaNZ,1LWW4PgKyEVOdWRl4JKM4Q,spotify:track:1LWW4PgKyEVOdWRl4JKM4Q,https://p.scdn.co/mp3-preview/fb2e8c63e8fef0273d1347fdf46d39f8addea199?cid=63a77ff40e794a12ae216a18befde98c,Sugar Daddy - Theme from Vinyl,41,"Sturgill Simpson,Vinyl on HBO",VINYL: Music From The HBO® Original Series - Vol. 1,0.343,0.26,225267,0.929,0.0356,0,0.139,-5.841,1,0.143,81.971,0.358
blues,Blues & Roots Rock,37i9dQZF1DWSKpvyAAcaNZ,45D66v9Cd2ANN0udS9EL0B,spotify:track:45D66v9Cd2ANN0udS9EL0B,,I Own You,3,Mick Flannery,I Own You,0.203,0.54,211740,0.721,5.83e-05,2,0.0724,-6.05,1,0.0347,141.939,0.346
blues,Blues & Roots Rock,37i9dQZF1DWSKpvyAAcaNZ,5NN2OOlvy4IJB6YJyWXIgU,spotify:track:5NN2OOlvy4IJB6YJyWXIgU,https://p.scdn.co/mp3-preview/a3844f541f0c0937164c24089876413b3b840e77?cid=63a77ff40e794a12ae216a18befde98c,Prophet Story,41,Cobi,Prophet Story,0.724,0.433,218992,0.478,0.0,2,0.127,-4.028,0,0.0274,92.382,0.235
blues,Blues & Roots Rock,37i9dQZF1DWSKpvyAAcaNZ,3aAFZx6mlVu3WrwgNEK9yM,spotify:track:3aAFZx6mlVu3WrwgNEK9yM,https://p.scdn.co/mp3-preview/2f05764f6dac99f32a14f9fefc9a89ce36c373b2?cid=63a77ff40e794a12ae216a18befde98c,Just to Be with You,36,Aubrie Sellers,Just to Be with You,0.0325,0.336,203653,0.739,5.9e-05,0,0.137,-5.394,0,0.0481,169.932,0.578
blues,Blues & Roots Rock,37i9dQZF1DWSKpvyAAcaNZ,2aXKckAZJNuNO2XQTCy4V3,spotify:track:2aXKckAZJNuNO2XQTCy4V3,,Make It Move,38,Jonny Lang,Signs,0.46,0.643,209120,0.473,0.0,4,0.117,-6.073,1,0.118,77.549,0.643
blues,Blues & Roots Rock,37i9dQZF1DWSKpvyAAcaNZ,6f8wMPrnGpIF6qU6afkOIZ,spotify:track:6f8wMPrnGpIF6qU6afkOIZ,https://p.scdn.co/mp3-preview/5089844192aac66238e1d0d68450d65888c09b3e?cid=63a77ff40e794a12ae216a18befde98c,Black Crow,36,Brent Cobb,Black Crow,0.717,0.706,270413,0.327,0.0192,5,0.0958,-11.603,1,0.0687,131.312,0.632
blues,Blues & Roots Rock,37i9dQZF1DWSKpvyAAcaNZ,5ItLBl4dfYnSlvHYyoFUCs,spotify:track:5ItLBl4dfYnSlvHYyoFUCs,,Shelter,3,Dorothy,Shelter,0.456,0.568,272655,0.299,0.0,4,0.305,-9.906,1,0.0309,114.359,0.139
blues,Blues & Roots Rock,37i9dQZF1DWSKpvyAAcaNZ,6rog8vv7luQw2w2pwhhrGY,spotify:track:6rog8vv7luQw2w2pwhhrGY,https://p.scdn.co/mp3-preview/c26acd37e992f7d712cd1e45883604bddf990b42?cid=63a77ff40e794a12ae216a18befde98c,Sinking Down,41,Son Volt,Notes of Blue,0.361,0.36,208553,0.796,0.392,5,0.183,-6.123,1,0.0461,142.093,0.494
blues,Blues & Roots Rock,37i9dQZF1DWSKpvyAAcaNZ,67WQpj2hyiHHz0jbrnkFOf,spotify:track:67WQpj2hyiHHz0jbrnkFOf,https://p.scdn.co/mp3-preview/a0916ed3aab202dc809afcaac263f63ffe3df383?cid=63a77ff40e794a12ae216a18befde98c,Got It Bad,36,The Sore Losers,Got It Bad,0.00385,0.263,192107,0.785,0.000272,9,0.0613,-4.658,0,0.0505,171.274,0.379
blues,Blues & Roots Rock,37i9dQZF1DWSKpvyAAcaNZ,5eoKQlJjP6A8JKjJVAcLUw,spotify:track:5eoKQlJjP6A8JKjJVAcLUw,https://p.scdn.co/mp3-preview/551ddfe654d5af4a2a5455c9149b299eaad44897?cid=63a77ff40e794a12ae216a18befde98c,Lift Me Up (Leave Me Here),34,Brent Cowles,Lift Me Up (Leave Me Here),0.00252,0.4,201587,0.767,0.0334,11,0.249,-3.444,1,0.0367,167.885,0.482
blues,Blues & Roots Rock,37i9dQZF1DWSKpvyAAcaNZ,51EhqjwJH9AmtnQhxVGv1F,spotify:track:51EhqjwJH9AmtnQhxVGv1F,,Oh No,9,Goodbye June,Oh No,0.000477,0.259,220533,0.978,0.000314,8,0.268,-3.842,1,0.22,132.97,0.266
blues,Blues & Roots Rock,37i9dQZF1DWSKpvyAAcaNZ,6IpcOV0Re2M1l8APgqkTrJ,spotify:track:6IpcOV0Re2M1l8APgqkTrJ,https://p.scdn.co/mp3-preview/f773d25e35f0e386fcc052adba15814d42d63136?cid=63a77ff40e794a12ae216a18befde98c,Habbie Doobie,37,The Texas Gentlemen,Habbie Doobie,0.0367,0.51,376619,0.723,7.88e-05,2,0.161,-6.72,1,0.0331,89.964,0.499
blues,Blues & Roots Rock,37i9dQZF1DWSKpvyAAcaNZ,6CApje4OBrR9y2EQJlu8KJ,spotify:track:6CApje4OBrR9y2EQJlu8KJ,https://p.scdn.co/mp3-preview/9db60ce661140a856caf198d6be03dec03af488f?cid=63a77ff40e794a12ae216a18befde98c,My Church Is Black,38,Me And That Man,My Church Is Black,0.0283,0.39,178080,0.817,0.486,4,0.114,-2.949,0,0.0343,106.055,0.323
blues,Blues & Roots Rock,37i9dQZF1DWSKpvyAAcaNZ,3CjgKNCLVh3TTVClRgoCZZ,spotify:track:3CjgKNCLVh3TTVClRgoCZZ,,Don't Give Up,2,Southern Avenue,Don't Give Up,0.185,0.638,282493,0.689,2.91e-05,2,0.138,-4.54,1,0.0389,112.235,0.555
blues,Blues & Roots Rock,37i9dQZF1DWSKpvyAAcaNZ,2Hl45Cf4m4CX0a4slkR2qU,spotify:track:2Hl45Cf4m4CX0a4slkR2qU,https://p.scdn.co/mp3-preview/18dfb26264d40d913fe7100eb633c21cac63bc9f?cid=63a77ff40e794a12ae216a18befde98c,Lost on the Young,36,Balto,Strangers,0.0419,0.267,193067,0.738,1.35e-06,9,0.0812,-5.541,1,0.0464,161.09,0.488
blues,Blues & Roots Rock,37i9dQZF1DWSKpvyAAcaNZ,5kuFCKfGMFsBenmPfMB3cw,spotify:track:5kuFCKfGMFsBenmPfMB3cw,https://p.scdn.co/mp3-preview/750a71ff2df928cf841c70fc8fcfc4e2e0ff5f29?cid=63a77ff40e794a12ae216a18befde98c,"Part One - Hey, No Pressure",47,Ray LaMontagne,Ouroboros,0.11,0.434,394200,0.748,0.000273,1,0.102,-7.707,1,0.0522,151.265,0.703
blues,Blues & Roots Rock,37i9dQZF1DWSKpvyAAcaNZ,790G9Ym8dqZfqHacKrIqWX,spotify:track:790G9Ym8dqZfqHacKrIqWX,,Bring Down The Wall,2,Piers Faccini,Bring Down The Wall,0.404,0.697,205533,0.392,0.00121,2,0.0821,-10.105,0,0.034,97.967,0.725
blues,Blues & Roots Rock,37i9dQZF1DWSKpvyAAcaNZ,7KvtfHiJ6Egxz27DYaOO59,spotify:track:7KvtfHiJ6Egxz27DYaOO59,https://p.scdn.co/mp3-preview/c5a217063d4108e7ecd07db49260ddb35435872b?cid=63a77ff40e794a12ae216a18befde98c,Siren,37,Monica Heldal,The One In The Sun,0.0069,0.279,324139,0.788,0.048,0,0.196,-8.522,1,0.0625,98.195,0.381
blues,Blues & Roots Rock,37i9dQZF1DWSKpvyAAcaNZ,7bR4C483mAqkwidrXp9BYw,spotify:track:7bR4C483mAqkwidrXp9BYw,,Something’s Got a Hold on Me,14,Angel Snow,Something’s Got a Hold on Me,0.00253,0.74,188157,0.333,0.0507,4,0.282,-11.64,0,0.0274,110.046,0.266
blues,Blues & Roots Rock,37i9dQZF1DWSKpvyAAcaNZ,3eMvfFDFlcsXRenA2L3LjK,spotify:track:3eMvfFDFlcsXRenA2L3LjK,https://p.scdn.co/mp3-preview/9775446898b5cd8c1fd514bc8831588a3fd3e714?cid=63a77ff40e794a12ae216a18befde98c,Trinity Lane,33,Lilly Hiatt,Trinity Lane,0.144,0.578,233922,0.811,0.0054,10,0.113,-6.228,0,0.027,145.056,0.752
blues,Blues & Roots Rock,37i9dQZF1DWSKpvyAAcaNZ,398QU045BgD0nsMgxedVCG,spotify:track:398QU045BgD0nsMgxedVCG,,Good Evening,5,Quaker City Night Hawks,Good Evening,0.0134,0.527,279107,0.606,0.00029,5,0.418,-6.799,1,0.0305,105.509,0.267
blues,Blues & Roots Rock,37i9dQZF1DWSKpvyAAcaNZ,5RTeMqtMcVCOukwgiNg11H,spotify:track:5RTeMqtMcVCOukwgiNg11H,,Call It What It Is,36,Ben Harper And The Innocent Criminals,Call It What It Is,0.442,0.615,227600,0.56,3.99e-06,0,0.132,-7.721,1,0.0389,131.859,0.502
blues,Blues & Roots Rock,37i9dQZF1DWSKpvyAAcaNZ,7nYYyGUvfPMTjjCwW0Zr0m,spotify:track:7nYYyGUvfPMTjjCwW0Zr0m,https://p.scdn.co/mp3-preview/22a0fd0ae85dff805b1c8c57f8fb06d2958c7686?cid=63a77ff40e794a12ae216a18befde98c,Fleet Foot,32,Black Pistol Fire,Fleet Foot - single,0.0112,0.348,196360,0.957,0.0,7,0.142,-3.833,1,0.259,107.385,0.216
blues,Blues & Roots Rock,37i9dQZF1DWSKpvyAAcaNZ,4XuLAfUqKheSZD918kvX2y,spotify:track:4XuLAfUqKheSZD918kvX2y,,Run Devil Run,47,Crowder,Run Devil Run,0.0258,0.458,204493,0.952,0.0,2,0.561,-3.318,1,0.142,174.966,0.807
blues,Blues & Roots Rock,37i9dQZF1DWSKpvyAAcaNZ,76wmcjmCwc6kfkL7oa1Jg6,spotify:track:76wmcjmCwc6kfkL7oa1Jg6,https://p.scdn.co/mp3-preview/c24fc807586394a160e72ca92546e3b423f74781?cid=63a77ff40e794a12ae216a18befde98c,Champagne And Reefer,36,The Devil Makes Three,Champagne And Reefer,0.353,0.735,174248,0.836,0.0143,2,0.342,-7.467,1,0.0451,121.251,0.781
blues,Blues & Roots Rock,37i9dQZF1DWSKpvyAAcaNZ,5prb5tTQLvvIccYh9CH0nl,spotify:track:5prb5tTQLvvIccYh9CH0nl,https://p.scdn.co/mp3-preview/c18fbbbeff9446b5fc475b6ae94571d2a023bf84?cid=63a77ff40e794a12ae216a18befde98c,Plunder,35,The Felice Brothers,Plunder - Single,0.033,0.383,221907,0.828,3.05e-05,0,0.35,-6.322,1,0.0359,135.067,0.845
blues,Blues & Roots Rock,37i9dQZF1DWSKpvyAAcaNZ,2JiVNVjC8W02EZ9Nmp4rNP,spotify:track:2JiVNVjC8W02EZ9Nmp4rNP,https://p.scdn.co/mp3-preview/d27b16600dfe6044ee063452fa9007833493bed8?cid=63a77ff40e794a12ae216a18befde98c,Leadfoot,44,No Sinner,Leadfoot,0.00016,0.345,245213,0.852,0.0165,11,0.157,-4.245,1,0.0499,137.089,0.396
blues,Blues & Roots Rock,37i9dQZF1DWSKpvyAAcaNZ,55b9agxjfRMKHdFOYewTij,spotify:track:55b9agxjfRMKHdFOYewTij,https://p.scdn.co/mp3-preview/06cd1b3daa4a70990355c4def2e8a4894ade4774?cid=63a77ff40e794a12ae216a18befde98c,It Runs Together,27,Hard Working Americans,It Runs Together,0.775,0.61,202423,0.548,0.0347,9,0.425,-10.408,0,0.0555,103.983,0.413
blues,Blues & Roots Rock,37i9dQZF1DWSKpvyAAcaNZ,5gkHzMTpUzyiDig3B3Ty39,spotify:track:5gkHzMTpUzyiDig3B3Ty39,,Gimme Something Good - Live At The Village,30,Ryan Adams,Spotify Sessions (Live At The Village),0.0988,0.416,228835,0.791,0.383,11,0.114,-3.354,0,0.0359,95.371,0.511
blues,Blues & Roots Rock,37i9dQZF1DWSKpvyAAcaNZ,7ICQ4gzQ74YlrDDtU8Ttsz,spotify:track:7ICQ4gzQ74YlrDDtU8Ttsz,,Waiting for the Thunder,2,Blackberry Smoke,Waiting for the Thunder,0.102,0.582,247008,0.805,3.14e-06,9,0.271,-5.267,1,0.0301,144.047,0.895
blues,Blues & Roots Rock,37i9dQZF1DWSKpvyAAcaNZ,3twEx52dboO1CqWu5x1i2h,spotify:track:3twEx52dboO1CqWu5x1i2h,,Fire,51,Barns Courtney,Fire,0.242,0.552,197523,0.625,0.000558,10,0.0751,-6.053,0,0.0296,108.362,0.425
blues,Blues & Roots Rock,37i9dQZF1DWSKpvyAAcaNZ,3l9eg9RtisizG12a1D6nZl,spotify:track:3l9eg9RtisizG12a1D6nZl,https://p.scdn.co/mp3-preview/d6bd42554a0391982a2bf0d22fead98c971fddd4?cid=63a77ff40e794a12ae216a18befde98c,Pretty Pimpin,64,Kurt Vile,b'lieve i'm goin down...,0.0928,0.566,298760,0.664,0.305,8,0.0903,-9.081,1,0.0281,91.117,0.764
blues,Blues & Roots Rock,37i9dQZF1DWSKpvyAAcaNZ,3izRf9rlci9WN1mSQCze9a,spotify:track:3izRf9rlci9WN1mSQCze9a,,Working Poor,2,Fantastic Negrito,Working Poor,0.0588,0.77,239966,0.396,0.000164,4,0.313,-17.04,0,0.0485,83.516,0.567
blues,Blues & Roots Rock,37i9dQZF1DWSKpvyAAcaNZ,54d6U1U3Y74mDmJJECZNNQ,spotify:track:54d6U1U3Y74mDmJJECZNNQ,https://p.scdn.co/mp3-preview/7d4591f83bbdf9e94eb5fa652b7ad1250e13c945?cid=63a77ff40e794a12ae216a18befde98c,Smoke Rising,47,Brown Bird,Axis Mundi,0.00183,0.572,273867,0.735,0.782,9,0.0765,-6.042,1,0.0266,135.173,0.599
blues,Blues & Roots Rock,37i9dQZF1DWSKpvyAAcaNZ,0KfcHk4VYkHUWm9nWdQvel,spotify:track:0KfcHk4VYkHUWm9nWdQvel,https://p.scdn.co/mp3-preview/63e645d510c865c559ed39a9a72d6ac0c231d50c?cid=63a77ff40e794a12ae216a18befde98c,Rain Dance (feat. Bo Diddley),29,"Hollis Brown,Bo Diddley",3 Shots,0.0255,0.563,253013,0.691,3.55e-05,11,0.332,-7.061,0,0.0499,187.617,0.514
blues,Blues & Roots Rock,37i9dQZF1DWSKpvyAAcaNZ,0nXnUcPIPKpaMNOe8kK7DN,spotify:track:0nXnUcPIPKpaMNOe8kK7DN,https://p.scdn.co/mp3-preview/076b15f704f204323e3db10d2a8112fe27d92bc0?cid=63a77ff40e794a12ae216a18befde98c,Jack Is Back,34,Sonia Leigh,Jack Is Back,0.00625,0.677,161869,0.766,0.000123,10,0.141,-7.98,0,0.0419,131.999,0.589
blues,Blues & Roots Rock,37i9dQZF1DWSKpvyAAcaNZ,3J9cIhqTC2KQT737cFexIo,spotify:track:3J9cIhqTC2KQT737cFexIo,,Hurry Up And Wait,5,Ben Miller Band,"Any Way, Shape Or Form",0.00356,0.563,183027,0.874,0.528,7,0.288,-6.501,1,0.0511,122.995,0.499
blues,Blues & Roots Rock,37i9dQZF1DWSKpvyAAcaNZ,0n7jSBubaAhWeUc8yv2FYC,spotify:track:0n7jSBubaAhWeUc8yv2FYC,https://p.scdn.co/mp3-preview/704fee3785f2a8086e63a3805f48c4f1d5489ab6?cid=63a77ff40e794a12ae216a18befde98c,Sun Sets West,35,little hurricane,Homewrecker,0.171,0.439,148800,0.698,3.73e-06,0,0.286,-6.764,1,0.0643,112.726,0.815
blues,Blues & Roots Rock,37i9dQZF1DWSKpvyAAcaNZ,22eir1Hfkwn0fYNgJXEti3,spotify:track:22eir1Hfkwn0fYNgJXEti3,https://p.scdn.co/mp3-preview/40b288c5e985750ad9c9cfd976be863425203661?cid=63a77ff40e794a12ae216a18befde98c,Dead Eyes,30,Adia Victoria,Dead Eyes,0.0685,0.28,141800,0.635,0.121,9,0.107,-8.271,1,0.056,193.756,0.375
blues,Blues & Roots Rock,37i9dQZF1DWSKpvyAAcaNZ,0BB7n43s5Wx7DiGWwMDT1t,spotify:track:0BB7n43s5Wx7DiGWwMDT1t,,Shape Shifter,2,Lera Lynn,Shape Shifter,0.0062,0.806,231227,0.685,0.0831,11,0.12,-8.296,0,0.0294,130.03,0.961
blues,Blues & Roots Rock,37i9dQZF1DWSKpvyAAcaNZ,2p8vubDBdUmbbdNWtC1Ots,spotify:track:2p8vubDBdUmbbdNWtC1Ots,https://p.scdn.co/mp3-preview/8f967d680acf47428fc74ab4f4fdf5bb36085fd9?cid=63a77ff40e794a12ae216a18befde98c,Let You Go,33,Great Peacock,Let You Go,0.00104,0.616,286891,0.616,0.0806,7,0.178,-8.662,1,0.0282,117.997,0.598
blues,Blues & Roots Rock,37i9dQZF1DWSKpvyAAcaNZ,0fXMFBprRtdpOhA8fIcxPs,spotify:track:0fXMFBprRtdpOhA8fIcxPs,https://p.scdn.co/mp3-preview/6f32449a55897b74dca4a92d678916969f327713?cid=63a77ff40e794a12ae216a18befde98c,I’m a Raven (Shake Children),47,Hiss Golden Messenger,Lateness of Dancers,0.102,0.503,170773,0.503,0.0,1,0.282,-7.497,1,0.0275,170.436,0.867
blues,Blues & Roots Rock,37i9dQZF1DWSKpvyAAcaNZ,30jQJuhVI8riaN1K3TEwFA,spotify:track:30jQJuhVI8riaN1K3TEwFA,,My Babe,6,Whitehorse,My Babe,0.115,0.621,138312,0.79,1.32e-05,4,0.321,-4.464,1,0.0884,172.102,0.947
blues,Blues & Roots Rock,37i9dQZF1DWSKpvyAAcaNZ,0p0LA0XkXLfDeQGDFsT5Uz,spotify:track:0p0LA0XkXLfDeQGDFsT5Uz,,Vagabond,4,Aquila Young,Vagabond,0.00124,0.624,217858,0.842,0.0124,8,0.125,-7.5,0,0.0721,117.985,0.55
blues,Blues & Roots Rock,37i9dQZF1DWSKpvyAAcaNZ,1EAuRuC7lIgIVLwXaZoHLo,spotify:track:1EAuRuC7lIgIVLwXaZoHLo,https://p.scdn.co/mp3-preview/1a48449b5c0aeea44fc5787a552e8ddd544d5b3f?cid=63a77ff40e794a12ae216a18befde98c,The Hurricane's Eye,39,Jesse Roper,Red Bird,0.0078,0.357,215912,0.658,0.00274,9,0.132,-8.197,1,0.0621,164.221,0.227
blues,Blues & Roots Rock,37i9dQZF1DWSKpvyAAcaNZ,3XWoCqLGA0Hjnl2qVYiNgj,spotify:track:3XWoCqLGA0Hjnl2qVYiNgj,https://p.scdn.co/mp3-preview/e1f35e6ad767029804ad210fc651f8578675a848?cid=63a77ff40e794a12ae216a18befde98c,Don't Strike Me Down,36,William Elliott Whitmore,Radium Death,0.144,0.466,215653,0.844,3.65e-05,7,0.0883,-5.949,1,0.0463,154.866,0.45
blues,Blues & Roots Rock,37i9dQZF1DWSKpvyAAcaNZ,1BQkVDlEOtYKOaotnJuNzz,spotify:track:1BQkVDlEOtYKOaotnJuNzz,https://p.scdn.co/mp3-preview/c94310914c1ed216147e6315e515c67582fb31b3?cid=63a77ff40e794a12ae216a18befde98c,On the Road Again,49,Jack Broadbent,Along the Trail of Tears,0.416,0.4,223125,0.412,0.0583,7,0.11,-7.616,0,0.043,149.735,0.217
blues,Blues & Roots Rock,37i9dQZF1DWSKpvyAAcaNZ,3xRzUblYGZhVs52fMjii7R,spotify:track:3xRzUblYGZhVs52fMjii7R,,Off The Ground,54,The Record Company,Give It Back To You,0.601,0.543,253747,0.696,0.215,7,0.384,-4.572,1,0.0426,92.15,0.849
blues,Blues & Roots Rock,37i9dQZF1DWSKpvyAAcaNZ,7u7UJtOy2IfGd40VLXnYu6,spotify:track:7u7UJtOy2IfGd40VLXnYu6,https://p.scdn.co/mp3-preview/3e3e079e2d808bdb7d20afe341be232394eb56df?cid=63a77ff40e794a12ae216a18befde98c,Snake Eyes,37,The Wood Brothers,Paradise,0.045,0.572,211173,0.885,1.78e-06,9,0.333,-5.339,1,0.0472,93.251,0.649
blues,Blues & Roots Rock,37i9dQZF1DWSKpvyAAcaNZ,27gZNISAGvQk8xiCOpUI52,spotify:track:27gZNISAGvQk8xiCOpUI52,,I Am A Man Of Constant Sorrow,2,Blitzen Trapper,Mystery and Wonder,0.437,0.728,243206,0.79,2.46e-05,2,0.217,-5.072,0,0.0253,89.998,0.894
blues,Blues & Roots Rock,37i9dQZF1DWSKpvyAAcaNZ,7F4ZG0eN04nviV7Ry1kQGo,spotify:track:7F4ZG0eN04nviV7Ry1kQGo,https://p.scdn.co/mp3-preview/173a7ad93258ce93935a3d8ab1ce59d59e807c8f?cid=63a77ff40e794a12ae216a18befde98c,Trouble,33,Hamish Anderson,Trouble,0.124,0.588,247702,0.782,0.13,4,0.164,-6.887,1,0.0391,142.061,0.892
blues,Blues & Roots Rock,37i9dQZF1DWSKpvyAAcaNZ,6mZYdvc4G2Hk5J7v5AqCvJ,spotify:track:6mZYdvc4G2Hk5J7v5AqCvJ,,Gold to Glass,2,The Revivalists,Men Amongst Mountains,0.278,0.64,236747,0.648,2.84e-05,2,0.101,-7.709,0,0.146,82.385,0.398
blues,Blues & Roots Rock,37i9dQZF1DWSKpvyAAcaNZ,5Ak8Uv101vkq9zvkXMI0rr,spotify:track:5Ak8Uv101vkq9zvkXMI0rr,https://p.scdn.co/mp3-preview/fcbe4f344e16e90b47862cdcf4a17db37a781099?cid=63a77ff40e794a12ae216a18befde98c,Black and Blue,33,The Harpoonist & the Axe Murderer,A Real Fine Mess (Deluxe Version),0.373,0.539,212290,0.726,0.00327,5,0.112,-5.768,1,0.0457,174.09,0.724
blues,Blues & Roots Rock,37i9dQZF1DWSKpvyAAcaNZ,5Hxu2sjCuLzxmOmgdsLZ4m,spotify:track:5Hxu2sjCuLzxmOmgdsLZ4m,https://p.scdn.co/mp3-preview/b95cc866732f1bd1803804eaa4e8845f99f7d6e9?cid=63a77ff40e794a12ae216a18befde98c,Ride On / Right On,43,Phosphorescent,Muchacho De Lujo (Deluxe Edition),0.00818,0.539,224907,0.582,0.0717,7,0.15,-7.414,1,0.0328,95.07,0.245
blues,Blues & Roots Rock,37i9dQZF1DWSKpvyAAcaNZ,6NXWl8y3sGXZduzeNqhGp6,spotify:track:6NXWl8y3sGXZduzeNqhGp6,https://p.scdn.co/mp3-preview/c4285f648bfdb14bfc79c52bca08eae2cb5dd430?cid=63a77ff40e794a12ae216a18befde98c,Mockingbird,33,Quaker City Night Hawks,Mockingbird,0.0751,0.35,199360,0.806,5.93e-05,6,0.207,-3.942,1,0.0452,147.075,0.395
blues,Blues & Roots Rock,37i9dQZF1DWSKpvyAAcaNZ,39hd4z3UN6ueATWaXqNfPn,spotify:track:39hd4z3UN6ueATWaXqNfPn,https://p.scdn.co/mp3-preview/a7d873b4e12958c46e5c9f4ca74ccbb35a42b6e5?cid=63a77ff40e794a12ae216a18befde98c,Better Way,32,Kim Logan,Better Way,0.000183,0.477,244845,0.67,0.777,1,0.135,-6.162,1,0.0292,106.105,0.323
blues,Blues & Roots Rock,37i9dQZF1DWSKpvyAAcaNZ,63KLrIZRl03tY9fmsfvvLw,spotify:track:63KLrIZRl03tY9fmsfvvLw,https://p.scdn.co/mp3-preview/f2922ec69e743346e396c2ac615b06a369c5b700?cid=63a77ff40e794a12ae216a18befde98c,Boone,43,The Marcus King Band,Soul Insight,0.000843,0.357,329544,0.757,0.00435,7,0.262,-7.487,0,0.041,169.981,0.488
blues,Blues & Roots Rock,37i9dQZF1DWSKpvyAAcaNZ,4CHDLQA19PRKRCtpBIzASe,spotify:track:4CHDLQA19PRKRCtpBIzASe,https://p.scdn.co/mp3-preview/f0cfbed782166e25aec1c6192a302c3a7bd5db18?cid=63a77ff40e794a12ae216a18befde98c,Grinder,43,Gary Clark Jr.,The Story of Sonny Boy Slim,0.00855,0.293,202160,0.792,0.0111,7,0.133,-3.747,1,0.0363,161.933,0.697
blues,Blues & Roots Rock,37i9dQZF1DWSKpvyAAcaNZ,1zHHwTIloBthaYONQX2TZ0,spotify:track:1zHHwTIloBthaYONQX2TZ0,https://p.scdn.co/mp3-preview/1b59a0498aae19e968e88e3f5cc137d9df3763ac?cid=63a77ff40e794a12ae216a18befde98c,Boneyard - Edit,39,Fink,Boneyard,0.843,0.386,200000,0.475,0.000106,0,0.355,-8.254,0,0.0265,106.538,0.391
blues,Blues & Roots Rock,37i9dQZF1DWSKpvyAAcaNZ,2F51ksU6ylxgPZ0j53UZQc,spotify:track:2F51ksU6ylxgPZ0j53UZQc,https://p.scdn.co/mp3-preview/fcabedfbe407290b1c3a8c7e432e583cb4d29892?cid=63a77ff40e794a12ae216a18befde98c,Botched Execution,35,Shovels & Rope,Botched Execution,0.0066,0.495,203247,0.938,0.0,9,0.135,-5.667,0,0.0854,160.051,0.783
blues,Blues & Roots Rock,37i9dQZF1DWSKpvyAAcaNZ,2WRhHhX9s9ZhLEZV7luzIg,spotify:track:2WRhHhX9s9ZhLEZV7luzIg,https://p.scdn.co/mp3-preview/40dbd54ea75b083e95911bf689a153e5b4f6a377?cid=63a77ff40e794a12ae216a18befde98c,Magnolia,34,Mail the Horse,Magnolia,0.112,0.647,280917,0.507,0.0117,0,0.103,-9.186,1,0.0292,94.633,0.711
blues,Blues & Roots Rock,37i9dQZF1DWSKpvyAAcaNZ,4njLEd40fsHHYdOOeO28ME,spotify:track:4njLEd40fsHHYdOOeO28ME,,Heavy Is the Head,4,"Zac Brown Band,Chris Cornell",Heavy Is The Head,0.000369,0.508,239760,0.923,0.00171,8,0.0948,-3.258,1,0.0392,85.526,0.689
blues,Blues & Roots Rock,37i9dQZF1DWSKpvyAAcaNZ,5gLr6cmDqa1FI4qhb7sUsw,spotify:track:5gLr6cmDqa1FI4qhb7sUsw,,I Feel Love (Every Million Miles),5,The Dead Weather,I Feel Love (Every Million Miles),0.0091,0.404,196000,0.919,0.0,4,0.0932,-6.76,1,0.139,93.92,0.207
blues,Blues & Roots Rock,37i9dQZF1DWSKpvyAAcaNZ,2xlz1tmWu6dx4kF06LyWnL,spotify:track:2xlz1tmWu6dx4kF06LyWnL,,Dead In The Water,1,Randall Bramblett,Devil Music,0.0657,0.617,263360,0.785,0.018,4,0.203,-7.447,0,0.036,79.976,0.766
blues,Blues & Roots Rock,37i9dQZF1DWSKpvyAAcaNZ,7iHqJkRnL9sRKpcFzgfVl1,spotify:track:7iHqJkRnL9sRKpcFzgfVl1,https://p.scdn.co/mp3-preview/f9ed5686fa10d2546ca2c62d32158eb853356b03?cid=63a77ff40e794a12ae216a18befde98c,Riverbottom,32,Jonathan Tyler,Holy Smokes,0.144,0.626,209920,0.604,0.000225,1,0.12,-3.446,0,0.0401,145.956,0.481
blues,Blues & Roots Rock,37i9dQZF1DWSKpvyAAcaNZ,7uXwbnpGfGRwlB7CWeC6Aw,spotify:track:7uXwbnpGfGRwlB7CWeC6Aw,https://p.scdn.co/mp3-preview/8678041969629c76c30ebac2f7a48203533e51f1?cid=63a77ff40e794a12ae216a18befde98c,Dreamcatchers,46,Odetta Hartman,222,0.143,0.502,111186,0.553,0.168,0,0.198,-8.009,1,0.0322,78.942,0.568
blues,Blues & Roots Rock,37i9dQZF1DWSKpvyAAcaNZ,3g6RlrW0Zf1VdJUjq2INL1,spotify:track:3g6RlrW0Zf1VdJUjq2INL1,,Wicked Waters,4,Benjamin Booker,Benjamin Booker,0.00114,0.407,207693,0.979,0.0,4,0.0842,-5.859,0,0.114,102.907,0.335
blues,Blues & Roots Rock,37i9dQZF1DWSKpvyAAcaNZ,0wTMU4KjZuKJ1aIHgGpFSX,spotify:track:0wTMU4KjZuKJ1aIHgGpFSX,,Company Man,1,Jamestown Revival,Company Man,0.000385,0.551,184507,0.889,3.94e-05,9,0.141,-5.023,1,0.0428,119.89,0.851
blues,Blues & Roots Rock,37i9dQZF1DWSKpvyAAcaNZ,7dkCUjlfKdnpLGr6B1jhle,spotify:track:7dkCUjlfKdnpLGr6B1jhle,https://p.scdn.co/mp3-preview/3b0a94677c55461ff98591d7520d15a32169dd9f?cid=63a77ff40e794a12ae216a18befde98c,These American Blues,31,Levi Parham,These American Blues,0.0239,0.701,197413,0.701,0.00501,7,0.0379,-9.805,1,0.0268,126.902,0.962
blues,Blues & Roots Rock,37i9dQZF1DWSKpvyAAcaNZ,4SmbQt4iFY5GTJQXGxz5Is,spotify:track:4SmbQt4iFY5GTJQXGxz5Is,https://p.scdn.co/mp3-preview/84d6a170458f5e65244de3076e4fe57983a83f74?cid=63a77ff40e794a12ae216a18befde98c,Somebody Was Watching,40,Pops Staples,Don't Lose This,0.565,0.63,247293,0.374,0.00146,5,0.107,-11.305,1,0.177,166.999,0.562
blues,Blues & Roots Rock,37i9dQZF1DWSKpvyAAcaNZ,2CedUNQMFKQL8wy0ZiU4Bo,spotify:track:2CedUNQMFKQL8wy0ZiU4Bo,,You're The Best Lover That I Ever Had,1,Steve Earle,You're The Best Lover That I Ever Had,0.789,0.547,247307,0.504,0.0799,9,0.274,-10.093,1,0.032,150.769,0.766
blues,Blues & Roots Rock,37i9dQZF1DWSKpvyAAcaNZ,2LIItt94rBcivJ66UxC8q5,spotify:track:2LIItt94rBcivJ66UxC8q5,https://p.scdn.co/mp3-preview/0ece3f486fe04608359b7e5c13119b6ff25b80d8?cid=63a77ff40e794a12ae216a18befde98c,Sleepy Lagoon,35,Carl Broemel,Sleepy Lagoon,0.215,0.604,355320,0.629,0.481,11,0.188,-8.829,1,0.0275,80.463,0.756
blues,Blues & Roots Rock,37i9dQZF1DWSKpvyAAcaNZ,2LMdmFUSKJnO7zbZQYi0r6,spotify:track:2LMdmFUSKJnO7zbZQYi0r6,https://p.scdn.co/mp3-preview/8c70d69beb370f38cfc6616529ed57cffa1388d0?cid=63a77ff40e794a12ae216a18befde98c,Promise Land (feat. Jason Eskridge),32,"Hannah Miller,Jason Eskridge",Hannah Miller,0.772,0.341,189680,0.306,0.0196,9,0.151,-10.549,1,0.036,100.145,0.122
blues,Blues & Roots Rock,37i9dQZF1DWSKpvyAAcaNZ,5qN5bEU3LL1LroOla5FkaE,spotify:track:5qN5bEU3LL1LroOla5FkaE,,The Perfect Parts,1,Shakey Graves,The Perfect Parts,0.0495,0.534,236440,0.657,0.000301,0,0.14,-6.112,1,0.0454,124.737,0.282
blues,Blues & Roots Rock,37i9dQZF1DWSKpvyAAcaNZ,7ooGyrCEJ5ezh1IjOMw7AF,spotify:track:7ooGyrCEJ5ezh1IjOMw7AF,https://p.scdn.co/mp3-preview/37b803fed93ed4199a0f40080d9b0b6ebbed0efe?cid=63a77ff40e794a12ae216a18befde98c,Raising Hands Raising Hell Raise 'em High,35,The Wind and The Wave,From The Wreckage,0.178,0.623,206013,0.821,0.528,4,0.0938,-5.781,0,0.0426,100.01,0.577
blues,Blues & Roots Rock,37i9dQZF1DWSKpvyAAcaNZ,3zkdaLqbeTXcIyJnMAwA35,spotify:track:3zkdaLqbeTXcIyJnMAwA35,https://p.scdn.co/mp3-preview/a2c001a918d56df2491b9c139a94f50c2d92dfd8?cid=63a77ff40e794a12ae216a18befde98c,Better Feeln' Better Days,28,Kail Baxley,A Light That Never Dies,0.11,0.764,223000,0.401,0.833,1,0.0943,-8.612,1,0.0423,149.92,0.0716
blues,Blues & Roots Rock,37i9dQZF1DWSKpvyAAcaNZ,6bYjclvTLjcmZZC5GhmSFQ,spotify:track:6bYjclvTLjcmZZC5GhmSFQ,,Glitter & Gold,38,Barns Courtney,Glitter & Gold,0.3,0.488,176413,0.62,0.0,8,0.191,-5.278,1,0.0441,170.325,0.357
blues,Blues & Roots Rock,37i9dQZF1DWSKpvyAAcaNZ,5se3aZh9XGO47ED76fja47,spotify:track:5se3aZh9XGO47ED76fja47,https://p.scdn.co/mp3-preview/c04d43ec212e68d9f4dfaad5f24dea66ee06e8bf?cid=63a77ff40e794a12ae216a18befde98c,I'm Going to Live the Life I Sing About in My Song,34,The Last Internationale,I'm Going to Live the Life I Sing About in My Song,0.596,0.541,217571,0.29,0.00372,9,0.112,-8.603,0,0.0361,118.675,0.272
blues,Blues & Roots Rock,37i9dQZF1DWSKpvyAAcaNZ,7hGHCu8WSTOPi5DnYokdam,spotify:track:7hGHCu8WSTOPi5DnYokdam,https://p.scdn.co/mp3-preview/70466aa6a35ec0c8d0c4cdaf2aa325e03a6d607e?cid=63a77ff40e794a12ae216a18befde98c,First Of The Week,32,Patrick Sweany,First Of The Week - Single,0.344,0.684,231547,0.327,0.239,5,0.114,-13.829,1,0.0347,79.005,0.535
blues,Blues & Roots Rock,37i9dQZF1DWSKpvyAAcaNZ,59o2b2BGgziNyPx9f3xnhA,spotify:track:59o2b2BGgziNyPx9f3xnhA,https://p.scdn.co/mp3-preview/e810e6d54a6cff6498c6b33236c2d803deb879ae?cid=63a77ff40e794a12ae216a18befde98c,Angel of Small Death and the Codeine Scene - Live From Spotify London,45,Hozier,Spotify Sessions London,0.928,0.594,210920,0.2,0.0,6,0.673,-10.472,0,0.0622,92.821,0.415
blues,Blues & Roots Rock,37i9dQZF1DWSKpvyAAcaNZ,1TRVXcgvTlP1eBSklgawRS,spotify:track:1TRVXcgvTlP1eBSklgawRS,https://p.scdn.co/mp3-preview/6b3b66fce707f587efa8766de74f123ddf9755a6?cid=63a77ff40e794a12ae216a18befde98c,The 28th of January - Electric,31,Michael Daves,Orchids and Violence,9.24e-06,0.414,286547,0.854,0.906,0,0.198,-8.871,1,0.0331,85.988,0.737
blues,Blues & Roots Rock,37i9dQZF1DWSKpvyAAcaNZ,2qMJbtcHLu5vin3dZVAFAp,spotify:track:2qMJbtcHLu5vin3dZVAFAp,,Sweat Shock,3,J. Roddy Walston & The Business,Essential Tremors,0.0661,0.492,199987,0.95,0.000321,7,0.0615,-3.566,1,0.209,113.118,0.168
blues,Blues & Roots Rock,37i9dQZF1DWSKpvyAAcaNZ,41qHerpo9DI6LHo13MIIy4,spotify:track:41qHerpo9DI6LHo13MIIy4,https://p.scdn.co/mp3-preview/6b486bc9d34d1440cb4c2c775aa3cfc26cba7c09?cid=63a77ff40e794a12ae216a18befde98c,Lazaretto,45,Jack White,Lazaretto,0.00428,0.325,219893,0.831,3.72e-05,6,0.091,-6.574,0,0.0811,180.041,0.541
blues,Blues & Roots Rock,37i9dQZF1DWSKpvyAAcaNZ,0Fv05EAUFAF0oYBgzw7Mhz,spotify:track:0Fv05EAUFAF0oYBgzw7Mhz,,Strike Your Light,0,"Vintage Trouble,Kamilah Marshall",Strike Your Light,0.0451,0.309,206967,0.938,1.42e-06,7,0.121,-3.98,1,0.135,169.827,0.611
blues,Blues & Roots Rock,37i9dQZF1DWSKpvyAAcaNZ,2kWowW0k4oFymhkr7LmvzO,spotify:track:2kWowW0k4oFymhkr7LmvzO,https://p.scdn.co/mp3-preview/9d7f6074ab24a49786133a0a47f1153eeeedd571?cid=63a77ff40e794a12ae216a18befde98c,Come with Me Now,69,KONGOS,Lunatic,0.0311,0.654,211960,0.726,6.35e-05,10,0.0618,-3.803,0,0.0401,103.987,0.728
blues,Blues & Roots Rock,37i9dQZF1DWSKpvyAAcaNZ,3kb72STxc2959ZqsTwu52i,spotify:track:3kb72STxc2959ZqsTwu52i,,Ain't No Rest for the Wicked,22,Cage The Elephant,Cage The Elephant,0.0438,0.634,175493,0.849,0.0,0,0.363,-7.075,1,0.105,156.004,0.919
blues,Blues & Roots Rock,37i9dQZF1DWSKpvyAAcaNZ,3jaLakSC3EkBqOcXNYgy8K,spotify:track:3jaLakSC3EkBqOcXNYgy8K,,Waslaha,0,The Wanton Bishops,Waslaha,0.0082,0.46,158147,0.727,0.000828,0,0.276,-5.74,1,0.0402,76.053,0.437
blues,Blues & Roots Rock,37i9dQZF1DWSKpvyAAcaNZ,5747YyuCd1cmq59cjALwCN,spotify:track:5747YyuCd1cmq59cjALwCN,,Melt Me,0,Hanni El Khatib,Melt Me,0.00366,0.626,220747,0.759,4.74e-05,10,0.127,-5.22,1,0.0325,126.037,0.481
blues,Blues & Roots Rock,37i9dQZF1DWSKpvyAAcaNZ,2Bcu8cmU7qYu3qXLowHQie,spotify:track:2Bcu8cmU7qYu3qXLowHQie,https://p.scdn.co/mp3-preview/47a7c5880a73563e3c45dd6690ec2aaa9b1df7e7?cid=63a77ff40e794a12ae216a18befde98c,"Heartbroken, in Disrepair",49,Dan Auerbach,Keep It Hid,0.00925,0.6,201280,0.9,0.293,5,0.269,-8.434,0,0.0457,77.728,0.918
blues,Blues & Roots Rock,37i9dQZF1DWSKpvyAAcaNZ,406ZdY9JkmSy7kOGuVflrL,spotify:track:406ZdY9JkmSy7kOGuVflrL,,Jungle,39,"X Ambassadors,Jamie N Commons",The Reason EP,0.00104,0.379,189320,0.76,0.000515,2,0.383,-4.319,1,0.0848,78.044,0.231
blues,Blues & Roots Rock,37i9dQZF1DWSKpvyAAcaNZ,3Pmc1kx4jlKvt00F4bFDjf,spotify:track:3Pmc1kx4jlKvt00F4bFDjf,,People-Vultures,0,King Gizzard & The Lizard Wizard,People-Vultures,6.98e-05,0.301,285960,0.932,0.6,2,0.761,-4.633,1,0.0744,104.475,0.179
blues,Blues & Roots Rock,37i9dQZF1DWSKpvyAAcaNZ,4eljrRffIeiEf24ukplrJ5,spotify:track:4eljrRffIeiEf24ukplrJ5,,Don't,0,Larkin Poe,Kin,0.0217,0.643,184173,0.558,0.0,2,0.0867,-6.201,1,0.039,112.88,0.654
blues,Blues & Roots Rock,37i9dQZF1DWSKpvyAAcaNZ,02EfSzEz9ODzWj1a6HTXk8,spotify:track:02EfSzEz9ODzWj1a6HTXk8,https://p.scdn.co/mp3-preview/b7892489da17838f2d19d5c14cd72f3be9f2b0e0?cid=63a77ff40e794a12ae216a18befde98c,Get On,32,Steve Smyth,Exits,0.000206,0.305,208747,0.827,0.154,2,0.358,-6.082,1,0.113,174.674,0.406
blues,Blues & Roots Rock,37i9dQZF1DWSKpvyAAcaNZ,4Azj4bueh878ufsertTQDb,spotify:track:4Azj4bueh878ufsertTQDb,https://p.scdn.co/mp3-preview/751688598b7cdf56a27340661f94b8439b9a43ca?cid=63a77ff40e794a12ae216a18befde98c,Number One,32,The Sideshow Tragedy,Capital,0.0206,0.606,191893,0.897,0.000105,3,0.273,-8.702,0,0.0584,112.318,0.721
blues,Blues & Roots Rock,37i9dQZF1DWSKpvyAAcaNZ,5L5zRByIRyGRGurVWwnWkT,spotify:track:5L5zRByIRyGRGurVWwnWkT,https://p.scdn.co/mp3-preview/86a4e1bcbafec4f9c8bf805b23fdbc5590cbb720?cid=63a77ff40e794a12ae216a18befde98c,Mediterranean Blues,33,"Matt Phillips,Phil Harmonic",Move,0.00236,0.474,210053,0.773,0.00389,2,0.0899,-7.704,1,0.0438,97.819,0.718
blues,Blues & Roots Rock,37i9dQZF1DWSKpvyAAcaNZ,5U51nS2N1TDL1HEHEio7mC,spotify:track:5U51nS2N1TDL1HEHEio7mC,https://p.scdn.co/mp3-preview/fe40b3e09c55d994bde3ac753627857bb127a220?cid=63a77ff40e794a12ae216a18befde98c,Down In the Flood,48,The Derek Trucks Band,Already Free,0.181,0.551,302307,0.695,0.000154,0,0.192,-7.111,1,0.0323,114.136,0.207
blues,Blues & Roots Rock,37i9dQZF1DWSKpvyAAcaNZ,4a8mshDjwAIwNcgDvCtMMa,spotify:track:4a8mshDjwAIwNcgDvCtMMa,https://p.scdn.co/mp3-preview/b5025ef8d1c44cdaadfc564af627b0d2ac659e01?cid=63a77ff40e794a12ae216a18befde98c,Ain't Nothing Wrong with That,43,Robert Randolph & The Family Band,Colorblind (U.S. Version),0.232,0.7,210440,0.92,5.05e-06,1,0.242,-2.977,1,0.165,82.226,0.747
blues,Blues & Roots Rock,37i9dQZF1DWSKpvyAAcaNZ,0UjbMreyZra47ada3vVBZk,spotify:track:0UjbMreyZra47ada3vVBZk,,Turpentine,32,Trigger Hippy,Trigger Hippy,0.00936,0.379,271667,0.95,1.75e-05,4,0.351,-4.395,1,0.0638,161.607,0.766
blues,Blues & Roots Rock,37i9dQZF1DWSKpvyAAcaNZ,4piMww01GAl4pj65mtslYo,spotify:track:4piMww01GAl4pj65mtslYo,,Rollin 'N Tumblin,0,North Mississippi Allstars,World Boogie Is Coming,0.0351,0.637,155987,0.949,0.774,7,0.426,-6.379,1,0.134,119.992,0.28
blues,Blues & Roots Rock,37i9dQZF1DWSKpvyAAcaNZ,4lXBIshfa0juWxi6odtLHt,spotify:track:4lXBIshfa0juWxi6odtLHt,https://p.scdn.co/mp3-preview/30c62385b34202ca95ab2263f8efcb23da5e65dd?cid=63a77ff40e794a12ae216a18befde98c,Early Morning Shakes,45,Whiskey Myers,Early Morning Shakes,0.159,0.389,197187,0.834,0.0,9,0.116,-3.629,1,0.0851,152.346,0.531
blues,Blues & Roots Rock,37i9dQZF1DWSKpvyAAcaNZ,5B57Nps8cvuk8BSbD2uhL3,spotify:track:5B57Nps8cvuk8BSbD2uhL3,,So Be It,0,Blackfoot Gypsies,Handle It,0.000315,0.53,143053,0.904,1.07e-06,7,0.351,-4.825,1,0.0275,102.98,0.807
blues,Blues & Roots Rock,37i9dQZF1DWSKpvyAAcaNZ,0WpeWBfFMp56vgpo4lMG5z,spotify:track:0WpeWBfFMp56vgpo4lMG5z,,It Feels Good,1,Drake White,It Feels Good,0.117,0.769,161973,0.838,0.0,5,0.073,-4.505,0,0.0355,127.01,0.971
blues,Blues & Roots Rock,37i9dQZF1DWSKpvyAAcaNZ,7tpeg78Vs5xQw3dx2NwymI,spotify:track:7tpeg78Vs5xQw3dx2NwymI,,Downtown,15,The Sheepdogs,Downtown,0.00494,0.52,215533,0.744,0.000291,9,0.0845,-4.085,1,0.0351,139.102,0.604
blues,Blues & Roots Rock,37i9dQZF1DWSKpvyAAcaNZ,3afn6c2nBmPqogKrYO06qd,spotify:track:3afn6c2nBmPqogKrYO06qd,https://p.scdn.co/mp3-preview/9ca3984f94f485c6b8bfce463fba77ccd830437b?cid=63a77ff40e794a12ae216a18befde98c,Breathing Bullets - US Radio Mix,34,Owen Campbell,Breathing Bullets (US Radio Mix),0.127,0.628,226603,0.662,0.00956,0,0.0722,-6.579,1,0.0338,123.024,0.739
blues,Blues & Roots Rock,37i9dQZF1DWSKpvyAAcaNZ,6hb8MK0RcVOOxfpNDbZAIS,spotify:track:6hb8MK0RcVOOxfpNDbZAIS,https://p.scdn.co/mp3-preview/3583abf53d4fb884e2fa96ccc38a7463d3521125?cid=63a77ff40e794a12ae216a18befde98c,I Killed Robert Johnson,41,The Stone Foxes,Bears & Bulls,0.00466,0.257,325467,0.736,2.92e-06,0,0.103,-10.318,1,0.0858,151.372,0.3
blues,Blues & Roots Rock,37i9dQZF1DWSKpvyAAcaNZ,5T9PcJQ7S24pnvtrIVSSmq,spotify:track:5T9PcJQ7S24pnvtrIVSSmq,https://p.scdn.co/mp3-preview/ccdf3e75ead1c74e8091a12b18f9ab4b5384cf2d?cid=63a77ff40e794a12ae216a18befde98c,So Long Gone,29,"Pete Molinari,Dan Auerbach",Theosophy,0.0828,0.374,212876,0.556,0.0154,9,0.187,-5.985,0,0.0294,117.434,0.382
blues,Blues & Roots Rock,37i9dQZF1DWSKpvyAAcaNZ,4V5bPnH3eQ2BmP68CZR6bF,spotify:track:4V5bPnH3eQ2BmP68CZR6bF,,18 Counties,29,Moreland & Arbuckle,Flood,0.646,0.246,239693,0.788,0.00566,9,0.23,-5.91,0,0.0659,187.155,0.338
blues,Blues & Roots Rock,37i9dQZF1DWSKpvyAAcaNZ,0WnBEZlMGQv8boFfD3w8mI,spotify:track:0WnBEZlMGQv8boFfD3w8mI,https://p.scdn.co/mp3-preview/af49f156391c9722a700e54334c6125759a61a30?cid=63a77ff40e794a12ae216a18befde98c,Goshen '97,31,Strand of Oaks,HEAL (Deluxe Edition),0.000607,0.317,180387,0.914,0.399,9,0.279,-2.158,1,0.106,138.212,0.267
blues,Blues & Roots Rock,37i9dQZF1DWSKpvyAAcaNZ,6EgIJsfPs22qEmkAI4KXHn,spotify:track:6EgIJsfPs22qEmkAI4KXHn,https://p.scdn.co/mp3-preview/95d36b8c99dfcaed9c443a822ca045d0004eff88?cid=63a77ff40e794a12ae216a18befde98c,Circumstances,31,Blank Range,Vista Bent,0.0787,0.623,235560,0.667,0.000768,9,0.324,-6.167,1,0.0617,97.128,0.651
blues,Blues & Roots Rock,37i9dQZF1DWSKpvyAAcaNZ,4lEnkalPpZEYgTzV5t9oJL,spotify:track:4lEnkalPpZEYgTzV5t9oJL,https://p.scdn.co/mp3-preview/ae266146692778123192b6c5262e28828a82e26d?cid=63a77ff40e794a12ae216a18befde98c,Heaven Knows,41,The Shouting Matches,Grownass Man,0.0265,0.613,215480,0.754,0.0152,7,0.111,-8.462,1,0.197,142.961,0.63
blues,Blues & Roots Rock,37i9dQZF1DWSKpvyAAcaNZ,2q7WMhP5z4P5vF4Z7aztNQ,spotify:track:2q7WMhP5z4P5vF4Z7aztNQ,,Jack of Diamonds,0,Scott H. Biram,Nothin' But Blood,0.955,0.411,252640,0.685,0.0254,2,0.518,-8.357,1,0.0393,102.077,0.609
blues,Blues & Roots Rock,37i9dQZF1DWSKpvyAAcaNZ,2YFAY3qe3xOtz5ITTxvYXn,spotify:track:2YFAY3qe3xOtz5ITTxvYXn,,Open Passageways,0,All Them Witches,Open Passageways,0.0287,0.363,194013,0.568,0.467,9,0.235,-8.196,0,0.0297,155.823,0.215
blues,Blues & Roots Rock,37i9dQZF1DWSKpvyAAcaNZ,0XEUKN8CnHAKNmWmK1FG0d,spotify:track:0XEUKN8CnHAKNmWmK1FG0d,https://p.scdn.co/mp3-preview/2ecc31891054f9a4ebdfe6961c1daafcb2585bf1?cid=63a77ff40e794a12ae216a18befde98c,The Heat,44,The Bones of J.R. Jones,Spirit's Furnace,0.144,0.588,194332,0.841,0.000511,2,0.0369,-4.374,1,0.0802,92.992,0.682
blues,Blues & Roots Rock,37i9dQZF1DWSKpvyAAcaNZ,23NDfSQw9hGm24RcTtEBK2,spotify:track:23NDfSQw9hGm24RcTtEBK2,https://p.scdn.co/mp3-preview/fc84bb2ace6d8a7e368984d64540862ece189abd?cid=63a77ff40e794a12ae216a18befde98c,Low Down,33,Kingsborough,Low Down,0.108,0.542,243187,0.661,0.00245,9,0.0869,-6.336,1,0.0522,78.462,0.317
blues,Blues & Roots Rock,37i9dQZF1DWSKpvyAAcaNZ,6igxt5luYEmrE5bYLMLngs,spotify:track:6igxt5luYEmrE5bYLMLngs,https://p.scdn.co/mp3-preview/7f2b9709edd6f041a2c3c189e250e96b6aac4f88?cid=63a77ff40e794a12ae216a18befde98c,Sometimes I Worry,37,The Delta Saints,Bones (Special Edition),0.00407,0.418,227680,0.721,0.025,5,0.106,-8.196,1,0.0461,138.486,0.341
blues,Blues & Roots Rock,37i9dQZF1DWSKpvyAAcaNZ,741EApbrc3ggDPSkzBB3Fs,spotify:track:741EApbrc3ggDPSkzBB3Fs,https://p.scdn.co/mp3-preview/d8917c3c28597d43250c0b7b061a98062ad53725?cid=63a77ff40e794a12ae216a18befde98c,Get Ready - Radio Edit,33,The Harpoonist & the Axe Murderer,Get Ready (Radio Edit),0.0216,0.661,179794,0.935,0.0157,2,0.284,-5.573,1,0.0526,96.03,0.833
blues,Blues & Roots Rock,37i9dQZF1DWSKpvyAAcaNZ,5IkJznmftx5ObjYp3lp3UW,spotify:track:5IkJznmftx5ObjYp3lp3UW,https://p.scdn.co/mp3-preview/d9dc3cbd870da69dd2ef11422bd8f70146b53954?cid=63a77ff40e794a12ae216a18befde98c,Bad Dreams,32,Bellhound Choir,Bad Dreams,0.485,0.296,184240,0.481,0.0507,0,0.112,-7.881,1,0.0551,65.792,0.383
