category_id,playlist_name,playlist_id,track_id,track_uri,track_preview_url,track_name,track_popularity,artist_name,album_name,acousticness,danceability,duration_ms,energy,instrumentalness,key,liveness,loudness,mode,speechiness,tempo,valence
afro,Gbedu,37i9dQZF1DX6y9ROoDQuOj,4rSO90Jrmu6oFPoc6UWZp9,spotify:track:4rSO90Jrmu6oFPoc6UWZp9,https://p.scdn.co/mp3-preview/714a44ae831d792d2f6ea4058602333780f94230?cid=63a77ff40e794a12ae216a18befde98c,Ma Pami,37,Yovi,Ma Pami,0.0957,0.812,221800,0.931,5.76e-05,1,0.373,-2.483,1,0.072,114.964,0.757
afro,Gbedu,37i9dQZF1DX6y9ROoDQuOj,02tPSjAkST9flQ1AlevaUF,spotify:track:02tPSjAkST9flQ1AlevaUF,https://p.scdn.co/mp3-preview/1247ef9546fab0d726a1d39744a4af162c734423?cid=63a77ff40e794a12ae216a18befde98c,Causing Trouble,44,"DJ Tunez,Oxlade",Causing Trouble,0.231,0.87,185660,0.698,0.103,3,0.094,-4.231,0,0.19,106.015,0.762
afro,Gbedu,37i9dQZF1DX6y9ROoDQuOj,4pLHLg8cjGuflNNeHUgIl0,spotify:track:4pLHLg8cjGuflNNeHUgIl0,https://p.scdn.co/mp3-preview/3b7dc5201ec9500d384a0a2dfc0edf90f634f8ac?cid=63a77ff40e794a12ae216a18befde98c,Alté,39,DRB Lasgidi,Alté,0.021,0.774,182909,0.73,2.46e-05,4,0.0749,-4.424,0,0.0315,105.077,0.72
afro,Gbedu,37i9dQZF1DX6y9ROoDQuOj,4qvNU7It5yVLh130j2xrOC,spotify:track:4qvNU7It5yVLh130j2xrOC,https://p.scdn.co/mp3-preview/c446ca90e320b87d8020dbd051bc56975a47fcdc?cid=63a77ff40e794a12ae216a18befde98c,Kibo,40,"JoulesDaKid,L.A.X",JDK '19,0.0538,0.801,196650,0.698,0.0,4,0.106,-6.335,0,0.182,104.998,0.433
afro,Gbedu,37i9dQZF1DX6y9ROoDQuOj,4ZpWpW8O3GhcCFye63rtwP,spotify:track:4ZpWpW8O3GhcCFye63rtwP,https://p.scdn.co/mp3-preview/23e68f35fef50b7533546c5a46df626fbb6c417c?cid=63a77ff40e794a12ae216a18befde98c,Oh Oh Oh (Lucie) - Popcaan Remix,46,"Runtown,Popcaan",Oh Oh Oh (Lucie) (Popcaan Remix),0.49,0.705,193179,0.772,0.00249,8,0.16,-5.44,0,0.0354,99.985,0.602
afro,Gbedu,37i9dQZF1DX6y9ROoDQuOj,2J7gUMdczimfHm5gSDn3Hz,spotify:track:2J7gUMdczimfHm5gSDn3Hz,https://p.scdn.co/mp3-preview/d5f995ef742e6e61dc73c556eeaa21b5b9c27c92?cid=63a77ff40e794a12ae216a18befde98c,Confirm (feat. Davido),55,"Patoranking,DaVido",Confirm (feat. Davido),0.0457,0.769,229013,0.75,0.0,11,0.0525,-5.747,0,0.0297,107.998,0.891
afro,Gbedu,37i9dQZF1DX6y9ROoDQuOj,1sBX7EfLOgP3u6gHJBSqQg,spotify:track:1sBX7EfLOgP3u6gHJBSqQg,https://p.scdn.co/mp3-preview/d6a2106a940cccf1d448e5645f931ccfd4ed88e7?cid=63a77ff40e794a12ae216a18befde98c,Dumebi,62,Rema,Rema,0.202,0.922,179775,0.666,0.00386,3,0.105,-4.97,0,0.0609,110.015,0.7
afro,Gbedu,37i9dQZF1DX6y9ROoDQuOj,01SDjSBy0TBgA5O1dWynph,spotify:track:01SDjSBy0TBgA5O1dWynph,https://p.scdn.co/mp3-preview/44293bbd9225908ac4e2ecf79ce5bcc53e7df27d?cid=63a77ff40e794a12ae216a18befde98c,Lenge Lenge,47,Patoranking,Lenge Lenge,0.00682,0.766,221225,0.779,1.18e-05,2,0.0919,-7.386,1,0.226,104.907,0.495
afro,Gbedu,37i9dQZF1DX6y9ROoDQuOj,3Z0N4MrjjTfx5ieY4bedUL,spotify:track:3Z0N4MrjjTfx5ieY4bedUL,https://p.scdn.co/mp3-preview/8fa5451a20bc6a7f5a387cea092a7f2ad4c72c8c?cid=63a77ff40e794a12ae216a18befde98c,Gentility,46,"melvitto,Wande Coal",Gentility,0.579,0.846,225730,0.361,4.61e-05,10,0.13,-8.676,1,0.0839,108.056,0.57
afro,Gbedu,37i9dQZF1DX6y9ROoDQuOj,1RXDMXOxon318MaC3BFaj5,spotify:track:1RXDMXOxon318MaC3BFaj5,https://p.scdn.co/mp3-preview/025c3660d165d898d731ff18dba79c7431b2d127?cid=63a77ff40e794a12ae216a18befde98c,Juicy,41,"Young Paris,Olamide",Juicy (feat. Olamide),0.0208,0.56,198635,0.58,0.0129,6,0.191,-9.666,0,0.333,168.271,0.781
afro,Gbedu,37i9dQZF1DX6y9ROoDQuOj,2tsuHoDRjMTPkibpOkRuq4,spotify:track:2tsuHoDRjMTPkibpOkRuq4,https://p.scdn.co/mp3-preview/1b72799fd1d9646b986d02e34a916bda8f1992b7?cid=63a77ff40e794a12ae216a18befde98c,Sensima,61,"Skiibii,Reekado Banks",Sensima,0.0899,0.874,187794,0.807,0.0,7,0.0698,-3.973,1,0.177,109.945,0.884
afro,Gbedu,37i9dQZF1DX6y9ROoDQuOj,4cxyQw1AKCVqa9JVSN7njk,spotify:track:4cxyQw1AKCVqa9JVSN7njk,https://p.scdn.co/mp3-preview/513101851d242982b8b9a3175f1fd56a03c80100?cid=63a77ff40e794a12ae216a18befde98c,Killin Dem,58,"Zlatan,Burna Boy",Killin Dem,0.107,0.876,220885,0.808,0.00447,3,0.121,-5.382,0,0.176,112.923,0.745
afro,Gbedu,37i9dQZF1DX6y9ROoDQuOj,2tuUgpT6L9av9kVH2Yhj9I,spotify:track:2tuUgpT6L9av9kVH2Yhj9I,https://p.scdn.co/mp3-preview/52f12c2ec316821e891e71647c79893ea30ea03d?cid=63a77ff40e794a12ae216a18befde98c,FotiFoyin,47,"Rexxie,Naira Marley,Zlatan,Teni",FotiFoyin,0.15,0.912,215223,0.87,5.08e-05,1,0.0501,-3.459,0,0.266,122.01,0.609
afro,Gbedu,37i9dQZF1DX6y9ROoDQuOj,0olEGNVZ5vhxFg1bkq3qZf,spotify:track:0olEGNVZ5vhxFg1bkq3qZf,https://p.scdn.co/mp3-preview/16d7d6452c9eff226fe391a7920691f7b71d1909?cid=63a77ff40e794a12ae216a18befde98c,Luku Luku,31,Moelogo,Magic,0.376,0.74,158660,0.66,1.04e-05,6,0.118,-7.573,1,0.191,94.815,0.604
afro,Gbedu,37i9dQZF1DX6y9ROoDQuOj,6SCXFcbXtH45FTIqVQby96,spotify:track:6SCXFcbXtH45FTIqVQby96,https://p.scdn.co/mp3-preview/1c24dfbcf1649998803c5a40407c8ec5ee2d2580?cid=63a77ff40e794a12ae216a18befde98c,Le Le Yi (feat. Lil Kesh & Fire Boy),27,"YBNL MaFia Family,Lil Kesh,Fire Boy",YBNL MaFia Family,0.0329,0.849,184633,0.85,2.04e-05,8,0.127,-3.833,1,0.269,116.97,0.559
afro,Gbedu,37i9dQZF1DX6y9ROoDQuOj,4VbcsZvXu7sknLLGOfWRSD,spotify:track:4VbcsZvXu7sknLLGOfWRSD,https://p.scdn.co/mp3-preview/f56c43a75600a0d59174bdf94b8549ea91cc0583?cid=63a77ff40e794a12ae216a18befde98c,Cash,44,Lady Donli,Cash,0.218,0.846,187826,0.671,0.454,11,0.0859,-7.822,0,0.044,115.018,0.724
afro,Gbedu,37i9dQZF1DX6y9ROoDQuOj,0BKNGcuee1D1o0RWnsIbkr,spotify:track:0BKNGcuee1D1o0RWnsIbkr,https://p.scdn.co/mp3-preview/476b0806b83e6e19162374abe912301200c3bc92?cid=63a77ff40e794a12ae216a18befde98c,Bum Bum,51,"DMW,DaVido,Zlatan",Bum Bum,0.0423,0.912,218410,0.728,0.000133,1,0.107,-4.361,0,0.109,111.036,0.341
afro,Gbedu,37i9dQZF1DX6y9ROoDQuOj,1KpBtWSI9dlv0RjtzvF1BD,spotify:track:1KpBtWSI9dlv0RjtzvF1BD,https://p.scdn.co/mp3-preview/66e9251c3be09d5bdfaeca9a4e1dafbd68f08440?cid=63a77ff40e794a12ae216a18befde98c,"Soco (feat. Wizkid, Ceeza Milli, Spotless & Terri)",66,"Starboy,WizKid,Ceeza Milli,Spotless,Terri","Soco (feat. Wizkid, Ceeza Milli, Spotless & Terri)",0.594,0.841,255608,0.644,0.00402,9,0.142,-3.284,0,0.083,108.003,0.881
afro,Gbedu,37i9dQZF1DX6y9ROoDQuOj,4cxacKRkXUaXwxwhD42Iqg,spotify:track:4cxacKRkXUaXwxwhD42Iqg,,Aye Kan,1,"Shizzi,Teni,Mayorkun",Aye Kan,0.119,0.852,302132,0.706,0.000352,1,0.128,-5.441,1,0.053,116.0,0.743
afro,Gbedu,37i9dQZF1DX6y9ROoDQuOj,713vhcww9d5fZbv6YlnUH9,spotify:track:713vhcww9d5fZbv6YlnUH9,https://p.scdn.co/mp3-preview/993fcfb9e9ece58eb0de03c1b5c3b12a046a992f?cid=63a77ff40e794a12ae216a18befde98c,Yaji,50,"Yemi Alade,Slimcase,Brainee",Yaji (feat. Slimcase & Brainee),0.0504,0.869,242857,0.807,0.000508,7,0.118,-3.23,1,0.227,122.005,0.519
afro,Gbedu,37i9dQZF1DX6y9ROoDQuOj,08Lr5WQMVAB1OxdkJJTuH9,spotify:track:08Lr5WQMVAB1OxdkJJTuH9,https://p.scdn.co/mp3-preview/0d98c79ab17499817859039e2277f99a904bb83c?cid=63a77ff40e794a12ae216a18befde98c,Sweet Boy,30,Falz,Sweet Boy,0.0628,0.634,162325,0.732,3.36e-06,1,0.0494,-4.304,1,0.188,131.89,0.948
afro,Gbedu,37i9dQZF1DX6y9ROoDQuOj,3ykrc8i5sYpmuhsGdixgPo,spotify:track:3ykrc8i5sYpmuhsGdixgPo,https://p.scdn.co/mp3-preview/35597726cb25088def8d3fe85557472c330aba6b?cid=63a77ff40e794a12ae216a18befde98c,Omoge,41,"DJ Spinall,Dotman",Iyanu,0.244,0.924,212137,0.803,0.0251,6,0.13,-3.205,0,0.151,119.983,0.743
afro,Gbedu,37i9dQZF1DX6y9ROoDQuOj,2Q20eWqSnV519ybPThUDWs,spotify:track:2Q20eWqSnV519ybPThUDWs,https://p.scdn.co/mp3-preview/5865e18e744ce1971ad8d8fae2a90e0b8701716f?cid=63a77ff40e794a12ae216a18befde98c,Gbona,62,Burna Boy,Gbona,0.564,0.806,187815,0.813,0.000141,4,0.105,-5.868,0,0.158,93.88,0.943
afro,Gbedu,37i9dQZF1DX6y9ROoDQuOj,6NynQjhojcFZ9iYhuezO6B,spotify:track:6NynQjhojcFZ9iYhuezO6B,https://p.scdn.co/mp3-preview/04531e1589cf24b991ca05aae1cf856270e90ac2?cid=63a77ff40e794a12ae216a18befde98c,Master Groove,50,WizKid,Master Groove,0.554,0.833,181132,0.804,0.000629,4,0.074,-3.742,0,0.0938,106.005,0.63
afro,Gbedu,37i9dQZF1DX6y9ROoDQuOj,0iS40P2xZ8ZpmE8OrGCgGJ,spotify:track:0iS40P2xZ8ZpmE8OrGCgGJ,,Drogba (Joanna) (feat. Wizkid),23,"Afro B,WizKid",Drogba (Joanna) (feat. Wizkid),0.0106,0.944,197923,0.559,3.25e-05,11,0.0775,-7.706,0,0.064,107.992,0.705
afro,Gbedu,37i9dQZF1DX6y9ROoDQuOj,2KG2MggKHSVTKR8nLJX8DV,spotify:track:2KG2MggKHSVTKR8nLJX8DV,https://p.scdn.co/mp3-preview/a9322d91f84e561227f8b102260560b87bb8aee9?cid=63a77ff40e794a12ae216a18befde98c,So Mi So,53,Wande Coal,So Mi So,0.0062,0.754,245182,0.524,0.000141,2,0.268,-13.453,1,0.0481,105.062,0.4
afro,Gbedu,37i9dQZF1DX6y9ROoDQuOj,0uaKM65fL3aEgZdmwabvDb,spotify:track:0uaKM65fL3aEgZdmwabvDb,https://p.scdn.co/mp3-preview/f011735da09cf0a1cac9360448bbc4d6c47029ce?cid=63a77ff40e794a12ae216a18befde98c,Manya,50,"Mut4y,WizKid",Manya,0.324,0.82,231273,0.605,2.33e-06,2,0.159,-7.676,1,0.0922,110.011,0.643
afro,Gbedu,37i9dQZF1DX6y9ROoDQuOj,1qNz5rynw3I9LU8uQRETsO,spotify:track:1qNz5rynw3I9LU8uQRETsO,https://p.scdn.co/mp3-preview/c6b7d76dd65b59911f2498adddf3003a16eda102?cid=63a77ff40e794a12ae216a18befde98c,Iskaba,59,"Wande Coal,DJ Tunez",Iskaba,0.0794,0.814,224680,0.764,0.0174,0,0.0696,-7.944,0,0.053,125.026,0.899
afro,Gbedu,37i9dQZF1DX6y9ROoDQuOj,5og36W61st4RU9DS5RsItv,spotify:track:5og36W61st4RU9DS5RsItv,https://p.scdn.co/mp3-preview/6ef8c61432ce49f9ae54d650bccc81b9b8be6645?cid=63a77ff40e794a12ae216a18befde98c,Lekki,35,"M.I. Abaga,Odunsi, Ajebutter22, Falz",Rendezvous,0.792,0.953,249750,0.496,0.000421,9,0.112,-7.701,1,0.0739,122.002,0.735
afro,Gbedu,37i9dQZF1DX6y9ROoDQuOj,6AYPyB4mgQIGeU0Xab4ONQ,spotify:track:6AYPyB4mgQIGeU0Xab4ONQ,https://p.scdn.co/mp3-preview/3d32caa96c725e0c9676551cdbf885e9ad5a6a10?cid=63a77ff40e794a12ae216a18befde98c,Motigbana,55,Olamide,Motigbana,0.387,0.855,237513,0.805,0.00154,7,0.0816,-5.484,1,0.129,95.008,0.604
afro,Gbedu,37i9dQZF1DX6y9ROoDQuOj,5RBtERJedsYRr2u0rh5zeU,spotify:track:5RBtERJedsYRr2u0rh5zeU,https://p.scdn.co/mp3-preview/e004838704022f88f3c22fa67c9aab8dc2e191e2?cid=63a77ff40e794a12ae216a18befde98c,Damiloun,35,"Show Dem Camp,Ajebutter22,Boj",Palmwine Music 2,0.773,0.785,257154,0.693,0.402,1,0.0674,-4.259,1,0.0713,102.993,0.839
afro,Gbedu,37i9dQZF1DX6y9ROoDQuOj,3ddd0nUY2jZtPYzg0r0wTb,spotify:track:3ddd0nUY2jZtPYzg0r0wTb,https://p.scdn.co/mp3-preview/ba4c34aa5b289d5005ddf864eb40a4b8fea7489b?cid=63a77ff40e794a12ae216a18befde98c,Pana,60,Tekno,Pana,0.305,0.553,242893,0.553,0.0581,6,0.0715,-6.818,0,0.305,72.949,0.664
afro,Gbedu,37i9dQZF1DX6y9ROoDQuOj,1eyCaj5QySgIm5kLPbZNVO,spotify:track:1eyCaj5QySgIm5kLPbZNVO,https://p.scdn.co/mp3-preview/a54a809ae37a78b9488375eb640363da31c4036f?cid=63a77ff40e794a12ae216a18befde98c,Bia,43,Terri,Bia,0.0688,0.755,185522,0.826,0.000111,5,0.0874,-4.696,0,0.165,110.039,0.857
afro,Gbedu,37i9dQZF1DX6y9ROoDQuOj,3nlHlYHEvLxkwCiiqbjCKI,spotify:track:3nlHlYHEvLxkwCiiqbjCKI,https://p.scdn.co/mp3-preview/e641f2d31b4d068cfd522343ecd37ff417145e38?cid=63a77ff40e794a12ae216a18befde98c,Science Student,45,Olamide,Science Student,0.562,0.789,203363,0.864,0.0,2,0.0759,-2.848,1,0.344,124.166,0.814
afro,Gbedu,37i9dQZF1DX6y9ROoDQuOj,6Uv4RUGsXi3nkguym0CtWj,spotify:track:6Uv4RUGsXi3nkguym0CtWj,https://p.scdn.co/mp3-preview/0ce0bbd5c09401f75b143a4681bdc9dfa0c86ea5?cid=63a77ff40e794a12ae216a18befde98c,Ose,33,SK,Ose,0.126,0.846,166817,0.589,0.0,5,0.0825,-8.58,0,0.224,104.977,0.794
afro,Gbedu,37i9dQZF1DX6y9ROoDQuOj,2HVcxwoTJDWuRwHtF39M1x,spotify:track:2HVcxwoTJDWuRwHtF39M1x,https://p.scdn.co/mp3-preview/68f69bf874e3ff8b3dc1792df7de96680bb7205f?cid=63a77ff40e794a12ae216a18befde98c,Diet,38,"Tiwa Savage,Reminisce,DJ Enimoney,Slimcase",Diet,0.119,0.592,196833,0.848,0.0,1,0.624,-5.501,0,0.392,160.637,0.825
afro,Gbedu,37i9dQZF1DX6y9ROoDQuOj,1toO4jnjuU6IQ0Y3o5PIzK,spotify:track:1toO4jnjuU6IQ0Y3o5PIzK,https://p.scdn.co/mp3-preview/40a2cc1a657c53620d05d1168376cc33558eac06?cid=63a77ff40e794a12ae216a18befde98c,Yeba,48,Kiss Daniel,Yeba,0.186,0.811,198975,0.769,0.00123,1,0.096,-5.267,1,0.0944,110.049,0.719
afro,Gbedu,37i9dQZF1DX6y9ROoDQuOj,7nSCIoTBW6Y7lHny5hSgqV,spotify:track:7nSCIoTBW6Y7lHny5hSgqV,https://p.scdn.co/mp3-preview/06b92e15d5ed619c78a7575ff38b97e7609d96ce?cid=63a77ff40e794a12ae216a18befde98c,Legbegbe,41,"Mr Real,Obadice,Idowest",Legbegbe,0.0652,0.903,262191,0.781,8.56e-05,1,0.0591,-5.465,0,0.109,125.01,0.758
afro,Gbedu,37i9dQZF1DX6y9ROoDQuOj,4XjX2pKGZw8CQ2mWakSK1Q,spotify:track:4XjX2pKGZw8CQ2mWakSK1Q,https://p.scdn.co/mp3-preview/4a7c08c679eaa0f12616a9a1d2ebba0adf40f9af?cid=63a77ff40e794a12ae216a18befde98c,Overload,45,"Mr Eazi,Slimcase,Mr Real",Overload,0.034,0.89,148026,0.805,0.00733,2,0.0461,-6.331,1,0.142,117.952,0.781
afro,Gbedu,37i9dQZF1DX6y9ROoDQuOj,3Aajl2Cw5V0KOIyIbHg6rT,spotify:track:3Aajl2Cw5V0KOIyIbHg6rT,https://p.scdn.co/mp3-preview/c5c90245081700bdc8f517621d85dedd12e3ba2d?cid=63a77ff40e794a12ae216a18befde98c,Mansa,45,Bisa Kdei,Break Through,0.119,0.671,246884,0.883,0.0,7,0.0401,-3.533,1,0.0539,124.94,0.907
afro,Gbedu,37i9dQZF1DX6y9ROoDQuOj,7vs4rAQJkNDa0elMTyTEML,spotify:track:7vs4rAQJkNDa0elMTyTEML,,Fine Lady,0,"Lynxx,WizKid","Afrobeats the Hits, Vol. 1",0.0123,0.75,221720,0.912,0.0,2,0.0402,-5.828,1,0.117,123.983,0.82
afro,Gbedu,37i9dQZF1DX6y9ROoDQuOj,6MWouwBoIdZirGG2ZXQ1zQ,spotify:track:6MWouwBoIdZirGG2ZXQ1zQ,https://p.scdn.co/mp3-preview/08d48c708ebaf1df345096f424d8c27bae86a6eb?cid=63a77ff40e794a12ae216a18befde98c,Boys Kasa,41,"R2Bees,Humble Dis,Spacely,Medikal,King Promise,Kwesi Arthur,DarkoVibes,RJZ,B4bonah",Boys Kasa,0.142,0.606,281360,0.516,1.06e-06,8,0.0545,-4.498,0,0.412,65.224,0.727
afro,Gbedu,37i9dQZF1DX6y9ROoDQuOj,54dZfQvuHTT9iYSBazTC0l,spotify:track:54dZfQvuHTT9iYSBazTC0l,https://p.scdn.co/mp3-preview/b8f908221b875ffb0f04c0f87e202405e105b361?cid=63a77ff40e794a12ae216a18befde98c,Touching Body,37,"J. Martins,DJ Arafat",Authentic (African Edition),0.135,0.745,250000,0.959,0.0,0,0.291,-2.72,1,0.0648,125.023,0.965
afro,Gbedu,37i9dQZF1DX6y9ROoDQuOj,1noPA8QfOmSEurS2PekBsp,spotify:track:1noPA8QfOmSEurS2PekBsp,https://p.scdn.co/mp3-preview/a14919775aa749fd6b3205500509d475d66ba1b7?cid=63a77ff40e794a12ae216a18befde98c,Nwa Baby (Ashawo Remix),48,Flavour,Best Of Flavour,0.121,0.767,262347,0.973,0.373,1,0.113,0.074,1,0.0743,100.625,0.959
afro,Gbedu,37i9dQZF1DX6y9ROoDQuOj,0MRRpJlQt5wYw2IP3gPvBt,spotify:track:0MRRpJlQt5wYw2IP3gPvBt,https://p.scdn.co/mp3-preview/da77a1ddd1d02b053c10195538e4af1dbd82a010?cid=63a77ff40e794a12ae216a18befde98c,Jasi,34,Banky W.,Jasi,0.0615,0.727,187116,0.906,0.814,6,0.0854,-3.76,0,0.21,127.044,0.964
afro,Gbedu,37i9dQZF1DX6y9ROoDQuOj,3ZHiwzecBgXptHtq0m572T,spotify:track:3ZHiwzecBgXptHtq0m572T,https://p.scdn.co/mp3-preview/bc78e62dd9f454d49390f529a0ad29dc0f468db4?cid=63a77ff40e794a12ae216a18befde98c,Teyana,32,"Ayüü,PsychoYP",Mango Juice & Bad Decisions,0.267,0.865,145194,0.555,0.000483,0,0.125,-9.031,1,0.205,105.004,0.478
afro,Gbedu,37i9dQZF1DX6y9ROoDQuOj,7dr9gDHQ4rsLLUWy0pzVpR,spotify:track:7dr9gDHQ4rsLLUWy0pzVpR,,Johnny,0,Yemi Alade,"Nigeria Gold, Vol. 7",0.11,0.781,234720,0.868,2.69e-05,8,0.0522,-2.775,1,0.277,125.143,0.787
afro,Gbedu,37i9dQZF1DX6y9ROoDQuOj,0RTKzoAF6R3YoHrdBjmmtJ,spotify:track:0RTKzoAF6R3YoHrdBjmmtJ,https://p.scdn.co/mp3-preview/9454b3e2e3ffb1952fd1f4dc784821f9aeaa54a9?cid=63a77ff40e794a12ae216a18befde98c,Shake Body,53,Skales,Man of the Year,0.193,0.855,208874,0.872,2.87e-05,6,0.0615,-4.09,1,0.0548,130.998,0.96
afro,Gbedu,37i9dQZF1DX6y9ROoDQuOj,1JmyGWtBvzS8vJsiatYnpp,spotify:track:1JmyGWtBvzS8vJsiatYnpp,,Oliver Twist,1,D'banj,King Don Come,0.414,0.602,237453,0.884,7.91e-06,8,0.126,-5.719,1,0.11,125.004,0.824
afro,Gbedu,37i9dQZF1DX6y9ROoDQuOj,6hJHVYmb81ecCPUEBxXsI9,spotify:track:6hJHVYmb81ecCPUEBxXsI9,https://p.scdn.co/mp3-preview/b13942439ffb669718c4fe4226fc35adb7d9ceb4?cid=63a77ff40e794a12ae216a18befde98c,Sanko,35,Timaya,Best Of Timaya,0.0385,0.723,187214,0.834,0.00137,5,0.0789,-3.054,1,0.105,103.02,0.976
afro,Gbedu,37i9dQZF1DX6y9ROoDQuOj,7086QbyiN4ITmlngO7XwgA,spotify:track:7086QbyiN4ITmlngO7XwgA,https://p.scdn.co/mp3-preview/f84b9131844dd80bba180224147c71136dd7cf46?cid=63a77ff40e794a12ae216a18befde98c,Oshey,51,"Juls,DJ Tunez,Moelogo,Siza",Ojekoo,0.0926,0.856,270158,0.348,0.0763,8,0.0662,-10.113,0,0.0784,117.983,0.37
afro,Gbedu,37i9dQZF1DX6y9ROoDQuOj,0s93E3YsMw1Wgnkih7619p,spotify:track:0s93E3YsMw1Wgnkih7619p,https://p.scdn.co/mp3-preview/f5faa4e4f85adcbab6ee1750ec2e3e5f096e4bca?cid=63a77ff40e794a12ae216a18befde98c,Ginger (feat. Wizkid),34,"L.A.X,WizKid",Ginger (feat. Wizkid),0.0596,0.777,232120,0.897,0.0,1,0.29,-2.871,1,0.0516,126.018,0.964
afro,Gbedu,37i9dQZF1DX6y9ROoDQuOj,38CYTisSSjMhhHqFyj6w4l,spotify:track:38CYTisSSjMhhHqFyj6w4l,https://p.scdn.co/mp3-preview/56e1b98576a8147cf8f84d5342ee3e0e2f80b4be?cid=63a77ff40e794a12ae216a18befde98c,Aza,28,"DMW,DaVido,Duncan Mighty,Peruzzi",Aza,0.2,0.705,224587,0.647,0.0,5,0.464,-3.895,0,0.0488,108.907,0.78
afro,Gbedu,37i9dQZF1DX6y9ROoDQuOj,6yvd2CiUrgg1UWAqzIwQ6d,spotify:track:6yvd2CiUrgg1UWAqzIwQ6d,https://p.scdn.co/mp3-preview/154cc638fbfad1b2c0a5ffaf8174af030b501ca0?cid=63a77ff40e794a12ae216a18befde98c,JowaBayi,32,"Damibliz,MysDiggi,Naira Marley",JowaBayi,0.0557,0.937,217391,0.572,0.0,1,0.279,-13.183,1,0.356,124.954,0.777
afro,Gbedu,37i9dQZF1DX6y9ROoDQuOj,1H7CSLIayBt7kkfija3eN2,spotify:track:1H7CSLIayBt7kkfija3eN2,https://p.scdn.co/mp3-preview/db6cd70ac856e5c0cef0bd9ff83adacaf0397911?cid=63a77ff40e794a12ae216a18befde98c,Maradona (Extended Version),29,Niniola,Maradona (Extended Version),0.0121,0.897,303125,0.672,0.387,9,0.11,-4.21,0,0.0608,118.036,0.834
afro,Gbedu,37i9dQZF1DX6y9ROoDQuOj,3977Fn3tNs2FyZ7yuyLrCh,spotify:track:3977Fn3tNs2FyZ7yuyLrCh,https://p.scdn.co/mp3-preview/8a40016b1151809ac1c21c27a62aa4f54435e63f?cid=63a77ff40e794a12ae216a18befde98c,AKWAABA,51,"GuiltyBeatz,Mr Eazi,Pappy Kojo,Patapaa",AKWAABA,0.0203,0.881,206829,0.862,0.113,2,0.0638,-4.974,1,0.0525,123.062,0.213
afro,Gbedu,37i9dQZF1DX6y9ROoDQuOj,2twuWVm42q3E4okRqfv8U1,spotify:track:2twuWVm42q3E4okRqfv8U1,https://p.scdn.co/mp3-preview/d450c65b6429e93a6cf65fa1a75600ed8ff965ef?cid=63a77ff40e794a12ae216a18befde98c,Nowo,52,"DJ Spinall,WizKid",Nowo,0.237,0.793,197851,0.721,2.94e-06,11,0.134,-5.256,0,0.0905,107.978,0.519
afro,Gbedu,37i9dQZF1DX6y9ROoDQuOj,7pN5xeBGywMaE5JLIJzZ6Q,spotify:track:7pN5xeBGywMaE5JLIJzZ6Q,https://p.scdn.co/mp3-preview/35e639041aca11426ede765e0058bed5d200e75c?cid=63a77ff40e794a12ae216a18befde98c,Soweto Baby (feat. Wizkid & DJ Buckz),44,"DJ Maphorisa,WizKid,DJ Buckz",Soweto Baby (feat. DJ Buckz & Wizkid),0.292,0.889,258000,0.728,4.09e-06,4,0.0748,-6.995,0,0.141,120.016,0.767
afro,Gbedu,37i9dQZF1DX6y9ROoDQuOj,4LbEUmACVAFj8e0WrMUdlN,spotify:track:4LbEUmACVAFj8e0WrMUdlN,https://p.scdn.co/mp3-preview/83bdad5d6ba4fae042f60404d97019366c7cc538?cid=63a77ff40e794a12ae216a18befde98c,Rock Your Body,56,Burna Boy,Outside,0.107,0.801,221228,0.623,0.00396,0,0.0853,-7.861,1,0.0982,104.985,0.801
afro,Gbedu,37i9dQZF1DX6y9ROoDQuOj,4OkVuWHDhHR55eokHmmiVY,spotify:track:4OkVuWHDhHR55eokHmmiVY,https://p.scdn.co/mp3-preview/f9c0038057d35a137efb92c51506ed95c5fd5bed?cid=63a77ff40e794a12ae216a18befde98c,Bang Luv,33,Soft,Bang Luv,0.331,0.791,201482,0.787,0.00718,7,0.0731,-4.092,0,0.0658,111.92,0.84
