category_id,playlist_name,playlist_id,track_id,track_uri,track_preview_url,track_name,track_popularity,artist_name,album_name,acousticness,danceability,duration_ms,energy,instrumentalness,key,liveness,loudness,mode,speechiness,tempo,valence
desi,This Is Anirudh Ravichander,37i9dQZF1DX5hlePrkMwGp,3RTSwqeT3UDNUhMECiJ99K,spotify:track:3RTSwqeT3UDNUhMECiJ99K,https://p.scdn.co/mp3-preview/3a02e1a8081f94276fcbc1b250199daa6800cb30?cid=63a77ff40e794a12ae216a18befde98c,Udhungada Sangu,46,Anirudh Ravichander,Wunderboy Anirudh,0.22,0.449,209640,0.802,0.0,10,0.0654,-5.55,0,0.1,86.086,0.741
desi,This Is Anirudh Ravichander,37i9dQZF1DX5hlePrkMwGp,1jaSS3xz5NuGle1XjxeNml,spotify:track:1jaSS3xz5NuGle1XjxeNml,https://p.scdn.co/mp3-preview/567445070bd524a51ec49ddbd326270902074017?cid=63a77ff40e794a12ae216a18befde98c,Ey Inge Paaru,38,Anirudh Ravichander,Wunderboy Anirudh,0.0667,0.754,117788,0.837,5.87e-05,7,0.609,-4.098,1,0.0942,95.023,0.823
desi,This Is Anirudh Ravichander,37i9dQZF1DX5hlePrkMwGp,2RB3zzgxWc2RRBaJOkSEka,spotify:track:2RB3zzgxWc2RRBaJOkSEka,https://p.scdn.co/mp3-preview/9c9b6a590ad76d12160aef6e31bc3ec58f590b52?cid=63a77ff40e794a12ae216a18befde98c,Senjitaley,41,"Anirudh Ravichander,Sivakarthikeyan,Keerthy Suresh",Remo (Original Motion Picture Soundtrack),0.476,0.655,251333,0.941,3.22e-06,1,0.215,-5.185,1,0.14,88.073,0.344
desi,This Is Anirudh Ravichander,37i9dQZF1DX5hlePrkMwGp,065Z2aaZ990VPUHM9kHbI6,spotify:track:065Z2aaZ990VPUHM9kHbI6,https://p.scdn.co/mp3-preview/8aa34654e9a7095599b9deb40d3840abf19720c1?cid=63a77ff40e794a12ae216a18befde98c,"Don'u Don'u Don'u (From ""Maari"") - The Don's Romance",38,"Anirudh Ravichander,Alisha Thomas,Dhanush,Kajal Aggarwal,Vijay Yesudas",Chill Level : Anirudh Ravichander,0.287,0.776,195710,0.82,0.000361,8,0.242,-4.405,0,0.0414,89.982,0.773
desi,This Is Anirudh Ravichander,37i9dQZF1DX5hlePrkMwGp,1kZwVm0A2GWyBm4Oi2BFGX,spotify:track:1kZwVm0A2GWyBm4Oi2BFGX,https://p.scdn.co/mp3-preview/3452eff43779339d7f8822fe4321c5999da14a44?cid=63a77ff40e794a12ae216a18befde98c,The Maari Swag,35,"Anirudh Ravichander,Dhanush,Kajal Aggarwal,Vijay Yesudas",Maari (Original Motion Picture Soundtrack),0.00338,0.5,30754,0.729,0.0814,10,0.177,-4.643,0,0.134,169.552,0.525
desi,This Is Anirudh Ravichander,37i9dQZF1DX5hlePrkMwGp,35cs2sZ24XIGequNBXfdpv,spotify:track:35cs2sZ24XIGequNBXfdpv,https://p.scdn.co/mp3-preview/39fd2ef223a630e597310ff086bcee4fc5d3a2c6?cid=63a77ff40e794a12ae216a18befde98c,Un Paarvayil,35,"Anirudh Ravichander,Vivek Siva,Sivakarthikeyan,Priya Anand",Ethir Neechal (Original Motion Picture Soundtrack),0.457,0.562,101133,0.673,0.0299,7,0.109,-8.184,0,0.0679,95.075,0.319
desi,This Is Anirudh Ravichander,37i9dQZF1DX5hlePrkMwGp,7zEqY4oGrTVOx85VlRSymi,spotify:track:7zEqY4oGrTVOx85VlRSymi,https://p.scdn.co/mp3-preview/53f3a0e72ba58137c793cba9b8e77d439cf04ce0?cid=63a77ff40e794a12ae216a18befde98c,Tamilselvi,39,"Anirudh Ravichander,Nakash Aziz,Sivakarthikeyan,Keerthy Suresh",Remo (Original Motion Picture Soundtrack),0.0798,0.696,230388,0.931,5.89e-06,7,0.234,-4.089,1,0.0636,89.972,0.847
desi,This Is Anirudh Ravichander,37i9dQZF1DX5hlePrkMwGp,4NQBqInyE7zvjIiP4j1dmy,spotify:track:4NQBqInyE7zvjIiP4j1dmy,https://p.scdn.co/mp3-preview/da4425f502a8ef1d27769c03b7df1fa1fbd08835?cid=63a77ff40e794a12ae216a18befde98c,Sirikkadhey,41,"Anirudh Ravichander,Arjun Kanungo,Srinidhi Venkatesh,Sivakarthikeyan,Keerthy Suresh",Remo (Original Motion Picture Soundtrack),0.151,0.632,245889,0.629,0.00382,1,0.114,-7.392,1,0.0354,87.998,0.456
desi,This Is Anirudh Ravichander,37i9dQZF1DX5hlePrkMwGp,3zqHjFN4wHB7MLYdcMFdWB,spotify:track:3zqHjFN4wHB7MLYdcMFdWB,https://p.scdn.co/mp3-preview/8583afc5d521ce5c6204fe8f58e1523a635c9d24?cid=63a77ff40e794a12ae216a18befde98c,"Maari Thara Local (From ""Maari"") - Here Comes Maari",34,"Anirudh Ravichander,Dhanush,Kajal Aggarwal,Vijay Yesudas",Mass Level : Anirudh Ravichander,0.621,0.709,230253,0.956,1.06e-06,6,0.0982,-4.695,1,0.255,94.945,0.664
desi,This Is Anirudh Ravichander,37i9dQZF1DX5hlePrkMwGp,1zAkNzJZVPrWDCnowb1vpZ,spotify:track:1zAkNzJZVPrWDCnowb1vpZ,https://p.scdn.co/mp3-preview/88385035387484f98ffe0654de0c008d860b6650?cid=63a77ff40e794a12ae216a18befde98c,Oh Penne,44,"Anirudh Ravichander,Vishal Dadlani,Shiva,Priya Anand",Vanakkam Chennai (Original Motion Picture Soundtrack),0.573,0.483,276400,0.65,2.97e-05,7,0.228,-6.752,0,0.0349,94.988,0.637
desi,This Is Anirudh Ravichander,37i9dQZF1DX5hlePrkMwGp,6sAdmaffuMijDszeFrGF1H,spotify:track:6sAdmaffuMijDszeFrGF1H,https://p.scdn.co/mp3-preview/6edf3f6732b6bf2efa868728a37e61bb10001fac?cid=63a77ff40e794a12ae216a18befde98c,"Enakenna Yaarum Illaye (From ""Aakko"")",40,"Anirudh Ravichander,Geethan Britto,Tulika Gupta,Arjunan,Swaminathan","Enakenna Yaarum Illaye (From ""Aakko"")",0.0966,0.571,260813,0.818,0.0,5,0.16,-3.926,0,0.0857,160.036,0.781
desi,This Is Anirudh Ravichander,37i9dQZF1DX5hlePrkMwGp,5b1zcET4JFw1BHh8rsjHq3,spotify:track:5b1zcET4JFw1BHh8rsjHq3,https://p.scdn.co/mp3-preview/13337ab8c95e05669598502c9b3bdf955fbdacab?cid=63a77ff40e794a12ae216a18befde98c,Thangamey,46,Anirudh Ravichander,Wunderboy Anirudh,0.48,0.583,262540,0.901,0.0,2,0.248,-5.785,1,0.0739,99.927,0.618
desi,This Is Anirudh Ravichander,37i9dQZF1DX5hlePrkMwGp,7vgWggk85sh6n8iMmMDZVJ,spotify:track:7vgWggk85sh6n8iMmMDZVJ,https://p.scdn.co/mp3-preview/86ea5d659042a80cb6f889d32fb5089e88d19adc?cid=63a77ff40e794a12ae216a18befde98c,"Karuthavanlaam Galeejaam (From ""Velaikkaran"")",40,"Anirudh Ravichander,Sivakarthikeyan,Nayanthara","Karuthavanlaam Galeejaam (From ""Velaikkaran"")",0.209,0.67,208464,0.94,0.0,11,0.346,-4.404,1,0.308,89.951,0.475
desi,This Is Anirudh Ravichander,37i9dQZF1DX5hlePrkMwGp,4Qad5qCAVtYgvhFCzyIaUK,spotify:track:4Qad5qCAVtYgvhFCzyIaUK,https://p.scdn.co/mp3-preview/d57d5bcd99f8644cc03c36e7b8e5cbef5d023df4?cid=63a77ff40e794a12ae216a18befde98c,Velai Illa Pattadhaari,35,Anirudh Ravichander,Velai Illa Pattadhaari (Original Motion Picture Soundtrack),0.00633,0.549,236555,0.932,0.0,0,0.886,-4.36,1,0.0854,90.023,0.745
desi,This Is Anirudh Ravichander,37i9dQZF1DX5hlePrkMwGp,0jvNc73pMCkyHTchaQu6NV,spotify:track:0jvNc73pMCkyHTchaQu6NV,https://p.scdn.co/mp3-preview/263130e832c7acdb4ddecf02307dd52915f06ba9?cid=63a77ff40e794a12ae216a18befde98c,Surviva,37,"Anirudh Ravichander,Yogi B,Mali,Vivek Oberoi,Ajith Kumar,Kajal Aggarwal,Akshara Haasan",Vivegam (Original Motion Picture Soundtrack),0.137,0.608,222027,0.919,0.000276,9,0.243,-7.203,0,0.0758,160.029,0.728
desi,This Is Anirudh Ravichander,37i9dQZF1DX5hlePrkMwGp,32E2AGkk15IU9JMZUGs7Ih,spotify:track:32E2AGkk15IU9JMZUGs7Ih,https://p.scdn.co/mp3-preview/9b64d5611697eb96f0eecc6714c2ebed0ed105a0?cid=63a77ff40e794a12ae216a18befde98c,Hey Mama,35,Anirudh Ravichander,Sethupathi (Original Motion Picture Soundtrack),0.109,0.782,269398,0.926,1e-06,4,0.0786,-5.887,0,0.088,101.977,0.522
desi,This Is Anirudh Ravichander,37i9dQZF1DX5hlePrkMwGp,0xttqqTj7ZAGyVkfOYxQ4F,spotify:track:0xttqqTj7ZAGyVkfOYxQ4F,https://p.scdn.co/mp3-preview/5d1ced200d9706c3c9b8a04801fd4b623795cd31?cid=63a77ff40e794a12ae216a18befde98c,Nee Paartha Vizhigal - The Touch of Love,42,"Anirudh Ravichander,Vijay Yesudas,Shweta Mohan,Dhanush",3 (Original Motion Picture Soundtrack),0.293,0.665,264507,0.596,3.73e-05,9,0.247,-6.969,0,0.0278,110.056,0.644
desi,This Is Anirudh Ravichander,37i9dQZF1DX5hlePrkMwGp,27wOzezIb5r7IHRtesOIiI,spotify:track:27wOzezIb5r7IHRtesOIiI,https://p.scdn.co/mp3-preview/a1dbdf9594d7ab0fb0e0afc96e8bba45aa201ea4?cid=63a77ff40e794a12ae216a18befde98c,Sunrise Theme,30,Anirudh Ravichander,Velai Illa Pattadhaari (Original Motion Picture Soundtrack),0.601,0.495,68892,0.478,0.958,2,0.252,-6.49,0,0.0282,149.938,0.93
desi,This Is Anirudh Ravichander,37i9dQZF1DX5hlePrkMwGp,4YPfFmzgRJKXeyBNjDij1C,spotify:track:4YPfFmzgRJKXeyBNjDij1C,https://p.scdn.co/mp3-preview/1cf880bf1c1808537ede5b2c8bcdfbb42d15f9be?cid=63a77ff40e794a12ae216a18befde98c,Shake That,31,Anirudh Ravichander,Wunderboy Anirudh,0.183,0.833,183375,0.862,5.84e-05,8,0.278,-4.203,0,0.18,99.928,0.825
desi,This Is Anirudh Ravichander,37i9dQZF1DX5hlePrkMwGp,7xV3MCJ6YI3K4I6Jt1a9H7,spotify:track:7xV3MCJ6YI3K4I6Jt1a9H7,https://p.scdn.co/mp3-preview/50958f655fc4d5b5fbb371dee31ac4dffafe303b?cid=63a77ff40e794a12ae216a18befde98c,Osaka Osaka,37,"Anirudh Ravichander,Pragathi,Shiva,Priya Anand",Vanakkam Chennai (Original Motion Picture Soundtrack),0.471,0.283,368107,0.613,0.0,5,0.104,-7.702,1,0.0581,78.154,0.386
desi,This Is Anirudh Ravichander,37i9dQZF1DX5hlePrkMwGp,7mIlbe9TP4eqC1oGIYC8Jh,spotify:track:7mIlbe9TP4eqC1oGIYC8Jh,https://p.scdn.co/mp3-preview/e2e0172ec890f03b4b5f69a3675f668e66fc9d75?cid=63a77ff40e794a12ae216a18befde98c,Chennai City Gangsta,36,"Anirudh Ravichander,Hard Kaur,Hiphop Tamizha,Country Chicken,Shiva,Priya Anand",Vanakkam Chennai (Original Motion Picture Soundtrack),0.0871,0.731,257547,0.887,0.0,10,0.707,-7.554,0,0.245,126.971,0.434
desi,This Is Anirudh Ravichander,37i9dQZF1DX5hlePrkMwGp,6nP69wy9Y1PonStmqt33uk,spotify:track:6nP69wy9Y1PonStmqt33uk,https://p.scdn.co/mp3-preview/a5ba9fa9404dc5600aa2b89deb0d8f7a8a80a445?cid=63a77ff40e794a12ae216a18befde98c,Avalukena,36,"Anirudh Ravichander,Srinidhi Venkatesh",Avalukena,0.758,0.5,287786,0.374,0.000438,2,0.0828,-10.043,1,0.0348,79.992,0.425
desi,This Is Anirudh Ravichander,37i9dQZF1DX5hlePrkMwGp,2MwCoo4GeXpi8soWn9EiPo,spotify:track:2MwCoo4GeXpi8soWn9EiPo,https://p.scdn.co/mp3-preview/ba3095ad55a503846402b6fd5b26ceea1f65a482?cid=63a77ff40e794a12ae216a18befde98c,Kannazhaga - The Kiss of Love,46,"Anirudh Ravichander,Dhanush,Shruti Haasan",3 (Original Motion Picture Soundtrack),0.431,0.571,205947,0.496,0.0,8,0.401,-7.153,0,0.0281,109.941,0.604
desi,This Is Anirudh Ravichander,37i9dQZF1DX5hlePrkMwGp,0o2S5PKRkpTq8dLx8O7W4j,spotify:track:0o2S5PKRkpTq8dLx8O7W4j,https://p.scdn.co/mp3-preview/57e4e9c96a5beaa3712f004f600af7cf672bab4d?cid=63a77ff40e794a12ae216a18befde98c,"Velicha Poove (From ""Ethir Neechal"")",31,"Anirudh Ravichander,Mohit Chauhan,Shreya Ghoshal,Sivakarthikeyan,Priya Anand",Best of Anirudh,0.444,0.526,312280,0.701,2.74e-06,5,0.0883,-6.574,0,0.0552,79.744,0.683
desi,This Is Anirudh Ravichander,37i9dQZF1DX5hlePrkMwGp,648oRMHWyP5AXrgH43IrUP,spotify:track:648oRMHWyP5AXrgH43IrUP,https://p.scdn.co/mp3-preview/9b89a20a291634ae7a1952edfe001af70838e535?cid=63a77ff40e794a12ae216a18befde98c,"Local Boys (From ""Ethir Neechal"")",34,"Anirudh Ravichander,Dhanush,Velmurugan,Sivakarthikeyan,Priya Anand",Best of Anirudh,0.0182,0.68,274427,0.86,0.0,1,0.563,-4.061,1,0.0497,90.015,0.565
desi,This Is Anirudh Ravichander,37i9dQZF1DX5hlePrkMwGp,6djRqSJNZnkuWYXQWaeCL8,spotify:track:6djRqSJNZnkuWYXQWaeCL8,https://p.scdn.co/mp3-preview/e2b89b1fea974df77c3e80e4c343d644874696b1?cid=63a77ff40e794a12ae216a18befde98c,Marandhadhae,30,"Anirudh Ravichander,Teejay",Simba (Original Motion Picture Soundtrack),0.0142,0.476,189105,0.498,2.87e-05,9,0.14,-8.486,0,0.0292,159.84,0.216
desi,This Is Anirudh Ravichander,37i9dQZF1DX5hlePrkMwGp,7rwYoraol82ytYk8Xf1XJF,spotify:track:7rwYoraol82ytYk8Xf1XJF,https://p.scdn.co/mp3-preview/030b2ba9dbb434b76d23e2494e9b779dca143f5c?cid=63a77ff40e794a12ae216a18befde98c,"Aale Saachu Putta Kannala - From ""Vil Ambu""",28,Anirudh Ravichander,"Aale Saachu Putta Kannala (From ""Vil Ambu"")",0.729,0.714,267205,0.459,0.0,0,0.0633,-7.25,0,0.208,80.967,0.906
desi,This Is Anirudh Ravichander,37i9dQZF1DX5hlePrkMwGp,4tC9EKLTfmLEryGR2f7Wjc,spotify:track:4tC9EKLTfmLEryGR2f7Wjc,https://p.scdn.co/mp3-preview/187a756d7e1f962ad966445694997e4896f94059?cid=63a77ff40e794a12ae216a18befde98c,Po Nee Po - Remix - The Scream of Love,30,"Anirudh Ravichander,Sathyaprakash,Harish Swaminathan,Dhanush",3 (Original Motion Picture Soundtrack),0.0485,0.591,223747,0.883,0.000123,7,0.115,-5.596,0,0.099,130.035,0.471
desi,This Is Anirudh Ravichander,37i9dQZF1DX5hlePrkMwGp,6n8gWl0tiqrjsrytd24prO,spotify:track:6n8gWl0tiqrjsrytd24prO,https://p.scdn.co/mp3-preview/4d15cb4db076652727dcfcc3f93fa1800a3f286f?cid=63a77ff40e794a12ae216a18befde98c,Ailasa Ailasa,30,"Anirudh Ravichander,Suchitra,Shiva,Priya Anand",Vanakkam Chennai (Original Motion Picture Soundtrack),0.898,0.529,246067,0.409,1.73e-05,7,0.147,-7.828,1,0.028,135.097,0.486
desi,This Is Anirudh Ravichander,37i9dQZF1DX5hlePrkMwGp,5F6QjI9stjXP8yNzu60SEP,spotify:track:5F6QjI9stjXP8yNzu60SEP,https://p.scdn.co/mp3-preview/e420f758de567da0bf33275affce221a0becfd05?cid=63a77ff40e794a12ae216a18befde98c,The Theri Theme,30,"Anirudh Ravichander,Ajith Kumar,Shruti Haasan,Lakshmi Menon",Vedalam (Original Motion Picture Soundtrack),0.00446,0.562,112405,0.796,1.07e-06,7,0.149,-7.407,1,0.0612,150.062,0.614
desi,This Is Anirudh Ravichander,37i9dQZF1DX5hlePrkMwGp,5RP7NIFbpQHqPLTe5dpxet,spotify:track:5RP7NIFbpQHqPLTe5dpxet,https://p.scdn.co/mp3-preview/cc09522c339070e17fd22c56a2a96d642055ef3e?cid=63a77ff40e794a12ae216a18befde98c,Engadi Porandha,30,"Anirudh Ravichander,Andrea Jeremiah,Shiva,Priya Anand",Vanakkam Chennai (Original Motion Picture Soundtrack),0.179,0.802,205267,0.647,0.0,6,0.109,-7.741,1,0.317,92.963,0.84
desi,This Is Anirudh Ravichander,37i9dQZF1DX5hlePrkMwGp,5CzhbT0Ly1hcslbzAchwnx,spotify:track:5CzhbT0Ly1hcslbzAchwnx,https://p.scdn.co/mp3-preview/a152f3747edcefb970a1bf470279cb6d812f8f1d?cid=63a77ff40e794a12ae216a18befde98c,"Naana Thaana (From ""Thaanaa Serndha Koottam"")",28,"Anirudh Ravichander,Suriya,Keerthy Suresh",Best of Love : Anirudh Ravichander,0.0309,0.587,259594,0.861,0.0,10,0.157,-4.231,1,0.238,89.953,0.759
desi,This Is Anirudh Ravichander,37i9dQZF1DX5hlePrkMwGp,5o0cR4FzBPvSE7831sBNvq,spotify:track:5o0cR4FzBPvSE7831sBNvq,https://p.scdn.co/mp3-preview/8f574dce97f24f3267f82b1d31676da1e77f65d7?cid=63a77ff40e794a12ae216a18befde98c,A Life Full of Love Theme - Instrumental,31,"Anirudh Ravichander,The Chennai Strings Orchestra,Dhanush",3 (Original Motion Picture Soundtrack),0.907,0.362,115853,0.425,0.338,2,0.118,-5.811,0,0.0343,118.077,0.486
desi,This Is Anirudh Ravichander,37i9dQZF1DX5hlePrkMwGp,15qV037CPTg6GigCgLMKG4,spotify:track:15qV037CPTg6GigCgLMKG4,https://p.scdn.co/mp3-preview/d57d5bcd99f8644cc03c36e7b8e5cbef5d023df4?cid=63a77ff40e794a12ae216a18befde98c,VIP Title Song,33,Anirudh Ravichander,Wunderboy Anirudh,0.00633,0.549,236555,0.932,0.0,0,0.886,-4.36,1,0.0854,90.023,0.745
desi,This Is Anirudh Ravichander,37i9dQZF1DX5hlePrkMwGp,48ePgAy2q22QcFUPjUv53Z,spotify:track:48ePgAy2q22QcFUPjUv53Z,https://p.scdn.co/mp3-preview/ec45c8dfe9cdce3496713298ebac1c37f4ea720a?cid=63a77ff40e794a12ae216a18befde98c,Onnume Aagala,30,"Anirudh Ravichander,Mali",Onnume Aagala,0.554,0.652,252024,0.645,3.7e-06,0,0.131,-5.15,1,0.177,79.825,0.744
desi,This Is Anirudh Ravichander,37i9dQZF1DX5hlePrkMwGp,4QcOPoawK7LrgQ3cmN27of,spotify:track:4QcOPoawK7LrgQ3cmN27of,https://p.scdn.co/mp3-preview/f30610059b88ec5e6011090b34389459088e97f0?cid=63a77ff40e794a12ae216a18befde98c,"Oh Oh (From ""Thangamagan"") - The First Love of Tamizh",27,"Anirudh Ravichander,Dhanush,Nikhita Gandhi,Amy Jackson,Samantha",Best of Love : Anirudh Ravichander,0.413,0.594,276706,0.587,0.00013,4,0.0904,-8.705,1,0.0268,85.002,0.448
desi,This Is Anirudh Ravichander,37i9dQZF1DX5hlePrkMwGp,4zvwpmnKudoMEVpl0h2JKE,spotify:track:4zvwpmnKudoMEVpl0h2JKE,https://p.scdn.co/mp3-preview/a6e5bd09c20d5d3db5bf76ef00b88c87218fe74f?cid=63a77ff40e794a12ae216a18befde98c,Kadhalaada,28,"Anirudh Ravichander,Pradeep Kumar,Shashaa Tirupati,Vivek Oberoi,Ajith Kumar,Kajal Aggarwal,Akshara Haasan",Vivegam (Original Motion Picture Soundtrack),0.702,0.488,256196,0.676,0.00143,4,0.126,-7.993,1,0.0369,114.925,0.508
desi,This Is Anirudh Ravichander,37i9dQZF1DX5hlePrkMwGp,4bBvORgFl84qcZ1Q4LtMoN,spotify:track:4bBvORgFl84qcZ1Q4LtMoN,https://p.scdn.co/mp3-preview/8be22b849a63458f62155eb421c11b1224c4b717?cid=63a77ff40e794a12ae216a18befde98c,Alladhe Siragiye,29,"Anirudh Ravichander,Sid Sriram,Hrishikesh Krishnakumar,Sanchita Shetty",Rum (Original Motion Picture Soundtrack),0.0766,0.613,222693,0.929,0.000345,0,0.145,-5.309,1,0.0559,115.032,0.439
desi,This Is Anirudh Ravichander,37i9dQZF1DX5hlePrkMwGp,0SmWo1iBkosyHSr7nZKDnD,spotify:track:0SmWo1iBkosyHSr7nZKDnD,https://p.scdn.co/mp3-preview/768f5b0720bba68a4f52916c12c4d5f7742b2044?cid=63a77ff40e794a12ae216a18befde98c,Come Closer - Sirikkadhey Reprise,30,"Anirudh Ravichander,Inno Genga,Sivakarthikeyan,Keerthy Suresh",Remo (Original Motion Picture Soundtrack),0.564,0.589,206778,0.617,0.0,6,0.114,-6.784,1,0.0895,87.956,0.544
desi,This Is Anirudh Ravichander,37i9dQZF1DX5hlePrkMwGp,3CtkjWNer4BJwzwsZsvjUD,spotify:track:3CtkjWNer4BJwzwsZsvjUD,https://p.scdn.co/mp3-preview/ab29c961e9f66d402761dda642bbdae70ee29c30?cid=63a77ff40e794a12ae216a18befde98c,Kadavulae Vidai,24,"Anirudh Ravichander,Sean Roldan,Hrishikesh Krishnakumar,Sanchita Shetty",Rum (Original Motion Picture Soundtrack),0.672,0.458,242000,0.564,0.000226,9,0.297,-8.796,1,0.0363,160.037,0.383
desi,This Is Anirudh Ravichander,37i9dQZF1DX5hlePrkMwGp,232kZYrxOYqyMeBFwudXEM,spotify:track:232kZYrxOYqyMeBFwudXEM,https://p.scdn.co/mp3-preview/0918eb8346d5abff658a632c2f4f8384200067bd?cid=63a77ff40e794a12ae216a18befde98c,AK Theme Music - Ready to Rage,24,"Anirudh Ravichander,Vivek Oberoi,Ajith Kumar,Kajal Aggarwal,Akshara Haasan",Vivegam (Original Motion Picture Soundtrack),0.00433,0.586,83294,0.837,0.441,9,0.416,-5.135,1,0.0333,85.018,0.466
desi,This Is Anirudh Ravichander,37i9dQZF1DX5hlePrkMwGp,0iXMBWV4EvKcxxdUJMOCFu,spotify:track:0iXMBWV4EvKcxxdUJMOCFu,https://p.scdn.co/mp3-preview/a0fa844e260f885156bed32ccd08b66f310ba9d7?cid=63a77ff40e794a12ae216a18befde98c,Remo Nee Kadhalan,29,"Anirudh Ravichander,Sivakarthikeyan,Keerthy Suresh",Remo (Original Motion Picture Soundtrack),0.121,0.676,243013,0.93,7.41e-05,11,0.488,-5.145,0,0.0489,135.055,0.758
desi,This Is Anirudh Ravichander,37i9dQZF1DX5hlePrkMwGp,3m9w7JfZ5Jn30qJcJACS2Z,spotify:track:3m9w7JfZ5Jn30qJcJACS2Z,https://p.scdn.co/mp3-preview/42023663691bf768a6684715fe88244a42cbd797?cid=63a77ff40e794a12ae216a18befde98c,Shut Up Pannunga Tit Bit,25,Anirudh Ravichander,"Shut Up Pannunga Tit Bit (From ""Balloon"" Original Motion Picture Soundtrack)",0.0531,0.648,66071,0.901,0.0003,7,0.0562,-6.797,1,0.0529,83.989,0.757
desi,This Is Anirudh Ravichander,37i9dQZF1DX5hlePrkMwGp,2VjYF5L2LAOQNkIDCyAnAe,spotify:track:2VjYF5L2LAOQNkIDCyAnAe,https://p.scdn.co/mp3-preview/c2b6c313ca561ab9599795be3d70a25ac967e587?cid=63a77ff40e794a12ae216a18befde98c,Meesa Beauty,29,"Anirudh Ravichander,Richard,Sivakarthikeyan,Keerthy Suresh",Remo (Original Motion Picture Soundtrack),0.0311,0.728,250678,0.903,6.65e-05,11,0.0433,-5.69,0,0.0479,94.983,0.607
desi,This Is Anirudh Ravichander,37i9dQZF1DX5hlePrkMwGp,3Ss0h6wRTuYwnIPXOYa9bs,spotify:track:3Ss0h6wRTuYwnIPXOYa9bs,https://p.scdn.co/mp3-preview/880cd033983e22fce3adc1c2b9e9b8086d40de01?cid=63a77ff40e794a12ae216a18befde98c,Daavuya,32,"Anirudh Ravichander,Santhosh Narayanan,Sivakarthikeyan,Keerthy Suresh",Remo (Original Motion Picture Soundtrack),0.311,0.579,267222,0.835,4.47e-06,9,0.216,-4.436,0,0.193,124.083,0.437
desi,This Is Anirudh Ravichander,37i9dQZF1DX5hlePrkMwGp,4fEpyns4Zdq8rKfElaiZOY,spotify:track:4fEpyns4Zdq8rKfElaiZOY,https://p.scdn.co/mp3-preview/98af5bcfc2f3f78880f72ceb7ba257ed72356784?cid=63a77ff40e794a12ae216a18befde98c,Never Give Up,26,"Anirudh Ravichander,Raja Kumari,Vivek Oberoi,Ajith Kumar,Kajal Aggarwal,Akshara Haasan",Vivegam (Original Motion Picture Soundtrack),0.0929,0.624,270942,0.812,0.0,1,0.158,-5.375,1,0.207,140.0,0.565
desi,This Is Anirudh Ravichander,37i9dQZF1DX5hlePrkMwGp,5G9Ss3mudUihJWtDoYHSs4,spotify:track:5G9Ss3mudUihJWtDoYHSs4,https://p.scdn.co/mp3-preview/fdd3d5ae52717abcadb88b3a842d34156716e454?cid=63a77ff40e794a12ae216a18befde98c,Thalai Viduthalai,26,"Anirudh Ravichander,Harish Swaminathan,Vivek Oberoi,Ajith Kumar,Kajal Aggarwal,Akshara Haasan",Vivegam (Original Motion Picture Soundtrack),0.00145,0.371,195435,0.934,9.2e-06,10,0.342,-4.202,0,0.115,103.558,0.598
desi,This Is Anirudh Ravichander,37i9dQZF1DX5hlePrkMwGp,0KmgBlxg0pVZRStgiSMo15,spotify:track:0KmgBlxg0pVZRStgiSMo15,https://p.scdn.co/mp3-preview/0cf7219234f3012e004a1595e6d2afc6b4d8b23c?cid=63a77ff40e794a12ae216a18befde98c,Yappa Chappa,28,"Anirudh Ravichander,Kalpana",Kanithan (Original Motion Picture Soundtrack),0.243,0.769,284187,0.84,0.0,0,0.065,-6.602,1,0.164,144.982,0.848
desi,This Is Anirudh Ravichander,37i9dQZF1DX5hlePrkMwGp,0CIDCpvbNC4B72PhgFlgNt,spotify:track:0CIDCpvbNC4B72PhgFlgNt,https://p.scdn.co/mp3-preview/f1bc684b9bc3d0dbfc449b6e55e20d717f9ec298?cid=63a77ff40e794a12ae216a18befde98c,Veriyera,21,"Anirudh Ravichander,M. M. Manasi,Poorvi Koutish,Vivek Oberoi,Ajith Kumar,Kajal Aggarwal,Akshara Haasan",Vivegam (Original Motion Picture Soundtrack),0.279,0.757,276641,0.856,0.00691,8,0.157,-6.345,1,0.0977,131.029,0.395
desi,This Is Anirudh Ravichander,37i9dQZF1DX5hlePrkMwGp,1crtAOz0hbTxL6M5pRMdfb,spotify:track:1crtAOz0hbTxL6M5pRMdfb,,Shut Up Pannunga,0,"Anirudh Ravichander,Arunraja Kamaraj","Shut Up Pannunga (From ""Balloon"" Original Motion Picture Soundtrack)",0.0632,0.5,196071,0.857,0.000142,2,0.0569,-7.4,1,0.205,167.997,0.56
