category_id,playlist_name,playlist_id,track_id,track_uri,track_preview_url,track_name,track_popularity,artist_name,album_name,acousticness,danceability,duration_ms,energy,instrumentalness,key,liveness,loudness,mode,speechiness,tempo,valence
desi,Bachchan's Best,37i9dQZF1DX9ZinQt3Ddkj,5mXmAlihmMSuHSHTEDwOoh,spotify:track:5mXmAlihmMSuHSHTEDwOoh,,"Are Diwano Mujhe Pehchano - From ""Don""",0,Kishore Kumar,Forever Amitabh Bachchan - Dance,0.588,0.415,283925,0.464,0.0912,5,0.646,-12.669,1,0.0384,66.216,0.762
desi,Bachchan's Best,37i9dQZF1DX9ZinQt3Ddkj,4986NxiRU8jdcysbuj79nq,spotify:track:4986NxiRU8jdcysbuj79nq,,Dilbar Mere - Satte Pe Satta / Soundtrack Version,0,"Kishore Kumar,Annette Pinto",Satte Pe Satta (OST),0.761,0.383,287027,0.585,0.0,5,0.114,-7.696,0,0.0445,180.735,0.8
desi,Bachchan's Best,37i9dQZF1DX9ZinQt3Ddkj,3QtadCiaME9hcO5LFuSiUe,spotify:track:3QtadCiaME9hcO5LFuSiUe,,Apni To Jaise Taise - With Dialogue,0,Kishore Kumar,Laawaris (Original Motion Picture Soundtrack),0.0568,0.64,325747,0.68,0.0,8,0.0713,-9.297,0,0.0533,108.497,0.883
desi,Bachchan's Best,37i9dQZF1DX9ZinQt3Ddkj,3YumrEYR9OhkLQk4ZdKZMn,spotify:track:3YumrEYR9OhkLQk4ZdKZMn,https://p.scdn.co/mp3-preview/8686811eedbfac36faa01190963a1cdcd620f114?cid=63a77ff40e794a12ae216a18befde98c,De De Pyar De De - Male Vocals,26,Kishore Kumar,Sharaabi (Original Motion Picture Soundtrack),0.746,0.537,347324,0.514,0.0,2,0.828,-10.801,1,0.0528,115.66,0.645
desi,Bachchan's Best,37i9dQZF1DX9ZinQt3Ddkj,2qSTvlwAoqp1PvDdoC9RHk,spotify:track:2qSTvlwAoqp1PvDdoC9RHk,,Jooma Chumma De De,0,"Sudesh Bhosle,Kavita Krishnamurthy",Hum (Original Motion Picture Soundtrack),0.543,0.543,507427,0.897,0.0,7,0.276,-12.33,0,0.0765,112.989,0.466
desi,Bachchan's Best,37i9dQZF1DX9ZinQt3Ddkj,6RvsORy8pptAzywuGoSna5,spotify:track:6RvsORy8pptAzywuGoSna5,,Dekha Ek Khwab,0,"Lata Mangeshkar,Kishore Kumar,Amitabh Bachchan",Silsila (Original Motion Picture Soundtrack),0.903,0.415,355733,0.349,4.26e-06,9,0.592,-12.235,0,0.163,150.743,0.347
desi,Bachchan's Best,37i9dQZF1DX9ZinQt3Ddkj,5v81MwQP9eNtVuhTJZmQdn,spotify:track:5v81MwQP9eNtVuhTJZmQdn,,"Teri Bindiya Re - From ""Abhimaan""",0,"Lata Mangeshkar,Mohammed Rafi",Superstar - Amitabh Bachchan,0.979,0.533,272373,0.378,0.0179,0,0.0877,-10.629,1,0.0285,92.697,0.683
desi,Bachchan's Best,37i9dQZF1DX9ZinQt3Ddkj,6N8fkfTFpbVrmnCwISbadT,spotify:track:6N8fkfTFpbVrmnCwISbadT,,O Saathi Re - Version 3,0,Kishore Kumar,Muqaddar Ka Sikandar (Original Motion Picture Soundtrack),0.849,0.28,273200,0.504,8.81e-06,6,0.229,-11.157,1,0.0347,100.722,0.412
desi,Bachchan's Best,37i9dQZF1DX9ZinQt3Ddkj,5YuuJ8cJx7QDiBCJnEuUuj,spotify:track:5YuuJ8cJx7QDiBCJnEuUuj,,"Yeh Kahan Aa Gaye Hum, Pt. 1",0,"Lata Mangeshkar,Amitabh Bachchan",Silsila (Original Motion Picture Soundtrack),0.833,0.395,454560,0.341,0.00599,7,0.118,-11.47,1,0.0338,103.327,0.22
desi,Bachchan's Best,37i9dQZF1DX9ZinQt3Ddkj,5Ngc72rAGg3PWqNB4D2qf2,spotify:track:5Ngc72rAGg3PWqNB4D2qf2,https://p.scdn.co/mp3-preview/d4fdbfefa89dcd84ae1c910c0a7eaa0889a3051a?cid=63a77ff40e794a12ae216a18befde98c,Tere Mere Milan Ki Yeh Raina,21,"Lata Mangeshkar,Kishore Kumar",Abhimaan (Original Motion Picture Soundtrack),0.822,0.301,294333,0.52,5.07e-06,7,0.0452,-5.682,0,0.0322,85.12,0.536
desi,Bachchan's Best,37i9dQZF1DX9ZinQt3Ddkj,3P30d9Ayuy7IW88RvAvFMl,spotify:track:3P30d9Ayuy7IW88RvAvFMl,https://p.scdn.co/mp3-preview/13e728134e068d2210c0adc86c7c7a9de66f15f9?cid=63a77ff40e794a12ae216a18befde98c,Main Pal Do Pal Ka Shair Hoon,33,Mukesh,Kabhi Kabhie (Original Motion Picture Soundtrack),0.85,0.566,204040,0.334,0.0,4,0.632,-13.626,1,0.0309,124.193,0.64
desi,Bachchan's Best,37i9dQZF1DX9ZinQt3Ddkj,4gFhyXUNskc3WKoOLYr8nd,spotify:track:4gFhyXUNskc3WKoOLYr8nd,,Do Lafzon Ki Hai Dil Ki Kahani,0,"Asha Bhosle,Sharad Kumar",The Great Gambler (Original Motion Picture Soundtrack),0.785,0.374,382427,0.433,0.00286,9,0.661,-8.218,1,0.0342,72.789,0.186
desi,Bachchan's Best,37i9dQZF1DX9ZinQt3Ddkj,4minEvMHVJDoiFpg1GdC8V,spotify:track:4minEvMHVJDoiFpg1GdC8V,https://p.scdn.co/mp3-preview/f0e3f932a1a708117eae8503ce0966340063f26e?cid=63a77ff40e794a12ae216a18befde98c,Neela Aasman So Gaya - Male Vocals,22,Amitabh Bachchan,Silsila (Original Motion Picture Soundtrack),0.891,0.392,274733,0.285,0.038,1,0.284,-10.066,1,0.0279,95.177,0.273
desi,Bachchan's Best,37i9dQZF1DX9ZinQt3Ddkj,38eyQZq0ia89lnqQI8zlDN,spotify:track:38eyQZq0ia89lnqQI8zlDN,,Meet Na Mila Re Man Ka,0,Kishore Kumar,Abhimaan (Original Motion Picture Soundtrack),0.832,0.523,260307,0.492,3.8e-05,6,0.126,-12.688,1,0.0707,81.663,0.781
desi,Bachchan's Best,37i9dQZF1DX9ZinQt3Ddkj,7mv3zoJ2ldHclSIT9QI93C,spotify:track:7mv3zoJ2ldHclSIT9QI93C,https://p.scdn.co/mp3-preview/c00d39a9f72e4367853c383c3a60c391d5009808?cid=63a77ff40e794a12ae216a18befde98c,Yeh Dosti Hum Nahin ( Happy ) - Sholay / Soundtrack Version,15,"Kishore Kumar, Manna Dey",Sholay,0.806,0.465,321507,0.562,6.56e-06,7,0.143,-10.584,1,0.0365,112.309,0.609
desi,Bachchan's Best,37i9dQZF1DX9ZinQt3Ddkj,7qajhp3PPgjFYmEXxqDIlX,spotify:track:7qajhp3PPgjFYmEXxqDIlX,,Rote Hue Aate Hain Sab,0,Kishore Kumar,Muqaddar Ka Sikandar (Original Motion Picture Soundtrack),0.93,0.446,246067,0.635,0.0204,0,0.15,-6.454,0,0.039,110.992,0.662
desi,Bachchan's Best,37i9dQZF1DX9ZinQt3Ddkj,7dAwelhlyQkIA3KDeWIqGt,spotify:track:7dAwelhlyQkIA3KDeWIqGt,,Rang Barse Bheege Chunarwali,0,Amitabh Bachchan,Silsila (Original Motion Picture Soundtrack),0.849,0.648,366267,0.5,0.0,2,0.1,-12.391,1,0.29,120.444,0.596
desi,Bachchan's Best,37i9dQZF1DX9ZinQt3Ddkj,0z0p6YNUuVYO1sQ6vkjXRr,spotify:track:0z0p6YNUuVYO1sQ6vkjXRr,,"Mere Angne Mein - Amitabh Bachchan - From ""Laawaris""",0,Amitabh Bachchan,Superstar - Amitabh Bachchan,0.695,0.581,317440,0.518,0.0,11,0.481,-13.427,1,0.0714,116.356,0.85
desi,Bachchan's Best,37i9dQZF1DX9ZinQt3Ddkj,2ysSCS88RvRKcV77fK8xxz,spotify:track:2ysSCS88RvRKcV77fK8xxz,,"Pag Ghunghroo Baandh - From ""Namak Halaal""",0,Kishore Kumar,Superstar - Amitabh Bachchan,0.669,0.533,480520,0.495,0.0,7,0.111,-9.745,1,0.102,119.179,0.627
desi,Bachchan's Best,37i9dQZF1DX9ZinQt3Ddkj,23CBrsHdgSyZC1WaJ9Kd2y,spotify:track:23CBrsHdgSyZC1WaJ9Kd2y,,Pyar Hamen Kis Mod Pe - Satte Pe Satta / Soundtrack Version,0,"Kishore Kumar, Rahul Dev Burman, Bhupinder Singh, Sapan Chakraborty, Gulshan Bawra",Satte Pe Satta (OST),0.703,0.451,393253,0.689,0.0,0,0.102,-5.827,0,0.073,104.55,0.666
desi,Bachchan's Best,37i9dQZF1DX9ZinQt3Ddkj,5PXgRWVlK4PVkMtqcVI3to,spotify:track:5PXgRWVlK4PVkMtqcVI3to,,Bachke Rehna Re Baba - Pukar / Soundtrack Version,0,"Kishore Kumar,Asha Bhosle,R. D. Burman",Pukar (OST),0.549,0.443,377139,0.589,0.0,7,0.605,-8.086,1,0.0392,97.401,0.963
desi,Bachchan's Best,37i9dQZF1DX9ZinQt3Ddkj,6WL9t3Bw0CKOeHVKJqybIx,spotify:track:6WL9t3Bw0CKOeHVKJqybIx,,Zindagi To Bewafa Hai,0,Mohammed Rafi,Muqaddar Ka Sikandar (Original Motion Picture Soundtrack),0.917,0.141,132347,0.262,3.8e-05,0,0.0994,-12.269,0,0.0323,71.299,0.133
desi,Bachchan's Best,37i9dQZF1DX9ZinQt3Ddkj,1UEk44S351HTwtSEGAGkHH,spotify:track:1UEk44S351HTwtSEGAGkHH,,Dekha Na Haye Re,0,Kishore Kumar,Bombay To Goa (Original Motion Picture Soundtrack),0.866,0.517,252581,0.667,0.0,5,0.151,-7.901,1,0.0625,133.103,0.821
desi,Bachchan's Best,37i9dQZF1DX9ZinQt3Ddkj,3IBaQ0pgAcx1HG9PtMIYx2,spotify:track:3IBaQ0pgAcx1HG9PtMIYx2,,"Aandhi Aaye Ki Toofan - From ""Saat Hindustani""",0,Mahendra Kapoor,"Aandhi Aaye Ki Toofan (From ""Saat Hindustani"")",0.99,0.392,134558,0.499,0.846,0,0.111,-14.539,0,0.145,67.364,0.564
desi,Bachchan's Best,37i9dQZF1DX9ZinQt3Ddkj,3zTI7XfDMIhbLiA9lOwTuR,spotify:track:3zTI7XfDMIhbLiA9lOwTuR,https://p.scdn.co/mp3-preview/ffdedc573acdce5724b8d4276e24de2e3956c29b?cid=63a77ff40e794a12ae216a18befde98c,My Name Is Anthony Gonsalves - Amar Akbar Anthony / Soundtrack Version,12,"Kishore Kumar, Amitabh Bachchan",Amar Akbar Anthony,0.681,0.634,332147,0.594,0.0,3,0.0686,-9.052,1,0.284,92.807,0.801
desi,Bachchan's Best,37i9dQZF1DX9ZinQt3Ddkj,4WNDcajKHbdAf6mLCjq077,spotify:track:4WNDcajKHbdAf6mLCjq077,,Yari Hai Imaan Mera,0,Manna Dey,Zanjeer (Original Motion Picture Soundtrack),0.75,0.53,379977,0.521,0.0,8,0.659,-11.223,1,0.189,105.841,0.715
desi,Bachchan's Best,37i9dQZF1DX9ZinQt3Ddkj,2jvkbPHIyXLIVdOwkEwfPt,spotify:track:2jvkbPHIyXLIVdOwkEwfPt,,Badi Sooni Hai Zindagi - With Dialogues,0,"Kishore Kumar,Amitabh Bachchan",Mili (Original Motion Picture Soundtrack),0.826,0.257,243760,0.446,9.93e-05,8,0.264,-7.456,1,0.0299,88.985,0.394
desi,Bachchan's Best,37i9dQZF1DX9ZinQt3Ddkj,115oTsPmHEvnVRsYQZbbOu,spotify:track:115oTsPmHEvnVRsYQZbbOu,,Chal Mere Bhai - Naseeb / Soundtrack Version,0,"Mohammed Rafi,Amitabh Bachchan,Rishi Kapoor",Naseeb (OST),0.486,0.612,406250,0.606,0.0,7,0.0902,-9.22,0,0.033,79.423,0.843
desi,Bachchan's Best,37i9dQZF1DX9ZinQt3Ddkj,3bqf5ZCClFznQ82IjDzdCl,spotify:track:3bqf5ZCClFznQ82IjDzdCl,,Khaike Paan Banaras Wala,0,Kishore Kumar,Don (Original Motion Picture Soundtrack),0.765,0.594,237627,0.537,0.0,3,0.116,-11.261,0,0.203,141.202,0.911
desi,Bachchan's Best,37i9dQZF1DX9ZinQt3Ddkj,2Wrrtr7owoKTkihlRDKr6j,spotify:track:2Wrrtr7owoKTkihlRDKr6j,,"Aaj Rapat Jaayen To - From ""Namak Halaal""",0,"Kishore Kumar,Asha Bhosle",Baap of Bollywood: Amitabh Bachchan,0.779,0.607,407973,0.481,0.0,1,0.0838,-9.418,1,0.0776,104.912,0.687
desi,Bachchan's Best,37i9dQZF1DX9ZinQt3Ddkj,6n3ZYrUfadgtDnwya6xql4,spotify:track:6n3ZYrUfadgtDnwya6xql4,,Intaha Ho Gai Intezar Ki - Version 1,0,"Kishore Kumar,Asha Bhosle",Sharaabi (Original Motion Picture Soundtrack),0.728,0.412,529307,0.573,2.68e-05,4,0.872,-9.007,0,0.0681,138.935,0.511
desi,Bachchan's Best,37i9dQZF1DX9ZinQt3Ddkj,5diO1nnL7RTmL9tJXPdqoG,spotify:track:5diO1nnL7RTmL9tJXPdqoG,,Mere Paas Aao Mere Dosto,0,Amitabh Bachchan,Mr. Natwarlal (Original Motion Picture Soundtrack),0.641,0.417,323787,0.291,0.0208,2,0.283,-16.126,1,0.102,75.716,0.39
desi,Bachchan's Best,37i9dQZF1DX9ZinQt3Ddkj,2I3tlRJXVDuBDvfVOywwUU,spotify:track:2I3tlRJXVDuBDvfVOywwUU,https://p.scdn.co/mp3-preview/a8de0d64bd787188646c7a291da220878ce4525c?cid=63a77ff40e794a12ae216a18befde98c,Salame Ishq Meri Jaan,28,"Lata Mangeshkar,Kishore Kumar",Muqaddar Ka Sikandar (Original Motion Picture Soundtrack),0.797,0.456,350667,0.746,0.0,11,0.407,-6.505,1,0.213,97.172,0.734
desi,Bachchan's Best,37i9dQZF1DX9ZinQt3Ddkj,5fv0N8XYLtN035s0GuNn56,spotify:track:5fv0N8XYLtN035s0GuNn56,https://p.scdn.co/mp3-preview/596591ce3524a3af8dc9c9ed46e16f1064ac9d0e?cid=63a77ff40e794a12ae216a18befde98c,Diye Jalte Hai Phool Khilte Hai,20,Kishore Kumar,Namak Haraam (Original Motion Picture Soundtrack),0.949,0.296,210267,0.467,0.0,3,0.324,-9.214,1,0.0407,186.098,0.514
desi,Bachchan's Best,37i9dQZF1DX9ZinQt3Ddkj,6NXtYuOmKzYMf5z8S7cQnU,spotify:track:6NXtYuOmKzYMf5z8S7cQnU,,Sa Re Ga Ma,0,"Kishore Kumar,Mohammed Rafi",Chupke Chupke (Original Motion Picture Soundtrack),0.923,0.573,188493,0.508,0.00011,7,0.132,-6.301,1,0.0697,110.562,0.808
desi,Bachchan's Best,37i9dQZF1DX9ZinQt3Ddkj,4uAusgy2SGIDgjaghvUJfK,spotify:track:4uAusgy2SGIDgjaghvUJfK,,John Jani Janardhan - From 'Naseeb' / Soundtrack Version,27,Mohammed Rafi,Naseeb,0.231,0.56,346893,0.82,5.31e-05,9,0.344,-8.737,0,0.0373,94.369,0.801
desi,Bachchan's Best,37i9dQZF1DX9ZinQt3Ddkj,4X70oLH8EldldIGFdRgk1X,spotify:track:4X70oLH8EldldIGFdRgk1X,,"Chhu Kar Mere Manko - From ""Yaarana""",25,Kishore Kumar,Magical Moments - Amitabh Bachchan,0.705,0.359,253520,0.651,2.28e-05,4,0.217,-7.235,1,0.0378,139.006,0.416
desi,Bachchan's Best,37i9dQZF1DX9ZinQt3Ddkj,0fDY75Faj005D71yLPCKxX,spotify:track:0fDY75Faj005D71yLPCKxX,,"Tere Mere Milan Ki Yeh Raina - From ""Abhimaan""",0,"Lata Mangeshkar,Kishore Kumar",2 in 1: Abhimaan and Kora Kagaz,0.822,0.301,294333,0.52,5.07e-06,7,0.0452,-5.682,0,0.0322,85.12,0.536
desi,Bachchan's Best,37i9dQZF1DX9ZinQt3Ddkj,2e5S4tlnrGLYKIj03byE6C,spotify:track:2e5S4tlnrGLYKIj03byE6C,,Aji Thahro Zara Dekho,0,"Asha Bhosle,Aarti Mukherji,Amit Kumar,Shailendra Singh",Parvarish (Original Motion Picture Soundtrack),0.958,0.506,386985,0.575,0.0724,9,0.583,-9.766,0,0.0607,92.049,0.697
desi,Bachchan's Best,37i9dQZF1DX9ZinQt3Ddkj,2JmUiCR2MD8vibr6V8YTzO,spotify:track:2JmUiCR2MD8vibr6V8YTzO,,Are Jane Kaise Kab Kahan Iqrar,0,"Kishore Kumar,Lata Mangeshkar",Shakti (Original Motion Picture Soundtrack),0.393,0.478,339773,0.366,1.9e-06,7,0.0944,-12.324,1,0.0398,130.448,0.544
desi,Bachchan's Best,37i9dQZF1DX9ZinQt3Ddkj,27C0Jgc960KLU62gGeCWA1,spotify:track:27C0Jgc960KLU62gGeCWA1,,"Rimjhim Gire Sawan - From ""Manzil""",0,"Kishore Kumar,Lata Mangeshkar",In Love with Kishore Kumar,0.823,0.376,216373,0.462,0.004,1,0.122,-9.545,0,0.0335,106.948,0.736
desi,Bachchan's Best,37i9dQZF1DX9ZinQt3Ddkj,5djYFXgB4y9c0FRZmj51Fu,spotify:track:5djYFXgB4y9c0FRZmj51Fu,https://p.scdn.co/mp3-preview/49470f40d9631b294b11db87f699f680cce48a69?cid=63a77ff40e794a12ae216a18befde98c,Andheri Raaton Mein,21,Kishore Kumar,Shahenshah (Original Motion Picture Soundtrack),0.214,0.447,320547,0.714,0.0,2,0.322,-9.463,1,0.0539,120.334,0.327
desi,Bachchan's Best,37i9dQZF1DX9ZinQt3Ddkj,4sHdPs2y6EaF1uR8rXN6ec,spotify:track:4sHdPs2y6EaF1uR8rXN6ec,,Main Jaadugar,0,"Kumar Sanu,Jolly Mukherjee",Jaadugar (Original Motion Picture Soundtrack),0.103,0.486,597933,0.568,0.225,10,0.102,-11.599,0,0.0624,126.107,0.353
desi,Bachchan's Best,37i9dQZF1DX9ZinQt3Ddkj,37ozcVpiuPS0JAG3bbgSkw,spotify:track:37ozcVpiuPS0JAG3bbgSkw,,"Makhna (From ""Bade Miyan Chote Miyan"")",14,"Alka Yagnik & Arvind Hasabnish,Udit Narayan,Amit Kumar,Viju Shah",Bade Miyan Chote Miyan (Original Motion Picture Soundtrack),0.48,0.751,301000,0.913,0.000483,10,0.237,-9.128,0,0.091,96.04,0.88
desi,Bachchan's Best,37i9dQZF1DX9ZinQt3Ddkj,7CdABTaND3EW5cETakiBD3,spotify:track:7CdABTaND3EW5cETakiBD3,https://p.scdn.co/mp3-preview/d83d9303d95daa05f539b75f6fa5aca728cb16f4?cid=63a77ff40e794a12ae216a18befde98c,"Say ""Shava Shava""",46,"Aadesh Shrivastava,Sudesh Bhosle,Alka Yagnik,Sunidhi Chauhan,Amitabh Bachchan,Udit Narayan,Jaya Bachchan,Shah Rukh Khan,Kajol,Rani Mukherjee,Hrithik Roshan,Kareena Kapoor",Kabhi Khushi Kabhie Gham (Original Motion Picture Soundtrack),0.0503,0.665,408920,0.908,0.0,2,0.0798,-4.804,1,0.188,98.811,0.694
desi,Bachchan's Best,37i9dQZF1DX9ZinQt3Ddkj,5tYauKXUBD92BMuRozTinn,spotify:track:5tYauKXUBD92BMuRozTinn,,"Banda Bindas - From ""Aks""",0,K.K.,Bollywood's Shahenshah: Amitabh,0.259,0.834,216827,0.517,0.0,0,0.104,-11.462,1,0.436,123.068,0.789
desi,Bachchan's Best,37i9dQZF1DX9ZinQt3Ddkj,2HLFXnYIHLbfTb4QqbLOBV,spotify:track:2HLFXnYIHLbfTb4QqbLOBV,https://p.scdn.co/mp3-preview/1b759be280dea09cfdb9d5bd1783635d9efc90d4?cid=63a77ff40e794a12ae216a18befde98c,Amitabh Soliloqi / Title Song Aankhen - Aankhen / Soundtrack Version,6,"Amitabh Bachchan, Sonu Nigam, Remo Fernandes",Aankhen,0.0403,0.454,400707,0.842,0.0,2,0.208,-6.321,1,0.24,134.73,0.357
desi,Bachchan's Best,37i9dQZF1DX9ZinQt3Ddkj,2qcBxqONiFmpJ6E8RFweDO,spotify:track:2qcBxqONiFmpJ6E8RFweDO,https://p.scdn.co/mp3-preview/46bc29205a9075a7fd911778949d4449600ea7d7?cid=63a77ff40e794a12ae216a18befde98c,Waqt Ne Kiya Kya Haseen Sitam,14,Amitabh Bachchan,102 Not out (Original Motion Picture Soundtrack),0.749,0.535,297600,0.38,0.359,5,0.221,-10.763,1,0.0297,99.991,0.479
desi,Bachchan's Best,37i9dQZF1DX9ZinQt3Ddkj,30tH3vBhFlX6XaXlfbbFy7,spotify:track:30tH3vBhFlX6XaXlfbbFy7,https://p.scdn.co/mp3-preview/d7651f8d879dd2d0b7b43b69aff70fe42320a32f?cid=63a77ff40e794a12ae216a18befde98c,Piddly Si Baatein,13,Amitabh Bachchan,Shamitabh (Original Motion Picture Soundtrack),0.303,0.878,309750,0.569,0.0144,5,0.0829,-7.546,0,0.0328,112.016,0.745
desi,Bachchan's Best,37i9dQZF1DX9ZinQt3Ddkj,7xWypzdsqeccYgsiceegM3,spotify:track:7xWypzdsqeccYgsiceegM3,https://p.scdn.co/mp3-preview/58706ef3accd31d4087f93288dba174c428aca92?cid=63a77ff40e794a12ae216a18befde98c,Sooni Sooni,15,Vijay Prakash,Cheeni Kum,0.25,0.707,271192,0.486,1.63e-06,2,0.329,-6.722,0,0.0296,109.964,0.194
desi,Bachchan's Best,37i9dQZF1DX9ZinQt3Ddkj,5EI5fGSmHSldxuBIuA1Jo9,spotify:track:5EI5fGSmHSldxuBIuA1Jo9,https://p.scdn.co/mp3-preview/8f6e99843249400c47707f102058494fad91a759?cid=63a77ff40e794a12ae216a18befde98c,Genie Rap,17,"Amitabh Bachchan,Anushka Manchanda",Aladin,0.157,0.937,177573,0.799,5e-06,1,0.25,-7.487,1,0.0973,108.017,0.97
desi,Bachchan's Best,37i9dQZF1DX9ZinQt3Ddkj,6clD8mX3KySQbEpbuFsmQq,spotify:track:6clD8mX3KySQbEpbuFsmQq,https://p.scdn.co/mp3-preview/1eab3ce82c34944757c4ff462672521d9c05de55?cid=63a77ff40e794a12ae216a18befde98c,"Tu Chal (From ""Pink"")",17,"Amitabh Bachchan,Torsha","Tu Chal (From ""Pink"") - Single",0.817,0.457,188926,0.821,9.6e-06,7,0.086,-6.557,0,0.193,108.774,0.332
