category_id,playlist_name,playlist_id,track_id,track_uri,track_preview_url,track_name,track_popularity,artist_name,album_name,acousticness,danceability,duration_ms,energy,instrumentalness,key,liveness,loudness,mode,speechiness,tempo,valence
decades,The '80s All Lined Up,37i9dQZF1DXbB7yFaZiAQX,7LyIoUsiMtelB1I0I4drEF,spotify:track:7LyIoUsiMtelB1I0I4drEF,https://p.scdn.co/mp3-preview/bd65477ab11676a9bda1499c9330945223f00be7?cid=63a77ff40e794a12ae216a18befde98c,Modern Love - 1999 Remaster,64,David Bowie,Let's Dance,0.000376,0.315,288467,0.889,0.00241,0,0.133,-8.192,1,0.041,181.329,0.961
decades,The '80s All Lined Up,37i9dQZF1DXbB7yFaZiAQX,4xiyq1iRdsxuU1BPUJ490Z,spotify:track:4xiyq1iRdsxuU1BPUJ490Z,,Close To Me,65,The Cure,The Head On The Door (Remastered),0.0745,0.724,203267,0.523,0.703,11,0.0811,-11.139,1,0.116,185.075,0.965
decades,The '80s All Lined Up,37i9dQZF1DXbB7yFaZiAQX,2JO3HwMRPeya8bXbtbyPcf,spotify:track:2JO3HwMRPeya8bXbtbyPcf,https://p.scdn.co/mp3-preview/18a4b498250ed137d44823f2d49170be32336433?cid=63a77ff40e794a12ae216a18befde98c,Love Will Tear Us Apart,69,Joy Division,The Best Of,5.24e-05,0.443,206867,0.956,0.825,2,0.135,-6.198,1,0.0511,146.754,0.909
decades,The '80s All Lined Up,37i9dQZF1DXbB7yFaZiAQX,56KqaFSGTb7ifpt16t5Y1N,spotify:track:56KqaFSGTb7ifpt16t5Y1N,https://p.scdn.co/mp3-preview/8db94be7e0aa2112512883e7fd6f3e7bcf09123c?cid=63a77ff40e794a12ae216a18befde98c,Rock the Casbah - Remastered,70,The Clash,Combat Rock,0.287,0.796,222427,0.872,0.0,9,0.284,-6.722,0,0.0573,129.894,0.866
decades,The '80s All Lined Up,37i9dQZF1DXbB7yFaZiAQX,1RSy7B2vfPi84N80QJ6frX,spotify:track:1RSy7B2vfPi84N80QJ6frX,https://p.scdn.co/mp3-preview/f46b03a721232e4cb0f7fd160deccf0c933cc4b3?cid=63a77ff40e794a12ae216a18befde98c,Blue Monday - 2016 Remaster,71,New Order,Singles (Remastered),0.000726,0.793,450800,0.703,0.88,0,0.075,-9.548,1,0.0581,130.27,0.856
decades,The '80s All Lined Up,37i9dQZF1DXbB7yFaZiAQX,38Ngied9rBORlAbLYNCl4k,spotify:track:38Ngied9rBORlAbLYNCl4k,https://p.scdn.co/mp3-preview/892275affb593ba3641ead6a4e87df2473c8e833?cid=63a77ff40e794a12ae216a18befde98c,Once in a Lifetime - 2005 Remaster,67,Talking Heads,Remain In Light (Deluxe Version),0.181,0.644,259907,0.919,0.134,2,0.622,-6.289,1,0.0561,117.459,0.871
decades,The '80s All Lined Up,37i9dQZF1DXbB7yFaZiAQX,1QFh8OH1e78dGd3VyJZCAC,spotify:track:1QFh8OH1e78dGd3VyJZCAC,,Boys Don't Cry,71,The Cure,Three Imaginary Boys,0.00517,0.462,155973,0.836,0.0,11,0.18,-5.766,0,0.0621,168.766,0.671
decades,The '80s All Lined Up,37i9dQZF1DXbB7yFaZiAQX,4jhsuQCUCJKA5f0bXb6XdJ,spotify:track:4jhsuQCUCJKA5f0bXb6XdJ,https://p.scdn.co/mp3-preview/88114f34b988daf22d4e1dda080492981a06c9a2?cid=63a77ff40e794a12ae216a18befde98c,It's My Life - 1997 Remaster,65,Talk Talk,It's My Life,0.197,0.627,232400,0.802,0.784,0,0.404,-8.432,1,0.0348,126.283,0.867
decades,The '80s All Lined Up,37i9dQZF1DXbB7yFaZiAQX,1YrnDTqvcnUKxAIeXyaEmU,spotify:track:1YrnDTqvcnUKxAIeXyaEmU,https://p.scdn.co/mp3-preview/6dd06be4bed3d138430e56d74cb7c5ebad671e1a?cid=63a77ff40e794a12ae216a18befde98c,How Soon Is Now? - 2011 Remaster,67,The Smiths,Hatful of Hollow,0.000854,0.398,408173,0.93,0.121,11,0.0874,-6.76,1,0.0615,190.818,0.725
decades,The '80s All Lined Up,37i9dQZF1DXbB7yFaZiAQX,31alFPGPYXPTGLQfmkp8fh,spotify:track:31alFPGPYXPTGLQfmkp8fh,https://p.scdn.co/mp3-preview/51aa55e2fb78d5159a12bc52340fb5ea653beb9f?cid=63a77ff40e794a12ae216a18befde98c,Uncertain Smile,52,The The,Soul Mining,0.0322,0.593,411973,0.931,0.588,11,0.0255,-5.232,0,0.0517,142.747,0.755
decades,The '80s All Lined Up,37i9dQZF1DXbB7yFaZiAQX,5qUNpGMN3XRn9uqZBR9e6N,spotify:track:5qUNpGMN3XRn9uqZBR9e6N,,Enjoy the Silence - 2006 - Remaster,8,Depeche Mode,The Best Of Depeche Mode Volume One,0.0626,0.659,258573,0.75,7.41e-05,0,0.0892,-8.119,0,0.0266,112.913,0.751
decades,The '80s All Lined Up,37i9dQZF1DXbB7yFaZiAQX,0T6kwiueP62ten2KLLmQS4,spotify:track:0T6kwiueP62ten2KLLmQS4,,A Forest,41,The Cure,Seventeen Seconds (Deluxe Edition),0.365,0.579,354290,0.622,0.652,0,0.0955,-11.285,1,0.0563,163.107,0.435
decades,The '80s All Lined Up,37i9dQZF1DXbB7yFaZiAQX,4qO03RMQm88DdpTJcxlglY,spotify:track:4qO03RMQm88DdpTJcxlglY,,Call Me,67,Blondie,Atomic/Atomix,0.000785,0.56,212600,0.825,0.00246,2,0.0892,-6.711,0,0.0347,142.669,0.74
decades,The '80s All Lined Up,37i9dQZF1DXbB7yFaZiAQX,2gQaQUhDCNGfBVXTvxAmXQ,spotify:track:2gQaQUhDCNGfBVXTvxAmXQ,,Shout,69,Tears For Fears,Songs From The Big Chair,0.174,0.511,393667,0.942,1.87e-05,0,0.139,-10.407,1,0.0429,97.909,0.498
decades,The '80s All Lined Up,37i9dQZF1DXbB7yFaZiAQX,4vnLdmUdkOworoveEzpEST,spotify:track:4vnLdmUdkOworoveEzpEST,https://p.scdn.co/mp3-preview/44315cddb6b37df8bdb1971f6db9164d3efb873f?cid=63a77ff40e794a12ae216a18befde98c,She Sells Sanctuary,61,The Cult,Pure Cult,4.82e-06,0.55,252533,0.765,0.873,7,0.132,-8.684,1,0.0287,139.453,0.417
decades,The '80s All Lined Up,37i9dQZF1DXbB7yFaZiAQX,4E0LjJ2894jsfvLMQb6Ti7,spotify:track:4E0LjJ2894jsfvLMQb6Ti7,,I Will Follow,6,U2,The Best Of 1980 - 1990,0.000346,0.365,218040,0.917,3.88e-05,8,0.185,-7.316,1,0.0678,155.201,0.674
decades,The '80s All Lined Up,37i9dQZF1DXbB7yFaZiAQX,6rvXznPVt21K7Adhw9zKEJ,spotify:track:6rvXznPVt21K7Adhw9zKEJ,,Fade To Grey,8,Visage,Visage,0.000387,0.604,239359,0.423,0.0328,2,0.0857,-17.156,0,0.0374,112.344,0.472
decades,The '80s All Lined Up,37i9dQZF1DXbB7yFaZiAQX,0WQiDwKJclirSYG9v5tayI,spotify:track:0WQiDwKJclirSYG9v5tayI,https://p.scdn.co/mp3-preview/839d38dbf04ca2ff858eb03d0442358ffb393adb?cid=63a77ff40e794a12ae216a18befde98c,There Is a Light That Never Goes Out - 2011 Remaster,70,The Smiths,The Queen Is Dead,0.04,0.523,244587,0.769,0.0,4,0.136,-5.855,1,0.0269,136.162,0.876
decades,The '80s All Lined Up,37i9dQZF1DXbB7yFaZiAQX,0egYMfS7hjEneR86a9K61w,spotify:track:0egYMfS7hjEneR86a9K61w,https://p.scdn.co/mp3-preview/ed8f6bc9c5d20ce361a44a5668932ba2d8092b91?cid=63a77ff40e794a12ae216a18befde98c,Everyday Is Like Sunday - 2011 Remaster,59,Morrissey,Viva Hate [2011 - Remaster] (2011 Remastered Version),0.00345,0.6,215267,0.869,0.441,0,0.311,-5.126,1,0.0302,117.064,0.56
decades,The '80s All Lined Up,37i9dQZF1DXbB7yFaZiAQX,39Skq6MS8fFyrv5v02RDqO,spotify:track:39Skq6MS8fFyrv5v02RDqO,,Under The Milky Way,4,The Church,Starfish,0.0402,0.551,298520,0.878,0.12,9,0.111,-3.952,0,0.0285,135.988,0.514
decades,The '80s All Lined Up,37i9dQZF1DXbB7yFaZiAQX,49wHCjiu34kM3VRgumQ1tJ,spotify:track:49wHCjiu34kM3VRgumQ1tJ,,Echo Beach,54,Martha and the Muffins,Metro Music,0.13,0.54,219867,0.746,8.73e-06,7,0.0976,-9.412,1,0.045,163.809,0.826
decades,The '80s All Lined Up,37i9dQZF1DXbB7yFaZiAQX,10X1RP2I6DL8Q0xs2FfImV,spotify:track:10X1RP2I6DL8Q0xs2FfImV,https://p.scdn.co/mp3-preview/d63f72538797a8e09201891a34a09e2880e753e8?cid=63a77ff40e794a12ae216a18befde98c,Here Comes the Rain Again - Remastered Version,40,Eurythmics,Touch,0.0141,0.648,294587,0.755,0.000249,0,0.225,-7.901,1,0.03,126.341,0.607
decades,The '80s All Lined Up,37i9dQZF1DXbB7yFaZiAQX,5O7RVmqK3AYoFfyeafxOqH,spotify:track:5O7RVmqK3AYoFfyeafxOqH,https://p.scdn.co/mp3-preview/5107578782cf64239a786d5e57d7c69518165042?cid=63a77ff40e794a12ae216a18befde98c,This Is the Day,58,The The,London Town 1983-1993,0.0131,0.56,297067,0.875,0.000693,10,0.063,-4.483,1,0.0518,141.661,0.538
decades,The '80s All Lined Up,37i9dQZF1DXbB7yFaZiAQX,2AX5E86cn9n2dgioZEjirI,spotify:track:2AX5E86cn9n2dgioZEjirI,https://p.scdn.co/mp3-preview/483ee8625f80676748f66982e54982cfbc2032ad?cid=63a77ff40e794a12ae216a18befde98c,Golden Brown,65,The Stranglers,La Folie,0.143,0.562,206760,0.383,0.124,6,0.138,-15.474,1,0.0304,93.764,0.599
decades,The '80s All Lined Up,37i9dQZF1DXbB7yFaZiAQX,5LYXn7sJCHCIpf9ZiB31H0,spotify:track:5LYXn7sJCHCIpf9ZiB31H0,,Walls Come Tumbling Down,7,The Style Council,Our Favourite Shop (Deluxe Edition),0.00134,0.424,204333,0.939,0.0,4,0.193,-6.162,0,0.0563,151.25,0.645
decades,The '80s All Lined Up,37i9dQZF1DXbB7yFaZiAQX,0kpmeoNfuZ0cys5tCEBCXZ,spotify:track:0kpmeoNfuZ0cys5tCEBCXZ,,Happy Hour,48,The Housemartins,Now That's What I Call Quite Good,0.101,0.535,142093,0.858,2.18e-06,10,0.141,-11.109,1,0.0453,95.792,0.926
decades,The '80s All Lined Up,37i9dQZF1DXbB7yFaZiAQX,0fW13W2PZe6zq87vqUBR66,spotify:track:0fW13W2PZe6zq87vqUBR66,,Mad World,12,Tears For Fears,The Hurting,0.0662,0.646,215400,0.902,0.0285,4,0.0621,-5.997,1,0.0455,118.721,0.936
decades,The '80s All Lined Up,37i9dQZF1DXbB7yFaZiAQX,0FrCX7P2C2hcRTcuhjEvK4,spotify:track:0FrCX7P2C2hcRTcuhjEvK4,,Smalltown Boy,19,Bronski Beat,The Age Of Consent,0.529,0.679,303307,0.564,0.0709,10,0.275,-11.247,1,0.0267,134.586,0.926
decades,The '80s All Lined Up,37i9dQZF1DXbB7yFaZiAQX,03d3DCqwvt65Orfdomjs6e,spotify:track:03d3DCqwvt65Orfdomjs6e,https://p.scdn.co/mp3-preview/cb91aeeb2055cbbb304125c0db7838195083cde9?cid=63a77ff40e794a12ae216a18befde98c,Living in Another World - 1997 Remaster,51,Talk Talk,The Colour Of Spring,0.00366,0.56,418173,0.857,0.176,9,0.225,-8.453,0,0.0324,110.544,0.938
decades,The '80s All Lined Up,37i9dQZF1DXbB7yFaZiAQX,2WDvW3o8WeGN4v4cpsYVhT,spotify:track:2WDvW3o8WeGN4v4cpsYVhT,https://p.scdn.co/mp3-preview/eca47150e9c248239dfce77dfa8437ba986c6c7d?cid=63a77ff40e794a12ae216a18befde98c,Slippery People - Live,53,Talking Heads,Stop Making Sense,0.216,0.637,240960,0.851,0.0365,9,0.68,-8.127,0,0.0437,110.892,0.84
decades,The '80s All Lined Up,37i9dQZF1DXbB7yFaZiAQX,3W5V3fnZGcWb1EPSspF7lW,spotify:track:3W5V3fnZGcWb1EPSspF7lW,,Don't Change,11,INXS,Shabooh Shoobah (Remastered),5.93e-05,0.206,268200,0.81,0.0644,9,0.0855,-6.492,1,0.0423,163.552,0.155
decades,The '80s All Lined Up,37i9dQZF1DXbB7yFaZiAQX,15049rGLXHwrWtE4euUb5C,spotify:track:15049rGLXHwrWtE4euUb5C,https://p.scdn.co/mp3-preview/8d3b45fe05e1322ff302007d1d81756c70cf40c0?cid=63a77ff40e794a12ae216a18befde98c,The Killing Moon,64,Echo & the Bunnymen,Songs To Learn And Sing,0.132,0.522,346280,0.85,0.0338,7,0.295,-4.769,1,0.0361,124.216,0.71
decades,The '80s All Lined Up,37i9dQZF1DXbB7yFaZiAQX,48cEn8VF0sDrpvjUaaCCcu,spotify:track:48cEn8VF0sDrpvjUaaCCcu,,Oblivious,6,Aztec Camera,"High Land, Hard Rain",0.0404,0.647,190773,0.783,0.124,6,0.0635,-7.713,0,0.0548,112.373,0.924
decades,The '80s All Lined Up,37i9dQZF1DXbB7yFaZiAQX,5d4ZCmvSLvjMOSdIKkCyQ5,spotify:track:5d4ZCmvSLvjMOSdIKkCyQ5,,The Lebanon,46,The Human League,Hysteria,0.000787,0.605,304907,0.619,0.00316,4,0.0848,-13.034,0,0.0478,124.059,0.49
decades,The '80s All Lined Up,37i9dQZF1DXbB7yFaZiAQX,4QBZTbaM3vreybFgzRO5QQ,spotify:track:4QBZTbaM3vreybFgzRO5QQ,https://p.scdn.co/mp3-preview/9822a8e841e3a990d70b3f6e21e40a25e10917d5?cid=63a77ff40e794a12ae216a18befde98c,Don't Talk to Me About Love,48,Altered Images,Bite,0.0284,0.63,291320,0.552,0.275,5,0.527,-12.456,1,0.0343,122.617,0.656
decades,The '80s All Lined Up,37i9dQZF1DXbB7yFaZiAQX,7A6Z9bZgSq8WRuoDIVNM6P,spotify:track:7A6Z9bZgSq8WRuoDIVNM6P,,Radio Free Europe,6,R.E.M.,Murmur - Deluxe Edition,0.00123,0.36,245787,0.861,0.0217,9,0.126,-7.089,1,0.0493,155.121,0.721
decades,The '80s All Lined Up,37i9dQZF1DXbB7yFaZiAQX,3JocHDZrr2rpOK0xsiZK8T,spotify:track:3JocHDZrr2rpOK0xsiZK8T,,Rattlesnakes,46,Lloyd Cole and the Commotions,Rattlesnakes,0.0224,0.458,211000,0.911,7.42e-05,9,0.117,-9.85,1,0.0694,151.777,0.614
decades,The '80s All Lined Up,37i9dQZF1DXbB7yFaZiAQX,0kA5scXMiaO5Ms2GQ4pRWa,spotify:track:0kA5scXMiaO5Ms2GQ4pRWa,https://p.scdn.co/mp3-preview/3f6aa3615d8b9b917bff9c00ac41c9bc58121a1b?cid=63a77ff40e794a12ae216a18befde98c,Suedehead - 2011 Remaster,60,Morrissey,Viva Hate [2011 - Remaster] (2011 Remastered Version),0.00126,0.529,235520,0.989,0.00148,2,0.0567,-4.5,1,0.042,142.29,0.669
decades,The '80s All Lined Up,37i9dQZF1DXbB7yFaZiAQX,2L7FTi2Fopo0ZJX0MkUXKS,spotify:track:2L7FTi2Fopo0ZJX0MkUXKS,https://p.scdn.co/mp3-preview/de123c88cf81f33d5667545f7dd31dde872cde8e?cid=63a77ff40e794a12ae216a18befde98c,Seven Seas,34,Echo & the Bunnymen,Ocean Rain,0.105,0.556,199386,0.829,7.22e-05,0,0.29,-5.123,1,0.0373,134.382,0.793
decades,The '80s All Lined Up,37i9dQZF1DXbB7yFaZiAQX,4TOYmUloyDslQIj0k3pXn3,spotify:track:4TOYmUloyDslQIj0k3pXn3,,Town Called Malice,12,The Jam,The Gift (Deluxe Edition),0.00306,0.552,173707,0.903,0.007,6,0.0632,-9.17,0,0.0716,101.672,0.79
decades,The '80s All Lined Up,37i9dQZF1DXbB7yFaZiAQX,3v7qgdQzpiNulr8eytLNXX,spotify:track:3v7qgdQzpiNulr8eytLNXX,https://p.scdn.co/mp3-preview/35f9e71532babc1a51f8ab107bad373fdac6c6c8?cid=63a77ff40e794a12ae216a18befde98c,Duel,50,Propaganda,A Secret Wish,0.25,0.674,288227,0.702,0.365,5,0.13,-11.329,0,0.0342,144.876,0.536
decades,The '80s All Lined Up,37i9dQZF1DXbB7yFaZiAQX,1zkQJfNo2KpqqCKOOvWPF4,spotify:track:1zkQJfNo2KpqqCKOOvWPF4,,Love Like Blood,49,Killing Joke,Laugh? I Nearly Bought One!,0.0319,0.411,265467,0.645,0.0121,7,0.488,-10.722,0,0.0431,124.458,0.433
decades,The '80s All Lined Up,37i9dQZF1DXbB7yFaZiAQX,4PXH3g9qGgMqDlC52dJw07,spotify:track:4PXH3g9qGgMqDlC52dJw07,,Blister In The Sun,10,Violent Femmes,Violent Femmes: Deluxe Edition,0.318,0.725,144947,0.558,0.0,0,0.0976,-8.557,1,0.125,96.969,0.88
decades,The '80s All Lined Up,37i9dQZF1DXbB7yFaZiAQX,56SwjvVv45XLJhScKC8IcB,spotify:track:56SwjvVv45XLJhScKC8IcB,,Party Fears Two,4,The Associates,Sulk,0.0487,0.548,314400,0.874,0.00205,7,0.163,-5.361,1,0.0598,128.374,0.616
decades,The '80s All Lined Up,37i9dQZF1DXbB7yFaZiAQX,3U0pMjPVdk5UTCghRXqEE5,spotify:track:3U0pMjPVdk5UTCghRXqEE5,,"Rise - 12"" Version",5,Public Image Ltd.,Rise: The Collection,0.00327,0.485,365480,0.717,6.07e-06,7,0.633,-9.63,1,0.0309,84.747,0.727
decades,The '80s All Lined Up,37i9dQZF1DXbB7yFaZiAQX,1FL9DHDSED6lxNMDJUJQvB,spotify:track:1FL9DHDSED6lxNMDJUJQvB,https://p.scdn.co/mp3-preview/9f7452ca3193988a009e110d2d9ff2eb27da7d4a?cid=63a77ff40e794a12ae216a18befde98c,The Model - 2009 Remastered Version,57,Kraftwerk,The Man Machine (2009 Remastered Version),0.00122,0.708,220533,0.683,0.643,4,0.121,-7.768,0,0.0344,123.602,0.463
decades,The '80s All Lined Up,37i9dQZF1DXbB7yFaZiAQX,1K1TFdBh7NrDyKiwiJEmsy,spotify:track:1K1TFdBh7NrDyKiwiJEmsy,https://p.scdn.co/mp3-preview/b69985f1cdc27c7155d577bdf5eb8d70191a70a3?cid=63a77ff40e794a12ae216a18befde98c,Pretty in Pink,54,The Psychedelic Furs,Talk Talk Talk,0.105,0.386,238107,0.916,0.00991,2,0.325,-5.955,1,0.0741,135.642,0.775
decades,The '80s All Lined Up,37i9dQZF1DXbB7yFaZiAQX,5xZSbzCVTp0qQt2K6Dfe0V,spotify:track:5xZSbzCVTp0qQt2K6Dfe0V,https://p.scdn.co/mp3-preview/966b1824324f5640ebe975c7e35b00ee56a26e98?cid=63a77ff40e794a12ae216a18befde98c,Our Lips Are Sealed,48,Fun Boy Three,Waiting,0.721,0.72,171507,0.677,0.00379,0,0.18,-10.717,1,0.0351,125.579,0.867
decades,The '80s All Lined Up,37i9dQZF1DXbB7yFaZiAQX,4CWgqHRJjDLd2PCedMz8eY,spotify:track:4CWgqHRJjDLd2PCedMz8eY,https://p.scdn.co/mp3-preview/78315525d711501fdcc5a95ab5dc3a678c7e7ea0?cid=63a77ff40e794a12ae216a18befde98c,Waterfall - Remastered,62,The Stone Roses,The Stone Roses,0.0236,0.491,278827,0.686,0.269,11,0.451,-8.22,1,0.0289,103.707,0.436
decades,The '80s All Lined Up,37i9dQZF1DXbB7yFaZiAQX,4ZQ6RPUhzcAZr81BLbiMrh,spotify:track:4ZQ6RPUhzcAZr81BLbiMrh,,Change,4,Tears For Fears,The Hurting,0.124,0.623,254000,0.801,0.25,9,0.256,-5.912,0,0.0299,125.27,0.814
decades,The '80s All Lined Up,37i9dQZF1DXbB7yFaZiAQX,4WoKuMjwJXuy9IqX6AH5JE,spotify:track:4WoKuMjwJXuy9IqX6AH5JE,https://p.scdn.co/mp3-preview/27c8f062998039727f280db297318e6fab62797e?cid=63a77ff40e794a12ae216a18befde98c,People Are People,55,Depeche Mode,Some Great Reward (Deluxe),0.0794,0.68,231960,0.829,2.09e-06,9,0.327,-7.305,0,0.0625,119.975,0.814
decades,The '80s All Lined Up,37i9dQZF1DXbB7yFaZiAQX,5LHwD4Djn0iCi0Txq5aiMI,spotify:track:5LHwD4Djn0iCi0Txq5aiMI,,Messages,48,Orchestral Manoeuvres In The Dark,The OMD Singles,0.00779,0.608,286867,0.704,0.0287,1,0.058,-9.78,1,0.0327,129.594,0.899
decades,The '80s All Lined Up,37i9dQZF1DXbB7yFaZiAQX,1FvDJ9KGxcqwv1utyPL3JZ,spotify:track:1FvDJ9KGxcqwv1utyPL3JZ,https://p.scdn.co/mp3-preview/7b2d8ac3a906ac007ae000e08342410d3e961928?cid=63a77ff40e794a12ae216a18befde98c,This Charming Man - 2011 Remaster,70,The Smiths,The Smiths,0.00509,0.611,162920,0.846,0.0,11,0.0784,-5.9,1,0.0436,103.912,0.751
decades,The '80s All Lined Up,37i9dQZF1DXbB7yFaZiAQX,77HYwsktlwB37zyEH9dgYY,spotify:track:77HYwsktlwB37zyEH9dgYY,,Play For Today,46,The Cure,Seventeen Seconds,0.0487,0.458,218960,0.731,0.0215,11,0.116,-12.049,0,0.145,80.425,0.784
decades,The '80s All Lined Up,37i9dQZF1DXbB7yFaZiAQX,5RBPXlIiZVrr8hab7LpRJB,spotify:track:5RBPXlIiZVrr8hab7LpRJB,,Love Action (I Believe In Love),52,The Human League,Dare!,0.0805,0.702,301827,0.588,0.0193,0,0.184,-9.739,1,0.0321,121.738,0.728
decades,The '80s All Lined Up,37i9dQZF1DXbB7yFaZiAQX,1LwP9g1Hjbs64jXM2Qsxry,spotify:track:1LwP9g1Hjbs64jXM2Qsxry,https://p.scdn.co/mp3-preview/6dc70694b3c70bbd644a7477ae66d154be28ec6c?cid=63a77ff40e794a12ae216a18befde98c,Just Like Honey,60,The Jesus and Mary Chain,Psychocandy (Expanded Version),8.02e-05,0.341,182493,0.552,0.616,8,0.0591,-10.503,1,0.0423,121.361,0.486
decades,The '80s All Lined Up,37i9dQZF1DXbB7yFaZiAQX,0USXb7vV2uLFdhjBmxAIgk,spotify:track:0USXb7vV2uLFdhjBmxAIgk,,Dancing With Myself,60,Generation X,Essential,0.0113,0.439,199907,0.822,0.0,4,0.133,-6.764,1,0.0695,176.711,0.884
decades,The '80s All Lined Up,37i9dQZF1DXbB7yFaZiAQX,7A3rywP8wA9HbL36NMnD81,spotify:track:7A3rywP8wA9HbL36NMnD81,,I'm In Love With A German Film Star,44,The Passions,Thirty Thousand Feet Over China,0.244,0.732,241320,0.649,0.104,11,0.109,-8.165,1,0.0321,114.323,0.34
decades,The '80s All Lined Up,37i9dQZF1DXbB7yFaZiAQX,3GRyWgNPX5rBdh0VQctl5P,spotify:track:3GRyWgNPX5rBdh0VQctl5P,,I Travel,43,Simple Minds,Celebration,0.0331,0.573,242000,0.888,0.311,0,0.182,-10.966,1,0.052,127.033,0.964
decades,The '80s All Lined Up,37i9dQZF1DXbB7yFaZiAQX,56aPHyy70SdIBYWEdV0cEi,spotify:track:56aPHyy70SdIBYWEdV0cEi,https://p.scdn.co/mp3-preview/1c8814c47ad6664f20dbfd15685ecdcb96327955?cid=63a77ff40e794a12ae216a18befde98c,Kid - 2006 Remaster,44,Pretenders,Pretenders [Expanded & Remastered],0.0463,0.436,186533,0.728,9.05e-05,1,0.115,-7.299,0,0.0305,137.525,0.65
decades,The '80s All Lined Up,37i9dQZF1DXbB7yFaZiAQX,6fjfJSj5sWSih9QG8kB1ey,spotify:track:6fjfJSj5sWSih9QG8kB1ey,https://p.scdn.co/mp3-preview/b2549dbf8330fed8035d109ac073a505e4096f54?cid=63a77ff40e794a12ae216a18befde98c,Everything Counts,46,Depeche Mode,"The Best of Depeche Mode, Vol. 1 (Deluxe)",0.0818,0.647,238987,0.741,6.43e-06,9,0.359,-8.268,0,0.0272,113.695,0.659
decades,The '80s All Lined Up,37i9dQZF1DXbB7yFaZiAQX,1LysqZOvGYyVNjPz0HYU7m,spotify:track:1LysqZOvGYyVNjPz0HYU7m,,Living On The Ceiling,5,Blancmange,The Platinum Collection,0.0772,0.72,239960,0.821,0.15,4,0.664,-5.257,1,0.108,115.403,0.893
decades,The '80s All Lined Up,37i9dQZF1DXbB7yFaZiAQX,2JV6DM5CGcpThMVZtucCqC,spotify:track:2JV6DM5CGcpThMVZtucCqC,,Mirror in the Bathroom,5,The Beat,I Just Can't Stop It [Deluxe Edition],0.151,0.633,189667,0.637,0.0278,7,0.035,-10.431,1,0.0464,171.853,0.941
decades,The '80s All Lined Up,37i9dQZF1DXbB7yFaZiAQX,5HbCsT9WyEhnhw75QUr1A5,spotify:track:5HbCsT9WyEhnhw75QUr1A5,,Theme For Great Cities,48,Simple Minds,Sons And Fascination/Sister Feelings Call,0.0579,0.536,351867,0.808,0.894,8,0.117,-13.407,1,0.0439,122.408,0.678
decades,The '80s All Lined Up,37i9dQZF1DXbB7yFaZiAQX,5r2z0FHOoFI06GZEVGDjzM,spotify:track:5r2z0FHOoFI06GZEVGDjzM,,Tempted,55,Squeeze,East Side Story,0.0986,0.735,240333,0.355,0.158,6,0.0534,-13.711,0,0.0329,95.257,0.449
decades,The '80s All Lined Up,37i9dQZF1DXbB7yFaZiAQX,0srHCCkdnVKZARmtmjFHee,spotify:track:0srHCCkdnVKZARmtmjFHee,,I Can't Help Myself,6,Orange Juice,Rip It Up,0.0098,0.739,307013,0.781,0.0354,11,0.306,-8.87,0,0.0384,123.114,0.932
decades,The '80s All Lined Up,37i9dQZF1DXbB7yFaZiAQX,78ocJAEFOYKVjYgXZ8fggD,spotify:track:78ocJAEFOYKVjYgXZ8fggD,https://p.scdn.co/mp3-preview/ee6212e60b6f7a2f7b598ae7e00433fbaefcdf84?cid=63a77ff40e794a12ae216a18befde98c,I Melt With You - Rerecorded,56,Modern English,Pillow Lips,0.00223,0.53,235933,0.647,0.485,0,0.454,-11.221,1,0.0327,154.818,0.726
decades,The '80s All Lined Up,37i9dQZF1DXbB7yFaZiAQX,5h0CMhpV8wmPfcmL3xXRkz,spotify:track:5h0CMhpV8wmPfcmL3xXRkz,,I Can't Stand Up For Falling Down,4,Elvis Costello & The Attractions,Get Happy,0.000527,0.599,126440,0.722,0.724,5,0.0947,-7.7,1,0.0274,141.777,0.977
decades,The '80s All Lined Up,37i9dQZF1DXbB7yFaZiAQX,4H3RNIn5KIvDbJrc4EIzvt,spotify:track:4H3RNIn5KIvDbJrc4EIzvt,,"Say Hello, Wave Goodbye - 7"" Single Version",6,Soft Cell,Non Stop Erotic Cabaret (Deluxe Edition),0.23,0.191,324000,0.525,0.0,0,0.114,-9.064,1,0.042,205.218,0.506
decades,The '80s All Lined Up,37i9dQZF1DXbB7yFaZiAQX,7LwlTiFehCUVQQJKEUzF5Z,spotify:track:7LwlTiFehCUVQQJKEUzF5Z,,Pulling Mussels (From The Shell),4,Squeeze,Argybargy,0.002,0.593,238133,0.702,8.38e-05,0,0.19,-12.668,1,0.0409,142.006,0.901
decades,The '80s All Lined Up,37i9dQZF1DXbB7yFaZiAQX,7mJl9BQhvdao4M8s5houTL,spotify:track:7mJl9BQhvdao4M8s5houTL,https://p.scdn.co/mp3-preview/6197fe3fdc08a45777142c85a6304759d68a84e0?cid=63a77ff40e794a12ae216a18befde98c,Life In Tokyo,45,Japan,Assemblage,0.00509,0.714,211600,0.504,4.22e-05,5,0.425,-12.037,1,0.0337,119.849,0.735
decades,The '80s All Lined Up,37i9dQZF1DXbB7yFaZiAQX,617ahruubznvqzv7Nas3QX,spotify:track:617ahruubznvqzv7Nas3QX,https://p.scdn.co/mp3-preview/89a5b3b2207636ed1290fa92bff6b81c09adaaff?cid=63a77ff40e794a12ae216a18befde98c,The Cutter,51,Echo & the Bunnymen,Porcupine,0.00485,0.471,232746,0.955,1.44e-06,7,0.162,-5.219,1,0.121,139.266,0.35
decades,The '80s All Lined Up,37i9dQZF1DXbB7yFaZiAQX,3jJm28Q9MEhnRbxk2LdfkK,spotify:track:3jJm28Q9MEhnRbxk2LdfkK,,Generals And Majors - 2001 Remaster,47,XTC,Black Sea,0.0118,0.61,244507,0.895,3e-05,10,0.048,-7.029,1,0.0289,141.364,0.933
decades,The '80s All Lined Up,37i9dQZF1DXbB7yFaZiAQX,2vEUFrRByOKob8yqOd6LuA,spotify:track:2vEUFrRByOKob8yqOd6LuA,https://p.scdn.co/mp3-preview/5800c19754aec7682d9254b168846f59ae3355a1?cid=63a77ff40e794a12ae216a18befde98c,Ghost Town,59,The Specials,"Stereo-Typical: A's, B's & Rarities",0.0492,0.665,219307,0.766,0.338,10,0.113,-9.454,0,0.0505,73.683,0.905
decades,The '80s All Lined Up,37i9dQZF1DXbB7yFaZiAQX,1bdqvBFKJKbkZvFeF7hNQs,spotify:track:1bdqvBFKJKbkZvFeF7hNQs,,Pacific State - Origin Mix,5,808 State,Blueprint (The Best Of),0.0641,0.676,350560,0.982,0.874,10,0.147,-6.488,0,0.0698,124.174,0.24
decades,The '80s All Lined Up,37i9dQZF1DXbB7yFaZiAQX,0Az5nx6qYZ2n54rh1sgvcB,spotify:track:0Az5nx6qYZ2n54rh1sgvcB,https://p.scdn.co/mp3-preview/d280432c7b98315faf24ae49c56410c2c55110f2?cid=63a77ff40e794a12ae216a18befde98c,Situation - 2008 Remastered Version,46,Yazoo,In Your Room,0.158,0.828,144133,0.662,0.065,6,0.0547,-7.167,1,0.0502,118.76,0.334
decades,The '80s All Lined Up,37i9dQZF1DXbB7yFaZiAQX,044Q9fAQQkXahoxtHJlJj7,spotify:track:044Q9fAQQkXahoxtHJlJj7,,Rain,3,The Cult,Love,2.45e-05,0.561,236733,0.782,0.872,0,0.34,-7.301,1,0.0309,122.571,0.52
decades,The '80s All Lined Up,37i9dQZF1DXbB7yFaZiAQX,3ey3YMZLdl1tQjbz7EJkKG,spotify:track:3ey3YMZLdl1tQjbz7EJkKG,,Making Plans For Nigel,42,XTC,The Compact XTC,0.017,0.637,233800,0.689,3.72e-05,7,0.0738,-14.014,1,0.039,150.057,0.815
decades,The '80s All Lined Up,37i9dQZF1DXbB7yFaZiAQX,5X7Sbugnqqm3ffA9y7b7wD,spotify:track:5X7Sbugnqqm3ffA9y7b7wD,https://p.scdn.co/mp3-preview/4bfe0bb34e949d403990adab13ade3960d20784c?cid=63a77ff40e794a12ae216a18befde98c,On my Radio,46,The Selecter,The Very Best of The Selecter,0.0493,0.783,185199,0.706,0.0617,7,0.158,-7.544,1,0.0434,141.021,0.96
decades,The '80s All Lined Up,37i9dQZF1DXbB7yFaZiAQX,7COcoiWy4fuz0nH2v8BkRD,spotify:track:7COcoiWy4fuz0nH2v8BkRD,https://p.scdn.co/mp3-preview/12ac0454a59f6a9dce98e9e312accd6f9f584d64?cid=63a77ff40e794a12ae216a18befde98c,Crash,49,The Primitives,Best Of,0.0809,0.369,152200,0.54,0.000149,11,0.76,-11.147,1,0.0321,170.004,0.915
