category_id,playlist_name,playlist_id,track_id,track_uri,track_preview_url,track_name,track_popularity,artist_name,album_name,acousticness,danceability,duration_ms,energy,instrumentalness,key,liveness,loudness,mode,speechiness,tempo,valence
desi,Starring Salman Khan,37i9dQZF1EjNr3GSpSrTJ0,4fZfZYHaKo7iIAiaCjnBxo,spotify:track:4fZfZYHaKo7iIAiaCjnBxo,https://p.scdn.co/mp3-preview/0d4adab0d2cadc71516fd400c628f6a5f153eab7?cid=63a77ff40e794a12ae216a18befde98c,Radio,28,"Pritam,Kamaal Khan,Amit Mishra,Salman Khan",Tubelight (Original Motion Picture Soundtrack),0.189,0.764,279843,0.887,0.0,0,0.0339,-3.454,1,0.0681,128.07,0.891
desi,Starring Salman Khan,37i9dQZF1EjNr3GSpSrTJ0,0Zz7AEZfBKP2U7sO0WJKER,spotify:track:0Zz7AEZfBKP2U7sO0WJKER,https://p.scdn.co/mp3-preview/57e50214c476ec31e1e543325916de5b9d4f0a01?cid=63a77ff40e794a12ae216a18befde98c,Selfie Le Le Re,35,"Vishal Dadlani,Nakash Aziz,Pritam,Badshah,Salman Khan,Kareena Kapoor,Nawazuddin Siddiqui",Bajrangi Bhaijaan,0.186,0.725,297651,0.939,0.0,11,0.334,-3.62,0,0.187,129.931,0.936
desi,Starring Salman Khan,37i9dQZF1EjNr3GSpSrTJ0,2Ggpu9s4UP2fO7bjgBMiss,spotify:track:2Ggpu9s4UP2fO7bjgBMiss,https://p.scdn.co/mp3-preview/35ba3ad154d8fb0feb0e4d7d08a9aca41d544131?cid=63a77ff40e794a12ae216a18befde98c,Dhinka Chika,29,"Amrita Kak,Mika Singh,Salman Khan,Asin,Zarine Khan,Paresh Rawal,Arya Babbar,Mahesh Manjrekar",Ready,0.518,0.752,271900,0.978,0.0,0,0.32,-4.786,1,0.23,82.988,0.804
desi,Starring Salman Khan,37i9dQZF1EjNr3GSpSrTJ0,1v5ofVOxXpTUiQgDrx3hq7,spotify:track:1v5ofVOxXpTUiQgDrx3hq7,,"Heeriye (From ""Race 3"")",37,"Meet Bros.,Deep Money,Neha Bhasin,Salman Khan,Jacqueline Fernandez",Race 3 (Original Motion Picture Soundtrack),0.0711,0.628,305236,0.876,0.0,1,0.165,-3.936,0,0.0591,130.037,0.564
desi,Starring Salman Khan,37i9dQZF1EjNr3GSpSrTJ0,1HT0RzPuChHC1kWbIplHyw,spotify:track:1HT0RzPuChHC1kWbIplHyw,https://p.scdn.co/mp3-preview/62bbd4790ffe5034266da0e2b9939206eccf4460?cid=63a77ff40e794a12ae216a18befde98c,Teri Meri,47,"Rahat Fateh Ali Khan,Shreya Ghoshal,Salman Khan,Kareena Kapoor,Raj Babbar,Mahesh Manjrekar",Bodyguard,0.0664,0.432,325312,0.517,0.0,2,0.202,-6.618,0,0.0485,129.608,0.473
desi,Starring Salman Khan,37i9dQZF1EjNr3GSpSrTJ0,2xHMxag2921urhJvdUOmPk,spotify:track:2xHMxag2921urhJvdUOmPk,https://p.scdn.co/mp3-preview/f7768ce082f47c1401459dddc29718f4af59ca6f?cid=63a77ff40e794a12ae216a18befde98c,Jumme Ki Raat,34,"Mika Singh,Palak Muchhal,Salman Khan,Jacqueline Fernandez,Randeep Hooda,Mithun Chakraborty,Nawazuddin Siddiqui",Kick,0.209,0.688,273854,0.954,0.00326,1,0.0387,-3.076,0,0.145,140.186,0.766
desi,Starring Salman Khan,37i9dQZF1EjNr3GSpSrTJ0,3YBGLlnnKgbgREFUAAlMW7,spotify:track:3YBGLlnnKgbgREFUAAlMW7,https://p.scdn.co/mp3-preview/e50c9ef9f7ed2d66406dae67ccd0fbe4a196b28a?cid=63a77ff40e794a12ae216a18befde98c,Jalwa,27,"Wajid,Salman Khan,Vinod Khanna,Ayesha Takia,Mahesh Manjrekar",Wanted,0.0032,0.706,269920,0.935,0.0266,4,0.0525,-5.164,0,0.089,104.975,0.556
desi,Starring Salman Khan,37i9dQZF1EjNr3GSpSrTJ0,1vmQPVE7vbgSZ12C8MlKX8,spotify:track:1vmQPVE7vbgSZ12C8MlKX8,https://p.scdn.co/mp3-preview/668002caf1ebbddbf2ab3561f0b704cdbae73081?cid=63a77ff40e794a12ae216a18befde98c,Aaj Ki Party,33,"Mika Singh,Salman Khan,Kareena Kapoor,Nawazuddin Siddiqui",Bajrangi Bhaijaan,0.196,0.556,280594,0.925,0.0,10,0.0451,-6.375,0,0.33,102.009,0.704
desi,Starring Salman Khan,37i9dQZF1EjNr3GSpSrTJ0,0mboVyI4R4MPH23yceAMz3,spotify:track:0mboVyI4R4MPH23yceAMz3,https://p.scdn.co/mp3-preview/f44b7189469f92edca4b861aca7b96fa343cd696?cid=63a77ff40e794a12ae216a18befde98c,Hangover,34,"Salman Khan,Meet Bros Anjjan,Shreya Ghoshal,Jacqueline Fernandez,Randeep Hooda,Mithun Chakraborty,Nawazuddin Siddiqui",Kick,0.412,0.675,375552,0.669,0.0,6,0.21,-4.878,0,0.0359,90.027,0.618
desi,Starring Salman Khan,37i9dQZF1EjNr3GSpSrTJ0,7fqLG2GhYDrVJqdUpOopWt,spotify:track:7fqLG2GhYDrVJqdUpOopWt,https://p.scdn.co/mp3-preview/114e7626f906147cae77f0dcd6599cebb12184f1?cid=63a77ff40e794a12ae216a18befde98c,Hum Saath - Saath Hain,28,"Hariharan,Anuradha Paudwal,Kumar Sanu,Udit Narayan,Kavita Krishnamurthy,Alka Yagnik",Hum Saath - Saath Hain (Original Motion Picture Soundtrack),0.503,0.376,231419,0.507,1.26e-05,3,0.208,-12.059,1,0.0485,92.974,0.617
desi,Starring Salman Khan,37i9dQZF1EjNr3GSpSrTJ0,2WZwiepN5xXBzjJDBSOdUN,spotify:track:2WZwiepN5xXBzjJDBSOdUN,https://p.scdn.co/mp3-preview/aaf0849fb304bc6c5c0bdc19e245122bc8a68c66?cid=63a77ff40e794a12ae216a18befde98c,Didi Tera Devar Deewana,28,"Lata Mangeshkar,S. P. Balasubrahmanyam",Hum Aapke Hain Koun (Original Motion Picture Soundtrack),0.399,0.662,485333,0.701,0.000879,1,0.297,-11.399,1,0.0285,103.246,0.901
desi,Starring Salman Khan,37i9dQZF1EjNr3GSpSrTJ0,3YFXNTmbJjQ1b5MDDZ7E0h,spotify:track:3YFXNTmbJjQ1b5MDDZ7E0h,https://p.scdn.co/mp3-preview/3035aac93814fd63cb43174283feb681e50d1192?cid=63a77ff40e794a12ae216a18befde98c,Saathiya Tune Kya Kiya,26,"S. P. Balasubrahmanyam,K. S. Chithra",Love (Original Motion Picture Soundtrack),0.563,0.499,310467,0.72,0.0,11,0.494,-7.861,1,0.0533,92.534,0.78
desi,Starring Salman Khan,37i9dQZF1EjNr3GSpSrTJ0,47tnvWm6X4SopmU3KCGl22,spotify:track:47tnvWm6X4SopmU3KCGl22,https://p.scdn.co/mp3-preview/7b5a7d10b24d1a557756fc0390b7f9a350de98f2?cid=63a77ff40e794a12ae216a18befde98c,Dekha Hai Pehli Baar,30,"Alka Yagnik,S. P. Balasubrahmanyam",Saajan (Original Motion Picture Soundtrack),0.196,0.329,373187,0.515,3.13e-06,9,0.0512,-11.252,0,0.0431,176.143,0.961
desi,Starring Salman Khan,37i9dQZF1EjNr3GSpSrTJ0,78nTdFRvCt9eM6COrFn37u,spotify:track:78nTdFRvCt9eM6COrFn37u,,"Yeh Raat Aur Yeh Doorie (From ""Andaz Apna Apna"")",6,"Asha Bhosle,S. P. Balasubrahmanyam,Salman Khan",Andaz Apna Apna (Original Motion Picture Soundtrack),0.628,0.524,316640,0.703,0.0,11,0.112,-5.768,1,0.0318,148.034,0.886
desi,Starring Salman Khan,37i9dQZF1EjNr3GSpSrTJ0,6681z5exNZcmDuu59uvhKL,spotify:track:6681z5exNZcmDuu59uvhKL,https://p.scdn.co/mp3-preview/83bd6b800a54a327a8be5ae6503b08f1947fa144?cid=63a77ff40e794a12ae216a18befde98c,East Aur West India Is the Best,22,Anu Malik,Judwaa (Original Motion Picture Soundtrack),0.0217,0.722,425013,0.865,0.0,9,0.193,-12.365,1,0.101,125.681,0.329
desi,Starring Salman Khan,37i9dQZF1EjNr3GSpSrTJ0,3R8AWxcHiUUvYwXouezxZB,spotify:track:3R8AWxcHiUUvYwXouezxZB,https://p.scdn.co/mp3-preview/417cfffac20a868b4fcd6b7a40481715522291c6?cid=63a77ff40e794a12ae216a18befde98c,Joote De Do Paise Le Lo,35,"Lata Mangeshkar,S. P. Balasubrahmanyam",Hum Aapke Hain Koun (Original Motion Picture Soundtrack),0.651,0.741,276160,0.735,1.05e-05,2,0.324,-9.217,1,0.0493,100.492,0.816
desi,Starring Salman Khan,37i9dQZF1EjNr3GSpSrTJ0,7fV0EJsaO7XSI7GCYT8TO7,spotify:track:7fV0EJsaO7XSI7GCYT8TO7,,Hello Brother,11,"Sonu Nigam,Kamaal Khan,Jaspinder Narula,Sajid-Wajid",Hello Brother (Original Motion Picture Soundtrack),0.0217,0.735,326000,0.789,0.000135,5,0.0932,-13.124,0,0.114,130.088,0.242
desi,Starring Salman Khan,37i9dQZF1EjNr3GSpSrTJ0,5DlQj8E18ONugZciHDS1OK,spotify:track:5DlQj8E18ONugZciHDS1OK,,"Dil Mein Basake (From ""Jab Pyaar Kisise Hota Hai"")",4,"Kumar Sanu,Alka Yagnik",Jab Pyaar Kisise Hota Hai (Original Motion Picture Soundtrack),0.51,0.553,300492,0.729,8.23e-06,2,0.249,-9.479,0,0.0397,102.005,0.5
desi,Starring Salman Khan,37i9dQZF1EjNr3GSpSrTJ0,5rQLRMzIHjhjD0vtsEA5Ge,spotify:track:5rQLRMzIHjhjD0vtsEA5Ge,https://p.scdn.co/mp3-preview/f404c52e2fb2e86dad727d9b918ed5004603ed74?cid=63a77ff40e794a12ae216a18befde98c,Oonchi Hai Building,23,"Poornima,Anu Malik",Judwaa (Original Motion Picture Soundtrack),0.0369,0.816,311240,0.756,4.7e-06,0,0.422,-11.462,1,0.0818,103.033,0.74
desi,Starring Salman Khan,37i9dQZF1EjNr3GSpSrTJ0,6zQ8ckHg51Mf6Iqlvj9MsA,spotify:track:6zQ8ckHg51Mf6Iqlvj9MsA,https://p.scdn.co/mp3-preview/28ce7f6dee4799592e4d7a3620f95d4002e4de16?cid=63a77ff40e794a12ae216a18befde98c,Wah Wah Ramji,28,"Lata Mangeshkar,S. P. Balasubrahmanyam",Hum Aapke Hain Koun (Original Motion Picture Soundtrack),0.655,0.618,255067,0.694,1.27e-06,4,0.339,-8.949,1,0.0447,141.191,0.776
desi,Starring Salman Khan,37i9dQZF1EjNr3GSpSrTJ0,4ucfC3h4J9u8lmiwBBz5ex,spotify:track:4ucfC3h4J9u8lmiwBBz5ex,,"Chunari Chunari (From ""Biwi No. 1"")",26,"Abhijeet,Anuradha Sriram,Salman Khan",Biwi No. 1 (Original Motion Picture Soundtrack),0.204,0.756,329944,0.716,1.83e-05,6,0.0765,-9.176,1,0.0677,119.935,0.757
desi,Starring Salman Khan,37i9dQZF1EjNr3GSpSrTJ0,5UbLOrBFImBub178hlndq7,spotify:track:5UbLOrBFImBub178hlndq7,,Chamiya,15,"Himesh Reshammiya,Sonu Nigam,Alka Yagnik & Arvind Hasabnish",Dulhan Hum Le Jayenge (Original Motion Picture Soundtrack),0.423,0.77,343773,0.931,6.25e-05,3,0.0542,-7.252,0,0.152,131.908,0.827
desi,Starring Salman Khan,37i9dQZF1EjNr3GSpSrTJ0,4z5ZhgdyXWIQ6SewelyKca,spotify:track:4z5ZhgdyXWIQ6SewelyKca,,"Pahli Pahli Baar Jab Pyaar (From ""Jab Pyaar Kisise Hota Hai"")",6,"Kumar Sanu,Salman Khan",Jab Pyaar Kisise Hota Hai (Original Motion Picture Soundtrack),0.00151,0.653,269356,0.833,0.000137,11,0.501,-11.343,0,0.0635,135.087,0.807
desi,Starring Salman Khan,37i9dQZF1EjNr3GSpSrTJ0,7a3KIYVlTcT7n7bRLGJAM7,spotify:track:7a3KIYVlTcT7n7bRLGJAM7,https://p.scdn.co/mp3-preview/6c92bedcaf5fa4729a40d1eb42e853a5d0b8ed35?cid=63a77ff40e794a12ae216a18befde98c,Tan Tana Tan Tan,23,"Abhijeet,Poornima",Judwaa (Original Motion Picture Soundtrack),0.0659,0.794,397453,0.962,7.89e-06,1,0.119,-9.801,0,0.0719,122.926,0.682
desi,Starring Salman Khan,37i9dQZF1EjNr3GSpSrTJ0,16aSKCtTi1tx8ESoEF67eG,spotify:track:16aSKCtTi1tx8ESoEF67eG,https://p.scdn.co/mp3-preview/c2459a45eac5d406c14659210bc035608fd0ba53?cid=63a77ff40e794a12ae216a18befde98c,Maye Ni Maye,25,Lata Mangeshkar,Hum Aapke Hain Koun (Original Motion Picture Soundtrack),0.769,0.587,261373,0.502,0.0011,6,0.0813,-13.034,0,0.0498,165.074,0.831
desi,Starring Salman Khan,37i9dQZF1EjNr3GSpSrTJ0,5LclUCCYqG61BsTfZV2H8P,spotify:track:5LclUCCYqG61BsTfZV2H8P,,"Jungle Hai (From ""Biwi No. 1"")",5,"Kumar Sanu,Hema Sardesai,Anu Malik",Biwi No. 1 (Original Motion Picture Soundtrack),0.0115,0.839,371426,0.613,0.0607,5,0.14,-12.15,0,0.046,103.96,0.853
desi,Starring Salman Khan,37i9dQZF1EjNr3GSpSrTJ0,4NioeIYtmBSS9fdgi8CooA,spotify:track:4NioeIYtmBSS9fdgi8CooA,,Mujhse Shaadi Karogi,22,"Alka Yagnik & Arvind Hasabnish,Suresh Wadkar,Shankar Mahadevan,Kumar Sanu",Dulhan Hum Le Jayenge (Original Motion Picture Soundtrack),0.0312,0.689,275589,0.963,6.93e-05,6,0.337,-8.504,1,0.119,134.937,0.664
desi,Starring Salman Khan,37i9dQZF1EjNr3GSpSrTJ0,66dmB1OTqFLmU6RdIf6zjO,spotify:track:66dmB1OTqFLmU6RdIf6zjO,https://p.scdn.co/mp3-preview/8dac46a1ca4cca26ace7ba90d25b0c6dc5d16514?cid=63a77ff40e794a12ae216a18befde98c,"Kahin Pyaar Na Ho Jaaye, Pt. 2",27,"Kumar Sanu,Alka Yagnik",Kahin Pyaar Na Ho Jaaye (Original Motion Picture Soundtrack),0.056,0.611,313947,0.735,1.35e-06,1,0.0466,-8.401,1,0.0512,128.809,0.667
desi,Starring Salman Khan,37i9dQZF1EjNr3GSpSrTJ0,47mtyGJ7fZGcjDJiOPgolw,spotify:track:47mtyGJ7fZGcjDJiOPgolw,https://p.scdn.co/mp3-preview/eb306971db96ea205fbe9d67f7a66bb71816bc81?cid=63a77ff40e794a12ae216a18befde98c,Tu Mere Dil Mein Basja,25,"Kumar Sanu,Poornima",Judwaa (Original Motion Picture Soundtrack),0.053,0.86,286173,0.726,5.74e-05,2,0.0516,-12.126,0,0.0872,157.5,0.888
desi,Starring Salman Khan,37i9dQZF1EjNr3GSpSrTJ0,0h5TLYsZkrMYXjRKkzYjep,spotify:track:0h5TLYsZkrMYXjRKkzYjep,https://p.scdn.co/mp3-preview/ecbbe6938880f9f6bfa097b66cb22492a75a383e?cid=63a77ff40e794a12ae216a18befde98c,Hum Aapke Hain Koun,17,"Lata Mangeshkar,S. P. Balasubrahmanyam",Hum Aapke Hain Koun (Original Motion Picture Soundtrack),0.58,0.675,240227,0.393,0.00855,0,0.228,-15.196,1,0.0327,116.202,0.627
desi,Starring Salman Khan,37i9dQZF1EjNr3GSpSrTJ0,46jVr8q0uzUz9HIxQmjin4,spotify:track:46jVr8q0uzUz9HIxQmjin4,https://p.scdn.co/mp3-preview/a515c2447b620c0cc4abc44131a36b21992a8df7?cid=63a77ff40e794a12ae216a18befde98c,Ye Toh Sach Hai Ke Bhagwan,27,"Hariharan,Milind,Santosh,Pratima",Hum Saath - Saath Hain (Original Motion Picture Soundtrack),0.47,0.585,408477,0.539,4.43e-05,9,0.319,-10.052,0,0.0335,95.085,0.709
desi,Starring Salman Khan,37i9dQZF1EjNr3GSpSrTJ0,5kbreSLUt0e4B2tMUoHIxj,spotify:track:5kbreSLUt0e4B2tMUoHIxj,,"Chandi Ki Daal Par (From ""Hello Brother"")",15,"Salman Khan,Alka Yagnik",Hello Brother (Original Motion Picture Soundtrack),0.463,0.707,363346,0.799,7.09e-05,2,0.387,-10.42,1,0.0804,99.76,0.804
desi,Starring Salman Khan,37i9dQZF1EjNr3GSpSrTJ0,75B6Uh3rcpLUHChlO3N2jF,spotify:track:75B6Uh3rcpLUHChlO3N2jF,,"Hai Hai Mirchi (From ""Biwi No. 1"")",9,"Sukhwinder Singh,Alka Yagnik & Arvind Hasabnish,Anu Malik",Biwi No. 1 (Original Motion Picture Soundtrack),0.157,0.787,338000,0.863,0.0,0,0.0546,-8.896,1,0.125,96.896,0.711
desi,Starring Salman Khan,37i9dQZF1EjNr3GSpSrTJ0,4dmWHeb5cqJyf9djA4N8IS,spotify:track:4dmWHeb5cqJyf9djA4N8IS,https://p.scdn.co/mp3-preview/a76337e8ee578d68c138572b663d61f1b3ccf4f2?cid=63a77ff40e794a12ae216a18befde98c,Duniya Mein Aaye,26,"Kumar Sanu,Kavita Krishnamurthy",Judwaa (Original Motion Picture Soundtrack),0.339,0.801,364107,0.702,4.95e-05,0,0.275,-9.874,1,0.045,129.986,0.953
desi,Starring Salman Khan,37i9dQZF1EjNr3GSpSrTJ0,1zEwMpy1l1jcT5AHrn1aOk,spotify:track:1zEwMpy1l1jcT5AHrn1aOk,https://p.scdn.co/mp3-preview/2ce53d6bb15f7ba571d0a4f866d0cf51e74ffcb5?cid=63a77ff40e794a12ae216a18befde98c,Pehla Pehla Pyar,30,S. P. Balasubrahmanyam,Hum Aapke Hain Koun (Original Motion Picture Soundtrack),0.491,0.613,265667,0.445,1.79e-06,5,0.0878,-13.139,0,0.0283,101.838,0.523
desi,Starring Salman Khan,37i9dQZF1EjNr3GSpSrTJ0,3UIPvWCcwthECWnWcyMQdc,spotify:track:3UIPvWCcwthECWnWcyMQdc,https://p.scdn.co/mp3-preview/507296fa2b24392291c7ef14a7da0da70442d22d?cid=63a77ff40e794a12ae216a18befde98c,Mera Dil Bhi Kitna Pagal Hai,28,"Kumar Sanu,Alka Yagnik",Saajan (Original Motion Picture Soundtrack),0.725,0.474,324893,0.498,0.0,8,0.0852,-10.146,1,0.0302,100.93,0.759
desi,Starring Salman Khan,37i9dQZF1EjNr3GSpSrTJ0,36NAJyjt4O6QXqnDYTunvI,spotify:track:36NAJyjt4O6QXqnDYTunvI,,Do Mastane Chale Zindagi Banane,3,"S. P. Balasubrahmanyam,Debashish Das Gupta",Andaz Apna Apna (Original Motion Picture Soundtrack),0.119,0.543,365640,0.81,0.0,10,0.0397,-6.074,0,0.17,164.179,0.848
desi,Starring Salman Khan,37i9dQZF1EjNr3GSpSrTJ0,4rfezlQQ2DH1Hk1UQvP6Kb,spotify:track:4rfezlQQ2DH1Hk1UQvP6Kb,,O Jaana Na Jaana,19,"Lata Mangeshkar,Kumar Sanu,Jatin-Lalit",Jab Pyaar Kisise Hota Hai (Original Motion Picture Soundtrack),0.213,0.616,260644,0.708,1.09e-05,0,0.338,-9.955,1,0.0535,128.133,0.757
desi,Starring Salman Khan,37i9dQZF1EjNr3GSpSrTJ0,3pZJAagGNFan9R7QY5DOJV,spotify:track:3pZJAagGNFan9R7QY5DOJV,https://p.scdn.co/mp3-preview/9e7f180efcbbd11ccb309153372de5c1b807e11e?cid=63a77ff40e794a12ae216a18befde98c,Tera Aana Tera Jaana,23,"Kumar Sanu,Kavita Krishnamurthy",Judwaa (Original Motion Picture Soundtrack),0.125,0.905,293133,0.766,2.16e-06,7,0.206,-11.768,0,0.0505,130.057,0.964
desi,Starring Salman Khan,37i9dQZF1EjNr3GSpSrTJ0,7CmZj1hHIIuHGLqTdVhfPF,spotify:track:7CmZj1hHIIuHGLqTdVhfPF,https://p.scdn.co/mp3-preview/dbf6880fbdb0e96a5290a3696e295187dd211649?cid=63a77ff40e794a12ae216a18befde98c,"Dhiktana, Pt. 1",17,"Lata Mangeshkar,S. P. Balasubrahmanyam,Udit Narayan,Shailendra Singh",Hum Aapke Hain Koun (Original Motion Picture Soundtrack),0.589,0.711,487307,0.663,0.0,6,0.643,-13.644,0,0.0896,97.496,0.833
desi,Starring Salman Khan,37i9dQZF1EjNr3GSpSrTJ0,7EjutI8k2HKcGOp332YCYH,spotify:track:7EjutI8k2HKcGOp332YCYH,https://p.scdn.co/mp3-preview/2ca3950a16c29ac52ac1f52aada83e13e5c2f3d4?cid=63a77ff40e794a12ae216a18befde98c,Mhare Hiwra Main Nache Mor,31,"Hariharan,Anuradha Paudwal,Kumar Sanu,Udit Narayan,Kavita Krishnamurthy,Alka Yagnik",Hum Saath - Saath Hain (Original Motion Picture Soundtrack),0.538,0.595,380447,0.616,3.31e-05,11,0.281,-11.671,0,0.0624,168.047,0.942
desi,Starring Salman Khan,37i9dQZF1EjNr3GSpSrTJ0,6yePUf6JgYCk4eNz3CNEzb,spotify:track:6yePUf6JgYCk4eNz3CNEzb,,Jungle Hai - Children Mix,1,"Hema Sardesai,Kumar Sanu",Biwi No. 1 (Original Motion Picture Soundtrack),0.0274,0.824,378000,0.727,0.0191,5,0.168,-9.897,0,0.0369,103.97,0.882
desi,Starring Salman Khan,37i9dQZF1EjNr3GSpSrTJ0,51Jc7JxVZeKpMkztXjdG67,spotify:track:51Jc7JxVZeKpMkztXjdG67,,"Hata Sawan Ki Ghata (From ""Hello Brother"")",8,"Babul Supriyo,Jaspinder Narula,Salman Khan",Hello Brother (Original Motion Picture Soundtrack),0.499,0.755,264437,0.771,0.0,7,0.056,-10.699,1,0.213,130.018,0.408
desi,Starring Salman Khan,37i9dQZF1EjNr3GSpSrTJ0,6Bi1QKVK6kDLqhfKPSfIdH,spotify:track:6Bi1QKVK6kDLqhfKPSfIdH,,Dulhan Hum Le Jayenge,8,"Sunita Rao,Kumar Sanu,Alka Yagnik & Arvind Hasabnish",Dulhan Hum Le Jayenge (Original Motion Picture Soundtrack),0.379,0.514,323680,0.952,0.0,1,0.16,-7.3,1,0.365,96.846,0.539
desi,Starring Salman Khan,37i9dQZF1EjNr3GSpSrTJ0,1vBVpsqCY0sixxmdIY7SsF,spotify:track:1vBVpsqCY0sixxmdIY7SsF,,"Jaanam Samjha Karo (From ""Jaanam Samjha Karo"")",9,Hema Sardesai,Jaanam Samjha Karo (Original Motion Picture Soundtrack),0.0894,0.75,391620,0.667,0.00373,2,0.286,-12.141,1,0.0584,127.855,0.0857
desi,Starring Salman Khan,37i9dQZF1EjNr3GSpSrTJ0,2eBmzZM2WTDZ5nOT7xPjLP,spotify:track:2eBmzZM2WTDZ5nOT7xPjLP,https://p.scdn.co/mp3-preview/d1d572a50553200df0a4c8db04cc73fbb3f1e765?cid=63a77ff40e794a12ae216a18befde98c,Mausam Ka Jaadu,18,"Lata Mangeshkar,S. P. Balasubrahmanyam",Hum Aapke Hain Koun (Original Motion Picture Soundtrack),0.775,0.646,303040,0.448,1.72e-05,6,0.0745,-17.247,1,0.0455,88.639,0.856
desi,Starring Salman Khan,37i9dQZF1EjNr3GSpSrTJ0,1MVjn7qcDOW4xx4tRnEiDx,spotify:track:1MVjn7qcDOW4xx4tRnEiDx,https://p.scdn.co/mp3-preview/ac50b966254974a4e5113314ef4b449f42d9d9fa?cid=63a77ff40e794a12ae216a18befde98c,Pehli Baar Mile Hain,25,S. P. Balasubrahmanyam,Saajan (Original Motion Picture Soundtrack),0.335,0.554,376093,0.735,0.0,9,0.132,-10.107,0,0.0676,116.469,0.859
desi,Starring Salman Khan,37i9dQZF1EjNr3GSpSrTJ0,6KATLkryQsMjZbgycX8bDe,spotify:track:6KATLkryQsMjZbgycX8bDe,,"Kabhi Tu Chalia Lagta Hai (From ""Patthar Ke Phool"")",4,"Lata Mangeshkar,S. P. Balasubrahmanyam,Salman Khan",Patthar Ke Phool (Original Motion Picture Soundtrack),0.422,0.783,414933,0.58,0.0,5,0.26,-13.824,0,0.0331,109.972,0.965
desi,Starring Salman Khan,37i9dQZF1EjNr3GSpSrTJ0,5bN1Ky8E5TMOZ9sRGNViu8,spotify:track:5bN1Ky8E5TMOZ9sRGNViu8,,"I Love You, I Love You (From ""Auzaar"")",1,"Shankar Mahadevan,Salman Khan",Auzaar (Original Motion Picture Soundtrack),0.0107,0.72,309946,0.737,0.000433,11,0.105,-15.402,0,0.0608,135.984,0.547
desi,Starring Salman Khan,37i9dQZF1EjNr3GSpSrTJ0,2JhjC8hE3kR4Z1VMXs8j7D,spotify:track:2JhjC8hE3kR4Z1VMXs8j7D,,"I Found Love (From ""Race 3"")",10,"Vishal Mishra,Veera Saxena,Salman Khan",Race 3 (Original Motion Picture Soundtrack),0.21,0.596,291074,0.708,1.26e-06,1,0.453,-6.296,0,0.0337,94.006,0.511
desi,Starring Salman Khan,37i9dQZF1EjNr3GSpSrTJ0,4pmtvrqBwdLEc3gFk7p7gS,spotify:track:4pmtvrqBwdLEc3gFk7p7gS,https://p.scdn.co/mp3-preview/b6820da39acdce0e520a52604afd9f601faaec97?cid=63a77ff40e794a12ae216a18befde98c,"Dhiktana, Pt. 2",16,S. P. Balasubrahmanyam,Hum Aapke Hain Koun (Original Motion Picture Soundtrack),0.532,0.757,320827,0.688,7.57e-06,6,0.222,-10.888,0,0.0373,94.538,0.958
desi,Starring Salman Khan,37i9dQZF1EjNr3GSpSrTJ0,07PpiU0ZgUCFaPQ7ReTUQO,spotify:track:07PpiU0ZgUCFaPQ7ReTUQO,,"Teri Chunnariya (From ""Hello Brother"")",15,"Kumar Sanu,Alka Yagnik",Hello Brother (Original Motion Picture Soundtrack),0.293,0.702,351817,0.868,0.0,7,0.0665,-8.123,1,0.0764,124.91,0.741
desi,Starring Salman Khan,37i9dQZF1EjNr3GSpSrTJ0,4TPQHwC2bZBLZ5PdzdqMeL,spotify:track:4TPQHwC2bZBLZ5PdzdqMeL,https://p.scdn.co/mp3-preview/1e54994c28bd3cb0f5b0157659de414c18280122?cid=63a77ff40e794a12ae216a18befde98c,Maiya Yashoda,32,"Anuradha Paudwal,Kavita Krishnamurthy,Alka Yagnik",Hum Saath - Saath Hain (Original Motion Picture Soundtrack),0.611,0.434,379324,0.501,2.64e-05,0,0.215,-10.883,1,0.0941,175.937,0.825
desi,Starring Salman Khan,37i9dQZF1EjNr3GSpSrTJ0,0svvBSIZzpet7cPfM0pOJT,spotify:track:0svvBSIZzpet7cPfM0pOJT,https://p.scdn.co/mp3-preview/5c98d0ec22e154f0ed841f59c05a66c988536d1b?cid=63a77ff40e794a12ae216a18befde98c,Savariya,22,"Kamal Khan,Alka Yagnik",Kahin Pyaar Na Ho Jaaye (Original Motion Picture Soundtrack),0.00408,0.667,313253,0.68,0.000249,6,0.073,-12.615,0,0.0456,133.065,0.827
desi,Starring Salman Khan,37i9dQZF1EjNr3GSpSrTJ0,3U7P6wj1k24V9Y6cialH0Y,spotify:track:3U7P6wj1k24V9Y6cialH0Y,,Biwi No. 1,12,"Abhijeet,Anu Malik,Poornima",Biwi No. 1 (Original Motion Picture Soundtrack),0.0758,0.776,436840,0.786,9.97e-05,7,0.0756,-10.071,0,0.279,179.842,0.783
desi,Starring Salman Khan,37i9dQZF1EjNr3GSpSrTJ0,3zoMdGfjMWdlpHILzt5Grh,spotify:track:3zoMdGfjMWdlpHILzt5Grh,https://p.scdn.co/mp3-preview/eb87d1f67c5c48ef395e011195228cf88b7e04be?cid=63a77ff40e794a12ae216a18befde98c,Lo Chali Main,18,Lata Mangeshkar,Hum Aapke Hain Koun (Original Motion Picture Soundtrack),0.69,0.612,173200,0.376,0.0011,11,0.37,-14.881,0,0.122,158.06,0.752
desi,Starring Salman Khan,37i9dQZF1EjNr3GSpSrTJ0,19GWgGIJzqZqe6i1v41NZZ,spotify:track:19GWgGIJzqZqe6i1v41NZZ,https://p.scdn.co/mp3-preview/95fe9634c6888f281fd2187e8e9690fea56800d5?cid=63a77ff40e794a12ae216a18befde98c,Jeeye to Jeeye Kaise,25,"Kumar Sanu,S. P. Balasubrahmanyam",Saajan (Original Motion Picture Soundtrack),0.547,0.53,397933,0.532,0.0,0,0.149,-11.803,1,0.0333,130.562,0.728
desi,Starring Salman Khan,37i9dQZF1EjNr3GSpSrTJ0,0B3YiOKgBHEz9CK7c6eO0D,spotify:track:0B3YiOKgBHEz9CK7c6eO0D,,"Party Chale On (From ""Race 3"")",31,"Mika Singh,Iulia Vantur,Saqib Saleem,Anil Kapoor,Salman Khan,Bobby Deol,Jacqueline Fernandez,Daisy Shah",Race 3 (Original Motion Picture Soundtrack),0.287,0.646,240327,0.828,0.0,8,0.282,-5.203,1,0.0308,132.014,0.608
desi,Starring Salman Khan,37i9dQZF1EjNr3GSpSrTJ0,7cvByqy8euqE4DYLO6b3EU,spotify:track:7cvByqy8euqE4DYLO6b3EU,https://p.scdn.co/mp3-preview/36e2205001fb89932a50cb58d709fdb6564b90ef?cid=63a77ff40e794a12ae216a18befde98c,Naach Meri Jaan,28,"Pritam,Kamaal Khan,Nakash Aziz,Dev Negi,TUSHAR JOSHI,Salman Khan,Sohail Khan",Tubelight (Original Motion Picture Soundtrack),0.415,0.627,287273,0.939,1.67e-06,4,0.182,-3.041,1,0.179,198.106,0.92
desi,Starring Salman Khan,37i9dQZF1EjNr3GSpSrTJ0,08c5bSgzXJ1Xle8pgyMOSs,spotify:track:08c5bSgzXJ1Xle8pgyMOSs,https://p.scdn.co/mp3-preview/0e10ae6fbcc0488ac84681a9a3b5dd8310dc7ec6?cid=63a77ff40e794a12ae216a18befde98c,Taali (Solo),16,Sukhwinder Singh,Veer,0.112,0.78,371649,0.76,0.0,5,0.0754,-6.018,0,0.0536,117.996,0.474
desi,Starring Salman Khan,37i9dQZF1EjNr3GSpSrTJ0,7nR3EzYSCAAPvORTKp47hC,spotify:track:7nR3EzYSCAAPvORTKp47hC,,"Ishq Di Galli Vich (From ""No Entry"")",11,"Sonu Nigam,Alisha Chinai,Salman Khan",No Entry (Original Motion Picture Soundtrack),0.0454,0.769,368840,0.905,0.0485,7,0.168,-6.322,1,0.0396,132.023,0.633
desi,Starring Salman Khan,37i9dQZF1EjNr3GSpSrTJ0,6I3WZ9nhzLsQVacka3O0JM,spotify:track:6I3WZ9nhzLsQVacka3O0JM,https://p.scdn.co/mp3-preview/55d1c51696dfa3ecb1daf7006e92d3ee885c25c5?cid=63a77ff40e794a12ae216a18befde98c,O Priya O Priya,30,"Kamal Khan,Kumar Sanu,Alka Yagnik",Kahin Pyaar Na Ho Jaaye (Original Motion Picture Soundtrack),0.0761,0.66,349533,0.591,1.67e-05,8,0.076,-10.382,1,0.0476,96.063,0.823
desi,Starring Salman Khan,37i9dQZF1EjNr3GSpSrTJ0,7vC5F0K0c8cMQig6OR0Qay,spotify:track:7vC5F0K0c8cMQig6OR0Qay,,Pyar Dilon Ka Mela Hai,16,"Himesh Reshammiya,Sonu Nigam,Alka Yagnik & Arvind Hasabnish",Dulhan Hum Le Jayenge (Original Motion Picture Soundtrack),0.039,0.645,297947,0.944,5.49e-06,5,0.0645,-6.366,0,0.212,126.903,0.666
desi,Starring Salman Khan,37i9dQZF1EjNr3GSpSrTJ0,6H9Qo8MsTUPm6FpbIa081X,spotify:track:6H9Qo8MsTUPm6FpbIa081X,https://p.scdn.co/mp3-preview/088067b1a0f6521425109dc5b00542346280e94b?cid=63a77ff40e794a12ae216a18befde98c,"Radio (Douzi - Arabic Version) [From ""Tubelight""]",21,"Pritam,Douzi,Salman Khan","Radio (Douzi - Arabic Version) [From ""Tubelight""]",0.158,0.753,290999,0.898,6.48e-06,9,0.0332,-2.39,0,0.0692,128.01,0.818
desi,Starring Salman Khan,37i9dQZF1EjNr3GSpSrTJ0,0TpJ7qiqBROcg9rZ0TnM5m,spotify:track:0TpJ7qiqBROcg9rZ0TnM5m,https://p.scdn.co/mp3-preview/d5340db7de18a64cd690db33855d765675b8fb36?cid=63a77ff40e794a12ae216a18befde98c,"Salaam Aaya (From ""Veer"")",30,"Roop Kumar Rathod,Shreya Ghoshal,Suzanne D'Mello",Veer,0.535,0.569,293670,0.562,0.0,5,0.234,-7.729,1,0.0398,141.916,0.483
desi,Starring Salman Khan,37i9dQZF1EjNr3GSpSrTJ0,4tv837UVE701guqQ97x26J,spotify:track:4tv837UVE701guqQ97x26J,,"Bang Bang (From ""Hello"")",3,"Wajid Khan,Salman Khan",Hello (Original Motion Picture Soundtrack),0.0272,0.685,293872,0.91,2.67e-06,2,0.12,-2.594,1,0.088,134.987,0.64
desi,Starring Salman Khan,37i9dQZF1EjNr3GSpSrTJ0,4uATahT8LSxpB1wF8gHrgv,spotify:track:4uATahT8LSxpB1wF8gHrgv,,Just Love Me,5,"Sonu Nigam,Anu Malik",No Entry (Original Motion Picture Soundtrack),0.0287,0.767,276875,0.721,0.000151,1,0.547,-9.291,1,0.142,110.011,0.718
desi,Starring Salman Khan,37i9dQZF1EjNr3GSpSrTJ0,24LqhaCHcgWsjjRLAbTxNW,spotify:track:24LqhaCHcgWsjjRLAbTxNW,,"Selfish (From ""Race 3"")",13,"Atif Aslam,Iulia Vantur,Vishal Mishra,Salman Khan,Bobby Deol,Jacqueline Fernandez",Race 3 (Original Motion Picture Soundtrack),0.758,0.339,297256,0.436,0.0,1,0.136,-6.352,1,0.0401,154.081,0.216
desi,Starring Salman Khan,37i9dQZF1EjNr3GSpSrTJ0,5LedsdL7sLCVYhE8EK4hzb,spotify:track:5LedsdL7sLCVYhE8EK4hzb,https://p.scdn.co/mp3-preview/4535e6d630a9a32dcf76178b24bd213b7a853432?cid=63a77ff40e794a12ae216a18befde98c,Kuch Nahi,25,"Pritam,Javed Ali,Salman Khan,Sohail Khan",Tubelight (Original Motion Picture Soundtrack),0.636,0.417,221519,0.675,0.0,0,0.0854,-4.774,1,0.0412,124.673,0.266
desi,Starring Salman Khan,37i9dQZF1EjNr3GSpSrTJ0,44GxrmjzTNnlWdfyJrPYaA,spotify:track:44GxrmjzTNnlWdfyJrPYaA,https://p.scdn.co/mp3-preview/e614d206e6a8a662f15afe18e6515121766c77d0?cid=63a77ff40e794a12ae216a18befde98c,Mujhse Juda Hokar,17,"Lata Mangeshkar,S. P. Balasubrahmanyam",Hum Aapke Hain Koun (Original Motion Picture Soundtrack),0.446,0.555,362173,0.38,2.88e-05,5,0.307,-18.309,0,0.0397,161.236,0.861
desi,Starring Salman Khan,37i9dQZF1EjNr3GSpSrTJ0,6bqIRqzCCAv0wocLlsj2xQ,spotify:track:6bqIRqzCCAv0wocLlsj2xQ,https://p.scdn.co/mp3-preview/3eab8696d39e042a79c09a3898dd8da97c36877e?cid=63a77ff40e794a12ae216a18befde98c,A B C D E F G H I Love You,29,"Hariharan,Udit Narayan,Shankar Mahadevan,Hema Sardesai,Saif Ali Khan",Hum Saath - Saath Hain (Original Motion Picture Soundtrack),0.455,0.804,272483,0.726,0.000184,0,0.0819,-10.335,0,0.0521,116.071,0.856
desi,Starring Salman Khan,37i9dQZF1EjNr3GSpSrTJ0,6yN6AP2qkoGIjhF3VzUOkO,spotify:track:6yN6AP2qkoGIjhF3VzUOkO,https://p.scdn.co/mp3-preview/a8eb290b514d5fa4a032a24e900309c72997a45d?cid=63a77ff40e794a12ae216a18befde98c,Kahin Pyaar Na Ho Jaaye,23,"Alka Yagnik,Kumar Sanu",Kahin Pyaar Na Ho Jaaye (Original Motion Picture Soundtrack),0.161,0.622,318547,0.748,0.0,1,0.1,-7.73,1,0.0437,128.844,0.725
desi,Starring Salman Khan,37i9dQZF1EjNr3GSpSrTJ0,2Zkc7f7n1GUiuYa0QehtWd,spotify:track:2Zkc7f7n1GUiuYa0QehtWd,,"Chal Pyar Karegi (From ""Jab Pyaar Kisise Hota Hai"")",12,"Sonu Nigam,Alka Yagnik",Jab Pyaar Kisise Hota Hai (Original Motion Picture Soundtrack),0.709,0.623,378093,0.739,0.0,5,0.66,-9.6,1,0.0581,100.012,0.882
desi,Starring Salman Khan,37i9dQZF1EjNr3GSpSrTJ0,6oWYhKfTfaBO1oR9AfoS3S,spotify:track:6oWYhKfTfaBO1oR9AfoS3S,,"Ishq Sona Hai (From ""Biwi, No. 1"")",12,"Shankar Mahadevan,Hema Sardesai,Salman Khan",Biwi No. 1 (Original Motion Picture Soundtrack),0.148,0.742,373329,0.862,1.33e-06,5,0.263,-8.591,0,0.0742,121.834,0.645
desi,Starring Salman Khan,37i9dQZF1EjNr3GSpSrTJ0,2i8vZY7AuRcXMHFARA00nL,spotify:track:2i8vZY7AuRcXMHFARA00nL,https://p.scdn.co/mp3-preview/778b24a2e47d4ec372871d14c63830e2f2155feb?cid=63a77ff40e794a12ae216a18befde98c,Chocolate Lime Juice,14,Lata Mangeshkar,Hum Aapke Hain Koun (Original Motion Picture Soundtrack),0.477,0.7,267533,0.626,0.00041,4,0.258,-14.659,1,0.0384,126.016,0.861
desi,Starring Salman Khan,37i9dQZF1EjNr3GSpSrTJ0,0rvNTSDuANSUSsKjeMvC2p,spotify:track:0rvNTSDuANSUSsKjeMvC2p,https://p.scdn.co/mp3-preview/4eafd35a206469cdebf90e9e96fffd96bb1a7732?cid=63a77ff40e794a12ae216a18befde98c,Jeeye to Jeeye Kaise,25,Pankaj Udhas,Saajan (Original Motion Picture Soundtrack),0.249,0.486,209960,0.489,0.0,0,0.156,-11.968,1,0.0306,128.731,0.682
desi,Starring Salman Khan,37i9dQZF1EjNr3GSpSrTJ0,5dnZmNRUQxT4T2703lFn3W,spotify:track:5dnZmNRUQxT4T2703lFn3W,https://p.scdn.co/mp3-preview/efcf7c9ba1c68e26ed149c03011f0a0917f515ed?cid=63a77ff40e794a12ae216a18befde98c,Surili Akhiyon Wale (Duet),25,"Rahat Fateh Ali Khan,Sunidhi Chauhan,Suzanne D'Mello",Veer,0.447,0.518,332174,0.587,0.0,4,0.0858,-5.685,1,0.0309,75.88,0.466
desi,Starring Salman Khan,37i9dQZF1EjNr3GSpSrTJ0,5bW3buj4F1LdRR8Z36dj1p,spotify:track:5bW3buj4F1LdRR8Z36dj1p,,"Allah Duhai Hai (From ""Race 3"")",29,"Amit Mishra,Jonita Gandhi,Sriram Chandra,Raja Kumari,Saqib Saleem,Anil Kapoor,Salman Khan,Bobby Deol,Jacqueline Fernandez,Daisy Shah",Race 3 (Original Motion Picture Soundtrack),0.0087,0.663,279615,0.806,3.93e-06,1,0.0961,-4.432,1,0.033,113.988,0.0975
desi,Starring Salman Khan,37i9dQZF1EjNr3GSpSrTJ0,46b9qvjjDiWwISjvhsqHGf,spotify:track:46b9qvjjDiWwISjvhsqHGf,https://p.scdn.co/mp3-preview/50f97d5dccd9714a2fa178d5cdd035f5d6390fd9?cid=63a77ff40e794a12ae216a18befde98c,Tinka Tinka Dil Mera,20,"Pritam,Rahat Fateh Ali Khan,Salman Khan,Sohail Khan",Tubelight (Original Motion Picture Soundtrack),0.877,0.217,302824,0.521,0.0103,9,0.112,-11.075,0,0.0417,170.093,0.368
desi,Starring Salman Khan,37i9dQZF1EjNr3GSpSrTJ0,61Rkgh2k4Qmq0zzfNt5p0z,spotify:track:61Rkgh2k4Qmq0zzfNt5p0z,https://p.scdn.co/mp3-preview/d519964c3dcca314b2ef83d5c745a421587071f2?cid=63a77ff40e794a12ae216a18befde98c,Samdhi Samdhan,15,"Lata Mangeshkar,Kumar Sanu",Hum Aapke Hain Koun (Original Motion Picture Soundtrack),0.483,0.679,351160,0.577,7.91e-06,7,0.101,-11.202,1,0.0365,124.085,0.757
desi,Starring Salman Khan,37i9dQZF1EjNr3GSpSrTJ0,6LJhtkzikhMyIBMFWr5TNX,spotify:track:6LJhtkzikhMyIBMFWr5TNX,https://p.scdn.co/mp3-preview/1f6508b887b4d4d9964db4849dce42789119ef69?cid=63a77ff40e794a12ae216a18befde98c,Chote Chote Bhaiyon Ke Bade Bhaiya,33,"Udit Narayan,Kavita Krishnamurthy,Kumar Sanu",Hum Saath - Saath Hain (Original Motion Picture Soundtrack),0.419,0.797,255451,0.823,1.16e-05,9,0.0456,-11.45,1,0.12,137.899,0.899
desi,Starring Salman Khan,37i9dQZF1EjNr3GSpSrTJ0,1acxzJSLNUISeYPGa5IOZ3,spotify:track:1acxzJSLNUISeYPGa5IOZ3,https://p.scdn.co/mp3-preview/3b6ea17af467e4616c0bf89b4336ddc84c3e2a8c?cid=63a77ff40e794a12ae216a18befde98c,Too Shayar Hai Main Teri Shayari,24,Alka Yagnik,Saajan (Original Motion Picture Soundtrack),0.602,0.489,389907,0.739,4.25e-06,2,0.0427,-9.743,1,0.036,117.955,0.692
desi,Starring Salman Khan,37i9dQZF1EjNr3GSpSrTJ0,5uWICii8rUVQI9iUpw1SSv,spotify:track:5uWICii8rUVQI9iUpw1SSv,,Saansain Hui Dhuan Dhuan,10,"Gurinder Seagal Sardar G,Payal Dev,Iulia Vantur",Race 3 (Original Motion Picture Soundtrack),0.0503,0.673,156549,0.91,0.000186,2,0.903,-3.11,0,0.171,139.954,0.319
desi,Starring Salman Khan,37i9dQZF1EjNr3GSpSrTJ0,45IVxWsY3y0wLLk77bZWlA,spotify:track:45IVxWsY3y0wLLk77bZWlA,https://p.scdn.co/mp3-preview/56a97ccbb0e59ec21b9803df783abc7e9639eae0?cid=63a77ff40e794a12ae216a18befde98c,Main Agar,47,"Pritam,Atif Aslam,Salman Khan,Sohail Khan",Tubelight (Original Motion Picture Soundtrack),0.473,0.589,279500,0.811,0.0,1,0.114,-5.052,0,0.0429,119.969,0.166
desi,Starring Salman Khan,37i9dQZF1EjNr3GSpSrTJ0,53CIWVFnnpWfsKLYfQSQYq,spotify:track:53CIWVFnnpWfsKLYfQSQYq,https://p.scdn.co/mp3-preview/b12d136f4451a928d2637bc48877cf1b96dd5ed3?cid=63a77ff40e794a12ae216a18befde98c,Taali,19,"Sukhwinder Singh,Sonu Nigam,Neuman Pinto,Wajid Ali",Veer,0.111,0.775,370193,0.78,1.01e-06,0,0.0721,-6.299,1,0.0475,117.982,0.462
desi,Starring Salman Khan,37i9dQZF1EjNr3GSpSrTJ0,46Xme2tbrj65OcHbUN21hP,spotify:track:46Xme2tbrj65OcHbUN21hP,,Race 3 Mashup,11,Kiran Kamath,Race 3 (Original Motion Picture Soundtrack),0.0107,0.595,248964,0.837,4.45e-06,1,0.698,-4.576,0,0.0369,128.001,0.617
desi,Starring Salman Khan,37i9dQZF1EjNr3GSpSrTJ0,7n278iHoD21kun2OymTABC,spotify:track:7n278iHoD21kun2OymTABC,https://p.scdn.co/mp3-preview/f4d0d2c6784c652c4b60a72b303b07e8f7d7ce92?cid=63a77ff40e794a12ae216a18befde98c,Tumse Milne Ki Tamanna Hai,27,S. P. Balasubrahmanyam,Saajan (Original Motion Picture Soundtrack),0.241,0.532,329987,0.779,0.0,9,0.154,-11.326,0,0.0622,119.735,0.671
desi,Starring Salman Khan,37i9dQZF1EjNr3GSpSrTJ0,20gIFUiZwukYlyH3zDF6Ov,spotify:track:20gIFUiZwukYlyH3zDF6Ov,,Selfish - Unplugged,5,"Atif Aslam,Vishal Mishra",Race 3 (Original Motion Picture Soundtrack),0.809,0.508,308350,0.395,0.0,1,0.151,-6.834,1,0.0335,154.212,0.232
desi,Starring Salman Khan,37i9dQZF1EjNr3GSpSrTJ0,5jJ0Oi0oIm0EIsLQPiZQ85,spotify:track:5jJ0Oi0oIm0EIsLQPiZQ85,,Ek Galti,7,Shivai Vyas,Race 3 (Original Motion Picture Soundtrack),0.543,0.633,237000,0.61,0.0,2,0.271,-6.046,1,0.0707,79.998,0.517
