category_id,playlist_name,playlist_id,track_id,track_uri,track_preview_url,track_name,track_popularity,artist_name,album_name,acousticness,danceability,duration_ms,energy,instrumentalness,key,liveness,loudness,mode,speechiness,tempo,valence
desi,Golden Ghazals,37i9dQZF1DXdsiL9gD4vAA,3lz869qyZcRBATTT6r4omU,spotify:track:3lz869qyZcRBATTT6r4omU,https://p.scdn.co/mp3-preview/2466e28681e465b8c41e03595511029ac2686310?cid=63a77ff40e794a12ae216a18befde98c,Har zulm tera yaad hai,30,Sajjad Ali,Geet aur ghazlon ka haseen sangam,0.823,0.467,343118,0.428,0.00699,3,0.519,-11.605,1,0.0308,151.529,0.61
desi,Golden Ghazals,37i9dQZF1DXdsiL9gD4vAA,7y8nfUqN3m56KiisCjYk7s,spotify:track:7y8nfUqN3m56KiisCjYk7s,https://p.scdn.co/mp3-preview/9a1f1785f15dc148cdd1359a5c96314ded6ea45b?cid=63a77ff40e794a12ae216a18befde98c,Dil Jalaane Ki Baat,17,Ali Sethi,The Reluctant Fundamentalist Soundtrack,0.976,0.456,102107,0.00878,5.85e-05,2,0.169,-19.022,1,0.0554,76.659,0.106
desi,Golden Ghazals,37i9dQZF1DXdsiL9gD4vAA,03BvoVjiTrsFdBtOIzDsfy,spotify:track:03BvoVjiTrsFdBtOIzDsfy,,"Hoshwalon Ko Khabar Kya (From ""Sarfarosh"")",20,Jagjit Singh,Romantic Evening with Jagjit Singh,0.243,0.537,307000,0.447,0.0,6,0.254,-12.014,1,0.031,94.085,0.535
desi,Golden Ghazals,37i9dQZF1DXdsiL9gD4vAA,6xkH51odPN6GVpMgth0lWL,spotify:track:6xkH51odPN6GVpMgth0lWL,https://p.scdn.co/mp3-preview/4eafd35a206469cdebf90e9e96fffd96bb1a7732?cid=63a77ff40e794a12ae216a18befde98c,"Jeeye to Jeeye Kaise (From ""Saajan"")",30,Pankaj Udhas,Bollywood & Ghazal Collection of Pankaj Udhas,0.249,0.486,209960,0.489,0.0,0,0.156,-11.968,1,0.0306,128.731,0.682
desi,Golden Ghazals,37i9dQZF1DXdsiL9gD4vAA,1m4wwtRG4UIB7GreQFP5QQ,spotify:track:1m4wwtRG4UIB7GreQFP5QQ,https://p.scdn.co/mp3-preview/2002bfb27e5d7a14b5bd21d6413f94b45ca2259a?cid=63a77ff40e794a12ae216a18befde98c,Rafta Rafta Voh Meri Hasti Ka,26,Mehdi Hassan,Mehdi Hassan Golden Film Hits Vol-2,0.854,0.4,226520,0.694,0.0,10,0.0578,-7.652,0,0.033,103.644,0.607
desi,Golden Ghazals,37i9dQZF1DXdsiL9gD4vAA,17KkoAVRG97m94TxW3uDLK,spotify:track:17KkoAVRG97m94TxW3uDLK,,,23,",",,0.907,0.354,291067,0.272,0.612,2,0.0848,-13.642,1,0.0295,90.566,0.263
desi,Golden Ghazals,37i9dQZF1DXdsiL9gD4vAA,1xoxOHmcRZqygAmiXugPs5,spotify:track:1xoxOHmcRZqygAmiXugPs5,https://p.scdn.co/mp3-preview/ab89b82a1d17c4a639f2ed188e86e185fb962ef7?cid=63a77ff40e794a12ae216a18befde98c,Duniya Kisie Ke Pyar Mein,26,Mehdi Hassan,Mehdi Hassan,0.883,0.427,194133,0.38,0.00208,5,0.143,-13.424,0,0.0296,98.838,0.646
desi,Golden Ghazals,37i9dQZF1DXdsiL9gD4vAA,6D5YqPRZo1OfpD2cy5hUz1,spotify:track:6D5YqPRZo1OfpD2cy5hUz1,https://p.scdn.co/mp3-preview/9b09d94d802bdf827ad6ac87915d8477bf801ebd?cid=63a77ff40e794a12ae216a18befde98c,Mujhe Tum Nazar Se Gira To Rahe Ho,27,Mehdi Hassan,Golden Strokes Of Sohail Rana,0.971,0.513,235173,0.359,9.85e-05,8,0.218,-11.288,1,0.0371,120.251,0.741
desi,Golden Ghazals,37i9dQZF1DXdsiL9gD4vAA,7ChxMWjOnf2sSPOkdiUY4N,spotify:track:7ChxMWjOnf2sSPOkdiUY4N,,Kagaz Ki Kashti,15,Jagjit Singh,Parwaaz-Live In Singapore,0.773,0.655,405093,0.365,0.0148,1,0.85,-14.078,0,0.0385,117.785,0.584
desi,Golden Ghazals,37i9dQZF1DXdsiL9gD4vAA,629XoimVGH8GCzqrWnBXVT,spotify:track:629XoimVGH8GCzqrWnBXVT,,Ahista,32,Pankaj Udhas,Made For Each Other,0.522,0.727,433280,0.465,0.0,3,0.155,-7.022,1,0.0269,88.007,0.435
desi,Golden Ghazals,37i9dQZF1DXdsiL9gD4vAA,0xacMfqz3t5x29sgDmaYms,spotify:track:0xacMfqz3t5x29sgDmaYms,https://p.scdn.co/mp3-preview/dca3cb11752b183dd95360ea2663567a049b1d6f?cid=63a77ff40e794a12ae216a18befde98c,Koi Yeh Kaise Bataye,23,Jagjit Singh,Arth (Original Motion Picture Soundtrack),0.859,0.524,197787,0.287,9.41e-06,0,0.189,-15.335,1,0.0326,124.534,0.349
desi,Golden Ghazals,37i9dQZF1DXdsiL9gD4vAA,4alS0xW23tUwqscT8CkPM3,spotify:track:4alS0xW23tUwqscT8CkPM3,https://p.scdn.co/mp3-preview/203a35e064ad0e3523ea402fd30b6860bb38070f?cid=63a77ff40e794a12ae216a18befde98c,Aaj Jane Ki Zid Na Karo (Live),30,Farida Khanum,Farida Khanum In Concert (Live),0.867,0.55,449400,0.289,1.48e-05,4,0.893,-14.411,1,0.0358,107.084,0.511
desi,Golden Ghazals,37i9dQZF1DXdsiL9gD4vAA,4SVLJYv9gJQgFhtJdW3TEX,spotify:track:4SVLJYv9gJQgFhtJdW3TEX,https://p.scdn.co/mp3-preview/4a9858f771c6edc7e20cbbca4be1d1b882b0c36b?cid=63a77ff40e794a12ae216a18befde98c,Tum Itna Jo Muskura Rahe Ho,33,Jagjit Singh,Arth (Original Motion Picture Soundtrack),0.352,0.374,321311,0.331,1.46e-05,4,0.178,-12.652,1,0.0322,171.381,0.594
desi,Golden Ghazals,37i9dQZF1DXdsiL9gD4vAA,2bCwBISaRkGc0CUY5t7X87,spotify:track:2bCwBISaRkGc0CUY5t7X87,https://p.scdn.co/mp3-preview/59ce680f42e1d6300f34efb07c6e0d8c106b0119?cid=63a77ff40e794a12ae216a18befde98c,Aapki Yaad Aati Rahi Raat Bhar,18,Chhaya Ganguli,Gaman (Original Motion Picture Soundtrack),0.978,0.409,302987,0.288,0.0,5,0.213,-11.871,0,0.0343,133.217,0.329
desi,Golden Ghazals,37i9dQZF1DXdsiL9gD4vAA,3yYRpfcMHm1s8k4kZdm9pu,spotify:track:3yYRpfcMHm1s8k4kZdm9pu,https://p.scdn.co/mp3-preview/31c3d9ccb0b7f7a5bd25a335ac0c09fe3066958f?cid=63a77ff40e794a12ae216a18befde98c,Gulon Mein Rang Bhare,22,Arijit Singh,Haider (Original Motion Picture Soundtrack),0.48,0.579,315379,0.398,0.000261,7,0.14,-11.502,1,0.0362,87.903,0.189
desi,Golden Ghazals,37i9dQZF1DXdsiL9gD4vAA,69GrvktEn2ezemVh4OYrvq,spotify:track:69GrvktEn2ezemVh4OYrvq,https://p.scdn.co/mp3-preview/a6d0455b4eeeeda515ddbf15be3dc440cc0047d6?cid=63a77ff40e794a12ae216a18befde98c,To Ne Dikha Hai Kabhi,28,Mehdi Hassan,Greatest Ghazal Hits,0.574,0.578,316997,0.547,0.000269,1,0.0384,-8.561,1,0.0268,128.4,0.529
desi,Golden Ghazals,37i9dQZF1DXdsiL9gD4vAA,2D8Cpa8hDGMHygcdrsXfS8,spotify:track:2D8Cpa8hDGMHygcdrsXfS8,https://p.scdn.co/mp3-preview/2441d9ba3c29916825cf0aa897777e9479ecd847?cid=63a77ff40e794a12ae216a18befde98c,"Na Kajare Ki Dhar (From ""Mohra"")",33,"Pankaj Udhas,Sadhana Sargam",Bollywood & Ghazal Collection of Pankaj Udhas,0.667,0.51,324253,0.683,1.06e-06,0,0.362,-8.428,0,0.0404,145.281,0.672
desi,Golden Ghazals,37i9dQZF1DXdsiL9gD4vAA,0bdlGyCdA6DDg5wd5QfvQx,spotify:track:0bdlGyCdA6DDg5wd5QfvQx,https://p.scdn.co/mp3-preview/f675c7dc7e21d13cbec6cebfdad80d634aa62204?cid=63a77ff40e794a12ae216a18befde98c,Phir Chiddi Raat,19,"Lata Mangeshkar,Talat Aziz",Bazaar (Original Motion Picture Soundtrack),0.82,0.449,308733,0.626,0.0,7,0.616,-5.715,1,0.0322,100.004,0.467
desi,Golden Ghazals,37i9dQZF1DXdsiL9gD4vAA,2oAy8P7WfjbZW0cWw6RnAG,spotify:track:2oAy8P7WfjbZW0cWw6RnAG,https://p.scdn.co/mp3-preview/b15296f55497901375f64d7032ba3f827931b658?cid=63a77ff40e794a12ae216a18befde98c,"Chhupana Bhi Nahin Aata (From ""Baazigar"")",28,Pankaj Udhas,Bollywood & Ghazal Collection of Pankaj Udhas,0.362,0.394,322067,0.517,2.26e-06,3,0.129,-11.817,1,0.0714,157.333,0.646
desi,Golden Ghazals,37i9dQZF1DXdsiL9gD4vAA,7fDOT7WW72bsyS2cY4tON0,spotify:track:7fDOT7WW72bsyS2cY4tON0,https://p.scdn.co/mp3-preview/ec096fe3ff8964b5eae85e53a148a4b5790acb9e?cid=63a77ff40e794a12ae216a18befde98c,Hungama Hai Kyon Barpa,24,Ghulam Ali,Hungama Hai Kyon Barpa,0.949,0.521,508133,0.341,0.00934,4,0.12,-13.687,0,0.0321,99.801,0.663
desi,Golden Ghazals,37i9dQZF1DXdsiL9gD4vAA,1T5p21xwrx6Dpj3T0o9aU7,spotify:track:1T5p21xwrx6Dpj3T0o9aU7,https://p.scdn.co/mp3-preview/d26fd3440f9fcc455e9f7a5a7283f82512a34a12?cid=63a77ff40e794a12ae216a18befde98c,Pyaar Ka Pehla Khat,24,Jagjit Singh,Forever Jagjit,0.582,0.692,345867,0.391,0.0009,8,0.126,-12.067,0,0.029,93.009,0.487
desi,Golden Ghazals,37i9dQZF1DXdsiL9gD4vAA,4JgzQJSWLRfKVCbnozPHB8,spotify:track:4JgzQJSWLRfKVCbnozPHB8,https://p.scdn.co/mp3-preview/e6f2ca200b3b976b80a34616db65bafa9d29d089?cid=63a77ff40e794a12ae216a18befde98c,Faasla Is Kadar,17,Ghulam Ali,Zikr,0.186,0.478,358560,0.666,6.13e-05,8,0.091,-6.682,1,0.0492,176.043,0.457
desi,Golden Ghazals,37i9dQZF1DXdsiL9gD4vAA,0o6uSD5VMHr8NFxd8E3g2T,spotify:track:0o6uSD5VMHr8NFxd8E3g2T,https://p.scdn.co/mp3-preview/a04cc5e8feb80efe653b73dcc259b60127343a37?cid=63a77ff40e794a12ae216a18befde98c,Shayad Main Zindagi Ki Sahar,24,Jagjit Singh,Forever Jagjit,0.893,0.646,411011,0.381,0.0118,5,0.161,-12.956,1,0.0259,93.138,0.47
desi,Golden Ghazals,37i9dQZF1DXdsiL9gD4vAA,09xLwwXCwGcNK9nU20cwQM,spotify:track:09xLwwXCwGcNK9nU20cwQM,https://p.scdn.co/mp3-preview/e41d126c5d8eeeb5c5106fcdb31dcee1c2e872a6?cid=63a77ff40e794a12ae216a18befde98c,Chitthi Aai Hai,24,Pankaj Udhas,Naam (Original Motion Picture Soundtrack),0.678,0.482,434453,0.716,0.0,0,0.102,-9.984,1,0.0828,82.882,0.65
desi,Golden Ghazals,37i9dQZF1DXdsiL9gD4vAA,6gcQXc18soxkl2hSJ99Rx9,spotify:track:6gcQXc18soxkl2hSJ99Rx9,https://p.scdn.co/mp3-preview/ff4209dd68a0d6a79b331e4a92ba4521df367c12?cid=63a77ff40e794a12ae216a18befde98c,Woh Nahi Mera Magar - Male Vocals,25,"Ghulam Ali,Ritu Johri",Master Strokes - Ghazals,0.393,0.694,378830,0.622,4.11e-05,3,0.0665,-7.716,1,0.0336,128.026,0.451
desi,Golden Ghazals,37i9dQZF1DXdsiL9gD4vAA,4LIVQbroVmruOhX8aXqu6z,spotify:track:4LIVQbroVmruOhX8aXqu6z,https://p.scdn.co/mp3-preview/0bcc3e6ea8db0a817ce14fb6a8c87e6293f8fa0a?cid=63a77ff40e794a12ae216a18befde98c,Yeh Arzoo Thi Tujhe Gul Ke,15,Amanat Ali Khan,Ustad Amanat Ali Khan Sings Ghazals,0.92,0.337,274320,0.424,0.000294,6,0.118,-7.718,1,0.0289,82.426,0.428
desi,Golden Ghazals,37i9dQZF1DXdsiL9gD4vAA,2zbYndwSMxp3xMXcuENO5x,spotify:track:2zbYndwSMxp3xMXcuENO5x,https://p.scdn.co/mp3-preview/ed59e672f3ace5e17f0f3414ae83765a3232675a?cid=63a77ff40e794a12ae216a18befde98c,Tumhein Dil Hi Dil,20,Mehdi Hassan,Ghazals To Remember Vol -1,0.903,0.589,368520,0.386,8.74e-05,8,0.084,-14.719,0,0.0388,118.431,0.741
desi,Golden Ghazals,37i9dQZF1DXdsiL9gD4vAA,4X5oSzi49t1elYxbFMOEjJ,spotify:track:4X5oSzi49t1elYxbFMOEjJ,,Kaun Aayega Yahan,10,Jagjit Singh,Romantic Evening with Jagjit Singh,0.617,0.382,402820,0.181,0.0443,1,0.12,-19.291,0,0.0321,170.105,0.209
desi,Golden Ghazals,37i9dQZF1DXdsiL9gD4vAA,6IGwyk06551osZprqKSJPk,spotify:track:6IGwyk06551osZprqKSJPk,https://p.scdn.co/mp3-preview/0aba42dc05d9bd7b96c165da98d4347c868b720b?cid=63a77ff40e794a12ae216a18befde98c,Rasm -E- Ulfat Sikha Gaya Koi,7,Begum Akhtar,Begum Akhtar,0.824,0.37,233760,0.292,0.0,10,0.0621,-13.2,1,0.104,113.578,0.563
desi,Golden Ghazals,37i9dQZF1DXdsiL9gD4vAA,4UDsOiaMP4pLawOzlmeGKk,spotify:track:4UDsOiaMP4pLawOzlmeGKk,https://p.scdn.co/mp3-preview/b79b4a1bc01110f00df600fc09026b813fe266f5?cid=63a77ff40e794a12ae216a18befde98c,Duniya Kisi Ke Pyar Mein,15,Mehdi Hassan,Golden Greats Of Mehdi Hassan,0.959,0.283,340640,0.328,0.542,1,0.666,-14.536,1,0.0332,92.772,0.372
desi,Golden Ghazals,37i9dQZF1DXdsiL9gD4vAA,1YLSXFY1i6JRl3oKovsqVb,spotify:track:1YLSXFY1i6JRl3oKovsqVb,,Jis Dil Pe Naaz tha Mujhe,0,Mehdi Hassan,50 Greatest Ghazal Hits - Best of Ghulam Ali and Mehdi Hassan,0.94,0.396,287295,0.318,0.88,8,0.159,-17.457,1,0.0651,107.18,0.659
desi,Golden Ghazals,37i9dQZF1DXdsiL9gD4vAA,02K9EZr0aJwXzHTclgNHL8,spotify:track:02K9EZr0aJwXzHTclgNHL8,https://p.scdn.co/mp3-preview/c13acfcd80a16d33159c18e877345175723c0704?cid=63a77ff40e794a12ae216a18befde98c,Chupke Chupke Raat Din,18,Ghulam Ali,Nikaah (Original Motion Picture Soundtrack),0.941,0.537,468827,0.403,0.175,10,0.107,-12.194,0,0.0317,131.494,0.718
desi,Golden Ghazals,37i9dQZF1DXdsiL9gD4vAA,1cUuEOm56GuIF8jRJZQ3LM,spotify:track:1cUuEOm56GuIF8jRJZQ3LM,https://p.scdn.co/mp3-preview/2421689749c1f6e7ccf2d3edadd47b5b1d7ba792?cid=63a77ff40e794a12ae216a18befde98c,Ranjish Hi Sahi,20,Mehdi Hassan,30 Greatest Hits Ghulam Ali and Mehdi Hassan,0.892,0.315,577280,0.523,0.109,7,0.0934,-11.033,1,0.0434,132.695,0.275
desi,Golden Ghazals,37i9dQZF1DXdsiL9gD4vAA,5Guw1XbK37L6pvbJ6qZV6r,spotify:track:5Guw1XbK37L6pvbJ6qZV6r,https://p.scdn.co/mp3-preview/f838ab30dbe6c9577aa85a75cc4fb742aa51f22c?cid=63a77ff40e794a12ae216a18befde98c,Chupke Chupke Raat Din,15,Ghulam Ali,50 Greatest Ghazals - Songs of Love and Longing,0.743,0.37,696506,0.441,0.00114,10,0.707,-13.388,0,0.105,149.447,0.707
desi,Golden Ghazals,37i9dQZF1DXdsiL9gD4vAA,5ECnRRG6R0dNL1MpJ9lSeu,spotify:track:5ECnRRG6R0dNL1MpJ9lSeu,https://p.scdn.co/mp3-preview/042cd83a96982b268c5b052a42344310c56fb25d?cid=63a77ff40e794a12ae216a18befde98c,Awara,19,Hariharan,Horizon,0.914,0.546,382839,0.568,0.0614,6,0.119,-7.91,0,0.0294,86.473,0.613
desi,Golden Ghazals,37i9dQZF1DXdsiL9gD4vAA,4ZkmpKwyfIuoHWewex1NfD,spotify:track:4ZkmpKwyfIuoHWewex1NfD,,Main Teri Yaad Ko,12,Mehdi Hassan,Collection of Memorable Ghazals,0.478,0.389,512163,0.494,0.485,1,0.21,-9.529,1,0.0314,104.064,0.46
desi,Golden Ghazals,37i9dQZF1DXdsiL9gD4vAA,5BLW13IDABVJN5J0dS7AjG,spotify:track:5BLW13IDABVJN5J0dS7AjG,https://p.scdn.co/mp3-preview/b9b81bb3f0ae0904f25e9f34a5bb305d3294500c?cid=63a77ff40e794a12ae216a18befde98c,Hangama Hai Kiu Barbad,19,Ghulam Ali,Dil Mein Ek Leher - Ghulam Ali the Ghazal Maestro,0.852,0.378,509840,0.534,1.6e-05,3,0.246,-9.094,0,0.0393,110.874,0.529
desi,Golden Ghazals,37i9dQZF1DXdsiL9gD4vAA,2i16NsRLKUsvLWyYRla7rn,spotify:track:2i16NsRLKUsvLWyYRla7rn,https://p.scdn.co/mp3-preview/7f43c1ded918d12dadea11c3df711b222162ef7e?cid=63a77ff40e794a12ae216a18befde98c,Mere Qatil,12,Malika Pukhraj,Ghazals By Malika Pukhraj,0.834,0.372,381920,0.159,0.000479,1,0.193,-16.3,1,0.0332,120.481,0.272
desi,Golden Ghazals,37i9dQZF1DXdsiL9gD4vAA,3nPez09I43hLdYiNPB2XUO,spotify:track:3nPez09I43hLdYiNPB2XUO,https://p.scdn.co/mp3-preview/36d1da9d83a0cda2d63ec4daa0a26681cc4a6eb1?cid=63a77ff40e794a12ae216a18befde98c,Khawab Ban Ke Bikharti Jati Hai,22,Ghulam Ali,Greatest Ghazal Hits,0.2,0.543,269432,0.637,0.000119,6,0.0806,-9.817,1,0.0312,79.087,0.827
desi,Golden Ghazals,37i9dQZF1DXdsiL9gD4vAA,6cSrBzC2LM0KjsxRI83mik,spotify:track:6cSrBzC2LM0KjsxRI83mik,https://p.scdn.co/mp3-preview/c8de8eeaf52b158403f4e08605a812896237aa59?cid=63a77ff40e794a12ae216a18befde98c,Para Para Hua,17,Ghulam Ali,Dil Mein Ek Leher - Ghulam Ali the Ghazal Maestro,0.762,0.376,228841,0.353,0.000305,1,0.49,-11.203,0,0.066,79.037,0.557
desi,Golden Ghazals,37i9dQZF1DXdsiL9gD4vAA,5Lfsdm1eKTsUxEdqwmbBLb,spotify:track:5Lfsdm1eKTsUxEdqwmbBLb,https://p.scdn.co/mp3-preview/87d634b585930ff589943f03fe60d61ccd6247c0?cid=63a77ff40e794a12ae216a18befde98c,Na Kajare Ki Dhar (Duet Version) - With Heart Beats,25,"Pankaj Udhas,Sadhana Sargam",Top 20 Hits (With Heart Beats),0.652,0.615,308276,0.891,6.27e-06,5,0.255,-4.688,0,0.0439,73.926,0.796
desi,Golden Ghazals,37i9dQZF1DXdsiL9gD4vAA,7zvbCWWFsWVn3pU0LqjOF1,spotify:track:7zvbCWWFsWVn3pU0LqjOF1,https://p.scdn.co/mp3-preview/3120fe9db6c4af6dc4eeb26896bb9d6a3aca6a1b?cid=63a77ff40e794a12ae216a18befde98c,Khuda Ke Waste Ab,6,Begum Akhtar,Begum Akhtar,0.816,0.291,457600,0.601,0.0181,6,0.684,-13.854,1,0.279,133.815,0.381
desi,Golden Ghazals,37i9dQZF1DXdsiL9gD4vAA,4NbG28kd9gYQHnNbF5Hsjd,spotify:track:4NbG28kd9gYQHnNbF5Hsjd,https://p.scdn.co/mp3-preview/2972e33ea03f36c72a677df9305f31ae1ca3a831?cid=63a77ff40e794a12ae216a18befde98c,Ranjish Hi Sahi Dil Hi Dukhane Ke Liye,16,Mehdi Hassan,Mehdi Hassan - Greatest Ghazals,0.332,0.374,732667,0.382,0.578,7,0.357,-17.887,1,0.059,141.894,0.407
desi,Golden Ghazals,37i9dQZF1DXdsiL9gD4vAA,3ABNBqGrID439kEc347fkD,spotify:track:3ABNBqGrID439kEc347fkD,https://p.scdn.co/mp3-preview/bd9a6a4f9bff86c63baa775ca34c9265af0fd63a?cid=63a77ff40e794a12ae216a18befde98c,Bhej chhana chhan,11,"Mohammed Rafi,Bhupinder","History of Indian Film Music, Volume 5",0.756,0.524,243853,0.523,0.0,9,0.0806,-8.759,1,0.321,83.488,0.802
desi,Golden Ghazals,37i9dQZF1DXdsiL9gD4vAA,0PZO1Ih1qTQawy5Wc9B7zy,spotify:track:0PZO1Ih1qTQawy5Wc9B7zy,https://p.scdn.co/mp3-preview/cd58f3accde79104d2a45f06d175bfccec048d5d?cid=63a77ff40e794a12ae216a18befde98c,Dasht-E-Tanhai Mein,22,Iqbal Bano,"An Evening With Iqbal Bano, Vol. 1",0.931,0.284,538000,0.266,0.0,5,0.341,-13.826,1,0.0349,171.911,0.325
desi,Golden Ghazals,37i9dQZF1DXdsiL9gD4vAA,3trMcrv75BKmVVS45moplw,spotify:track:3trMcrv75BKmVVS45moplw,https://p.scdn.co/mp3-preview/59f830ff7f61a4a5646fff766bd6a845fc1de948?cid=63a77ff40e794a12ae216a18befde98c,Jal Bhar De,20,"Gulzar,Bhupinder",Sunset Point,0.593,0.636,263867,0.469,0.0,10,0.904,-13.859,0,0.202,76.983,0.784
desi,Golden Ghazals,37i9dQZF1DXdsiL9gD4vAA,1348F6iZc4KCF7NtZv4TUx,spotify:track:1348F6iZc4KCF7NtZv4TUx,https://p.scdn.co/mp3-preview/6921bac1ffd22c685291a31e5d423db7cda1ff40?cid=63a77ff40e794a12ae216a18befde98c,Ishqe Noo Ched Na Bethi,15,"Ravi Bal,Bhupinder",One Night Stand (Bhangra Songs),0.0242,0.659,402968,0.582,2.11e-05,8,0.0803,-7.493,0,0.0394,79.998,0.462
desi,Golden Ghazals,37i9dQZF1DXdsiL9gD4vAA,744tf6znd3SFZf7y2emIL7,spotify:track:744tf6znd3SFZf7y2emIL7,,Teri Yaad... Yaad... Yaad,5,Ghulam Ali,Kathin Hai Raah Guzar: Ghazals Hits By Ghulam Ali,0.175,0.521,489000,0.755,0.0,0,0.234,-7.258,1,0.0602,90.041,0.596
desi,Golden Ghazals,37i9dQZF1DXdsiL9gD4vAA,1fXEiq31msWJIXLd2227HD,spotify:track:1fXEiq31msWJIXLd2227HD,https://p.scdn.co/mp3-preview/9008d99d9021f5f06f15e09f0479aae97ee41ca8?cid=63a77ff40e794a12ae216a18befde98c,Rehna Chai Da,13,Bhupinder,Enigma,0.0197,0.675,289681,0.768,0.0145,11,0.0468,-7.966,1,0.192,89.831,0.592
desi,Golden Ghazals,37i9dQZF1DXdsiL9gD4vAA,0kmqNpgZaVEyUNpePzqhmX,spotify:track:0kmqNpgZaVEyUNpePzqhmX,https://p.scdn.co/mp3-preview/748c2f8e6e8182f05bc8e5ae0fb3eae10afc06f9?cid=63a77ff40e794a12ae216a18befde98c,Hungama Hai Kyon,14,Ghulam Ali,30 Greatest Hits Ghulam Ali and Mehdi Hassan,0.768,0.589,981020,0.452,0.0241,1,0.8,-14.221,1,0.0559,110.098,0.74
desi,Golden Ghazals,37i9dQZF1DXdsiL9gD4vAA,1LotGrrDWUGHqC0b2viZUr,spotify:track:1LotGrrDWUGHqC0b2viZUr,https://p.scdn.co/mp3-preview/29565d018be67bb403bc4372c7b7c75276c48f32?cid=63a77ff40e794a12ae216a18befde98c,Yeh Watan Tumhara Hai,11,Mehdi Hassan,Ae Mere Des,0.926,0.473,338920,0.281,0.00609,3,0.117,-14.478,1,0.0272,93.55,0.599
desi,Golden Ghazals,37i9dQZF1DXdsiL9gD4vAA,5zfKHMv3fIwCdaz4H3f6Uz,spotify:track:5zfKHMv3fIwCdaz4H3f6Uz,https://p.scdn.co/mp3-preview/5a1d13d3727a72ddf501daa330016c6a1b2231a5?cid=63a77ff40e794a12ae216a18befde98c,Tere Jane Se,18,"Gulzar,Bhupinder",Sunset Point,0.794,0.311,361733,0.209,0.000206,0,0.23,-15.719,1,0.0581,71.763,0.398
desi,Golden Ghazals,37i9dQZF1DXdsiL9gD4vAA,41ffCRz4qgkCidL08CBuPo,spotify:track:41ffCRz4qgkCidL08CBuPo,https://p.scdn.co/mp3-preview/6ef6c7cb3dfe3ad419e6272a6cbd86bbd7fb871f?cid=63a77ff40e794a12ae216a18befde98c,Meri Ajab Hai Zindagi,21,"Kirti Anuraag,Jagjit Singh,Aditya Pancholi,Archana Puran Singh",Rare Moments,0.782,0.452,330001,0.535,0.00453,7,0.0975,-9.581,0,0.0306,147.087,0.567
desi,Golden Ghazals,37i9dQZF1DXdsiL9gD4vAA,1ftMjWQH3eIxJkN3KjLKjD,spotify:track:1ftMjWQH3eIxJkN3KjLKjD,,Humko Kisike Gham Ne Maara,0,Ghulam Ali,Best of Ghulam Ali: His 50 Greatest Ghazal Hits,0.92,0.393,438204,0.48,0.015,5,0.769,-11.94,0,0.0327,101.044,0.77
