category_id,playlist_name,playlist_id,track_id,track_uri,track_preview_url,track_name,track_popularity,artist_name,album_name,acousticness,danceability,duration_ms,energy,instrumentalness,key,liveness,loudness,mode,speechiness,tempo,valence
desi,This Is Pritam,37i9dQZF1DX654XADbS8bL,4rSmmC6OYmjVOYxr8ruVWN,spotify:track:4rSmmC6OYmjVOYxr8ruVWN,https://p.scdn.co/mp3-preview/e0d15e575dee3d6e71c95fbcaf13ccba2fcc8632?cid=63a77ff40e794a12ae216a18befde98c,Mere Bina,45,"Pritam,Nikhil D'Souza,Emraan Hashmi,Neha Sharma,Arjan Bajwa",Crook (Original Motion Picture Soundtrack),0.653,0.495,289560,0.768,0.0,2,0.152,-5.7,1,0.0545,79.909,0.489
desi,This Is Pritam,37i9dQZF1DX654XADbS8bL,1plFCZ6QFAjSRutT02GTCn,spotify:track:1plFCZ6QFAjSRutT02GTCn,https://p.scdn.co/mp3-preview/471a93c87b376eb633105c941567cce917183fd1?cid=63a77ff40e794a12ae216a18befde98c,"Channa Mereya (From ""Ae Dil Hai Mushkil"")",49,"Pritam,Arijit Singh,Ranbir Kapoor,Anushka Sharma,Aishwarya Rai Bachchan,Fawad Khan","Channa Mereya (From ""Ae Dil Hai Mushkil"")",0.237,0.476,289333,0.788,2.49e-05,9,0.106,-4.821,0,0.0446,90.066,0.746
desi,This Is Pritam,37i9dQZF1DX654XADbS8bL,2UGhg8kZPwn9Aofl1083N4,spotify:track:2UGhg8kZPwn9Aofl1083N4,https://p.scdn.co/mp3-preview/4d401141ec7ec4b21e34c3b5a934e4cc1fdfe338?cid=63a77ff40e794a12ae216a18befde98c,Shaayraana,41,"Pritam,Arijit Singh,Sonakshi Sinha,Akshay Kumar",Holiday (Original Motion Picture Soundtrack),0.606,0.608,261439,0.665,1.46e-05,2,0.0832,-4.244,1,0.0482,93.919,0.704
desi,This Is Pritam,37i9dQZF1DX654XADbS8bL,6871FKHumiy1Wfr6vF7Xxt,spotify:track:6871FKHumiy1Wfr6vF7Xxt,https://p.scdn.co/mp3-preview/04e6f3186eceb855a8d739efe7498163d3a2bc94?cid=63a77ff40e794a12ae216a18befde98c,"Hawayein (From ""Jab Harry Met Sejal"")",55,"Pritam,Arijit Singh,Shah Rukh Khan,Anushka Sharma","Hawayein (From ""Jab Harry Met Sejal"")",0.795,0.606,289999,0.601,0.000522,2,0.127,-5.576,1,0.0283,125.964,0.453
desi,This Is Pritam,37i9dQZF1DX654XADbS8bL,7hNb5juMQyy93U63jW4Mwj,spotify:track:7hNb5juMQyy93U63jW4Mwj,,"Main Rang Sharbaton Ka (From ""Phata Poster Nikhla Hero"")",37,"Atif Aslam,Chinmayi,Pritam",Phata Poster Nikhla Hero (Original Motion Picture Soundtrack),0.713,0.384,262906,0.607,0.0,6,0.158,-7.429,1,0.0433,78.186,0.707
desi,This Is Pritam,37i9dQZF1DX654XADbS8bL,0edt0Ar7ewLkMqy0jUtSWm,spotify:track:0edt0Ar7ewLkMqy0jUtSWm,https://p.scdn.co/mp3-preview/e0e9734386a7f07468888f93196290aaa3e89c8b?cid=63a77ff40e794a12ae216a18befde98c,"Bulleya (From ""Ae Dil Hai Mushkil"")",42,"Pritam,Amit Mishra,Shilpa Rao,Ranbir Kapoor,Anushka Sharma,Aishwarya Rai Bachchan,Fawad Khan","Bulleya (From ""Ae Dil Hai Mushkil"")",0.497,0.552,348966,0.769,0.0,2,0.112,-4.504,0,0.0465,86.957,0.702
desi,This Is Pritam,37i9dQZF1DX654XADbS8bL,5doYtCoJ8KpfkFczP3F2ad,spotify:track:5doYtCoJ8KpfkFczP3F2ad,https://p.scdn.co/mp3-preview/eba63b1b8a2605a1b960442786599f91737f0fb1?cid=63a77ff40e794a12ae216a18befde98c,"Dooriyan (From ""Love Aaj Kal"")",47,Mohit Chauhan,Love Aaj Kal,0.611,0.517,337360,0.716,0.0,7,0.11,-6.582,0,0.0509,122.952,0.594
desi,This Is Pritam,37i9dQZF1DX654XADbS8bL,7p5uzwVPw0XJmtZSmrsQ8P,spotify:track:7p5uzwVPw0XJmtZSmrsQ8P,https://p.scdn.co/mp3-preview/3dd1d0763bb831ec47fd633f54f790c421558819?cid=63a77ff40e794a12ae216a18befde98c,Love Mashup 2015 (By DJ Chetas),44,"Shankar-Ehsaan-Loy,Pritam,Sharib Toshi",Love Mashup 2015 (By DJ Chetas),0.0538,0.552,289260,0.791,0.0,11,0.102,-4.681,1,0.0358,99.742,0.309
desi,This Is Pritam,37i9dQZF1DX654XADbS8bL,6V0cw3ZOtm5oQJrSv4QluQ,spotify:track:6V0cw3ZOtm5oQJrSv4QluQ,https://p.scdn.co/mp3-preview/6b08558f277de40588d69f2d9e85c1b0b1268231?cid=63a77ff40e794a12ae216a18befde98c,"Gerua (From ""Dilwale"")",50,"Arijit Singh,Antara Mitra,Shah Rukh Khan,Kajol,Varun Dhawan,Kriti Sanon","Gerua (From ""Dilwale"")",0.635,0.376,345559,0.668,1.96e-06,11,0.294,-7.269,0,0.0497,87.457,0.404
desi,This Is Pritam,37i9dQZF1DX654XADbS8bL,6v7NjCg1b9WTGVD05vaYTN,spotify:track:6v7NjCg1b9WTGVD05vaYTN,,"Lat Lag Gayee (From ""Race 2"")",35,"Benny Dayal,Shalmali Kholgade","Lat Lag Gayee (From ""Race 2"")",0.229,0.79,280369,0.892,1.24e-06,10,0.206,-4.038,0,0.0404,131.994,0.896
desi,This Is Pritam,37i9dQZF1DX654XADbS8bL,1uHoOcoy7BeARMDJRhx1xl,spotify:track:1uHoOcoy7BeARMDJRhx1xl,https://p.scdn.co/mp3-preview/0d4adab0d2cadc71516fd400c628f6a5f153eab7?cid=63a77ff40e794a12ae216a18befde98c,"Radio (From ""Tubelight"")",34,"Pritam,Kamaal Khan,Amit Mishra,Salman Khan","Radio (From ""Tubelight"")",0.189,0.764,279843,0.887,0.0,0,0.0339,-3.454,1,0.0681,128.07,0.891
desi,This Is Pritam,37i9dQZF1DX654XADbS8bL,12o5NY41wFKVswbWKWdrfj,spotify:track:12o5NY41wFKVswbWKWdrfj,https://p.scdn.co/mp3-preview/b6d08faa2b665db43cc9f62ead02dd54c6bdfd46?cid=63a77ff40e794a12ae216a18befde98c,Jee Ve Sohaneya,36,"Pritam,Nooran Sisters,Shah Rukh Khan,Anushka Sharma",Jab Harry Met Sejal (Original Motion Picture Soundtrack),0.366,0.517,249375,0.691,2.49e-05,2,0.151,-3.651,1,0.0566,80.059,0.654
desi,This Is Pritam,37i9dQZF1DX654XADbS8bL,79jYT83v4bMOWEgwjQxSx2,spotify:track:79jYT83v4bMOWEgwjQxSx2,https://p.scdn.co/mp3-preview/f7b5a19c79e7d28febc4665945a76470254b7fbe?cid=63a77ff40e794a12ae216a18befde98c,"Ae Dil Hai Mushkil Title Track (From ""Ae Dil Hai Mushkil"")",53,"Pritam,Arijit Singh,Ranbir Kapoor,Anushka Sharma,Aishwarya Rai Bachchan,Fawad Khan","Ae Dil Hai Mushkil Title Track (From ""Ae Dil Hai Mushkil"")",0.713,0.495,269032,0.654,0.0,3,0.165,-6.639,0,0.0679,123.896,0.35
desi,This Is Pritam,37i9dQZF1DX654XADbS8bL,6YycppSAeGtSvwmu8qCcr2,spotify:track:6YycppSAeGtSvwmu8qCcr2,https://p.scdn.co/mp3-preview/90764622ca8c668169545022c77396133f08e501?cid=63a77ff40e794a12ae216a18befde98c,In Dino,42,"Pritam,Soham,Dharmendra,Nafisa Ali,Shilpa Shetty,Kay Kay Menon,Shiney Ahuja,Irrfan Khan,Konkona Sen Sharma,Kangana Ranaut,Sharman Joshi",Life In A Metro (Original Motion Picture Soundtrack),0.513,0.406,397027,0.633,0.0,0,0.116,-6.989,1,0.0379,101.436,0.344
desi,This Is Pritam,37i9dQZF1DX654XADbS8bL,7BjQd0sfYsMGVrTpRdBNTT,spotify:track:7BjQd0sfYsMGVrTpRdBNTT,https://p.scdn.co/mp3-preview/a00ad3d18734c87601a7399619582ee05255cdee?cid=63a77ff40e794a12ae216a18befde98c,The Breakup Song,47,"Pritam,Arijit Singh,Badshah,Jonita Gandhi,Nakash Aziz,Ranbir Kapoor,Anushka Sharma,Aishwarya Rai Bachchan,Fawad Khan",Ae Dil Hai Mushkil (Original Motion Picture Soundtrack),0.33,0.818,252632,0.93,0.0,11,0.658,-2.982,1,0.247,113.988,0.831
desi,This Is Pritam,37i9dQZF1DX654XADbS8bL,4TobDQpylJNxkXMH1QUvTp,spotify:track:4TobDQpylJNxkXMH1QUvTp,https://p.scdn.co/mp3-preview/c36b29835714c9192e583e9f6be16ac36d248725?cid=63a77ff40e794a12ae216a18befde98c,Tum Mile - Love Reprise,38,"Pritam,Javed Ali",Tum Mile (Original Motion Picture Soundtrack),0.777,0.589,303320,0.626,1.97e-06,0,0.13,-5.684,1,0.0273,114.915,0.443
desi,This Is Pritam,37i9dQZF1DX654XADbS8bL,5PatlLJYn8gWxnQnepzMjW,spotify:track:5PatlLJYn8gWxnQnepzMjW,https://p.scdn.co/mp3-preview/b9f0a277477ff965dbc93fcf36f11d241b64586d?cid=63a77ff40e794a12ae216a18befde98c,"Twist (From ""Love Aaj Kal"")",40,Neeraj Shridhar,Love Aaj Kal,0.0393,0.721,299440,0.944,5.86e-05,7,0.0747,-4.995,1,0.142,109.014,0.728
desi,This Is Pritam,37i9dQZF1DX654XADbS8bL,3kYlKr1xGsBS7mluB9W7AV,spotify:track:3kYlKr1xGsBS7mluB9W7AV,https://p.scdn.co/mp3-preview/56a97ccbb0e59ec21b9803df783abc7e9639eae0?cid=63a77ff40e794a12ae216a18befde98c,"Main Agar (From ""Tubelight"")",31,"Pritam,Atif Aslam,Salman Khan,Sohail Khan","Main Agar (From ""Tubelight"")",0.473,0.589,279500,0.811,0.0,1,0.114,-5.052,0,0.0429,119.969,0.166
desi,This Is Pritam,37i9dQZF1DX654XADbS8bL,6eEAevjmfFiu5SSvH0DRY8,spotify:track:6eEAevjmfFiu5SSvH0DRY8,https://p.scdn.co/mp3-preview/30773ec53bf29c189ae1fa6435d8d1ea295cafdb?cid=63a77ff40e794a12ae216a18befde98c,"Aahun Aahun (From ""Love Aaj Kal"")",37,"Master Saleem,Neeraj Shridhar,Suzanne D'Mello",Love Aaj Kal,0.154,0.536,290493,0.903,4.5e-05,1,0.064,-5.501,0,0.307,129.965,0.656
desi,This Is Pritam,37i9dQZF1DX654XADbS8bL,3beYHVCFKzbdNjJqjKeYpM,spotify:track:3beYHVCFKzbdNjJqjKeYpM,https://p.scdn.co/mp3-preview/a8081bc50f81343c818189962985009842b80f37?cid=63a77ff40e794a12ae216a18befde98c,Teri Jhuki Nazar,42,"Pritam,Shafqat Amanat Ali,Randeep Hooda,Aditi Rao Hydari,Sara Loren",Murder 3 (Original Motion Picture Soundtrack),0.707,0.386,279187,0.815,0.0,11,0.159,-3.395,1,0.0417,124.293,0.349
desi,This Is Pritam,37i9dQZF1DX654XADbS8bL,0SxjmKamCaXEBwuQdiMxor,spotify:track:0SxjmKamCaXEBwuQdiMxor,https://p.scdn.co/mp3-preview/71b1d759927473b76ecdbce41ce60242f1af464c?cid=63a77ff40e794a12ae216a18befde98c,"Chor Bazari (From ""Love Aaj Kal "")",35,"Neeraj Shridhar,Sunidhi Chauhan",Love Aaj Kal,0.368,0.824,257440,0.757,0.000111,11,0.146,-5.047,1,0.0743,100.027,0.97
desi,This Is Pritam,37i9dQZF1DX654XADbS8bL,1xM94gXmm5mqZMXIKXF7Pu,spotify:track:1xM94gXmm5mqZMXIKXF7Pu,https://p.scdn.co/mp3-preview/f8a4a239a850faddce18a627a0f85486d0cd7d51?cid=63a77ff40e794a12ae216a18befde98c,Love Mashup 2016 (By Kiran Kamath),45,"Jeet Gannguli,Pritam,Arijit Singh",Love Mashup 2016 (By Kiran Kamath),0.0193,0.296,287191,0.756,0.0,2,0.0716,-4.325,1,0.0592,86.577,0.278
desi,This Is Pritam,37i9dQZF1DX654XADbS8bL,3Kl8p2PxVf8eAayLwTxOIm,spotify:track:3Kl8p2PxVf8eAayLwTxOIm,https://p.scdn.co/mp3-preview/d5609156d7ea0dfa1c8a96438fd11c36f6118bd7?cid=63a77ff40e794a12ae216a18befde98c,Dil Ibaadat,43,"Pritam,KK,Emraan Hashmi,Soha Ali Khan",Tum Mile (Original Motion Picture Soundtrack),0.633,0.59,329387,0.859,0.0,2,0.286,-5.005,0,0.0416,149.966,0.634
desi,This Is Pritam,37i9dQZF1DX654XADbS8bL,665b3Nss3OQmhTUdB5hBXw,spotify:track:665b3Nss3OQmhTUdB5hBXw,https://p.scdn.co/mp3-preview/487e9ba85ad4a70e6188072d3b69a5817f8751f9?cid=63a77ff40e794a12ae216a18befde98c,Bheegi Si Bhaagi Si,40,"Pritam,Mohit Chauhan,Antara Mitra,Ajay Devgan,Ranbir Kapoor,Katrina Kaif,Arjun Rampal,Manoj Bajpai,Sarah Thompson,Naseeruddin Shah,Nana Patekar",Raajneeti (Original Motion Picture Soundtrack),0.361,0.564,278093,0.867,0.0,8,0.262,-6.21,1,0.121,88.919,0.815
desi,This Is Pritam,37i9dQZF1DX654XADbS8bL,3VxKUr7XgTGxFRvOd8blov,spotify:track:3VxKUr7XgTGxFRvOd8blov,,"Party on My Mind (From ""Race 2"")",31,"KK,Shefali Alvares,Yo Yo Honey Singh,Jacqueline Fernandez","Party on My Mind (From ""Race 2"")",0.0187,0.713,221820,0.864,0.0,11,0.722,-4.994,0,0.0746,122.019,0.568
desi,This Is Pritam,37i9dQZF1DX654XADbS8bL,1CVqr5LImdmJ1Upt4z08Pm,spotify:track:1CVqr5LImdmJ1Upt4z08Pm,https://p.scdn.co/mp3-preview/97efbb03b7307b2a83dae4fbb25212edca564a19?cid=63a77ff40e794a12ae216a18befde98c,Tu Hi Mera,42,"Pritam,Shafqat Amanat Ali,Emraan Hashmi,Esha Gupta,Randeep Hooda",Jannat 2 (Original Motion Picture Soundtrack),0.544,0.621,272973,0.859,0.0,11,0.11,-4.673,1,0.103,90.047,0.873
desi,This Is Pritam,37i9dQZF1DX654XADbS8bL,4rIv0uUnxs5hVZfe5t9SNs,spotify:track:4rIv0uUnxs5hVZfe5t9SNs,https://p.scdn.co/mp3-preview/60005a9129e097e7d611eb2d0cedd08e94c47ef4?cid=63a77ff40e794a12ae216a18befde98c,Alizeh,43,"Pritam,Arijit Singh,Ash King,Shashwat Singh,Ranbir Kapoor,Anushka Sharma,Aishwarya Rai Bachchan,Fawad Khan",Ae Dil Hai Mushkil (Original Motion Picture Soundtrack),0.401,0.513,282273,0.632,0.000305,9,0.0695,-7.612,1,0.0449,87.963,0.294
desi,This Is Pritam,37i9dQZF1DX654XADbS8bL,4I5Xcdu5Hnki1aP0Uxbs4n,spotify:track:4I5Xcdu5Hnki1aP0Uxbs4n,https://p.scdn.co/mp3-preview/a9f4a4a82c51ebb672fc820306e404b0a561a80e?cid=63a77ff40e794a12ae216a18befde98c,Saawali Si Raat,42,"Pritam,Arijit Singh,Ranbir Kapoor,Priyanka Chopra,Ileana D'Cruz",Barfi! (Original Motion Picture Soundtrack),0.617,0.486,308253,0.29,0.00033,9,0.238,-15.485,1,0.0401,139.861,0.196
desi,This Is Pritam,37i9dQZF1DX654XADbS8bL,0JimGo09q9bmp7ApQiAV1Q,spotify:track:0JimGo09q9bmp7ApQiAV1Q,,"Khwab Dekhe (Sexy Lady) [From ""Race""]",37,"Pritam,Neeraj Shridhar,Monali Thakur",Race (Original Motion Picture Soundtrack),0.298,0.817,276210,0.837,7.52e-05,8,0.304,-7.145,0,0.0955,109.001,0.966
desi,This Is Pritam,37i9dQZF1DX654XADbS8bL,36rdBb7kFXXYlrkIDT2A00,spotify:track:36rdBb7kFXXYlrkIDT2A00,https://p.scdn.co/mp3-preview/8b26328d46bc4b05eb39138cd85616870949e1be?cid=63a77ff40e794a12ae216a18befde98c,"Tera Deedar Hua (From ""Jannat 2"")",35,"Pritam,Anupam Amod,Rahat Fateh Ali Khan,Emraan Hashmi,Esha Gupta,Randeep Hooda",Best of Me Pritam,0.592,0.58,347573,0.846,0.0,2,0.113,-3.464,1,0.0523,89.952,0.774
desi,This Is Pritam,37i9dQZF1DX654XADbS8bL,3OLFqbd9ZeVjaUKTiaLsD6,spotify:track:3OLFqbd9ZeVjaUKTiaLsD6,https://p.scdn.co/mp3-preview/eda8ffd18cdb3f8f47bf796b1decaf9533439270?cid=63a77ff40e794a12ae216a18befde98c,Tu Hi Haqeeqat,44,"Pritam,Javed Ali,Irshan Ashraf,Shadab,Emraan Hashmi,Soha Ali Khan",Tum Mile (Original Motion Picture Soundtrack),0.582,0.705,302027,0.744,0.0,4,0.2,-5.416,0,0.0341,115.959,0.706
desi,This Is Pritam,37i9dQZF1DX654XADbS8bL,7N30pzJGFwnYU8iuzxWS7l,spotify:track:7N30pzJGFwnYU8iuzxWS7l,https://p.scdn.co/mp3-preview/efef66d35c0b0ad968c8631fea3c6efd95f8e2b0?cid=63a77ff40e794a12ae216a18befde98c,"Ajj Din Chadheya (From ""Love Aaj Kal "")",41,Rahat Fateh Ali Khan,Love Aaj Kal,0.551,0.585,315013,0.687,6.7e-06,9,0.121,-4.553,1,0.0724,85.871,0.815
desi,This Is Pritam,37i9dQZF1DX654XADbS8bL,621NCDEU2Pfd5R1oCqnju8,spotify:track:621NCDEU2Pfd5R1oCqnju8,https://p.scdn.co/mp3-preview/ea44659c1302e70adb35f6b05528fd1295810bc3?cid=63a77ff40e794a12ae216a18befde98c,O Meri Jaan,34,"Pritam,KK,Emraan Hashmi,Soha Ali Khan",Tum Mile (Original Motion Picture Soundtrack),0.592,0.58,297907,0.563,2.88e-06,2,0.117,-6.143,0,0.0312,133.955,0.305
desi,This Is Pritam,37i9dQZF1DX654XADbS8bL,7ztCi9k76A4QmSqWEutFyV,spotify:track:7ztCi9k76A4QmSqWEutFyV,https://p.scdn.co/mp3-preview/ac24828b0cbab05f1549879ff574458fd5f29875?cid=63a77ff40e794a12ae216a18befde98c,"Radha (From ""Jab Harry Met Sejal"")",41,"Pritam,Shahid Mallya,Sunidhi Chauhan,Shah Rukh Khan,Anushka Sharma","Radha (From ""Jab Harry Met Sejal"")",0.31,0.693,301889,0.896,0.0,7,0.195,-4.114,1,0.0682,126.995,0.854
desi,This Is Pritam,37i9dQZF1DX654XADbS8bL,4GagsETs7qfR3cwQkRcXgb,spotify:track:4GagsETs7qfR3cwQkRcXgb,https://p.scdn.co/mp3-preview/3827c5eab4bc144459a74dc7a81b7359936d145f?cid=63a77ff40e794a12ae216a18befde98c,Main Kya Karoon,40,"Pritam,Nikhil Paul George,Ranbir Kapoor,Priyanka Chopra,Ileana D'Cruz",Barfi! (Original Motion Picture Soundtrack),0.632,0.784,270333,0.453,0.000502,9,0.102,-8.925,1,0.141,91.013,0.667
desi,This Is Pritam,37i9dQZF1DX654XADbS8bL,47l2Dd3XPBLio3kjbEMyDJ,spotify:track:47l2Dd3XPBLio3kjbEMyDJ,https://p.scdn.co/mp3-preview/55166d0fdf1641cbb77f0b264a9b65dca7c6b97f?cid=63a77ff40e794a12ae216a18befde98c,Tujhe Sochta Hoon,38,"Pritam,KK,Emraan Hashmi,Esha Gupta,Randeep Hooda",Jannat 2 (Original Motion Picture Soundtrack),0.259,0.579,313933,0.712,0.000253,0,0.18,-6.119,0,0.0308,80.998,0.486
desi,This Is Pritam,37i9dQZF1DX654XADbS8bL,7fpWJr5shT90KiCHXKHxch,spotify:track:7fpWJr5shT90KiCHXKHxch,https://p.scdn.co/mp3-preview/7d2b119632a9b58b001a6fc88401c9ea9f28d72c?cid=63a77ff40e794a12ae216a18befde98c,Phir Le Aya Dil - Reprise,47,"Pritam,Arijit Singh,Ranbir Kapoor,Priyanka Chopra,Ileana D'Cruz",Barfi! (Original Motion Picture Soundtrack),0.838,0.231,305613,0.545,3.5e-06,7,0.0961,-8.92,1,0.0358,77.727,0.325
desi,This Is Pritam,37i9dQZF1DX654XADbS8bL,1EjxJHY9A6LMOlvyZdwDly,spotify:track:1EjxJHY9A6LMOlvyZdwDly,https://p.scdn.co/mp3-preview/825f224ec730ee97bb82a80e61f53a0c3b2f4f30?cid=63a77ff40e794a12ae216a18befde98c,Tum Mile,44,"Pritam,Neeraj Shridhar,Emraan Hashmi,Soha Ali Khan",Tum Mile (Original Motion Picture Soundtrack),0.319,0.738,343787,0.799,4.89e-06,0,0.31,-6.663,1,0.0334,123.011,0.794
desi,This Is Pritam,37i9dQZF1DX654XADbS8bL,1YOW5pnfikVa6BcCBIOQUU,spotify:track:1YOW5pnfikVa6BcCBIOQUU,https://p.scdn.co/mp3-preview/883ae7ca43c7b31d5e021fd7ab1abb87bf5018fc?cid=63a77ff40e794a12ae216a18befde98c,"Cutiepie (From ""Ae Dil Hai Mushkil"")",35,"Pritam,Pardeep Singh Sran,Nakash Aziz,Ranbir Kapoor,Anushka Sharma,Aishwarya Rai Bachchan,Fawad Khan","Cutiepie (From ""Ae Dil Hai Mushkil"")",0.253,0.799,231562,0.929,0.000462,0,0.24,-3.231,0,0.0668,127.999,0.952
desi,This Is Pritam,37i9dQZF1DX654XADbS8bL,077SVSWuifvbBbkPMPP5kw,spotify:track:077SVSWuifvbBbkPMPP5kw,,"Be Intehaan (From ""Race 2"")",23,"Atif Aslam,Sunidhi Chauhan","Be Intehaan (From ""Race 2"")",0.536,0.559,290867,0.696,0.0,7,0.325,-5.583,1,0.0472,128.855,0.391
desi,This Is Pritam,37i9dQZF1DX654XADbS8bL,4BH3FzJwNvjDpL8J78NMYM,spotify:track:4BH3FzJwNvjDpL8J78NMYM,https://p.scdn.co/mp3-preview/32192dd93294d54f626e7546486ac3c09ff2c300?cid=63a77ff40e794a12ae216a18befde98c,"Safar (From ""Jab Harry Met Sejal"")",40,"Pritam,Arijit Singh,Shah Rukh Khan,Anushka Sharma","Safar (From ""Jab Harry Met Sejal"")",0.593,0.307,365669,0.604,3.79e-06,7,0.0789,-5.592,1,0.0397,85.641,0.452
desi,This Is Pritam,37i9dQZF1DX654XADbS8bL,1sYC1fG7s4p0pTykrJqmgW,spotify:track:1sYC1fG7s4p0pTykrJqmgW,https://p.scdn.co/mp3-preview/c2418a32a1e4780476aac73dd6ab7c6fe3043291?cid=63a77ff40e794a12ae216a18befde98c,Kyon,46,"Pritam,Papon,Sunidhi Chauhan,Ranbir Kapoor,Priyanka Chopra,Ileana D'Cruz",Barfi! (Original Motion Picture Soundtrack),0.636,0.726,266053,0.664,0.0,2,0.0964,-6.674,1,0.0331,121.923,0.831
desi,This Is Pritam,37i9dQZF1DX654XADbS8bL,3LbFEmmjIYfAYN7MBdF7yp,spotify:track:3LbFEmmjIYfAYN7MBdF7yp,https://p.scdn.co/mp3-preview/3d01da469b41115a5df028f4eae859db7614224e?cid=63a77ff40e794a12ae216a18befde98c,"Ae Dil Hai Mushkil (Club Mix By DJ Kiran Kamath) [From ""Ae Dil Hai Mushkil""]",44,"Pritam,Arijit Singh,Dj Kiran Kamath,Ranbir Kapoor,Anushka Sharma,Aishwarya Rai Bachchan,Fawad Khan","Ae Dil Hai Mushkil (Club Mix By DJ Kiran Kamath) [From ""Ae Dil Hai Mushkil""]",0.0116,0.647,237187,0.935,0.000144,3,0.0643,-4.009,0,0.137,128.039,0.245
desi,This Is Pritam,37i9dQZF1DX654XADbS8bL,5YO4nOP9W4fgQrV87mOtSB,spotify:track:5YO4nOP9W4fgQrV87mOtSB,https://p.scdn.co/mp3-preview/cbaec0b6020adfa843f38aae21ef6010bea152f9?cid=63a77ff40e794a12ae216a18befde98c,"Butterfly (From ""Jab Harry Met Sejal"")",34,"Pritam,Dev Negi,Sunidhi Chauhan,Aman Trikha,Nooran Sisters,Shah Rukh Khan,Anushka Sharma","Butterfly (From ""Jab Harry Met Sejal"")",0.0462,0.676,237561,0.969,0.0,6,0.237,-3.607,1,0.104,132.99,0.859
desi,This Is Pritam,37i9dQZF1DX654XADbS8bL,2VJIaxgWeyw9loL1sqKl7c,spotify:track:2VJIaxgWeyw9loL1sqKl7c,https://p.scdn.co/mp3-preview/4f1d3d3803c8dd1629eb1a69dc959e771a44727f?cid=63a77ff40e794a12ae216a18befde98c,Rab Ka Shukrana,35,"Pritam,Mohit Chauhan,Emraan Hashmi,Esha Gupta,Randeep Hooda",Jannat 2 (Original Motion Picture Soundtrack),0.615,0.602,299573,0.559,0.0,10,0.131,-6.203,0,0.0426,122.017,0.44
desi,This Is Pritam,37i9dQZF1DX654XADbS8bL,7ttlemwytO21npSmLKqTBg,spotify:track:7ttlemwytO21npSmLKqTBg,https://p.scdn.co/mp3-preview/ed7f69b0205fb92e49a25d3d70c990b71bff6eaf?cid=63a77ff40e794a12ae216a18befde98c,Aashiyan,39,"Pritam,Shreya Ghoshal,Nikhil Paul George,Ranbir Kapoor,Priyanka Chopra,Ileana D'Cruz",Barfi! (Original Motion Picture Soundtrack),0.294,0.829,236373,0.622,2.81e-06,10,0.167,-7.291,1,0.0518,131.969,0.775
desi,This Is Pritam,37i9dQZF1DX654XADbS8bL,4PwjaQ5q9NwGhFXdmk5sU8,spotify:track:4PwjaQ5q9NwGhFXdmk5sU8,https://p.scdn.co/mp3-preview/050e6600e5646d6da13bf72d4e922f29812d8b33?cid=63a77ff40e794a12ae216a18befde98c,"Beech Beech Mein (From ""Jab Harry Met Sejal"")",37,"Pritam,Arijit Singh,Shalmali Kholgade,Shefali Alvares,Shah Rukh Khan,Anushka Sharma","Beech Beech Mein (From ""Jab Harry Met Sejal"")",0.0549,0.751,205919,0.835,0.0,2,0.111,-4.462,1,0.0887,124.97,0.509
desi,This Is Pritam,37i9dQZF1DX654XADbS8bL,7EDsUT0289qe2W6N2vTe47,spotify:track:7EDsUT0289qe2W6N2vTe47,https://p.scdn.co/mp3-preview/7e1f2ebbfa59f3148874f1aac938769719a346e2?cid=63a77ff40e794a12ae216a18befde98c,Ghar,35,"Pritam,Nikhita Gandhi,Mohit Chauhan,Shah Rukh Khan,Anushka Sharma",Jab Harry Met Sejal (Original Motion Picture Soundtrack),0.757,0.471,220909,0.684,0.000163,1,0.141,-7.727,1,0.0542,109.914,0.359
desi,This Is Pritam,37i9dQZF1DX654XADbS8bL,45mrPZ4Mqb0pn2RlZdEYtH,spotify:track:45mrPZ4Mqb0pn2RlZdEYtH,https://p.scdn.co/mp3-preview/38af93a0ed7e1b8dad17872907d4a8119293819b?cid=63a77ff40e794a12ae216a18befde98c,Phurrr - Film Version,40,"Pritam,Diplo,Mohit Chauhan,TUSHAR JOSHI,Shah Rukh Khan,Anushka Sharma",Jab Harry Met Sejal (Original Motion Picture Soundtrack),0.0077,0.521,205500,0.853,0.0,11,0.114,-5.131,0,0.0538,79.953,0.587
desi,This Is Pritam,37i9dQZF1DX654XADbS8bL,1Wmhz6pAesAAKh6Oy3zknL,spotify:track:1Wmhz6pAesAAKh6Oy3zknL,https://p.scdn.co/mp3-preview/24ab55f7d1fc650ff45283e9ebc711cc371bc385?cid=63a77ff40e794a12ae216a18befde98c,"Phurrr (From ""Jab Harry Met Sejal"")",38,"Diplo,Pritam,Mohit Chauhan,Shah Rukh Khan,Anushka Sharma","Phurrr (From ""Jab Harry Met Sejal"")",0.0128,0.461,204000,0.827,0.0,6,0.0647,-5.424,0,0.0537,159.677,0.355
