category_id,playlist_name,playlist_id,track_id,track_uri,track_preview_url,track_name,track_popularity,artist_name,album_name,acousticness,danceability,duration_ms,energy,instrumentalness,key,liveness,loudness,mode,speechiness,tempo,valence
chill,Summer Lounge,37i9dQZF1DXdQP3bGyOAvs,694EKGkpww46ejk4jyzYM0,spotify:track:694EKGkpww46ejk4jyzYM0,https://p.scdn.co/mp3-preview/b19b7b7a1d3aa2032bbecd8913ffa0ee3ba8d5bb?cid=63a77ff40e794a12ae216a18befde98c,Elephant & Castle,53,Wilmer Woo,Elephant & Castle,0.409,0.553,186900,0.48,0.834,10,0.102,-10.272,0,0.0344,95.38,0.625
chill,Summer Lounge,37i9dQZF1DXdQP3bGyOAvs,47lv0fs01NLcygKcnD9PFX,spotify:track:47lv0fs01NLcygKcnD9PFX,https://p.scdn.co/mp3-preview/a684910b5c24de00c55dd48f4c5ddda31248cc68?cid=63a77ff40e794a12ae216a18befde98c,All Access,52,Ben Eggs,All Access,0.654,0.649,186888,0.483,0.9,0,0.153,-12.984,1,0.048,89.98,0.474
chill,Summer Lounge,37i9dQZF1DXdQP3bGyOAvs,4S1ApI9K5p6mAW1aKQ6f9d,spotify:track:4S1ApI9K5p6mAW1aKQ6f9d,https://p.scdn.co/mp3-preview/cfbf7e9b0a8426d90b513506d5f9665b4664f9bd?cid=63a77ff40e794a12ae216a18befde98c,It's alright,54,Goose Groovy,It's alright,0.133,0.839,196677,0.724,0.814,0,0.0894,-6.141,0,0.0371,110.003,0.871
chill,Summer Lounge,37i9dQZF1DXdQP3bGyOAvs,2bkUVv8OYDOSkV6ElMafd2,spotify:track:2bkUVv8OYDOSkV6ElMafd2,https://p.scdn.co/mp3-preview/cb2a743a69c021a8b336dc773cb17d5ac3d2cb60?cid=63a77ff40e794a12ae216a18befde98c,Surf The Orange Water,53,Giants' Nest,Surf The Orange Water,0.22,0.762,186809,0.664,0.898,5,0.119,-8.086,1,0.0854,99.995,0.678
chill,Summer Lounge,37i9dQZF1DXdQP3bGyOAvs,3Y0JuvIIA3mzhmM2G00kE9,spotify:track:3Y0JuvIIA3mzhmM2G00kE9,https://p.scdn.co/mp3-preview/f748352ec4fc675a23d47734628d08804cbd7bf0?cid=63a77ff40e794a12ae216a18befde98c,Keep On,51,Amaraldo,Keep On,0.372,0.67,227346,0.818,0.783,9,0.0799,-8.146,0,0.0494,90.003,0.556
chill,Summer Lounge,37i9dQZF1DXdQP3bGyOAvs,7jONoiyFISdmZT2zneg6sY,spotify:track:7jONoiyFISdmZT2zneg6sY,https://p.scdn.co/mp3-preview/ef13effa73726bac663282dda7de0e5b2d2bdfad?cid=63a77ff40e794a12ae216a18befde98c,Violet Breeze,48,Giants' Nest,Surf The Orange Water,0.213,0.715,189881,0.762,0.91,7,0.204,-9.794,1,0.0422,99.99,0.795
chill,Summer Lounge,37i9dQZF1DXdQP3bGyOAvs,19wx5ctwHexMvvWWJ3UATH,spotify:track:19wx5ctwHexMvvWWJ3UATH,https://p.scdn.co/mp3-preview/9d099cafba01735c527e5f6201840ffab57d20a3?cid=63a77ff40e794a12ae216a18befde98c,Hats,43,Giants' Nest,Surf The Orange Water,0.102,0.704,189099,0.825,0.829,2,0.0817,-8.136,1,0.0356,114.987,0.382
chill,Summer Lounge,37i9dQZF1DXdQP3bGyOAvs,2I0UkthGlPeyCb1zqjUTaG,spotify:track:2I0UkthGlPeyCb1zqjUTaG,,Day Glo,23,Molife,Day Glo,0.119,0.806,219329,0.744,0.796,7,0.0956,-7.631,1,0.0938,120.034,0.146
chill,Summer Lounge,37i9dQZF1DXdQP3bGyOAvs,1AcxJ4t47oSb8GtAlWaxgn,spotify:track:1AcxJ4t47oSb8GtAlWaxgn,https://p.scdn.co/mp3-preview/76f0ced495055d9862afab7586416340b284fa0f?cid=63a77ff40e794a12ae216a18befde98c,Circular,55,Crisp Nibblets,Circular,0.461,0.776,204285,0.82,0.9,2,0.0752,-11.561,1,0.0563,125.012,0.108
chill,Summer Lounge,37i9dQZF1DXdQP3bGyOAvs,0I2qVDrbiihbxLDL6Grm1G,spotify:track:0I2qVDrbiihbxLDL6Grm1G,https://p.scdn.co/mp3-preview/9d6f1927779b8bb13144c6864c38aa4e8129ddd1?cid=63a77ff40e794a12ae216a18befde98c,My Love,56,Tom Tones,My Love,0.00475,0.639,203021,0.854,0.753,9,0.0628,-8.888,0,0.033,120.007,0.177
chill,Summer Lounge,37i9dQZF1DXdQP3bGyOAvs,7x6FYyK7URaq3vQl50cCCG,spotify:track:7x6FYyK7URaq3vQl50cCCG,,Pablo IV,12,Keppel Skies,I Am Sick Of This Working Man's Coffee,0.00376,0.859,254609,0.687,0.902,3,0.143,-9.513,0,0.102,115.001,0.426
chill,Summer Lounge,37i9dQZF1DXdQP3bGyOAvs,7szWO6GcxVU1lkWWLfpeyI,spotify:track:7szWO6GcxVU1lkWWLfpeyI,https://p.scdn.co/mp3-preview/72f2458501043286e30bccf02719e22208cd131c?cid=63a77ff40e794a12ae216a18befde98c,All Good,59,Crade,All Good,0.00498,0.761,196670,0.601,0.775,7,0.0915,-8.255,1,0.0425,110.012,0.348
chill,Summer Lounge,37i9dQZF1DXdQP3bGyOAvs,6QjhpJEV67DKSp48OB2vsc,spotify:track:6QjhpJEV67DKSp48OB2vsc,https://p.scdn.co/mp3-preview/1fbe6acb982496c40800dd67ed934a592c32cd5c?cid=63a77ff40e794a12ae216a18befde98c,The Cratouille,45,Gridlocks,Summer Lounge,0.325,0.772,190580,0.574,0.737,8,0.123,-10.638,1,0.0443,111.975,0.0459
chill,Summer Lounge,37i9dQZF1DXdQP3bGyOAvs,74OJcb0urbXBKWVkGd4hxg,spotify:track:74OJcb0urbXBKWVkGd4hxg,https://p.scdn.co/mp3-preview/8186d6c7e8442a3f367fab6e912cc312259ca045?cid=63a77ff40e794a12ae216a18befde98c,Artemis,50,Quenzon,Artemis,0.174,0.651,185139,0.378,0.826,7,0.11,-12.782,1,0.0563,168.374,0.46
chill,Summer Lounge,37i9dQZF1DXdQP3bGyOAvs,5zUvIpptGgZOWjB5PHLWQU,spotify:track:5zUvIpptGgZOWjB5PHLWQU,https://p.scdn.co/mp3-preview/aacdab5eb19c119fdc44433caaace9e8de6b2fd4?cid=63a77ff40e794a12ae216a18befde98c,Under the Palm Trees,54,Calissimo,Under the Palm Trees,0.0998,0.714,216736,0.493,0.865,9,0.101,-12.465,0,0.0303,113.021,0.212
chill,Summer Lounge,37i9dQZF1DXdQP3bGyOAvs,2DZzraga3vWANbMkSUkMFz,spotify:track:2DZzraga3vWANbMkSUkMFz,,Through The Static,10,Keppel Skies,I Am Sick Of This Working Man's Coffee,0.122,0.68,195675,0.705,0.85,11,0.125,-9.438,0,0.0528,99.989,0.146
chill,Summer Lounge,37i9dQZF1DXdQP3bGyOAvs,3x0MlTvfOfSKOnm6BMtEgE,spotify:track:3x0MlTvfOfSKOnm6BMtEgE,,Autumn,19,CJ RcM,"Blueberry Cafe, Vol. 3 (Compiled by Marga Sol)",0.0792,0.862,284056,0.485,0.881,1,0.101,-12.14,1,0.0628,120.003,0.145
chill,Summer Lounge,37i9dQZF1DXdQP3bGyOAvs,1xtjCg7uDgJL1fCn6z91Lj,spotify:track:1xtjCg7uDgJL1fCn6z91Lj,https://p.scdn.co/mp3-preview/c9a5f6e7b6385bd91d06a2a0a48766aac48c897e?cid=63a77ff40e794a12ae216a18befde98c,Dip in,52,Kernelz,DIp in,0.601,0.954,202824,0.641,0.184,11,0.119,-7.225,0,0.247,111.342,0.498
chill,Summer Lounge,37i9dQZF1DXdQP3bGyOAvs,2N8p2yGBNM0SLlSaCDxhk0,spotify:track:2N8p2yGBNM0SLlSaCDxhk0,https://p.scdn.co/mp3-preview/9c12113b255551103564e22e57f110121c5e7bd6?cid=63a77ff40e794a12ae216a18befde98c,Horizon,62,Gary Luton,Horizon,0.00133,0.662,214358,0.711,0.864,6,0.0701,-6.945,0,0.0439,120.005,0.555
chill,Summer Lounge,37i9dQZF1DXdQP3bGyOAvs,48IdCKW6FnhnUtFDNzRqmM,spotify:track:48IdCKW6FnhnUtFDNzRqmM,https://p.scdn.co/mp3-preview/b49345e1794bb8f1af510a14cb85a4da51a1676f?cid=63a77ff40e794a12ae216a18befde98c,Mesmerized,31,Rohn Dahlberg,Mesmerized,0.00226,0.846,295385,0.869,0.914,4,0.058,-6.955,0,0.0508,116.985,0.183
chill,Summer Lounge,37i9dQZF1DXdQP3bGyOAvs,4lPq7yzD0FW8HUWQ61Puvv,spotify:track:4lPq7yzD0FW8HUWQ61Puvv,,Mirage,19,Dye O,Mirage,0.003,0.695,217397,0.708,0.875,9,0.275,-8.162,0,0.0538,110.012,0.461
chill,Summer Lounge,37i9dQZF1DXdQP3bGyOAvs,7CcJM0gz2YrZUCxOlIzQ8W,spotify:track:7CcJM0gz2YrZUCxOlIzQ8W,https://p.scdn.co/mp3-preview/8f4de85fcea1dc7bde2ae5088eefad03c118f1e4?cid=63a77ff40e794a12ae216a18befde98c,Bellevue,47,Isla Bonner,Bellevue,0.545,0.604,198894,0.33,0.915,10,0.129,-15.842,0,0.0391,95.357,0.19
chill,Summer Lounge,37i9dQZF1DXdQP3bGyOAvs,3MvzaPDXUngMTW273eBdQ9,spotify:track:3MvzaPDXUngMTW273eBdQ9,,Blurred,12,Kiasmos,Blurred,0.578,0.853,305547,0.405,0.858,4,0.093,-11.628,1,0.0484,122.007,0.0758
chill,Summer Lounge,37i9dQZF1DXdQP3bGyOAvs,1ieg4MJGiEH3rIG6zGc2v7,spotify:track:1ieg4MJGiEH3rIG6zGc2v7,https://p.scdn.co/mp3-preview/9eeecce2ebcb75ca413f888c5f22540a335a8813?cid=63a77ff40e794a12ae216a18befde98c,No More,52,Toby Tech,No More,0.00104,0.592,294000,0.79,0.867,7,0.0758,-7.861,1,0.0342,119.992,0.119
chill,Summer Lounge,37i9dQZF1DXdQP3bGyOAvs,0rYfDnwdsArNfvV4HWgXvd,spotify:track:0rYfDnwdsArNfvV4HWgXvd,https://p.scdn.co/mp3-preview/6ee2a30a77c51b3dfdbc3b04d4766d7380363479?cid=63a77ff40e794a12ae216a18befde98c,Kirnua,56,Jones Meadow,Kirnua,0.0335,0.804,227899,0.872,0.847,6,0.117,-7.606,1,0.056,118.999,0.496
chill,Summer Lounge,37i9dQZF1DXdQP3bGyOAvs,6AH8ij4nREJn2qSWoXg0xd,spotify:track:6AH8ij4nREJn2qSWoXg0xd,https://p.scdn.co/mp3-preview/6eb1ad6488feb99a56f07b45e3b246764cfb215f?cid=63a77ff40e794a12ae216a18befde98c,Make,52,"Marsh,Ellie Shantz",Life On The Shore,0.228,0.703,260000,0.679,0.88,1,0.0986,-7.447,1,0.056,120.006,0.42
chill,Summer Lounge,37i9dQZF1DXdQP3bGyOAvs,4cG1oc4zcVw3o0lgDV7cDi,spotify:track:4cG1oc4zcVw3o0lgDV7cDi,https://p.scdn.co/mp3-preview/0a0496c821ad5102ca336cbe5b0b004db35ba7ca?cid=63a77ff40e794a12ae216a18befde98c,Para Fiction,60,Crade,Para Fiction,0.0574,0.806,275260,0.714,0.897,4,0.0705,-9.713,0,0.0837,120.002,0.528
chill,Summer Lounge,37i9dQZF1DXdQP3bGyOAvs,3Wwmq8WUjZoDmzcZ5EJriJ,spotify:track:3Wwmq8WUjZoDmzcZ5EJriJ,https://p.scdn.co/mp3-preview/29cf51d4d4969de3a8e96c3070e50c80d4369bef?cid=63a77ff40e794a12ae216a18befde98c,Keep On It,54,Mar Vei,Keep On It,3.95e-05,0.789,257076,0.467,0.853,9,0.0913,-9.544,1,0.0567,116.988,0.548
chill,Summer Lounge,37i9dQZF1DXdQP3bGyOAvs,1L6yd85lGhfCGbNwKKvcAp,spotify:track:1L6yd85lGhfCGbNwKKvcAp,https://p.scdn.co/mp3-preview/5b151788cad76c36074426e72d61f02e48b1e8e9?cid=63a77ff40e794a12ae216a18befde98c,Backdrops,54,Walientinho,Backdrops,0.00501,0.736,186124,0.76,0.859,7,0.263,-9.831,1,0.0591,109.989,0.43
chill,Summer Lounge,37i9dQZF1DXdQP3bGyOAvs,6nlNdYGf4TnWPKzxdPZW90,spotify:track:6nlNdYGf4TnWPKzxdPZW90,https://p.scdn.co/mp3-preview/c97372ef802f6c0dcadca69f7d5ed696515252f8?cid=63a77ff40e794a12ae216a18befde98c,Feel Me,55,Dalac,Feel Me,0.00124,0.748,242635,0.706,0.817,2,0.0387,-7.768,0,0.0561,120.009,0.399
chill,Summer Lounge,37i9dQZF1DXdQP3bGyOAvs,6wmjXJSNbPrm3sqPuMQQ47,spotify:track:6wmjXJSNbPrm3sqPuMQQ47,https://p.scdn.co/mp3-preview/d89b3125a1814f86e8c82e993615fab65c15e721?cid=63a77ff40e794a12ae216a18befde98c,The Milky Way,52,Androm,The Milky Way,0.135,0.799,270662,0.593,0.892,9,0.088,-12.667,0,0.0519,107.789,0.307
chill,Summer Lounge,37i9dQZF1DXdQP3bGyOAvs,1QwwJPHlJ26QBkpugTwqqG,spotify:track:1QwwJPHlJ26QBkpugTwqqG,https://p.scdn.co/mp3-preview/a1347d797d29055de48a7cb69eb8d01d952b679b?cid=63a77ff40e794a12ae216a18befde98c,Voyages,52,Tekkla,Voyages,0.0031,0.75,216104,0.698,0.838,5,0.0937,-6.959,1,0.0344,120.002,0.717
chill,Summer Lounge,37i9dQZF1DXdQP3bGyOAvs,6WbxBYrqT0sTJ5DJ0vODm3,spotify:track:6WbxBYrqT0sTJ5DJ0vODm3,https://p.scdn.co/mp3-preview/961aa1a7a28d3ccf3f4ecb4110ebee69cc9380ed?cid=63a77ff40e794a12ae216a18befde98c,Ambivalente,52,Brisaque,Ambivalente,0.214,0.974,255512,0.488,0.725,6,0.105,-11.329,0,0.344,121.018,0.371
chill,Summer Lounge,37i9dQZF1DXdQP3bGyOAvs,7spuHnkwHxd4ZMxRSFbdkL,spotify:track:7spuHnkwHxd4ZMxRSFbdkL,https://p.scdn.co/mp3-preview/3ee939ab50ef57d5f34cfec3281a89371d415b01?cid=63a77ff40e794a12ae216a18befde98c,Mind,54,Mar Vei,Keep On It,0.516,0.667,268986,0.48,0.912,7,0.0994,-12.517,0,0.0337,108.991,0.127
chill,Summer Lounge,37i9dQZF1DXdQP3bGyOAvs,47l936t46PuAWOAO2JbZa8,spotify:track:47l936t46PuAWOAO2JbZa8,,No Memories,19,Boomo,No Memories,0.667,0.763,209271,0.42,0.922,1,0.0967,-11.537,0,0.0357,119.991,0.141
chill,Summer Lounge,37i9dQZF1DXdQP3bGyOAvs,0Hi38YnFOnODtOHSD7NlWF,spotify:track:0Hi38YnFOnODtOHSD7NlWF,https://p.scdn.co/mp3-preview/d6a9378ea40660921aa6d072d845486807e5f449?cid=63a77ff40e794a12ae216a18befde98c,Silk & Frames - Radio Mix,48,Sons Of Maria,Silk & Frames,0.0331,0.714,209000,0.772,0.511,8,0.141,-5.657,0,0.0307,120.003,0.297
chill,Summer Lounge,37i9dQZF1DXdQP3bGyOAvs,0L0A2JQesE17iqjuEQDfiW,spotify:track:0L0A2JQesE17iqjuEQDfiW,https://p.scdn.co/mp3-preview/c9fb31503c54a940bde3b978f278690d031625ba?cid=63a77ff40e794a12ae216a18befde98c,White Heart Sand,56,Togo Bao,White Heart Sand,0.0458,0.828,228735,0.555,0.657,8,0.132,-9.724,1,0.0591,110.462,0.3
chill,Summer Lounge,37i9dQZF1DXdQP3bGyOAvs,2Iad2uYF42TsNJyPHRDAOJ,spotify:track:2Iad2uYF42TsNJyPHRDAOJ,,Milo's Breeze,11,Sum Wave,Milo's Journey,0.148,0.725,262034,0.741,0.903,9,0.236,-6.471,0,0.113,119.969,0.134
chill,Summer Lounge,37i9dQZF1DXdQP3bGyOAvs,0oGRIQdXeKvlGtkmRNzGhl,spotify:track:0oGRIQdXeKvlGtkmRNzGhl,https://p.scdn.co/mp3-preview/5b4436d5f56cdaa0adc8208f51deaea33b3160ca?cid=63a77ff40e794a12ae216a18befde98c,Escape,52,Crade,Escape,0.0886,0.775,272532,0.741,0.805,0,0.0966,-10.059,1,0.0422,115.02,0.521
chill,Summer Lounge,37i9dQZF1DXdQP3bGyOAvs,6gH1IO3Jy14NITRCHlAmyF,spotify:track:6gH1IO3Jy14NITRCHlAmyF,https://p.scdn.co/mp3-preview/7c8ea255bbcf49790c8890b75cc678baefd970b6?cid=63a77ff40e794a12ae216a18befde98c,Le Douche,50,Funky Feels,Le Douche,0.0189,0.83,255253,0.922,0.656,0,0.0473,-8.338,1,0.0349,114.998,0.723
chill,Summer Lounge,37i9dQZF1DXdQP3bGyOAvs,39bqrTfp3CrDoWCCQFgImJ,spotify:track:39bqrTfp3CrDoWCCQFgImJ,https://p.scdn.co/mp3-preview/f3539e6ec1ae237c5885e64303be90edcae6b6bc?cid=63a77ff40e794a12ae216a18befde98c,Don't Break Up,59,Fresh Faces,Don't Break Up,0.18,0.817,278556,0.586,0.615,9,0.0558,-7.56,0,0.338,119.984,0.514
chill,Summer Lounge,37i9dQZF1DXdQP3bGyOAvs,2ZuYCbHAViwjzdGNBVUyiV,spotify:track:2ZuYCbHAViwjzdGNBVUyiV,,Good Thing - Ted Jasper Remix,32,"THANKS,Ted Jasper",Mind Expansion (Remixes),0.0173,0.772,182057,0.715,0.00812,6,0.366,-9.106,0,0.0895,119.025,0.313
chill,Summer Lounge,37i9dQZF1DXdQP3bGyOAvs,7JuGl6cntiqvXVgXJFSggk,spotify:track:7JuGl6cntiqvXVgXJFSggk,https://p.scdn.co/mp3-preview/332aa6bf618c4dfe9a9e4e812e35158a6f5c1971?cid=63a77ff40e794a12ae216a18befde98c,Midnight Sky,59,Sol Calor,Midnight Sky,0.101,0.669,214097,0.623,0.0481,7,0.412,-7.057,1,0.0413,90.761,0.184
chill,Summer Lounge,37i9dQZF1DXdQP3bGyOAvs,6CTBKPLcrdFfo57ud4Zmc5,spotify:track:6CTBKPLcrdFfo57ud4Zmc5,https://p.scdn.co/mp3-preview/3614c13e6884064e2e7dc0a9ffcbb5b88dc28c61?cid=63a77ff40e794a12ae216a18befde98c,Smile,48,Goloise,Smile,0.657,0.614,225366,0.481,0.921,10,0.0983,-8.377,1,0.0388,81.996,0.426
chill,Summer Lounge,37i9dQZF1DXdQP3bGyOAvs,3tYvEkSwSkJhlQy7fNVGHd,spotify:track:3tYvEkSwSkJhlQy7fNVGHd,https://p.scdn.co/mp3-preview/d51f093b528aeac3911e493204d80395b49ed984?cid=63a77ff40e794a12ae216a18befde98c,Pure Desire,50,Dan Denison,Pure Desire,0.0849,0.78,219723,0.355,0.898,11,0.164,-13.32,1,0.0553,115.011,0.199
chill,Summer Lounge,37i9dQZF1DXdQP3bGyOAvs,09Ls1F0VZHhIGRLEqYwl5P,spotify:track:09Ls1F0VZHhIGRLEqYwl5P,https://p.scdn.co/mp3-preview/046c97785d1cad88363d0c9a3097932fd754b611?cid=63a77ff40e794a12ae216a18befde98c,Botanica,49,Soul to Speak,Botanica,0.0725,0.651,227383,0.903,0.897,4,0.0577,-6.593,0,0.0409,119.975,0.307
chill,Summer Lounge,37i9dQZF1DXdQP3bGyOAvs,0aaTrekfgJgLiH00lnPKm7,spotify:track:0aaTrekfgJgLiH00lnPKm7,https://p.scdn.co/mp3-preview/3d56e7facb8aff0d5867293f5fca7204171b1fc7?cid=63a77ff40e794a12ae216a18befde98c,Freya,57,"Dave Pad,Anjei",Cantec De Leagane / Freya,0.000211,0.64,284878,0.667,0.899,11,0.0748,-10.19,0,0.0379,122.994,0.288
chill,Summer Lounge,37i9dQZF1DXdQP3bGyOAvs,1Cq6boNHiuG7taGzG5cR1I,spotify:track:1Cq6boNHiuG7taGzG5cR1I,https://p.scdn.co/mp3-preview/d4d0c7580b219ceb771faa28da71c86f78054c57?cid=63a77ff40e794a12ae216a18befde98c,On The Road,45,Art Van Delay,On The Road,0.0689,0.848,293393,0.848,0.705,0,0.36,-8.125,0,0.0782,119.997,0.221
chill,Summer Lounge,37i9dQZF1DXdQP3bGyOAvs,7ETht5Igt88P2NSneDtXn9,spotify:track:7ETht5Igt88P2NSneDtXn9,https://p.scdn.co/mp3-preview/04f422d0397bc364e91e674ff9f3042b93490939?cid=63a77ff40e794a12ae216a18befde98c,Level,46,Jones Meadow,Kirnua,0.00805,0.66,229182,0.88,0.0746,2,0.086,-6.978,1,0.0374,110.0,0.631
chill,Summer Lounge,37i9dQZF1DXdQP3bGyOAvs,2spn1AbxQzop0MXfb4RhDn,spotify:track:2spn1AbxQzop0MXfb4RhDn,https://p.scdn.co/mp3-preview/e3a183e76eb1e5f06a1f6f2e8222dfe89cb9d609?cid=63a77ff40e794a12ae216a18befde98c,Variations,44,Varispeed Fairy,Variations,0.278,0.581,212555,0.614,0.112,5,0.139,-8.59,0,0.0486,101.376,0.169
chill,Summer Lounge,37i9dQZF1DXdQP3bGyOAvs,13CblSVRBaTCwJr1Y9ytz4,spotify:track:13CblSVRBaTCwJr1Y9ytz4,https://p.scdn.co/mp3-preview/accd8796d146c094f9a20625e54fa4c5dddca00c?cid=63a77ff40e794a12ae216a18befde98c,Cala Bejor,43,Lounge Music Café,Summer Chillout Party,0.34,0.521,274286,0.735,0.852,5,0.0879,-7.865,0,0.0341,195.921,0.671
chill,Summer Lounge,37i9dQZF1DXdQP3bGyOAvs,39zankhh89DKYbglQNOQQu,spotify:track:39zankhh89DKYbglQNOQQu,https://p.scdn.co/mp3-preview/ce6360cfefa6a369b4c08b8e8f520b54c51b46b4?cid=63a77ff40e794a12ae216a18befde98c,Crank That S**t Up,49,Sieeben Acht,Crank That S**t Up,0.224,0.708,261234,0.523,0.888,0,0.175,-11.701,1,0.0353,107.8,0.0744
chill,Summer Lounge,37i9dQZF1DXdQP3bGyOAvs,5gspPS4AV8sCXlhyFY9ofJ,spotify:track:5gspPS4AV8sCXlhyFY9ofJ,https://p.scdn.co/mp3-preview/bd3aaf597ace359c4b47326a768d56f3b9a34549?cid=63a77ff40e794a12ae216a18befde98c,Brazeo,52,Rosi Peloni,Brazeo,0.0341,0.574,199833,0.647,0.889,8,0.102,-10.108,1,0.0274,90.009,0.271
chill,Summer Lounge,37i9dQZF1DXdQP3bGyOAvs,4SN5CP1ReUEwDCm2PcrLho,spotify:track:4SN5CP1ReUEwDCm2PcrLho,https://p.scdn.co/mp3-preview/2d862e5ad35044229be2e9a4bb89c315129346af?cid=63a77ff40e794a12ae216a18befde98c,Subwalk,56,Bamba Lamer,Subwalk,0.0115,0.816,292024,0.799,0.905,10,0.0806,-8.357,0,0.0602,119.988,0.303
chill,Summer Lounge,37i9dQZF1DXdQP3bGyOAvs,5yjV8AIE9qwvGN081XmTpk,spotify:track:5yjV8AIE9qwvGN081XmTpk,https://p.scdn.co/mp3-preview/44082d9f520301635139718447fbe586ba93d960?cid=63a77ff40e794a12ae216a18befde98c,Echoes,53,Tabú,Echoes,0.0971,0.686,310625,0.872,0.772,5,0.102,-8.26,1,0.0577,120.039,0.247
chill,Summer Lounge,37i9dQZF1DXdQP3bGyOAvs,56oUXn9ZQhSE9pwhNVw9Cb,spotify:track:56oUXn9ZQhSE9pwhNVw9Cb,https://p.scdn.co/mp3-preview/bb76cb51ef4fd53b2f582cedcf3f77189838fd85?cid=63a77ff40e794a12ae216a18befde98c,Drink and Dine,47,Wizz Waxx,Drink and Dine,0.417,0.684,181755,0.326,0.907,1,0.124,-17.089,0,0.0484,96.411,0.178
chill,Summer Lounge,37i9dQZF1DXdQP3bGyOAvs,0XlQShKmLjrNVpjfUeuiCC,spotify:track:0XlQShKmLjrNVpjfUeuiCC,https://p.scdn.co/mp3-preview/53eb3d2e116309160424861a190e3930225db6cb?cid=63a77ff40e794a12ae216a18befde98c,Amor com Paixão,52,DJ Daidol,Amor com Paixão,0.215,0.689,230531,0.599,0.363,2,0.0945,-8.743,0,0.0609,92.985,0.514
chill,Summer Lounge,37i9dQZF1DXdQP3bGyOAvs,485CI7dSbo6gkG0QmudUIp,spotify:track:485CI7dSbo6gkG0QmudUIp,https://p.scdn.co/mp3-preview/fe0653a5ae8cf2d298fa9d1d38e92021345f7b71?cid=63a77ff40e794a12ae216a18befde98c,One Last Goodbye,42,"Oliver Bäckström,Boring Sax",Chillout Session,0.016,0.784,362034,0.718,0.906,9,0.079,-9.339,0,0.0462,118.001,0.636
chill,Summer Lounge,37i9dQZF1DXdQP3bGyOAvs,5XBaimgVyGgQGoOexUk8Ut,spotify:track:5XBaimgVyGgQGoOexUk8Ut,https://p.scdn.co/mp3-preview/67c2313f26791297006fe55b3bff8ac955c4e53d?cid=63a77ff40e794a12ae216a18befde98c,Solo,59,Toby Tech,Solo,0.0948,0.585,277569,0.872,0.913,4,0.204,-9.458,0,0.0384,120.013,0.223
chill,Summer Lounge,37i9dQZF1DXdQP3bGyOAvs,2gMxNLe9ugpFAia2NE8OGV,spotify:track:2gMxNLe9ugpFAia2NE8OGV,https://p.scdn.co/mp3-preview/a653daf0c04fa38603e30c063642daf043404d6e?cid=63a77ff40e794a12ae216a18befde98c,Blueblurry,46,Duckmaw,Blueblurry,0.00404,0.687,285004,0.602,0.0271,4,0.0654,-9.08,1,0.155,117.979,0.29
chill,Summer Lounge,37i9dQZF1DXdQP3bGyOAvs,1FdqIbC6rpDYcmT6hFrxmE,spotify:track:1FdqIbC6rpDYcmT6hFrxmE,https://p.scdn.co/mp3-preview/1984359f2559acad49a931972f89940a2138521a?cid=63a77ff40e794a12ae216a18befde98c,Subway Underground,42,Boring Sax,Cocktail Bar Chillout,0.0808,0.71,378947,0.563,0.204,9,0.117,-9.913,1,0.0595,114.003,0.314
chill,Summer Lounge,37i9dQZF1DXdQP3bGyOAvs,3WeNRnSgL9vyRXRaJL2rnk,spotify:track:3WeNRnSgL9vyRXRaJL2rnk,https://p.scdn.co/mp3-preview/d283589d23953149299d60744058023ad3f74cf1?cid=63a77ff40e794a12ae216a18befde98c,Sun Ray Falls,43,Roral Ceef,Playing On,0.0712,0.769,265313,0.912,0.804,7,0.202,-7.368,1,0.057,95.999,0.381
chill,Summer Lounge,37i9dQZF1DXdQP3bGyOAvs,4IVPgja0tUYq7OOMiHSTtw,spotify:track:4IVPgja0tUYq7OOMiHSTtw,https://p.scdn.co/mp3-preview/f22e462865e6e2ca62f90c007be28f432d1a95b5?cid=63a77ff40e794a12ae216a18befde98c,On Lien,44,Max Owen,On Lien,0.4,0.797,224000,0.425,0.932,7,0.111,-16.482,1,0.0804,120.01,0.229
chill,Summer Lounge,37i9dQZF1DXdQP3bGyOAvs,6q9MP6ciBDPjwHcqXDMBJN,spotify:track:6q9MP6ciBDPjwHcqXDMBJN,,When The Rain Came,12,Felix Johansson Carne,A Message From Your Space Cat,0.533,0.902,306155,0.454,0.77,9,0.103,-12.749,1,0.313,125.017,0.339
chill,Summer Lounge,37i9dQZF1DXdQP3bGyOAvs,20USnYqI2EWN1fLBD2PF0i,spotify:track:20USnYqI2EWN1fLBD2PF0i,https://p.scdn.co/mp3-preview/8d66c4185f8e79b2e05c25692046b443bbe4f1e3?cid=63a77ff40e794a12ae216a18befde98c,Feel The Heat,56,Bon Lui,Feel The Heat,0.0019,0.69,319677,0.902,0.254,0,0.122,-5.666,0,0.0514,114.986,0.125
chill,Summer Lounge,37i9dQZF1DXdQP3bGyOAvs,3Ntv9LuXx8nJBLiqih5aAD,spotify:track:3Ntv9LuXx8nJBLiqih5aAD,https://p.scdn.co/mp3-preview/7918463f568e13206f6ff4d8410448c5d6e16b74?cid=63a77ff40e794a12ae216a18befde98c,Smoke Signs - Radio Edit,47,Mr. Chillout,Summer Chillout 2017,0.00397,0.728,184800,0.743,0.0054,9,0.127,-7.005,0,0.0322,99.993,0.375
chill,Summer Lounge,37i9dQZF1DXdQP3bGyOAvs,4wTu3l8yNJYLrYSvwCKcwl,spotify:track:4wTu3l8yNJYLrYSvwCKcwl,https://p.scdn.co/mp3-preview/5d2b17256e16716e85bf3558d10d2d09fd990c9f?cid=63a77ff40e794a12ae216a18befde98c,A New Beginning,50,Fuze T,A New Beginning,0.0211,0.722,403355,0.764,0.689,8,0.0719,-9.419,1,0.0358,115.007,0.43
chill,Summer Lounge,37i9dQZF1DXdQP3bGyOAvs,13Rd5u37Sm2YCBdnDKVSXI,spotify:track:13Rd5u37Sm2YCBdnDKVSXI,https://p.scdn.co/mp3-preview/e277d6e0ad547a025d6830a707dfcfcf86cd5c80?cid=63a77ff40e794a12ae216a18befde98c,Those Better Days,50,Desert Island,Those Better Days,0.0291,0.578,318055,0.91,0.875,8,0.377,-8.496,1,0.0409,122.017,0.0389
chill,Summer Lounge,37i9dQZF1DXdQP3bGyOAvs,4HHGxBEC3WOwmXLo6sQx1e,spotify:track:4HHGxBEC3WOwmXLo6sQx1e,https://p.scdn.co/mp3-preview/cec085cddbd0d1c44e46338d732d73c09940934e?cid=63a77ff40e794a12ae216a18befde98c,Esmeralda,61,Samba Twins,Esmeralda,0.00281,0.759,234510,0.517,0.906,11,0.0782,-12.275,0,0.0601,120.016,0.411
chill,Summer Lounge,37i9dQZF1DXdQP3bGyOAvs,6zcMZgaq6ehE2vdMobaBxP,spotify:track:6zcMZgaq6ehE2vdMobaBxP,https://p.scdn.co/mp3-preview/3a829b071b25f4f5a70f8f0b48fe4031a8fbbe0c?cid=63a77ff40e794a12ae216a18befde98c,Shadows,57,Gary Luton,Shadows,0.00248,0.785,314000,0.823,0.746,1,0.0975,-8.95,1,0.046,123.014,0.492
chill,Summer Lounge,37i9dQZF1DXdQP3bGyOAvs,1NKTKpgDVjZFKNK8l6GfCh,spotify:track:1NKTKpgDVjZFKNK8l6GfCh,,Fake,14,André Aguado,Don't Hold Me Back,0.0987,0.705,252000,0.545,0.167,8,0.141,-12.123,0,0.0425,100.006,0.242
chill,Summer Lounge,37i9dQZF1DXdQP3bGyOAvs,6FIQ8o2hqlDmHQFoBKmKgW,spotify:track:6FIQ8o2hqlDmHQFoBKmKgW,https://p.scdn.co/mp3-preview/757bcf2b9652b6d4428438fed572ec1f914abab5?cid=63a77ff40e794a12ae216a18befde98c,October,64,Icarus,October,0.0306,0.365,354102,0.711,0.913,8,0.0824,-9.591,1,0.0355,116.003,0.117
chill,Summer Lounge,37i9dQZF1DXdQP3bGyOAvs,4CJlB8iNQ28c6gaInqNHzX,spotify:track:4CJlB8iNQ28c6gaInqNHzX,https://p.scdn.co/mp3-preview/07d6c2268d78711fe26a34607386f24cd8b07f8e?cid=63a77ff40e794a12ae216a18befde98c,Hello - Short Version,46,Kattguld,Hello (Short Version),0.00161,0.72,313231,0.808,0.766,10,0.0689,-5.58,0,0.0341,118.014,0.414
chill,Summer Lounge,37i9dQZF1DXdQP3bGyOAvs,060aD6EgB5goB8mOOCmZWm,spotify:track:060aD6EgB5goB8mOOCmZWm,https://p.scdn.co/mp3-preview/545381071acd3262f78d74c724f19438dd7fe4f8?cid=63a77ff40e794a12ae216a18befde98c,Quote of the Day,42,Enrico Donner,"Beverly Hills Chillhouse Deluxe, Vol. 2",0.0194,0.891,345000,0.645,0.957,9,0.0484,-9.703,0,0.165,111.965,0.313
chill,Summer Lounge,37i9dQZF1DXdQP3bGyOAvs,4VVFngyicus8z9gP5JqwLr,spotify:track:4VVFngyicus8z9gP5JqwLr,https://p.scdn.co/mp3-preview/7d00e4a54eec4a997d1f0ccc72be1b736c1eb2ad?cid=63a77ff40e794a12ae216a18befde98c,2night,43,The Sura Quintet,Refinements of Feeling,0.0262,0.808,350609,0.701,0.514,10,0.0724,-8.123,0,0.0971,115.007,0.745
chill,Summer Lounge,37i9dQZF1DXdQP3bGyOAvs,6Bm5ptk6kHcZhxeaVF81QP,spotify:track:6Bm5ptk6kHcZhxeaVF81QP,https://p.scdn.co/mp3-preview/0b42fcc7337e2656d4c85518fd888235404321b9?cid=63a77ff40e794a12ae216a18befde98c,Morning Dew - Original Club Mix,47,Nora En Pure,Morning Dew,0.00824,0.861,336025,0.73,0.747,0,0.138,-5.926,0,0.0549,121.995,0.469
chill,Summer Lounge,37i9dQZF1DXdQP3bGyOAvs,3DKGLkOXp92m1HogYFrcsH,spotify:track:3DKGLkOXp92m1HogYFrcsH,,Something In The Air - Bonobo Remix,17,"Maya Jane Coles,Bonobo",Don't Put Me In Your Box (The Remixes),0.0532,0.728,366989,0.71,0.901,11,0.035,-9.903,0,0.0537,118.011,0.157
chill,Summer Lounge,37i9dQZF1DXdQP3bGyOAvs,2NQ6In9ja7fBeBI9ADmMWB,spotify:track:2NQ6In9ja7fBeBI9ADmMWB,https://p.scdn.co/mp3-preview/931746b30dac44714fa8e90c291880d9cbf6e2e7?cid=63a77ff40e794a12ae216a18befde98c,Nicaraguan Dream,42,Duckmaw,Dazed And Amazed,0.113,0.758,271307,0.729,0.575,5,0.121,-10.033,1,0.0411,110.004,0.356
chill,Summer Lounge,37i9dQZF1DXdQP3bGyOAvs,1YGOW7YdyMfPuzjYs9Sarc,spotify:track:1YGOW7YdyMfPuzjYs9Sarc,https://p.scdn.co/mp3-preview/3627a3e7c048637e1d533d7c0e4682b8fa75b4a3?cid=63a77ff40e794a12ae216a18befde98c,Heartbreak Feel,48,Dee Delvechio,Heartbreak Feel,0.508,0.544,186114,0.334,0.955,6,0.101,-16.889,1,0.0398,95.339,0.302
chill,Summer Lounge,37i9dQZF1DXdQP3bGyOAvs,3VidwztVBAJmMlkQHpokNV,spotify:track:3VidwztVBAJmMlkQHpokNV,https://p.scdn.co/mp3-preview/1460d9f50050cc746ba1663639211e284998f39f?cid=63a77ff40e794a12ae216a18befde98c,That Feeling,55,Duckmaw,Blueblurry,0.00293,0.694,274659,0.833,0.262,8,0.451,-7.986,1,0.0508,109.993,0.256
chill,Summer Lounge,37i9dQZF1DXdQP3bGyOAvs,5sh4Ro1zrlpTrh07dVDTIn,spotify:track:5sh4Ro1zrlpTrh07dVDTIn,https://p.scdn.co/mp3-preview/468f5d0f409997647ba4343d3c61916e31a1c9a9?cid=63a77ff40e794a12ae216a18befde98c,Station Romance,54,Crade,Station Romance,0.00102,0.781,459561,0.616,0.665,1,0.075,-6.437,0,0.0757,118.006,0.195
chill,Summer Lounge,37i9dQZF1DXdQP3bGyOAvs,5kKsmq21G5xI6COuc3ewMK,spotify:track:5kKsmq21G5xI6COuc3ewMK,https://p.scdn.co/mp3-preview/d6767dd018469e94b70e298d666cbac28dfef8e1?cid=63a77ff40e794a12ae216a18befde98c,Dance With Her Tonight,41,Aba Abas,Generation Chillout,0.0108,0.747,351652,0.722,0.33,10,0.0848,-8.832,0,0.0478,115.002,0.9
chill,Summer Lounge,37i9dQZF1DXdQP3bGyOAvs,14MNwy29ckK3OAknkcGoNw,spotify:track:14MNwy29ckK3OAknkcGoNw,https://p.scdn.co/mp3-preview/f262eaedaba83d9115f9841746ee423303ea1320?cid=63a77ff40e794a12ae216a18befde98c,Reminisce,44,Tekkla,Reminisce,0.0178,0.682,424541,0.685,0.867,0,0.283,-10.072,1,0.0313,114.99,0.476
chill,Summer Lounge,37i9dQZF1DXdQP3bGyOAvs,5IezDbByGa09Z6eJcKy3hv,spotify:track:5IezDbByGa09Z6eJcKy3hv,,Holy Molly,8,Barbatula,Holy Molly,0.00117,0.78,301030,0.805,0.87,6,0.141,-6.134,0,0.0541,112.999,0.661
chill,Summer Lounge,37i9dQZF1DXdQP3bGyOAvs,0qbIHhnxsOa7DlAJom8Lla,spotify:track:0qbIHhnxsOa7DlAJom8Lla,,Movements,14,Jones Meadow,Zanzibar,0.00372,0.772,198545,0.768,0.862,4,0.127,-8.99,0,0.0966,109.99,0.243
chill,Summer Lounge,37i9dQZF1DXdQP3bGyOAvs,0yxyUSZkaQUtIMPoFRo93R,spotify:track:0yxyUSZkaQUtIMPoFRo93R,https://p.scdn.co/mp3-preview/cb7e72beaf4f4f704aa171a7ab8408463dd245d3?cid=63a77ff40e794a12ae216a18befde98c,Natural High,50,Second Act,Natural High,0.154,0.852,436016,0.949,0.876,6,0.0869,-5.786,0,0.038,120.0,0.962
chill,Summer Lounge,37i9dQZF1DXdQP3bGyOAvs,6HO1zKUaU2pDqPy0amNX0K,spotify:track:6HO1zKUaU2pDqPy0amNX0K,https://p.scdn.co/mp3-preview/b31c5729dec646d0a500051e38ece46de6ea1c07?cid=63a77ff40e794a12ae216a18befde98c,Time Lapse,51,Soul to Speak,Time Lapse,0.0337,0.81,388010,0.712,0.935,8,0.0704,-6.923,0,0.0573,120.033,0.516
chill,Summer Lounge,37i9dQZF1DXdQP3bGyOAvs,0MDYcY14BvZ1aR8uYBvsmS,spotify:track:0MDYcY14BvZ1aR8uYBvsmS,https://p.scdn.co/mp3-preview/6faae00e8d77fad134adb690370c938d19f945df?cid=63a77ff40e794a12ae216a18befde98c,Good Ol' Days,51,Tekkla,Good Ol' Days,0.00437,0.781,401471,0.887,0.892,8,0.0262,-8.94,0,0.0577,120.012,0.717
chill,Summer Lounge,37i9dQZF1DXdQP3bGyOAvs,33NG5U8673kHJAS249qbFb,spotify:track:33NG5U8673kHJAS249qbFb,https://p.scdn.co/mp3-preview/176f2aac0afff10715ff27e4bbc1227ff56bf927?cid=63a77ff40e794a12ae216a18befde98c,Carneiros Beach,56,Carlos Robalinho,Carneiros Beach,0.0763,0.82,222633,0.519,0.923,10,0.114,-10.452,0,0.0769,105.734,0.323
chill,Summer Lounge,37i9dQZF1DXdQP3bGyOAvs,6mwXLijI5j30DYg08D5oMx,spotify:track:6mwXLijI5j30DYg08D5oMx,https://p.scdn.co/mp3-preview/fc80ddf6e3c47d15f8f792175d17e4810b29abb3?cid=63a77ff40e794a12ae216a18befde98c,Port Soller,55,La Tata Moro,Port Soller,0.0163,0.731,214269,0.565,0.434,2,0.106,-7.488,1,0.0546,108.016,0.56
chill,Summer Lounge,37i9dQZF1DXdQP3bGyOAvs,67esWfBf47GN4nOWcwcO05,spotify:track:67esWfBf47GN4nOWcwcO05,https://p.scdn.co/mp3-preview/5665c96eb1df9b838ab97b16c1b4f243473ece1a?cid=63a77ff40e794a12ae216a18befde98c,Deep Dive,49,Mr. Chillout,Summer Chillout 2017,0.00104,0.812,197000,0.725,0.769,4,0.075,-7.437,0,0.0471,120.009,0.961
chill,Summer Lounge,37i9dQZF1DXdQP3bGyOAvs,5Guana9cMolXSB28I8NG7w,spotify:track:5Guana9cMolXSB28I8NG7w,https://p.scdn.co/mp3-preview/65e5666dbbfd9204a7095ce22f38760e13337f60?cid=63a77ff40e794a12ae216a18befde98c,Stranded,57,Art of November,Stranded,0.0697,0.653,229582,0.6,0.904,2,0.0884,-11.994,1,0.0373,114.971,0.161
chill,Summer Lounge,37i9dQZF1DXdQP3bGyOAvs,7qkXUGRizQr30isUVuprza,spotify:track:7qkXUGRizQr30isUVuprza,https://p.scdn.co/mp3-preview/70a5b4bb510c223816d5f3e4099f23ae45ca6f61?cid=63a77ff40e794a12ae216a18befde98c,Flight Mode,53,Airdust,Flight Mode,0.00928,0.753,236654,0.536,0.894,0,0.111,-10.559,1,0.0523,113.981,0.419
chill,Summer Lounge,37i9dQZF1DXdQP3bGyOAvs,2kFkb913w3d49GBzdXqarM,spotify:track:2kFkb913w3d49GBzdXqarM,https://p.scdn.co/mp3-preview/c0ca3eb6406ec5533fed5b9aeb48b7e1b3c72151?cid=63a77ff40e794a12ae216a18befde98c,Rooftop,54,Tabú,Rooftop,0.068,0.753,220039,0.674,0.931,11,0.119,-6.952,0,0.0556,105.002,0.37
chill,Summer Lounge,37i9dQZF1DXdQP3bGyOAvs,59toTGL3M0Qyhl8UsWlZbM,spotify:track:59toTGL3M0Qyhl8UsWlZbM,https://p.scdn.co/mp3-preview/12e150a13fcbfbea8937ebf08c6a6e7f1599b76f?cid=63a77ff40e794a12ae216a18befde98c,Before the Parade,54,The Lancelot,Before the Parade,0.000552,0.854,235289,0.414,0.724,0,0.116,-11.217,1,0.0487,114.983,0.175
