category_id,playlist_name,playlist_id,track_id,track_uri,track_preview_url,track_name,track_popularity,artist_name,album_name,acousticness,danceability,duration_ms,energy,instrumentalness,key,liveness,loudness,mode,speechiness,tempo,valence
chill,Easy Acoustic,37i9dQZF1DX4CgJVlGEIo5,68xnGmup4wL7Ie4vhy5SOs,spotify:track:68xnGmup4wL7Ie4vhy5SOs,https://p.scdn.co/mp3-preview/1707de8cdacd1de62a74a1d1e61029f4b262b05b?cid=63a77ff40e794a12ae216a18befde98c,Can't See Straight - Acoustic,55,Jamie Lawson,Can't See Straight (Acoustic),0.712,0.811,188058,0.38,0.0,9,0.309,-6.235,1,0.0406,98.04,0.647
chill,Easy Acoustic,37i9dQZF1DX4CgJVlGEIo5,1rp1lRbL41qnlw354j8iTp,spotify:track:1rp1lRbL41qnlw354j8iTp,,Please Keep Loving Me,19,James TW,Please Keep Loving Me,0.127,0.553,195920,0.482,1.3e-06,5,0.108,-8.426,1,0.0654,176.045,0.307
chill,Easy Acoustic,37i9dQZF1DX4CgJVlGEIo5,0xKGPkn1RLsVifjDs4183v,spotify:track:0xKGPkn1RLsVifjDs4183v,https://p.scdn.co/mp3-preview/b83588290696238acf224f82fcb090a7024941b2?cid=63a77ff40e794a12ae216a18befde98c,Place We Were Made,62,Maisie Peters,Place We Were Made,0.809,0.36,185274,0.348,0.0,0,0.172,-9.107,1,0.0392,180.053,0.307
chill,Easy Acoustic,37i9dQZF1DX4CgJVlGEIo5,696vpg0aBvBxpZAuasmg15,spotify:track:696vpg0aBvBxpZAuasmg15,https://p.scdn.co/mp3-preview/9ab1840672a0925d2714bc4d11542be5308e23e3?cid=63a77ff40e794a12ae216a18befde98c,Sweetest Thing,64,Allman Brown,Sweetest Thing,0.701,0.546,218502,0.411,9.73e-05,2,0.0955,-9.308,1,0.0475,79.785,0.528
chill,Easy Acoustic,37i9dQZF1DX4CgJVlGEIo5,4yxL6eoSsZ04lN0VezKgcr,spotify:track:4yxL6eoSsZ04lN0VezKgcr,,Concrete Jungle - Acoustic,21,Au/Ra,Concrete Jungle (Acoustic),0.761,0.589,160345,0.467,0.0,6,0.0847,-8.179,1,0.031,165.908,0.571
chill,Easy Acoustic,37i9dQZF1DX4CgJVlGEIo5,7E9QA6hL8Ebk0yHXeV1UIB,spotify:track:7E9QA6hL8Ebk0yHXeV1UIB,,Waking Up Slow - Piano,11,Gabrielle Aplin,Waking Up Slow (Piano),0.923,0.641,221419,0.264,0.0,6,0.0983,-6.97,1,0.0364,101.18,0.357
chill,Easy Acoustic,37i9dQZF1DX4CgJVlGEIo5,1kjrgWG47wJgVqvQOvyb7C,spotify:track:1kjrgWG47wJgVqvQOvyb7C,,Hold My Girl,28,George Ezra,Hold My Girl,0.597,0.614,211764,0.527,0.0,10,0.11,-6.374,1,0.0302,121.941,0.354
chill,Easy Acoustic,37i9dQZF1DX4CgJVlGEIo5,1WUHeOPayLKPMG35uBJVUj,spotify:track:1WUHeOPayLKPMG35uBJVUj,https://p.scdn.co/mp3-preview/4916dc300376e8e670aba6a480cc1cacdbe94fce?cid=63a77ff40e794a12ae216a18befde98c,Far Too Good,61,John Smith,Headlong,0.83,0.825,219333,0.324,9.49e-05,4,0.115,-11.399,1,0.032,97.019,0.553
chill,Easy Acoustic,37i9dQZF1DX4CgJVlGEIo5,7aG1xKK3cdvg7JUKaECwJ4,spotify:track:7aG1xKK3cdvg7JUKaECwJ4,https://p.scdn.co/mp3-preview/af81d28d3fe46ca5c0dda087358190b7f2255d7e?cid=63a77ff40e794a12ae216a18befde98c,Part of Me,55,Good Old War,Part of Me,0.818,0.407,182640,0.417,0.0,8,0.106,-4.9,1,0.0282,157.06,0.335
chill,Easy Acoustic,37i9dQZF1DX4CgJVlGEIo5,2mBP9IsENazdoJ9ep5iR8i,spotify:track:2mBP9IsENazdoJ9ep5iR8i,https://p.scdn.co/mp3-preview/71455f453fa42076624a97ad3cdf27b61ffb66c5?cid=63a77ff40e794a12ae216a18befde98c,Sunscreen,53,Ira Wolf,The Closest Thing to Home,0.884,0.582,178173,0.151,3.41e-05,7,0.0983,-13.845,0,0.0353,136.758,0.197
chill,Easy Acoustic,37i9dQZF1DX4CgJVlGEIo5,4LTOzL6JsnQBifmpsbo9a5,spotify:track:4LTOzL6JsnQBifmpsbo9a5,,September Song - Guitar Acoustic,17,JP Cooper,September Song (Guitar Acoustic),0.359,0.41,212153,0.428,0.0,0,0.138,-7.927,0,0.0329,88.361,0.526
chill,Easy Acoustic,37i9dQZF1DX4CgJVlGEIo5,5FJGb4bs2Y4BbiX59zXksH,spotify:track:5FJGb4bs2Y4BbiX59zXksH,,Ol' Sweet Day,16,AHI,We Made It Through the Wreckage,0.603,0.393,178053,0.558,4.85e-05,3,0.108,-9.429,1,0.0475,112.64,0.336
chill,Easy Acoustic,37i9dQZF1DX4CgJVlGEIo5,3nluW0s91ld5iOjW9kE5Kg,spotify:track:3nluW0s91ld5iOjW9kE5Kg,https://p.scdn.co/mp3-preview/29e7c14bd3126d6236dd75ade42d91ebc7492691?cid=63a77ff40e794a12ae216a18befde98c,Lean on Me,58,Imaginary Future,Lean on Me,0.917,0.418,184850,0.211,0.0,7,0.15,-15.662,1,0.0455,157.255,0.443
chill,Easy Acoustic,37i9dQZF1DX4CgJVlGEIo5,4YutJsNwBBInE8vemufpQ8,spotify:track:4YutJsNwBBInE8vemufpQ8,https://p.scdn.co/mp3-preview/1a11ea273a9cc9c1ce46db6d0377ee08dfb4735f?cid=63a77ff40e794a12ae216a18befde98c,"Girl Crush - Recorded at Metropolis Studios, London",71,Harry Styles,Spotify Singles,0.658,0.468,243805,0.197,0.0,4,0.109,-11.727,1,0.033,144.212,0.249
chill,Easy Acoustic,37i9dQZF1DX4CgJVlGEIo5,5kh7BbzXPgooAU9MB9L7yw,spotify:track:5kh7BbzXPgooAU9MB9L7yw,,Acoustic,25,Billy Raffoul,Acoustic,0.785,0.88,172199,0.245,3.19e-05,9,0.0979,-10.245,1,0.446,76.006,0.638
chill,Easy Acoustic,37i9dQZF1DX4CgJVlGEIo5,0BfPVt9Rgngm70OTpy1TPE,spotify:track:0BfPVt9Rgngm70OTpy1TPE,https://p.scdn.co/mp3-preview/63c76b371b5255376f43fb41ac0dbad711f7d07f?cid=63a77ff40e794a12ae216a18befde98c,Another Way,51,Donovan Woods,Both Ways,0.0579,0.587,251324,0.608,0.022,5,0.131,-11.588,1,0.0308,94.479,0.565
chill,Easy Acoustic,37i9dQZF1DX4CgJVlGEIo5,5esPpmrM2AsyDVgOKzWQwU,spotify:track:5esPpmrM2AsyDVgOKzWQwU,https://p.scdn.co/mp3-preview/c2ec433b724bbd36f0761809d78ec46fc272da55?cid=63a77ff40e794a12ae216a18befde98c,Beyond,70,Leon Bridges,Beyond,0.229,0.58,240600,0.687,0.0,6,0.109,-5.4,1,0.106,76.014,0.187
chill,Easy Acoustic,37i9dQZF1DX4CgJVlGEIo5,6BYb8RVAVC8bAOx6H74CtK,spotify:track:6BYb8RVAVC8bAOx6H74CtK,,No Place In Mind,19,Justin Nozuka,High Tide,0.722,0.335,284038,0.443,3.78e-05,4,0.0921,-9.565,1,0.0382,169.135,0.184
chill,Easy Acoustic,37i9dQZF1DX4CgJVlGEIo5,4PuUa8e5s7P3Zv1IdCGIsa,spotify:track:4PuUa8e5s7P3Zv1IdCGIsa,https://p.scdn.co/mp3-preview/3e973fc6390960d0dafd0bd580f8ce360cfa7fbf?cid=63a77ff40e794a12ae216a18befde98c,Such A Simple Thing,60,Ray LaMontagne,Part Of The Light,0.86,0.522,296387,0.256,0.000825,10,0.142,-11.216,1,0.0258,76.35,0.13
chill,Easy Acoustic,37i9dQZF1DX4CgJVlGEIo5,4HLNo8wZoxWejkPY9W59J4,spotify:track:4HLNo8wZoxWejkPY9W59J4,https://p.scdn.co/mp3-preview/dbb59f12d12ec5bf14389539fd9b2fc9e6876b18?cid=63a77ff40e794a12ae216a18befde98c,Cheap Date,52,Caitlyn Smith,Starfire,0.853,0.587,190067,0.299,2.11e-06,2,0.149,-6.649,1,0.0327,96.657,0.184
chill,Easy Acoustic,37i9dQZF1DX4CgJVlGEIo5,5hn1VvnTKDUne8wGB4UfXB,spotify:track:5hn1VvnTKDUne8wGB4UfXB,,Lost On You,66,Lewis Capaldi,Lost On You,0.918,0.563,195579,0.261,0.0,10,0.0982,-9.251,1,0.0709,125.129,0.411
chill,Easy Acoustic,37i9dQZF1DX4CgJVlGEIo5,5GT8b1dFaOWFF5twsmSOYx,spotify:track:5GT8b1dFaOWFF5twsmSOYx,https://p.scdn.co/mp3-preview/15075c9698e01a1f56e241db5ce456b5e06f825a?cid=63a77ff40e794a12ae216a18befde98c,The Best You Had,72,Nina Nesbitt,The Best You Had,0.358,0.595,175061,0.608,0.0,5,0.0843,-5.303,0,0.0373,60.878,0.452
chill,Easy Acoustic,37i9dQZF1DX4CgJVlGEIo5,371akJ9fYgSkrAFMyWoTdL,spotify:track:371akJ9fYgSkrAFMyWoTdL,https://p.scdn.co/mp3-preview/9e36001f7571590b396215fd4400307868f96b53?cid=63a77ff40e794a12ae216a18befde98c,No One's Gonna Love You (Stockholm Version),64,Band of Horses,No One's Gonna Love You (Stockholm Version),0.953,0.599,228646,0.198,0.000127,1,0.0994,-8.557,1,0.0581,141.987,0.214
chill,Easy Acoustic,37i9dQZF1DX4CgJVlGEIo5,0CuXzMEgFzuQhLEYQHYas4,spotify:track:0CuXzMEgFzuQhLEYQHYas4,https://p.scdn.co/mp3-preview/36cb624e756d1a0fab5c828dbe6a261a5e597584?cid=63a77ff40e794a12ae216a18befde98c,This Too Shall Last,56,Anderson East,Encore,0.323,0.503,222400,0.49,0.799,4,0.0873,-8.553,1,0.0279,148.884,0.68
chill,Easy Acoustic,37i9dQZF1DX4CgJVlGEIo5,58h15p2z6LMURhFn3G18a4,spotify:track:58h15p2z6LMURhFn3G18a4,,Change It All,17,Harrison Storm,Change It All,0.631,0.445,247413,0.304,0.00519,10,0.118,-12.504,1,0.0441,120.631,0.24
chill,Easy Acoustic,37i9dQZF1DX4CgJVlGEIo5,1CxoHCwwmaXHimhV2cyTBx,spotify:track:1CxoHCwwmaXHimhV2cyTBx,https://p.scdn.co/mp3-preview/5cfbf822b9e507ee3985d452e01af54b2edaad54?cid=63a77ff40e794a12ae216a18befde98c,Chateau,61,Angus & Julia Stone,Snow,0.656,0.657,273560,0.589,0.851,5,0.108,-11.478,1,0.0381,129.994,0.589
chill,Easy Acoustic,37i9dQZF1DX4CgJVlGEIo5,55284O777DNiEDa9X1B6Tb,spotify:track:55284O777DNiEDa9X1B6Tb,,Silence - Acoustic,8,Grace Carter,Silence (Acoustic),0.806,0.515,221848,0.122,0.0,10,0.112,-11.192,1,0.0439,167.462,0.164
chill,Easy Acoustic,37i9dQZF1DX4CgJVlGEIo5,5PTYfTSOaDdpJWV5u8MBWT,spotify:track:5PTYfTSOaDdpJWV5u8MBWT,,"Fool's Gold - Recorded At RAK Studios, London",7,Niall Horan,Spotify Singles,0.941,0.573,204295,0.19,0.0,6,0.107,-11.896,1,0.0333,128.02,0.625
chill,Easy Acoustic,37i9dQZF1DX4CgJVlGEIo5,70HWRkitkAKfos500LBk0T,spotify:track:70HWRkitkAKfos500LBk0T,https://p.scdn.co/mp3-preview/b3a083e742e270e5676d047bb8772d39689e6881?cid=63a77ff40e794a12ae216a18befde98c,Simple Song,60,Passenger,The Boy Who Cried Wolf,0.616,0.631,228480,0.402,0.0114,5,0.0892,-11.125,1,0.0286,78.0,0.598
chill,Easy Acoustic,37i9dQZF1DX4CgJVlGEIo5,5EjG2jgzovOhN3OzWCcbdu,spotify:track:5EjG2jgzovOhN3OzWCcbdu,https://p.scdn.co/mp3-preview/b7cb8b8939053e5adceb2d496d252e483c1f8ebb?cid=63a77ff40e794a12ae216a18befde98c,Gravity,57,"Leo Stannard,Frances",Gravity,0.509,0.787,182067,0.423,0.0,1,0.108,-5.313,1,0.0428,95.068,0.534
chill,Easy Acoustic,37i9dQZF1DX4CgJVlGEIo5,3iK2TtvEnhBXHqm0e98dCA,spotify:track:3iK2TtvEnhBXHqm0e98dCA,,Home,16,Hollow Coves,Home,0.864,0.51,202441,0.487,0.00352,1,0.117,-11.799,1,0.0251,85.01,0.274
chill,Easy Acoustic,37i9dQZF1DX4CgJVlGEIo5,76zINUrMkJR2DRufWj7S9u,spotify:track:76zINUrMkJR2DRufWj7S9u,https://p.scdn.co/mp3-preview/be12862c4ba316314ed07d56465e561ed9bef778?cid=63a77ff40e794a12ae216a18befde98c,We Were Young,43,Tay Oskee,We Were Young,0.14,0.313,293158,0.557,0.174,9,0.1,-9.633,1,0.0321,136.253,0.0761
chill,Easy Acoustic,37i9dQZF1DX4CgJVlGEIo5,0QZ5yyl6B6utIWkxeBDxQN,spotify:track:0QZ5yyl6B6utIWkxeBDxQN,https://p.scdn.co/mp3-preview/eb1aee7ce7d3dd50ae65c964054f5eafd9dd4006?cid=63a77ff40e794a12ae216a18befde98c,The Night We Met,74,Lord Huron,Strange Trails,0.968,0.441,208227,0.379,0.262,2,0.639,-9.545,1,0.0449,174.118,0.105
chill,Easy Acoustic,37i9dQZF1DX4CgJVlGEIo5,38sCPCcv3QjWl0NslC5KtW,spotify:track:38sCPCcv3QjWl0NslC5KtW,https://p.scdn.co/mp3-preview/f618cc781e1bcdfe29d46e007f83749dcc2e74f6?cid=63a77ff40e794a12ae216a18befde98c,Best Days - Acoustic,44,Lissie,Best Days (Acoustic),0.919,0.655,179064,0.127,0.0,5,0.105,-11.036,1,0.0467,150.407,0.436
chill,Easy Acoustic,37i9dQZF1DX4CgJVlGEIo5,7arcVtHon0y7CLKWyaKpLV,spotify:track:7arcVtHon0y7CLKWyaKpLV,https://p.scdn.co/mp3-preview/0478037f25080366dc25def4e7160dc18e0bea7f?cid=63a77ff40e794a12ae216a18befde98c,First Try (Team Swim Mix),44,Johnnyswim,First Try (Team Swim Mix),0.61,0.688,190045,0.583,0.0,7,0.278,-4.285,1,0.0498,75.99,0.74
chill,Easy Acoustic,37i9dQZF1DX4CgJVlGEIo5,2a1V9QpXiVGHkb6m0vabRU,spotify:track:2a1V9QpXiVGHkb6m0vabRU,,Something American,23,Jade Bird,Something American,0.792,0.456,183667,0.405,0.0,7,0.126,-5.236,1,0.0315,158.818,0.295
chill,Easy Acoustic,37i9dQZF1DX4CgJVlGEIo5,0j2WBxWZnWti5TpSxjJvPb,spotify:track:0j2WBxWZnWti5TpSxjJvPb,https://p.scdn.co/mp3-preview/11ef945bc37b5d214025c74773777b1c793e5217?cid=63a77ff40e794a12ae216a18befde98c,Love on the Weekend,66,John Mayer,Love on the Weekend,0.547,0.729,212627,0.546,0.00287,7,0.0651,-9.305,1,0.0285,119.941,0.406
chill,Easy Acoustic,37i9dQZF1DX4CgJVlGEIo5,2uDnC30adouplySDz00DW2,spotify:track:2uDnC30adouplySDz00DW2,,I Can Change,14,Lake Street Dive,I Can Change,0.868,0.546,191693,0.193,4.18e-05,0,0.087,-11.903,1,0.0426,139.795,0.311
chill,Easy Acoustic,37i9dQZF1DX4CgJVlGEIo5,3pJ1oeWyPOhX1RPnN2Ugus,spotify:track:3pJ1oeWyPOhX1RPnN2Ugus,https://p.scdn.co/mp3-preview/059baee41f5d87696fb42b31db849e36c7b9ea48?cid=63a77ff40e794a12ae216a18befde98c,My My My - Acoustic,41,Tom Speight,My My My (Acoustic),0.645,0.735,165187,0.619,0.0,2,0.102,-3.83,1,0.0269,132.181,0.659
chill,Easy Acoustic,37i9dQZF1DX4CgJVlGEIo5,0hoRmVUp5cZ1empu0nSHU8,spotify:track:0hoRmVUp5cZ1empu0nSHU8,https://p.scdn.co/mp3-preview/b17d29006e7d2b921df118ef0bc8a1cca8806213?cid=63a77ff40e794a12ae216a18befde98c,Every Time I Hear That Song,59,Brandi Carlile,"By The Way, I Forgive You",0.544,0.577,241147,0.53,3.29e-06,7,0.103,-6.749,1,0.0312,85.471,0.22
chill,Easy Acoustic,37i9dQZF1DX4CgJVlGEIo5,79ms40oOzof3LMyrrXDXtJ,spotify:track:79ms40oOzof3LMyrrXDXtJ,https://p.scdn.co/mp3-preview/16eef861aa43aacb5b10a2624858e7df5586771d?cid=63a77ff40e794a12ae216a18befde98c,Fast Car (feat. Tall Heights),66,"Ryan Montbleau,Tall Heights",All or Nothing / Fast Car,0.865,0.577,272967,0.17,0.0,9,0.133,-12.979,1,0.0462,174.192,0.36
chill,Easy Acoustic,37i9dQZF1DX4CgJVlGEIo5,59sMueQV9xmGFYbhsm9tS3,spotify:track:59sMueQV9xmGFYbhsm9tS3,https://p.scdn.co/mp3-preview/3344b76f7fb1313caced66d9ca4b478ad6d6fed9?cid=63a77ff40e794a12ae216a18befde98c,"Maybe I Should Go (feat. Jay Nash, Tony Lucca & Matt Duke)",41,"TFDI,Jay Nash,Tony Lucca,Matt Duke","Beggars & Ballers (feat. Jay Nash, Tony Lucca & Matt Duke)",0.78,0.558,197186,0.323,2.49e-06,7,0.0898,-8.121,1,0.0289,119.184,0.309
chill,Easy Acoustic,37i9dQZF1DX4CgJVlGEIo5,7xM9W5DFp94I40QyrRPOrJ,spotify:track:7xM9W5DFp94I40QyrRPOrJ,https://p.scdn.co/mp3-preview/a520e8f7c64a6284410b474fa9da8bd79c7eb169?cid=63a77ff40e794a12ae216a18befde98c,Jenny and Jill,44,Brett Dennen,Let's…,0.293,0.547,285645,0.644,0.000991,4,0.226,-7.283,1,0.0451,150.001,0.461
chill,Easy Acoustic,37i9dQZF1DX4CgJVlGEIo5,2RttW7RAu5nOAfq6YFvApB,spotify:track:2RttW7RAu5nOAfq6YFvApB,https://p.scdn.co/mp3-preview/e2f5edb569c73916428ec0a2e0b56a9f777851dd?cid=63a77ff40e794a12ae216a18befde98c,Happier,83,Ed Sheeran,÷ (Deluxe),0.536,0.522,207520,0.385,0.0,0,0.135,-7.355,1,0.0288,89.792,0.236
chill,Easy Acoustic,37i9dQZF1DX4CgJVlGEIo5,2ISrBfPX4YBkwiMgvdbV4V,spotify:track:2ISrBfPX4YBkwiMgvdbV4V,,Fool For Waiting,48,Dan Mangan,Fool For Waiting,0.748,0.325,243200,0.342,6.63e-05,7,0.101,-8.86,1,0.0358,92.08,0.264
chill,Easy Acoustic,37i9dQZF1DX4CgJVlGEIo5,38U9MNddSnOBKEhV6g94gw,spotify:track:38U9MNddSnOBKEhV6g94gw,,95,48,Picture This,Picture This,0.688,0.663,234800,0.553,0.0,1,0.176,-6.451,1,0.028,128.988,0.344
chill,Easy Acoustic,37i9dQZF1DX4CgJVlGEIo5,3BK5t8Z6AkaeUTdFjehHqy,spotify:track:3BK5t8Z6AkaeUTdFjehHqy,,Slow Hands - Acoustic,61,Niall Horan,Slow Hands (Acoustic),0.192,0.825,160592,0.211,0.0,9,0.11,-8.324,0,0.0383,87.068,0.609
chill,Easy Acoustic,37i9dQZF1DX4CgJVlGEIo5,521A5RngWc34nHMDR7oFGq,spotify:track:521A5RngWc34nHMDR7oFGq,https://p.scdn.co/mp3-preview/76a3f5e133c2adf54bce603804de12b9477f7305?cid=63a77ff40e794a12ae216a18befde98c,All The Time,42,Emil Landman,Vinter,0.394,0.819,176285,0.554,0.000229,5,0.106,-6.427,1,0.0382,105.004,0.534
chill,Easy Acoustic,37i9dQZF1DX4CgJVlGEIo5,50RoQj3Bpff9kHJS844dAT,spotify:track:50RoQj3Bpff9kHJS844dAT,,Fine,7,Noah Kahan,Fine,0.016,0.69,205733,0.774,0.0,0,0.17,-6.28,1,0.0299,117.011,0.508
chill,Easy Acoustic,37i9dQZF1DX4CgJVlGEIo5,5kRPPEWFJIMox5qIkQkiz5,spotify:track:5kRPPEWFJIMox5qIkQkiz5,https://p.scdn.co/mp3-preview/c6545e608f8a8790f65edb274e92bdc6d4b133d5?cid=63a77ff40e794a12ae216a18befde98c,Sweet Creature,73,Harry Styles,Harry Styles,0.746,0.427,224867,0.262,0.0,7,0.068,-8.541,1,0.0276,104.085,0.228
chill,Easy Acoustic,37i9dQZF1DX4CgJVlGEIo5,2mPOJSHkjAbUxnOcbLI6oK,spotify:track:2mPOJSHkjAbUxnOcbLI6oK,,All I Need,12,Justin Nozuka,High Tide,0.0498,0.544,224314,0.555,0.000122,4,0.11,-10.821,1,0.0474,109.232,0.502
chill,Easy Acoustic,37i9dQZF1DX4CgJVlGEIo5,3QSnkhUvoPS5QogonimPfk,spotify:track:3QSnkhUvoPS5QogonimPfk,https://p.scdn.co/mp3-preview/60189be3a12d55c63d0797bb8cb6429e9bf736db?cid=63a77ff40e794a12ae216a18befde98c,Always Be My Baby - Recorded at Sound Stage Nashville,50,Anderson East,Spotify Singles,0.529,0.623,254835,0.596,0.0,0,0.157,-4.922,1,0.0407,80.547,0.656
chill,Easy Acoustic,37i9dQZF1DX4CgJVlGEIo5,2mxzc5jMl7oxIXz9Einq54,spotify:track:2mxzc5jMl7oxIXz9Einq54,,Boston,11,Dermot Kennedy,Boston,0.191,0.556,273667,0.448,0.00116,4,0.383,-10.921,1,0.0387,116.292,0.125
chill,Easy Acoustic,37i9dQZF1DX4CgJVlGEIo5,61ica0lRQhMSkv2vsZf80Y,spotify:track:61ica0lRQhMSkv2vsZf80Y,https://p.scdn.co/mp3-preview/9115f887069acfb56c6e446fe92728c0af1b3d73?cid=63a77ff40e794a12ae216a18befde98c,Steady as She Goes,41,Fortunate Ones,Steady as She Goes,0.299,0.317,240520,0.555,0.0,2,0.0959,-6.956,1,0.0456,102.368,0.345
chill,Easy Acoustic,37i9dQZF1DX4CgJVlGEIo5,2PwXOevGUSkU8qaYZjgLq2,spotify:track:2PwXOevGUSkU8qaYZjgLq2,https://p.scdn.co/mp3-preview/ee5e210cdea9f22e545ea435c0467dcecdeb41ca?cid=63a77ff40e794a12ae216a18befde98c,All I Want,69,Kodaline,In A Perfect World,0.172,0.209,305747,0.412,0.15,0,0.0843,-9.733,1,0.0443,86.26,0.162
chill,Easy Acoustic,37i9dQZF1DX4CgJVlGEIo5,39xEaNKhJgBovrThCsz7pq,spotify:track:39xEaNKhJgBovrThCsz7pq,https://p.scdn.co/mp3-preview/c4386e289499e637ac1cb035bf4e0b8e4f20028b?cid=63a77ff40e794a12ae216a18befde98c,Pretty Things,50,TFDI,TFDI,0.815,0.672,306467,0.245,0.0,7,0.121,-9.733,1,0.0338,119.848,0.341
chill,Easy Acoustic,37i9dQZF1DX4CgJVlGEIo5,5whjxzYUc8eXlfrvlh9Y9B,spotify:track:5whjxzYUc8eXlfrvlh9Y9B,,Need You Now - Acoustic,15,Dean Lewis,Need You Now (Acoustic),0.905,0.599,203263,0.321,0.0,10,0.185,-9.001,1,0.0511,137.841,0.348
chill,Easy Acoustic,37i9dQZF1DX4CgJVlGEIo5,5IaTbmfClU9YmW9vjZr86l,spotify:track:5IaTbmfClU9YmW9vjZr86l,https://p.scdn.co/mp3-preview/d0f0ea041286c6aca8217c11dae22c156766e0de?cid=63a77ff40e794a12ae216a18befde98c,Paradise - Acoustic Version,49,George Ezra,Paradise (Acoustic Version),0.632,0.739,220825,0.554,0.0,11,0.0986,-5.366,1,0.0384,137.989,0.694
chill,Easy Acoustic,37i9dQZF1DX4CgJVlGEIo5,2YO0VBWKaIdtUqfOKelqF1,spotify:track:2YO0VBWKaIdtUqfOKelqF1,https://p.scdn.co/mp3-preview/5c0492809efeee2e6207aa059756b0828ffed29d?cid=63a77ff40e794a12ae216a18befde98c,Sun Comes Up - Acoustic,56,"Rudimental,James Arthur",Sun Comes Up (Acoustic),0.506,0.478,255583,0.527,0.0,10,0.292,-4.63,1,0.0285,101.242,0.541
chill,Easy Acoustic,37i9dQZF1DX4CgJVlGEIo5,1iy9FLjmcGQdjAXWi1y4D1,spotify:track:1iy9FLjmcGQdjAXWi1y4D1,https://p.scdn.co/mp3-preview/1d02d9993afc3e50d9ea961b406fa675dbdf2e8c?cid=63a77ff40e794a12ae216a18befde98c,Miles Away,51,Josh Ritter,Miles Away,0.185,0.556,232000,0.592,0.324,3,0.109,-7.121,1,0.0393,138.041,0.196
chill,Easy Acoustic,37i9dQZF1DX4CgJVlGEIo5,2jEeajNK4i658NEy0O4706,spotify:track:2jEeajNK4i658NEy0O4706,https://p.scdn.co/mp3-preview/2686746931c4743e2fe690af459d73f114342fa7?cid=63a77ff40e794a12ae216a18befde98c,Wandered Away,47,Anna Leone,Wandered Away,0.427,0.196,225640,0.425,0.00184,5,0.0974,-12.218,1,0.0409,176.426,0.178
chill,Easy Acoustic,37i9dQZF1DX4CgJVlGEIo5,6K1MklYCOtE3ydMrG0Pv1N,spotify:track:6K1MklYCOtE3ydMrG0Pv1N,https://p.scdn.co/mp3-preview/38155b55a6212c613727f51577d954ddf2a49344?cid=63a77ff40e794a12ae216a18befde98c,Is It Ever Gonna Be Easy,44,The Lone Bellow,Walk into a Storm,0.00534,0.468,191907,0.661,0.0,7,0.0922,-7.624,1,0.03,72.597,0.405
chill,Easy Acoustic,37i9dQZF1DX4CgJVlGEIo5,5Rqvufd0WgZaqpIu3IMJsk,spotify:track:5Rqvufd0WgZaqpIu3IMJsk,https://p.scdn.co/mp3-preview/bc08d49680a31f31c370a74bbdcb73501023a587?cid=63a77ff40e794a12ae216a18befde98c,Nobody Opened The Door,45,Cobi,Songs From The Ashes (PT. 1),0.615,0.407,282802,0.418,6.52e-06,2,0.102,-5.855,1,0.0374,115.933,0.335
chill,Easy Acoustic,37i9dQZF1DX4CgJVlGEIo5,4x8q2pNkL1UVTf6b4l2TG3,spotify:track:4x8q2pNkL1UVTf6b4l2TG3,,Overland,52,I'm With Her,See You Around,0.936,0.586,205800,0.102,0.0,2,0.11,-13.591,1,0.0395,136.185,0.277
chill,Easy Acoustic,37i9dQZF1DX4CgJVlGEIo5,3OaodoVbCEKtbRFenmAc7F,spotify:track:3OaodoVbCEKtbRFenmAc7F,,Paper Plane Pilot,8,Sean Christopher,Paper Plane Pilot,0.6,0.726,199615,0.468,0.00129,5,0.116,-13.233,0,0.051,131.967,0.614
chill,Easy Acoustic,37i9dQZF1DX4CgJVlGEIo5,6y6EFX5MsSaRYrQpOOOVTW,spotify:track:6y6EFX5MsSaRYrQpOOOVTW,https://p.scdn.co/mp3-preview/ad7ac9c7ab70916be09851828acc1c4b1d769d55?cid=63a77ff40e794a12ae216a18befde98c,One,46,Birdtalker,One,0.834,0.573,239680,0.391,2.07e-05,9,0.0675,-10.368,1,0.0392,106.688,0.161
chill,Easy Acoustic,37i9dQZF1DX4CgJVlGEIo5,3usBViVaNvJsFkFxUpOxCP,spotify:track:3usBViVaNvJsFkFxUpOxCP,https://p.scdn.co/mp3-preview/61dcd57e86ea8d258122f7590e3b70f758db7dc2?cid=63a77ff40e794a12ae216a18befde98c,Never Break,51,Langhorne Slim,Never Break EP,0.957,0.501,155160,0.175,0.477,9,0.0912,-11.721,1,0.0307,105.724,0.232
chill,Easy Acoustic,37i9dQZF1DX4CgJVlGEIo5,4K00AQLpOhGUdDfDINDfYL,spotify:track:4K00AQLpOhGUdDfDINDfYL,https://p.scdn.co/mp3-preview/cf0de9d2aa691ff14bbef16bd9f12f0de4c8df53?cid=63a77ff40e794a12ae216a18befde98c,To Live a Life,52,First Aid Kit,Ruins,0.811,0.329,192813,0.236,0.000469,6,0.115,-10.827,1,0.0345,177.139,0.346
chill,Easy Acoustic,37i9dQZF1DX4CgJVlGEIo5,7HU1RzZlG56N35NNppXgvN,spotify:track:7HU1RzZlG56N35NNppXgvN,https://p.scdn.co/mp3-preview/5ea8b78f342fa4f76a4d1167a94e2a7c35bfd172?cid=63a77ff40e794a12ae216a18befde98c,Rebellion (Lies),45,Benjamin Francis Leftwich,Rebellion (Lies),0.895,0.574,191379,0.236,0.784,9,0.109,-15.057,1,0.0307,116.923,0.148
chill,Easy Acoustic,37i9dQZF1DX4CgJVlGEIo5,0pegFWSUOTiG0sLVEfxtvA,spotify:track:0pegFWSUOTiG0sLVEfxtvA,https://p.scdn.co/mp3-preview/b6d9c75b4d3f88b0a337fc2be2242374d005a379?cid=63a77ff40e794a12ae216a18befde98c,Heart's Content,60,Brandi Carlile,Bear Creek,0.724,0.564,214667,0.209,3.99e-05,3,0.107,-8.922,1,0.0317,109.024,0.402
chill,Easy Acoustic,37i9dQZF1DX4CgJVlGEIo5,1Z5onEoRrlZuj53i7F6klF,spotify:track:1Z5onEoRrlZuj53i7F6klF,https://p.scdn.co/mp3-preview/f663334dd1c0b7bcd8bb0541121115a516eff8b2?cid=63a77ff40e794a12ae216a18befde98c,Don't Matter Now - Acoustic Version,47,George Ezra,Don't Matter Now (Acoustic Version),0.436,0.785,167797,0.498,0.0,4,0.347,-8.749,0,0.0704,95.021,0.679
chill,Easy Acoustic,37i9dQZF1DX4CgJVlGEIo5,3rUw4cRDeYVZhjkUXBnFUQ,spotify:track:3rUw4cRDeYVZhjkUXBnFUQ,https://p.scdn.co/mp3-preview/d61a48e91afd56e564ca6bd21ebd8ec5623b94f3?cid=63a77ff40e794a12ae216a18befde98c,She Burns,50,Foy Vance,The Wild Swan,0.718,0.73,229227,0.403,0.00242,4,0.0985,-10.146,1,0.0483,124.901,0.502
chill,Easy Acoustic,37i9dQZF1DX4CgJVlGEIo5,2yi1jPkYB2WVdC2z9uNxyG,spotify:track:2yi1jPkYB2WVdC2z9uNxyG,https://p.scdn.co/mp3-preview/826e814db6a35ca76ad83f975596393bfe60fa98?cid=63a77ff40e794a12ae216a18befde98c,Breakin' Ground,41,AHI,Breakin' Ground,0.319,0.642,184040,0.688,0.0,10,0.119,-6.38,1,0.0292,98.06,0.874
chill,Easy Acoustic,37i9dQZF1DX4CgJVlGEIo5,4DYs87Ykz0A1khI80nYF9F,spotify:track:4DYs87Ykz0A1khI80nYF9F,https://p.scdn.co/mp3-preview/83b609da2c7ae4597dfbf3e488345a8ed508bd47?cid=63a77ff40e794a12ae216a18befde98c,Instinct,40,Josh Cashman,Instinct,0.766,0.64,284547,0.333,0.00156,6,0.0772,-11.178,0,0.0336,119.924,0.298
chill,Easy Acoustic,37i9dQZF1DX4CgJVlGEIo5,4KETfxD7dbHBR2z52z6vKl,spotify:track:4KETfxD7dbHBR2z52z6vKl,https://p.scdn.co/mp3-preview/c7c2cef1c055f3aad5766ca607d6871a74e5cc87?cid=63a77ff40e794a12ae216a18befde98c,Praying for Love,41,Arlissa,Praying for Love,0.902,0.698,182535,0.19,0.0,0,0.0893,-9.033,1,0.0372,142.059,0.43
chill,Easy Acoustic,37i9dQZF1DX4CgJVlGEIo5,5hXKcrDdpi0rpgWW9jnoRv,spotify:track:5hXKcrDdpi0rpgWW9jnoRv,,My Soul I,27,Anna Leone,My Soul I,0.344,0.435,254805,0.356,0.000503,9,0.361,-10.62,1,0.0281,132.288,0.0947
chill,Easy Acoustic,37i9dQZF1DX4CgJVlGEIo5,5h6PpHaz6kfQ0SVIBk6qsp,spotify:track:5h6PpHaz6kfQ0SVIBk6qsp,,Way With Words,9,Bahamas,Way With Words,0.41,0.776,260987,0.531,0.00682,6,0.0776,-7.06,0,0.0606,146.354,0.718
chill,Easy Acoustic,37i9dQZF1DX4CgJVlGEIo5,6OppWYEnISV3uSc1qjnoqt,spotify:track:6OppWYEnISV3uSc1qjnoqt,https://p.scdn.co/mp3-preview/5e11d92c9078d8b02379b59b3f234ade3e58575a?cid=63a77ff40e794a12ae216a18befde98c,Tell Him,38,Wyvern Lingo,Wyvern Lingo,0.498,0.564,271307,0.268,1.35e-05,10,0.287,-8.402,0,0.0695,130.258,0.3
chill,Easy Acoustic,37i9dQZF1DX4CgJVlGEIo5,31VTJ3Bj2qQC6FzLht4Faz,spotify:track:31VTJ3Bj2qQC6FzLht4Faz,,New Paint - Recorded At Spotify Studios NYC,45,Jack Johnson,Spotify Singles,0.816,0.706,178240,0.222,0.0,7,0.0883,-11.977,1,0.0631,132.399,0.396
chill,Easy Acoustic,37i9dQZF1DX4CgJVlGEIo5,2vcwh4UGbHy3gkhCEvBDMn,spotify:track:2vcwh4UGbHy3gkhCEvBDMn,https://p.scdn.co/mp3-preview/fb259b276b7f683aa964d7441326929cf9608daa?cid=63a77ff40e794a12ae216a18befde98c,Back & Forth,50,Wild Child,Sinking Ship / Back & Forth,0.0694,0.749,211360,0.699,0.0,5,0.124,-7.193,0,0.0469,123.965,0.641
chill,Easy Acoustic,37i9dQZF1DX4CgJVlGEIo5,7hMKqhlMqxF7ULZiUMN5AH,spotify:track:7hMKqhlMqxF7ULZiUMN5AH,,You Sigh,18,Charlie Cunningham,Lines,0.852,0.629,178827,0.451,0.06,6,0.141,-9.974,1,0.0284,90.965,0.681
chill,Easy Acoustic,37i9dQZF1DX4CgJVlGEIo5,45RX9we2ExTAPtPmHRJT9C,spotify:track:45RX9we2ExTAPtPmHRJT9C,https://p.scdn.co/mp3-preview/2dfe4f9a18e47455f8c81a8d1683d07a0e572886?cid=63a77ff40e794a12ae216a18befde98c,Mind on Fire,50,Aisha Badru,Mind on Fire,0.864,0.344,194320,0.131,0.0139,7,0.114,-13.627,1,0.0517,208.646,0.0399
