category_id,playlist_name,playlist_id,track_id,track_uri,track_preview_url,track_name,track_popularity,artist_name,album_name,acousticness,danceability,duration_ms,energy,instrumentalness,key,liveness,loudness,mode,speechiness,tempo,valence
classical,Quiet Moment,37i9dQZF1DX7KrTMVQnM02,1gQDR2Jc7UhmYuwq1gJMd7,spotify:track:1gQDR2Jc7UhmYuwq1gJMd7,https://p.scdn.co/mp3-preview/6a0bf2b0c91f1577b0b90b5ea64972398721de51?cid=63a77ff40e794a12ae216a18befde98c,"Ravel: Pavane pour une infante défunte, M. 19",45,"Maurice Ravel,Anne Queffélec",The Complete Erato Recordings,0.995,0.448,425585,0.00364,0.932,4,0.0799,-32.083,0,0.0603,94.226,0.162
classical,Quiet Moment,37i9dQZF1DX7KrTMVQnM02,2LjKb3mhk3aa3m4BiTeCeW,spotify:track:2LjKb3mhk3aa3m4BiTeCeW,,Andante Cantabile,42,"Pyotr Ilyich Tchaikovsky,St. Lawrence String Quartet",Tchaikovsky: String Quartets Nos. 1 & 3,0.941,0.103,462973,0.00744,0.664,10,0.0986,-34.441,1,0.0486,89.806,0.0396
classical,Quiet Moment,37i9dQZF1DX7KrTMVQnM02,1VlE0rYRuz9kmuilFF1W5X,spotify:track:1VlE0rYRuz9kmuilFF1W5X,https://p.scdn.co/mp3-preview/461e07802895d0627f695a29456f64522788e822?cid=63a77ff40e794a12ae216a18befde98c,Studien für den Pedalflügel Op.56 - Sechs Stücke in kanonischer Form: III. Andantino. Etwas schneller. Tempo I,44,"Robert Schumann,Piotr Anderszewski",Schumann : Piano works,0.995,0.217,128613,0.0272,0.877,4,0.11,-28.548,1,0.0363,83.865,0.21
classical,Quiet Moment,37i9dQZF1DX7KrTMVQnM02,5pcMIdSu2SbMuAs6dfz3lF,spotify:track:5pcMIdSu2SbMuAs6dfz3lF,https://p.scdn.co/mp3-preview/571e472348107bdbe11b904889560f42deccf62e?cid=63a77ff40e794a12ae216a18befde98c,"Piano Sonata in B-Flat Major, D. 960: III. Scherzo. Allegro vivace con delicatezza - Trio",42,"Franz Schubert,Martin Stadtfeld",Schubert: Piano Sonatas,0.994,0.42,246027,0.0956,0.891,8,0.12,-23.477,1,0.039,112.667,0.473
classical,Quiet Moment,37i9dQZF1DX7KrTMVQnM02,0RJ5VBZVMNTr25yVmsKhcN,spotify:track:0RJ5VBZVMNTr25yVmsKhcN,https://p.scdn.co/mp3-preview/b32fc54a1a0cfcd3c3ad8105465fa86c0b79b14e?cid=63a77ff40e794a12ae216a18befde98c,"Schumann: Phantasiestücke, Op. 73: II. Lebhaft, leicht (Live)",43,"Robert Schumann,Martha Argerich",Schumann: Cello Concerto & Chamber Works (Live),0.992,0.235,187427,0.116,0.88,2,0.0892,-21.621,1,0.0469,123.77,0.167
classical,Quiet Moment,37i9dQZF1DX7KrTMVQnM02,7B1xrlaP8Vm1RRmgUtfwdS,spotify:track:7B1xrlaP8Vm1RRmgUtfwdS,https://p.scdn.co/mp3-preview/ba46eeabfcc13c2beedca45bd6021568bc2c674a?cid=63a77ff40e794a12ae216a18befde98c,Borodin - String Quartet No.2 in D major: Notturno: Andante,46,"Alexander Borodin,Borodin Quartet",Borodin Quartet 60th Anniversary,0.948,0.162,517293,0.15,0.622,9,0.0437,-19.025,1,0.052,73.655,0.0938
classical,Quiet Moment,37i9dQZF1DX7KrTMVQnM02,4ylUjEJfECZFBOgfGBudMk,spotify:track:4ylUjEJfECZFBOgfGBudMk,https://p.scdn.co/mp3-preview/31a9a647701892d72f5e7654d3b79d98e0321f96?cid=63a77ff40e794a12ae216a18befde98c,"Bach, JS: English Suite No. 1 in A Major, BWV 806: VII. Bourrée I",43,"Johann Sebastian Bach,Piotr Anderszewski","Bach, JS: English Suites Nos 1, 3 & 5",0.992,0.488,115240,0.231,0.948,9,0.129,-24.718,1,0.0423,101.404,0.964
classical,Quiet Moment,37i9dQZF1DX7KrTMVQnM02,6CUwWcawWjim6VGhb0kKAw,spotify:track:6CUwWcawWjim6VGhb0kKAw,https://p.scdn.co/mp3-preview/2ddc151ebba09fd4a87b326b6b7b082260fc9209?cid=63a77ff40e794a12ae216a18befde98c,"Bach, JS: Concerto for 2 Pianos in C Minor, BWV 1060: II. Adagio",46,"Johann Sebastian Bach,David Fray,Orchestre National Du Capitole De Toulouse","Bach: Concertos for 2, 3 & 4 Pianos",0.994,0.252,306400,0.0282,0.95,0,0.235,-35.083,0,0.0432,179.196,0.395
classical,Quiet Moment,37i9dQZF1DX7KrTMVQnM02,1TthwhHVS2epbpuVvrkohZ,spotify:track:1TthwhHVS2epbpuVvrkohZ,https://p.scdn.co/mp3-preview/e6a6ad39de5f9a769b98716efcc43c1bdb550b44?cid=63a77ff40e794a12ae216a18befde98c,"Piano Concerto No. 5 in F Minor, BWV 1056: II. Largo",37,"Johann Sebastian Bach,Martin Stadtfeld,Achim Fiedler",Bach: Klavierkonzerte,0.985,0.462,138787,0.0144,0.834,5,0.0893,-34.225,0,0.0335,78.417,0.314
classical,Quiet Moment,37i9dQZF1DX7KrTMVQnM02,6HAcHFvIgUrlZc0dNeFuoy,spotify:track:6HAcHFvIgUrlZc0dNeFuoy,https://p.scdn.co/mp3-preview/3cd379b281084bed89a5e7491a0b1b6c6f23ce5a?cid=63a77ff40e794a12ae216a18befde98c,"Bach, JS: Sonata for Violin & Keyboard No. 4 in C Minor, BWV 1017: I. Siciliano. Largo",43,"Johann Sebastian Bach,Renaud Capuçon,David Fray",Bach: Sonatas for Violin & Keyboard Nos 3-6,0.982,0.303,234227,0.064,0.0,0,0.114,-23.357,0,0.0435,117.108,0.324
classical,Quiet Moment,37i9dQZF1DX7KrTMVQnM02,1q5ayzgYUD1uL2kI389fV4,spotify:track:1q5ayzgYUD1uL2kI389fV4,https://p.scdn.co/mp3-preview/e0d470a7cb5a38f7da7783a08c82023ce694d273?cid=63a77ff40e794a12ae216a18befde98c,"Schumann: 6 Studien in kanonischer Form, Op. 56: No. 1 Nicht zu schnell",49,"Robert Schumann,Piotr Anderszewski",Schumann : Piano works,0.995,0.0819,125467,0.0448,0.938,0,0.0693,-36.758,1,0.0384,173.327,0.255
classical,Quiet Moment,37i9dQZF1DX7KrTMVQnM02,1KfM3JMnBVaXTdEcSrLkXs,spotify:track:1KfM3JMnBVaXTdEcSrLkXs,https://p.scdn.co/mp3-preview/b29e4402a2472ebe35889f4376701466239c12c6?cid=63a77ff40e794a12ae216a18befde98c,"Ravel: Sonatine, M. 40: II. Mouvement de menuet",50,"Maurice Ravel,Bertrand Chamayou",Ravel: Complete Works for Solo Piano,0.994,0.391,176800,0.0398,0.893,1,0.101,-27.012,1,0.0427,130.712,0.0467
classical,Quiet Moment,37i9dQZF1DX7KrTMVQnM02,6oQ5F0XP1xeJV3gnoXHc9P,spotify:track:6oQ5F0XP1xeJV3gnoXHc9P,https://p.scdn.co/mp3-preview/cae6a6307b39d0904c7ff44e72b77a1003cbdc54?cid=63a77ff40e794a12ae216a18befde98c,"Ravel: Prelude in A Minor, M. 65",44,"Maurice Ravel,Bertrand Chamayou",Ravel: Complete Works for Solo Piano,0.994,0.339,79373,0.0184,0.912,4,0.0787,-32.142,0,0.0712,169.484,0.0806
classical,Quiet Moment,37i9dQZF1DX7KrTMVQnM02,1sooUM2UFUFZW0BFAJqNbc,spotify:track:1sooUM2UFUFZW0BFAJqNbc,https://p.scdn.co/mp3-preview/0061bc1e99051e574f5d080a36e64d8d8210bfde?cid=63a77ff40e794a12ae216a18befde98c,"French Suite No. 2 in C Minor, BWV 813: I. Allemande",41,"Johann Sebastian Bach,Martin Stadtfeld",Bach Pur,0.995,0.601,89400,0.193,0.943,0,0.245,-25.651,0,0.0422,99.215,0.958
classical,Quiet Moment,37i9dQZF1DX7KrTMVQnM02,1uciKAdPJ1GgQIq1WY68EJ,spotify:track:1uciKAdPJ1GgQIq1WY68EJ,https://p.scdn.co/mp3-preview/78000a3c75d593b8817068e977cfb644022f6d98?cid=63a77ff40e794a12ae216a18befde98c,3つのジムノペディ 第1番,47,"Erik Satie,片山柊",Landscapes,0.996,0.542,198000,0.0055,0.909,4,0.0692,-35.181,0,0.189,79.274,0.313
classical,Quiet Moment,37i9dQZF1DX7KrTMVQnM02,23ryVoyGTrfO3F0GblIfnz,spotify:track:23ryVoyGTrfO3F0GblIfnz,https://p.scdn.co/mp3-preview/18c0f107e5c96dc785c603566418f108ce484e64?cid=63a77ff40e794a12ae216a18befde98c,"Elgar: Variations on an Original Theme, Op. 36, Enigma: IX. Nimrod (Adagio)",57,"Edward Elgar,London Symphony Orchestra,Sir Adrian Boult,London Philharmonic Orchestra",Elgar: Enigma Variations & Pomp & Circumstance Marches Nos 1-5,0.981,0.0641,234133,0.148,0.819,3,0.109,-18.171,1,0.0371,70.443,0.0359
classical,Quiet Moment,37i9dQZF1DX7KrTMVQnM02,5d43R6HJzYpSC3fKG7aBj1,spotify:track:5d43R6HJzYpSC3fKG7aBj1,https://p.scdn.co/mp3-preview/d61fdbb72c70164e995a7fd7331dab63ba084da7?cid=63a77ff40e794a12ae216a18befde98c,"Ravel: Menuet sur le nom de Haydn, M. 58",43,"Maurice Ravel,Bertrand Chamayou",Ravel: Complete Works for Solo Piano,0.996,0.408,102240,0.0258,0.878,7,0.078,-31.099,1,0.0412,121.9,0.0675
classical,Quiet Moment,37i9dQZF1DX7KrTMVQnM02,1QslV3IM1JhzpfVWYB49OE,spotify:track:1QslV3IM1JhzpfVWYB49OE,https://p.scdn.co/mp3-preview/d30b6308123f2064c33aff4ecd11b5e04735427d?cid=63a77ff40e794a12ae216a18befde98c,"Terradellas: Dixit Dominus: ""Donec ponam""",42,"Domènec Terradellas,Jakub Józef Orliński,Maxim Emelyanychev,Il Pomo D'oro",Anima Sacra,0.963,0.269,199707,0.088,0.467,1,0.11,-20.477,1,0.0456,130.984,0.229
classical,Quiet Moment,37i9dQZF1DX7KrTMVQnM02,5vWRwBbQsQJkRsuE4gQfBC,spotify:track:5vWRwBbQsQJkRsuE4gQfBC,https://p.scdn.co/mp3-preview/a7074742bce929fac17a0ce65b703f4526ab701e?cid=63a77ff40e794a12ae216a18befde98c,"The Well-Tempered Clavier, Book I: Prelude No. 7 in E-Flat Major, BWV 852",43,"Johann Sebastian Bach,Martin Stadtfeld",Bach: The Well Temperated Piano 1,0.994,0.272,185787,0.159,0.87,3,0.109,-25.251,1,0.0376,96.866,0.455
classical,Quiet Moment,37i9dQZF1DX7KrTMVQnM02,0nwb7URM8P3bgABl8RcumY,spotify:track:0nwb7URM8P3bgABl8RcumY,https://p.scdn.co/mp3-preview/9e81a108ce8aaf84dc24e39252600a8dce315758?cid=63a77ff40e794a12ae216a18befde98c,"The Well-Tempered Clavier, Book I: Prelude No. 13 in F-Sharp Major, BWV 858",41,"Johann Sebastian Bach,Martin Stadtfeld",Bach: The Well Temperated Piano 1,0.993,0.313,117387,0.026,0.899,6,0.163,-36.985,1,0.0445,69.446,0.252
classical,Quiet Moment,37i9dQZF1DX7KrTMVQnM02,4oGgm03jvj8m9svvsnKKfQ,spotify:track:4oGgm03jvj8m9svvsnKKfQ,https://p.scdn.co/mp3-preview/4ddb5c79ceed06548bdf641426ae5651c734035a?cid=63a77ff40e794a12ae216a18befde98c,"The Well-Tempered Clavier, Book I: Fugue No. 3 in C-Sharp Major, BWV 848",41,"Johann Sebastian Bach,Martin Stadtfeld",Bach: The Well Temperated Piano 1,0.994,0.393,128067,0.202,0.914,1,0.113,-26.308,1,0.0341,107.578,0.868
classical,Quiet Moment,37i9dQZF1DX7KrTMVQnM02,62WhBwToDqacXrIoodXDUc,spotify:track:62WhBwToDqacXrIoodXDUc,https://p.scdn.co/mp3-preview/d94481a8cc204801e452c5ef5c017f6043ae68c6?cid=63a77ff40e794a12ae216a18befde98c,"The Well-Tempered Clavier, Book I: Fugue No. 5 in D Major, BWV 850",41,"Johann Sebastian Bach,Martin Stadtfeld",Bach: The Well Temperated Piano 1,0.993,0.374,103000,0.229,0.938,2,0.116,-17.36,1,0.0369,134.68,0.535
classical,Quiet Moment,37i9dQZF1DX7KrTMVQnM02,4V1XdtZwAK4oHxatxqbMfP,spotify:track:4V1XdtZwAK4oHxatxqbMfP,https://p.scdn.co/mp3-preview/24f91051148207e3813b21af54198d6aec00e4bf?cid=63a77ff40e794a12ae216a18befde98c,"The Well-Tempered Clavier, Book I: Fugue No. 7 in E-Flat Major, BWV 852",41,"Johann Sebastian Bach,Martin Stadtfeld",Bach: The Well Temperated Piano 1,0.994,0.449,95573,0.332,0.841,3,0.256,-20.945,1,0.0426,103.358,0.307
classical,Quiet Moment,37i9dQZF1DX7KrTMVQnM02,1Ct9vouVYnsK3KgeVITjMk,spotify:track:1Ct9vouVYnsK3KgeVITjMk,https://p.scdn.co/mp3-preview/e0be98d03cffdeacd085fddfd00500136462e2d3?cid=63a77ff40e794a12ae216a18befde98c,"The Well-Tempered Clavier, Book I: Prelude No. 9 in E Major, BWV 854",41,"Johann Sebastian Bach,Martin Stadtfeld",Bach: The Well Temperated Piano 1,0.994,0.27,72000,0.198,0.86,4,0.116,-25.458,1,0.0426,133.504,0.261
classical,Quiet Moment,37i9dQZF1DX7KrTMVQnM02,4HFaPuZQc5CzLOhWjKEBoy,spotify:track:4HFaPuZQc5CzLOhWjKEBoy,https://p.scdn.co/mp3-preview/04db9bad71274ddc99cb65e76893e949df7697c8?cid=63a77ff40e794a12ae216a18befde98c,"The Well-Tempered Clavier, Book I: Fugue No. 17 in A-Flat Major, BWV 862",41,"Johann Sebastian Bach,Martin Stadtfeld",Bach: The Well Temperated Piano 1,0.995,0.393,135013,0.331,0.872,8,0.103,-20.565,1,0.0345,134.953,0.557
classical,Quiet Moment,37i9dQZF1DX7KrTMVQnM02,1rpASMR3qW8rok9r0Wl590,spotify:track:1rpASMR3qW8rok9r0Wl590,https://p.scdn.co/mp3-preview/4fdb6ee7471ed0593d3da4b976336946cb303e6b?cid=63a77ff40e794a12ae216a18befde98c,"The Well-Tempered Clavier, Book I: Prelude No. 23 in B Major, BWV 868",41,"Johann Sebastian Bach,Martin Stadtfeld",Bach: The Well Temperated Piano 1,0.995,0.164,65000,0.0515,0.879,8,0.109,-33.898,0,0.0471,155.957,0.253
classical,Quiet Moment,37i9dQZF1DX7KrTMVQnM02,1qmoRpkkcjvT1ecMvfbqXD,spotify:track:1qmoRpkkcjvT1ecMvfbqXD,https://p.scdn.co/mp3-preview/ab5175fc399a291d69f057840e029340e8d2b970?cid=63a77ff40e794a12ae216a18befde98c,"Bach, JS : Well-Tempered Clavier Book 2 : Prelude No.21 in B flat major BWV890",41,"Johann Sebastian Bach,Daniel Barenboim","Bach, JS : Well-Tempered Clavier Book 2 (48 Preludes & Fugues Book 2)",0.995,0.334,259680,0.0526,0.859,10,0.127,-31.739,1,0.0464,129.406,0.243
classical,Quiet Moment,37i9dQZF1DX7KrTMVQnM02,27a8oVN05SOgwDwRJFcygr,spotify:track:27a8oVN05SOgwDwRJFcygr,https://p.scdn.co/mp3-preview/66218c70a90ddf2e08382f50c434bc1faeb16f32?cid=63a77ff40e794a12ae216a18befde98c,"Bach, JS: English Suite No. 1 in A Major, BWV 806: II. Allemande",44,"Johann Sebastian Bach,Piotr Anderszewski","Bach, JS: English Suites Nos 1, 3 & 5",0.993,0.242,237747,0.0962,0.897,9,0.085,-29.548,1,0.04,135.879,0.229
classical,Quiet Moment,37i9dQZF1DX7KrTMVQnM02,3TAt4FlB6sCEWBc4YXzXmK,spotify:track:3TAt4FlB6sCEWBc4YXzXmK,https://p.scdn.co/mp3-preview/ceef91e89c4b4da5a1613e01a31562f65158de95?cid=63a77ff40e794a12ae216a18befde98c,Prelude in B Minor,41,"Johann Sebastian Bach,Martin Stadtfeld",Bach Pur,0.987,0.278,146013,0.134,0.891,11,0.109,-30.308,0,0.0381,76.475,0.392
classical,Quiet Moment,37i9dQZF1DX7KrTMVQnM02,40UOw7Yb86JRLZNlu6yoGS,spotify:track:40UOw7Yb86JRLZNlu6yoGS,,"Berceuse, Op.16",41,"Gabriel Fauré,Anne-Sophie Mutter,Wiener Philharmoniker,James Levine",Anne-Sophie Mutter - Carmen-Fantasie,0.947,0.194,270000,0.0433,0.908,2,0.125,-30.275,1,0.0488,72.686,0.0697
