category_id,playlist_name,playlist_id,track_id,track_uri,track_preview_url,track_name,track_popularity,artist_name,album_name,acousticness,danceability,duration_ms,energy,instrumentalness,key,liveness,loudness,mode,speechiness,tempo,valence
classical,Spotify Orchestra: Violin,37i9dQZF1DX7TvcXU5TLWg,4XJXYvjW0CB2MLMk8l7Vdi,spotify:track:4XJXYvjW0CB2MLMk8l7Vdi,,4. Double (Presto),35,"Johann Sebastian Bach,Hilary Hahn","Bach, J.S.: Partita for Violin Solo No. 1 in B Minor, BWV 1002: 4. Double (Presto)",0.973,0.456,210680,0.456,0.353,11,0.186,-16.055,0,0.0535,144.489,0.974
classical,Spotify Orchestra: Violin,37i9dQZF1DX7TvcXU5TLWg,6peYQDiyh9VQhsd3naDbrx,spotify:track:6peYQDiyh9VQhsd3naDbrx,https://p.scdn.co/mp3-preview/53c57c9604062414decbf81dc39b9b47643493c1?cid=63a77ff40e794a12ae216a18befde98c,Violin Concerto: II. Song,26,"James MacMillan,Vadim Repin,Donald Runnicles,BBC Scottish Symphony Orchestra",James MacMillan: Violin Concerto & Symphony No. 4,0.775,0.188,630493,0.0434,0.034,11,0.0747,-30.422,0,0.0409,91.138,0.0405
classical,Spotify Orchestra: Violin,37i9dQZF1DX7TvcXU5TLWg,6rvygB2X6BXfBTurEOhK00,spotify:track:6rvygB2X6BXfBTurEOhK00,,Duo Concertant: 4. Gigue,0,"Igor Stravinsky,Leonidas Kavakos,Peter Nagy",Stravinsky / Bach,0.976,0.532,266187,0.297,0.735,8,0.0773,-20.173,1,0.0573,98.163,0.941
classical,Spotify Orchestra: Violin,37i9dQZF1DX7TvcXU5TLWg,1PiprmGgxVtpJ63nJAUA46,spotify:track:1PiprmGgxVtpJ63nJAUA46,https://p.scdn.co/mp3-preview/3b81b59450e1f5a7ffdbfaa93d5efec1a12a1590?cid=63a77ff40e794a12ae216a18befde98c,"Sonate Op.27 No.3, À Georges Enesco: Ballade",26,"Eugène Ysaÿe,Tai Murray","Ysaÿe: Six Sonatas for Solo Violin, op. 27",0.988,0.268,453987,0.0841,0.281,9,0.063,-19.337,0,0.0565,84.15,0.104
classical,Spotify Orchestra: Violin,37i9dQZF1DX7TvcXU5TLWg,1D5AWyG2oOk42eQFdLN1bK,spotify:track:1D5AWyG2oOk42eQFdLN1bK,https://p.scdn.co/mp3-preview/2a4adb4b4f847beafb990bbcdc517c0d1fbdd321?cid=63a77ff40e794a12ae216a18befde98c,String poetic: II. Nocturne,26,"Jennifer Higdon,Jennifer Koh,Reiko Uchida","Violin Recital: Koh, Jennifer - Higdon, J. / Harrison, L. / Adams, J. / Ruggles, C. (String Poetic)",0.976,0.161,286267,0.0535,0.489,0,0.0861,-23.811,1,0.0474,91.131,0.0538
classical,Spotify Orchestra: Violin,37i9dQZF1DX7TvcXU5TLWg,56tOZZYfnTNMsvXzRxON8v,spotify:track:56tOZZYfnTNMsvXzRxON8v,,"Le Quattro Stagioni: Violin Concerto No. 2 in G Minor, Op. 8, RV 315, ""L'estate"": III. Presto",0,"Antonio Vivaldi,Dmitry Sinkovsky,La Voce Strumentale",Sinkovsky Plays & Sings Vivaldi,0.837,0.333,153573,0.465,0.797,7,0.291,-18.452,1,0.0462,169.952,0.641
classical,Spotify Orchestra: Violin,37i9dQZF1DX7TvcXU5TLWg,0DgdL5PMndSCi0q2CTDFMi,spotify:track:0DgdL5PMndSCi0q2CTDFMi,https://p.scdn.co/mp3-preview/dfbc853a960652d7acbc663b58c22902fe43dfa7?cid=63a77ff40e794a12ae216a18befde98c,"Violin Sonata No. 3 in D Minor, Op. 108: Violin Sonata No. 3 in D Minor, Op. 108: III. Un poco presto e con sentimento",24,"Johannes Brahms,Isabelle Faust,Alexander Melnikov","Brahms, Schumann & Dietrich: Violin Sonatas Op. 100 & 108",0.984,0.305,174173,0.0194,0.0378,6,0.0871,-25.343,0,0.0433,143.154,0.265
classical,Spotify Orchestra: Violin,37i9dQZF1DX7TvcXU5TLWg,0GcUZrB7hedufRXzQzD0aO,spotify:track:0GcUZrB7hedufRXzQzD0aO,https://p.scdn.co/mp3-preview/1ce46da132a3eb65b7136a410145d1d4684dae2d?cid=63a77ff40e794a12ae216a18befde98c,"Concerto in C Major ""Dresden"": Concerto in C Major ""Dresden"": I. Allegro",22,"Antonio Montanari,Johannes Pramsohler,Ensemble Diderot",Montanari: Violin Concertos,0.83,0.5,209339,0.164,0.0317,6,0.243,-16.821,1,0.0409,119.606,0.605
classical,Spotify Orchestra: Violin,37i9dQZF1DX7TvcXU5TLWg,0xX7kREWmOGBWzYNcpZwRN,spotify:track:0xX7kREWmOGBWzYNcpZwRN,https://p.scdn.co/mp3-preview/6cf594e677266fb04f24ff9da04ecde4ada479b1?cid=63a77ff40e794a12ae216a18befde98c,"Violin Sonata in A Major, FWV 8: Allegretto poco mosso",54,"César Franck,Joshua Bell,Jeremy Denk",French Impressions,0.958,0.25,364093,0.135,0.0349,9,0.0477,-18.615,1,0.0488,94.404,0.179
classical,Spotify Orchestra: Violin,37i9dQZF1DX7TvcXU5TLWg,55TjZnXafadgw0GQzLKAfV,spotify:track:55TjZnXafadgw0GQzLKAfV,https://p.scdn.co/mp3-preview/190f3995acb5ea0c966cff5c5ce845ad13894236?cid=63a77ff40e794a12ae216a18befde98c,"Violin Concerto, Op. 15: I. Moderato con moto",20,"Benjamin Britten,James Ehnes,Kirill Karabits,Bournemouth Symphony Orchestra",Britten & Shostakovich,0.839,0.256,569760,0.063,0.0242,7,0.121,-26.677,0,0.045,151.624,0.0758
classical,Spotify Orchestra: Violin,37i9dQZF1DX7TvcXU5TLWg,0aNSYSAx74qEUu9RpQmSFk,spotify:track:0aNSYSAx74qEUu9RpQmSFk,https://p.scdn.co/mp3-preview/ee1ad39740aec97701cd8d439b4487331f501ebc?cid=63a77ff40e794a12ae216a18befde98c,"Violin Sonata No. 9 in A Minor, Op, 47, “Kreutzer”: I. Adagio sostenuto – Presto",27,"Ludwig van Beethoven,Frank Almond,William Wolfram","A Violin's Life, Volume 2",0.97,0.373,840387,0.244,0.561,9,0.0569,-14.111,0,0.0503,143.692,0.113
classical,Spotify Orchestra: Violin,37i9dQZF1DX7TvcXU5TLWg,4E0bxKybeThhGkYoie27Nf,spotify:track:4E0bxKybeThhGkYoie27Nf,https://p.scdn.co/mp3-preview/d287d35659d21482816ebaa9fdc6c0c3142eb68e?cid=63a77ff40e794a12ae216a18befde98c,Serenade: IV. Agathon: Adagio,21,"Leonard Bernstein,Vadim Gluzman,Orquestra Sinfônica Do Estado De São Paulo,John Neschling","Gluzman plays Barber, Bernstein and Bloch Concertos",0.763,0.137,429827,0.0321,0.568,2,0.0709,-29.662,0,0.047,88.537,0.0371
classical,Spotify Orchestra: Violin,37i9dQZF1DX7TvcXU5TLWg,52R5nEN23YTT4Nh0VkYC4M,spotify:track:52R5nEN23YTT4Nh0VkYC4M,https://p.scdn.co/mp3-preview/5bc8766e2c7737235c8335d6c0dac31c794d7e40?cid=63a77ff40e794a12ae216a18befde98c,"Sonata in C minor, BWV 1017 for violin and harpsichord: Largo",20,"Johann Sebastian Bach,Viktoria Mullova,Ottavio Dantone",J.S. Bach: Sonatas for Violin and Harpsichord,0.817,0.262,265480,0.0695,8.43e-05,11,0.168,-22.184,0,0.0391,105.811,0.144
classical,Spotify Orchestra: Violin,37i9dQZF1DX7TvcXU5TLWg,36tDnRk5zNfW5jPzld8UT5,spotify:track:36tDnRk5zNfW5jPzld8UT5,https://p.scdn.co/mp3-preview/b9c6855917dec59d8c2e4318fb0f5559389754b5?cid=63a77ff40e794a12ae216a18befde98c,"Road Movies, for Violin and Piano / I. Relaxed Groove",20,"John Adams,Angèle Dubeau,La Pietà",John Adams - Portrait,0.99,0.76,307213,0.345,0.418,2,0.19,-14.777,1,0.0603,106.049,0.798
classical,Spotify Orchestra: Violin,37i9dQZF1DX7TvcXU5TLWg,3rR9owvJeb5zNcKsYU2qMd,spotify:track:3rR9owvJeb5zNcKsYU2qMd,,"Violin Concerto No.6 In E Minor, MS. 75 - Orchestrated By Federico Mompellio: 2. Adagio - Cadenza: Salvatore Accardo",0,"Niccolò Paganini,Salvatore Accardo,London Philharmonic Orchestra,Charles Dutoit",Accardo Plays Paganini- Complete Recordings,0.943,0.158,444507,0.0672,0.587,4,0.146,-27.403,1,0.0469,96.382,0.0374
classical,Spotify Orchestra: Violin,37i9dQZF1DX7TvcXU5TLWg,7GzGAzOBmlYnY8XiuKoTfQ,spotify:track:7GzGAzOBmlYnY8XiuKoTfQ,https://p.scdn.co/mp3-preview/c92a6e6ff970a0031c95d622c3180fdbac9ee732?cid=63a77ff40e794a12ae216a18befde98c,Sonata for Violin & Piano: III. Allegretto,18,"Leoš Janáček,Midori,Özgür Aydın","Bloch, Janacek, Shostakovich: Violin Sonatas",0.961,0.284,142840,0.0689,0.453,8,0.0902,-24.045,0,0.0439,85.316,0.0692
classical,Spotify Orchestra: Violin,37i9dQZF1DX7TvcXU5TLWg,57N1ztqpW7HPHMQCOa3G3X,spotify:track:57N1ztqpW7HPHMQCOa3G3X,,"Scottish Fantasy, Op.46: 1. Adagio cantabile",0,"Max Bruch,Nicola Benedetti,BBC Scottish Symphony Orchestra,Rory Macdonald",Homecoming - A Scottish Fantasy,0.906,0.204,506091,0.169,0.733,3,0.111,-19.553,1,0.0432,111.203,0.04
classical,Spotify Orchestra: Violin,37i9dQZF1DX7TvcXU5TLWg,5lLwR2I1TYVbT0f38svlMU,spotify:track:5lLwR2I1TYVbT0f38svlMU,https://p.scdn.co/mp3-preview/8e4952588ced870837111a0bf238dbdcb07bf260?cid=63a77ff40e794a12ae216a18befde98c,Concert instrumental sur le titre d'Apothéose composé à la mémoire immortelle de l'incomparable Monsieur de Lully: III. Descente d'Apollon qui vient offrir son violon à Lulli (Noblement),19,"François Couperin,Gli Incogniti,Amandine Beyer",Couperin: Apothéoses & autres Sonades,0.921,0.302,151920,0.103,0.0123,9,0.358,-16.124,1,0.0441,139.741,0.324
classical,Spotify Orchestra: Violin,37i9dQZF1DX7TvcXU5TLWg,6q0TVNyGaGfSikohk4dkDq,spotify:track:6q0TVNyGaGfSikohk4dkDq,,Violin Concerto: Movement Two: Pulse I,15,"Esa-Pekka Salonen,Leila Josefowicz,Finnish Radio Symphony Orchestra","Salonen: ""Out Of Nowhere"" - Violin Concerto; Nyx",0.411,0.0754,211373,0.00219,0.296,3,0.319,-43.277,1,0.0469,174.438,0.0335
classical,Spotify Orchestra: Violin,37i9dQZF1DX7TvcXU5TLWg,79kUp5sLdWLFRKPQ0vIjVp,spotify:track:79kUp5sLdWLFRKPQ0vIjVp,https://p.scdn.co/mp3-preview/7f82854d29f82030d38d1dd4e8b462f991146b1b?cid=63a77ff40e794a12ae216a18befde98c,"Sonate pour clavier et violon in B-Flat Major, KV 454: III. Allegretto",18,"Wolfgang Amadeus Mozart,Hélène Schmitt,Rémy Cardinale",Mozart & Beethoven: Sonates pour pianoforte & violon,0.951,0.464,443133,0.166,0.0811,10,0.075,-19.261,1,0.0543,77.645,0.58
classical,Spotify Orchestra: Violin,37i9dQZF1DX7TvcXU5TLWg,6u08BHOKKDPU0nMyozLj2B,spotify:track:6u08BHOKKDPU0nMyozLj2B,https://p.scdn.co/mp3-preview/80ff59abd42a64954182cb969167491f7938df79?cid=63a77ff40e794a12ae216a18befde98c,"Romance, Op. 23: Violin Romance, Op. 23",20,"Amy Beach,Rachel Barton Pine,Matthew Hagle",American Virtuosa - Tribute To Maud Powell,0.965,0.166,455360,0.0997,0.00549,9,0.0591,-19.054,1,0.0445,87.512,0.0393
classical,Spotify Orchestra: Violin,37i9dQZF1DX7TvcXU5TLWg,7kZMdRLdRz54XU5UxqCXCv,spotify:track:7kZMdRLdRz54XU5UxqCXCv,,"Violin Concerto No.3 in G, K.216: 2. Adagio",0,"Wolfgang Amadeus Mozart,Simon Standage,Academy of Ancient Music,Christopher Hogwood",Mozart: The Violin Concertos (2 CDs),0.863,0.222,408250,0.0205,0.026,9,0.204,-30.091,1,0.0441,126.371,0.0928
classical,Spotify Orchestra: Violin,37i9dQZF1DX7TvcXU5TLWg,3O6LOcVjR4tS7O9VQOF0p2,spotify:track:3O6LOcVjR4tS7O9VQOF0p2,https://p.scdn.co/mp3-preview/15d00f7664fa2f0d5ebc58bf0faf32352c877c6d?cid=63a77ff40e794a12ae216a18befde98c,"Violin Concerto in D Minor, Op. 56: II. Romanze: Andantino espressivo",18,"Niels Gade,Christina Åstrand,Tampere Philharmonic Orchestra,John Storgårds","Violin Concertos (Danish) - Gade, N.W. / Lange-Muller, P.E. / Langgaard, R.",0.931,0.171,445053,0.0619,0.113,10,0.111,-24.658,1,0.0434,80.104,0.0434
classical,Spotify Orchestra: Violin,37i9dQZF1DX7TvcXU5TLWg,2x27KFRNcDBu0Tfm5ougk5,spotify:track:2x27KFRNcDBu0Tfm5ougk5,https://p.scdn.co/mp3-preview/1b56a0a24a3e0d2997e8d326ed481d0974349b7c?cid=63a77ff40e794a12ae216a18befde98c,"Violin Sonata in E Flat Major, Op. 18: I. Allegro, ma non troppo",18,"Richard Strauss,Augustin Dumay,Louis Lortie",Franck & Strauss: Violin Sonatas,0.986,0.241,727107,0.117,0.144,3,0.149,-19.552,1,0.0409,98.328,0.0762
classical,Spotify Orchestra: Violin,37i9dQZF1DX7TvcXU5TLWg,5S8VL2DFHAKHJeazWgjFb6,spotify:track:5S8VL2DFHAKHJeazWgjFb6,https://p.scdn.co/mp3-preview/d504d923cce89cf9b29fc185df97c585b0bc310d?cid=63a77ff40e794a12ae216a18befde98c,"Concerto pour violon ""Les Rainettes"", en La Majeur: I. Ohne Satzbezeichnung",19,"Georg Philipp Telemann,Midori Seiler,Stephan Mai,Akademie für Alte Musik Berlin",Telemann: Orchestral Suites,0.874,0.501,329600,0.159,0.881,8,0.125,-21.757,1,0.0394,117.316,0.406
classical,Spotify Orchestra: Violin,37i9dQZF1DX7TvcXU5TLWg,0RZWGkO42cn850LbDQOy6R,spotify:track:0RZWGkO42cn850LbDQOy6R,,Schön Rosmarin,23,"Fritz Kreisler,Ray Chen,Julien Quentin",The Golden Age,0.989,0.504,137765,0.152,0.188,7,0.0619,-20.459,1,0.0507,103.644,0.71
classical,Spotify Orchestra: Violin,37i9dQZF1DX7TvcXU5TLWg,4mQXTFLyDas9ycbnbiksGu,spotify:track:4mQXTFLyDas9ycbnbiksGu,https://p.scdn.co/mp3-preview/a78d0abeafbe2f3d953c48a59c40123e586023e5?cid=63a77ff40e794a12ae216a18befde98c,Concerto for two violins BWV 1043 in D Minor: Concerto for two violins BWV 1043 in D Minor: I. Vivace,37,"Johann Sebastian Bach,Freiburger Barockorchester,Gottfried Von Der Goltz,Petra Mullejans",Bach: Violin Concertos,0.773,0.471,215760,0.403,4.88e-06,1,0.242,-13.349,0,0.0444,102.31,0.751
classical,Spotify Orchestra: Violin,37i9dQZF1DX7TvcXU5TLWg,5gtHDtJYZUUqgNlTSCZyLM,spotify:track:5gtHDtJYZUUqgNlTSCZyLM,https://p.scdn.co/mp3-preview/0b2b5f898cb04f467ac82a496a8a4b159e6a584d?cid=63a77ff40e794a12ae216a18befde98c,"Violin Concerto, Op. 33, FS 61: IIa. Poco adagio -",18,"Carl Nielsen,Nikolaj Znaider,New York Philharmonic,Alan Gilbert",Nielsen: Concertos (Live),0.947,0.143,379160,0.0225,0.201,9,0.239,-30.65,1,0.0457,142.093,0.033
classical,Spotify Orchestra: Violin,37i9dQZF1DX7TvcXU5TLWg,0awPG0oCxh3Xj3Gq82DFfR,spotify:track:0awPG0oCxh3Xj3Gq82DFfR,,Concerto for Violin in B Flat Major: Allegro,12,"Giovanni Battista Pergolesi,Giuliano Carmignola,Orchestra Mozart,Claudio Abbado",Pergolesi: Stabat mater; Violin Concerto; Salve Regina in C minor,0.892,0.438,220920,0.139,0.114,5,0.163,-21.357,1,0.126,163.842,0.549
classical,Spotify Orchestra: Violin,37i9dQZF1DX7TvcXU5TLWg,7G91HxFU1hZ5QHsmHN2Lul,spotify:track:7G91HxFU1hZ5QHsmHN2Lul,https://p.scdn.co/mp3-preview/52591d743cd89302367a2ff9797a9e7b7647f853?cid=63a77ff40e794a12ae216a18befde98c,"Violin Sonata in E-Flat Major, Op. 11, No. 1: I. Frisch",16,"Paul Hindemith,Frank Peter Zimmermann,Enrico Pace",Hindemith: Violin Sonatas & Concerto,0.976,0.302,260467,0.13,0.449,8,0.159,-21.384,1,0.0481,137.593,0.119
classical,Spotify Orchestra: Violin,37i9dQZF1DX7TvcXU5TLWg,2OhV4J0SHp1NebwGwNZmoE,spotify:track:2OhV4J0SHp1NebwGwNZmoE,https://p.scdn.co/mp3-preview/9e332f9d2ee41a1f4942208995b95f300784aa0b?cid=63a77ff40e794a12ae216a18befde98c,"Violin Concerto No. 1 in G Minor, Op. 26: III. Finale. Allegro energico",17,"Max Bruch,Cho-Liang Lin,Leonard Slatkin,Chicago Symphony Orchestra","Bruch: Violin Concerto No. 1 in G Minor, Op. 26 & Scottish Fantasy, Op. 46",0.869,0.303,420533,0.137,0.18,7,0.0633,-20.57,1,0.0432,97.483,0.297
classical,Spotify Orchestra: Violin,37i9dQZF1DX7TvcXU5TLWg,22VClz0ov7guwnifgssjD3,spotify:track:22VClz0ov7guwnifgssjD3,https://p.scdn.co/mp3-preview/b072b0c6097858baaaf6eb0912b40604649be15f?cid=63a77ff40e794a12ae216a18befde98c,"Violin Concerto No. 1 in D Major, Op. 19: I. Andantino: Andante assai",16,"Sergei Prokofiev,Tedi Papavrami,Polish National Radio Symphony Orchestra,Antoni Wit",Prokofiev: Violin Concertos Nos. 1 and 2 / Sonata in D Major,0.952,0.27,572627,0.071,0.419,7,0.183,-25.439,1,0.0405,93.975,0.103
classical,Spotify Orchestra: Violin,37i9dQZF1DX7TvcXU5TLWg,26bsvE1ZywpV3lLoHtePFv,spotify:track:26bsvE1ZywpV3lLoHtePFv,https://p.scdn.co/mp3-preview/b7f7695eebda841002cb3f5df2914e2b4b58f3f0?cid=63a77ff40e794a12ae216a18befde98c,Violin Concerto: III. Quarter note = ca. 152,15,"Ellen Taaffe Zwilich,Pamela Frank,Saarbrücken Radio Symphony Orchestra,Michael Stern",Zwilich: Violin Concerto / Rituals,0.704,0.226,594533,0.152,0.508,7,0.117,-18.919,1,0.0443,180.523,0.0381
classical,Spotify Orchestra: Violin,37i9dQZF1DX7TvcXU5TLWg,6zWf1bzVl4yptq0aX77uBX,spotify:track:6zWf1bzVl4yptq0aX77uBX,https://p.scdn.co/mp3-preview/5ff71e044b0f083c7a52768f891777db392f86a3?cid=63a77ff40e794a12ae216a18befde98c,Violin Sonata in G Major: II. Blues: Moderato,16,"Maurice Ravel,Jennifer Frautschi,Marta Aznavoorian","Stravinsky, I.: Duo Concertante / Ravel, M.: Violin Sonata",0.976,0.455,320987,0.102,0.144,2,0.1,-19.754,1,0.0429,119.845,0.131
classical,Spotify Orchestra: Violin,37i9dQZF1DX7TvcXU5TLWg,5I4OMeQUyeW85nODKawOIL,spotify:track:5I4OMeQUyeW85nODKawOIL,https://p.scdn.co/mp3-preview/bfb8db16da4f513646d916e9f1a8b223f58865ef?cid=63a77ff40e794a12ae216a18befde98c,"Violin Concerto, Op. 14: II. Andante",15,"Samuel Barber,Isaac Stern,Leonard Bernstein,New York Philharmonic",Barber/Maxwell Davies: Violin Concertos,0.939,0.169,507293,0.123,0.53,4,0.0914,-20.936,1,0.0433,107.005,0.0378
classical,Spotify Orchestra: Violin,37i9dQZF1DX7TvcXU5TLWg,7CljHb1CCvLy7YGwXUQnfR,spotify:track:7CljHb1CCvLy7YGwXUQnfR,https://p.scdn.co/mp3-preview/ca7425992da87105696a7449a84c94cffc204aac?cid=63a77ff40e794a12ae216a18befde98c,Violin Concerto: I. Praeludium,16,"György Ligeti,Benjamin Schmid,Finnish Radio Symphony Orchestra,Hannu Lintu","Ligeti: Violin Concerto, Lontano, Atmosphères & San Francisco Polyphony",0.623,0.38,251960,0.0634,0.0173,0,0.104,-30.836,1,0.0656,137.837,0.284
classical,Spotify Orchestra: Violin,37i9dQZF1DX7TvcXU5TLWg,2FFpAJRckoVMJp2VaKje0X,spotify:track:2FFpAJRckoVMJp2VaKje0X,,"Sonata for Violin and Piano No.1 in A, Op.13: III. Allegro vivo",0,"Gabriel Fauré,Itzhak Perlman,Emanuel Ax",Fauré & Strauss Violin Sonatas,0.98,0.404,249613,0.257,0.244,6,0.246,-15.123,0,0.0379,142.312,0.417
classical,Spotify Orchestra: Violin,37i9dQZF1DX7TvcXU5TLWg,7snWeoRWoHlYYDf5Ncjy6Q,spotify:track:7snWeoRWoHlYYDf5Ncjy6Q,https://p.scdn.co/mp3-preview/a4f1416d720ec5c1d6e00ad5a4f5223d9b909d1e?cid=63a77ff40e794a12ae216a18befde98c,Oblivion,37,Gidon Kremer,Hommage A Piazzolla & Peterburschsky,0.653,0.176,246867,0.0707,0.000166,0,0.105,-19.866,0,0.037,162.893,0.103
classical,Spotify Orchestra: Violin,37i9dQZF1DX7TvcXU5TLWg,202GVFBdvQglDKzEffJgJ3,spotify:track:202GVFBdvQglDKzEffJgJ3,,"Violin Concerto No.1, Op.35: Cadenza",12,"Karol Szymanowski,Paul Kochanski,Christian Tetzlaff,Wiener Philharmoniker,Pierre Boulez","Szymanowski: Violin Concerto No.1, Op.35; Symphony No.3, Op.27 ""Song of the Night""",0.755,0.211,271880,0.081,0.452,10,0.0964,-21.9,1,0.0449,77.298,0.038
classical,Spotify Orchestra: Violin,37i9dQZF1DX7TvcXU5TLWg,7bOy53RBWi5dvaXTlUvYHF,spotify:track:7bOy53RBWi5dvaXTlUvYHF,https://p.scdn.co/mp3-preview/7048450c107a0a5f462845cc2c10d2bf4a9a4402?cid=63a77ff40e794a12ae216a18befde98c,Shostakovich : Violin Concerto No.1 in A minor Op.77 : III Passacaglia - Andante,13,"Dmitri Shostakovich,Maxim Vengerov,Mstislav Rostropovich,London Symphony Orchestra",Prokofiev : Violin Concerto No.1 - Shostakovich : Violin Concerto No.1,0.909,0.151,891760,0.0689,0.0725,1,0.247,-22.007,1,0.0494,71.861,0.0399
classical,Spotify Orchestra: Violin,37i9dQZF1DX7TvcXU5TLWg,0UzXh8EtLq1CaVruvyaXS5,spotify:track:0UzXh8EtLq1CaVruvyaXS5,https://p.scdn.co/mp3-preview/cc06b4a0bc772153f62e1dbca4fd84c75c6e4c24?cid=63a77ff40e794a12ae216a18befde98c,"Violin Sonata (Sonatina) in D Major, Op. 137, No. 1, D. 384: I. Allegro molto",16,"Franz Schubert,Julia Fischer,Martin Helmchen","Schubert, F.: Violin and Piano Music (Complete), Vol. 1",0.991,0.364,250573,0.0711,0.157,2,0.0934,-22.865,1,0.0462,126.797,0.2
classical,Spotify Orchestra: Violin,37i9dQZF1DX7TvcXU5TLWg,11tCdOlddZLHp3coGW3i4U,spotify:track:11tCdOlddZLHp3coGW3i4U,https://p.scdn.co/mp3-preview/1e6dca66f646cf69742e26fd99479ae00ba3287a?cid=63a77ff40e794a12ae216a18befde98c,"Violin Concerto No. 2 in G Minor, Op. 131: II. Adagio quasi andante",17,"Benjamin Godard,Chloë Hanslip,Slovak State Philharmonic Orchestra, Kosice,Kirk Trevor",Godard: Violin Concerto No. 2 / Concerto Romantique / Scenes Poetiques,0.937,0.12,467387,0.109,0.24,2,0.111,-21.99,1,0.0506,167.234,0.0541
classical,Spotify Orchestra: Violin,37i9dQZF1DX7TvcXU5TLWg,31T4tEbBMyd5hdA9Ro71d7,spotify:track:31T4tEbBMyd5hdA9Ro71d7,https://p.scdn.co/mp3-preview/21646cbac5c95be4c25272adb5a6161f6aeb5916?cid=63a77ff40e794a12ae216a18befde98c,"Violin Sonata No. 2 in G Major, Op. 13 (arr. H. Kraggerud and B.S. Lund for violin and orchestra): III. Allegro animato",21,"Henning Kraggerud,Edvard Grieg,Bernt Simen Lund,Tromsø Chamber Orchestra",Grieg: 3 Concerti for Violin & Chamber Orchestra based on the Sonatas for Violin and Piano,0.942,0.282,341427,0.116,0.275,7,0.0932,-18.859,1,0.0398,94.719,0.131
classical,Spotify Orchestra: Violin,37i9dQZF1DX7TvcXU5TLWg,7nWXMcZyQ4oWY6LXCY3w78,spotify:track:7nWXMcZyQ4oWY6LXCY3w78,https://p.scdn.co/mp3-preview/9e45628ae8dd373b3a702e2b372c02aee5648027?cid=63a77ff40e794a12ae216a18befde98c,Passagalia for unaccompanied violin,20,"Heinrich Ignaz Franz von Biber,Andrew Manze,Richard Egarr",Biber: The Rosary Sonatas,0.956,0.297,560867,0.0512,0.000141,7,0.181,-24.884,0,0.0442,105.043,0.0605
classical,Spotify Orchestra: Violin,37i9dQZF1DX7TvcXU5TLWg,4mEMFfiFyae6H3nObPJjBA,spotify:track:4mEMFfiFyae6H3nObPJjBA,https://p.scdn.co/mp3-preview/7c482eb055ab721fedd061dbe2cc7b8df5bf8c54?cid=63a77ff40e794a12ae216a18befde98c,"Violin Concerto, Op. 36: II. Andante grazioso",14,"Arnold Schoenberg,Rolf Schulte,Philharmonia Orchestra,Robert Craft","Schoenberg, A.: Violin Concerto / Ode To Napoleon / A Survivor From Warsaw",0.974,0.287,552320,0.117,0.337,7,0.314,-20.382,1,0.0406,110.992,0.0423
classical,Spotify Orchestra: Violin,37i9dQZF1DX7TvcXU5TLWg,3k3grgdff9YVFRdOPTib2H,spotify:track:3k3grgdff9YVFRdOPTib2H,,Chiacona A Violino Solo,0,"Antonio Bertali,John Holloway",Schmelzer: Unarum Fidium,0.848,0.376,571067,0.162,0.000424,11,0.157,-18.922,1,0.0377,113.542,0.435
classical,Spotify Orchestra: Violin,37i9dQZF1DX7TvcXU5TLWg,1yTugNsntY7Ba2umORynv8,spotify:track:1yTugNsntY7Ba2umORynv8,https://p.scdn.co/mp3-preview/ab6e1fa6669177bd00160d29c52eec9023b8951d?cid=63a77ff40e794a12ae216a18befde98c,"Elgar: Violin Concerto in B Minor, Op. 61: II. Andante",16,"Edward Elgar,Nigel Kennedy,Vernon Handley,London Philharmonic Orchestra",Elgar: Violin Concerto & Introduction and Allegro,0.938,0.11,805960,0.0415,0.552,10,0.345,-29.035,1,0.0445,91.679,0.0366
classical,Spotify Orchestra: Violin,37i9dQZF1DX7TvcXU5TLWg,4QcAwiiT68uKJ2UcKV3f3L,spotify:track:4QcAwiiT68uKJ2UcKV3f3L,https://p.scdn.co/mp3-preview/683a193b24b439009c8dedd5527a4520e21bc945?cid=63a77ff40e794a12ae216a18befde98c,"Timbres, espace, mouvement ""La nuit etoilée"": I. Nébuleuse (Live)",22,"Henri Dutilleux,Seattle Symphony Orchestra,Ludovic Morlot","Dutilleux: Sur le même accord, Les citations, Mystère de l'instant & Timbres, espace, mouvement",0.96,0.189,559947,0.203,0.85,10,0.286,-21.555,0,0.0504,114.476,0.0333
classical,Spotify Orchestra: Violin,37i9dQZF1DX7TvcXU5TLWg,443IxgKbobz0e7T4nB4VSi,spotify:track:443IxgKbobz0e7T4nB4VSi,https://p.scdn.co/mp3-preview/843691753418ab54f608bfe0df9fe1c374375e16?cid=63a77ff40e794a12ae216a18befde98c,Violin Sonata No.1 in A Minor Op.105: Violin Sonata No.1 in A Minor Op.105,15,"Robert Schumann,Ilya Gringolts,Peter Laul",Schumann: Violin Sonatas 1-3,0.98,0.198,490573,0.103,0.145,9,0.0698,-18.547,0,0.0406,82.832,0.0781
classical,Spotify Orchestra: Violin,37i9dQZF1DX7TvcXU5TLWg,7AKHUK6sve8Q9FL9lHpHBf,spotify:track:7AKHUK6sve8Q9FL9lHpHBf,,Introduction and Rondo capriccioso in A minor Op. 28,5,"Camille Saint-Saëns,Wolfgang Sawallisch,Philadelphia Orchestra,Sarah Chang",Sweet Sorrow,0.898,0.309,557560,0.108,0.325,9,0.0476,-23.557,0,0.0436,93.189,0.204
classical,Spotify Orchestra: Violin,37i9dQZF1DX7TvcXU5TLWg,2L2qyEu9XnNd6WqsDdORwb,spotify:track:2L2qyEu9XnNd6WqsDdORwb,https://p.scdn.co/mp3-preview/223dcbf5b589a73302ed915eed2733af8f072a2a?cid=63a77ff40e794a12ae216a18befde98c,Chaconne in G Minor,32,"Tomaso Antonio Vitali,Jascha Heifetz,Richard Ellsasser","Vitali: Chaconne in G Minor - Tedesco: The Lark - Fauré: Sonata No. 1, Op. 13, in A",0.569,0.17,571773,0.437,0.881,7,0.513,-9.835,0,0.0372,80.349,0.0679
classical,Spotify Orchestra: Violin,37i9dQZF1DX7TvcXU5TLWg,5RhMUnAPYM8JSeBS3i5vTK,spotify:track:5RhMUnAPYM8JSeBS3i5vTK,https://p.scdn.co/mp3-preview/8bb36990a005b087809c58a60214a10167f919af?cid=63a77ff40e794a12ae216a18befde98c,Sonata for Violin and Piano in G Minor - I Allegro Vivo,21,"Martha Argerich,Dora Schwarzberg,Claude Debussy",Franck | Debussy | Schumann,0.979,0.268,300427,0.0881,0.172,2,0.0778,-20.256,0,0.057,81.739,0.0392
classical,Spotify Orchestra: Violin,37i9dQZF1DX7TvcXU5TLWg,5fS5VeE4k5HcMv2HmH2lnx,spotify:track:5fS5VeE4k5HcMv2HmH2lnx,https://p.scdn.co/mp3-preview/b92b24c252c33056ee83b5d55d47f0665aa9740e?cid=63a77ff40e794a12ae216a18befde98c,"Poème, Op. 25",14,"Ernest Chausson,Jack Liebeck,Katya Apekisheva","Prokofiev, Ysaÿe, Chausson, Saint-Saëns: Works for Violin & Piano",0.972,0.187,884453,0.118,0.0491,10,0.083,-18.747,1,0.0587,72.489,0.035
classical,Spotify Orchestra: Violin,37i9dQZF1DX7TvcXU5TLWg,19KzHkHZRrVNjxfjjG3bB0,spotify:track:19KzHkHZRrVNjxfjjG3bB0,https://p.scdn.co/mp3-preview/05a6647fd78f990844445df37bc1202e24fe0027?cid=63a77ff40e794a12ae216a18befde98c,"Trio Sonata in D Minor, Op. 1, No. 12, RV 63 - La Follia",27,"Antonio Vivaldi,Ensemble 415,Chiara Banchini","Vivaldi: ""La Follia"", Sonate a due violini",0.86,0.336,683600,0.142,7.34e-05,1,0.0726,-17.649,0,0.0434,141.877,0.116
classical,Spotify Orchestra: Violin,37i9dQZF1DX7TvcXU5TLWg,3LO6mkszz2JSTk9AHr47e2,spotify:track:3LO6mkszz2JSTk9AHr47e2,https://p.scdn.co/mp3-preview/86de6edb2415a5543b3a99e64f55f19a33c4148c?cid=63a77ff40e794a12ae216a18befde98c,Distance De Fée,15,"Toru Takemitsu,Anne Akiko Meyers,Li Jian, Piano",Satoh - Debussy - Messiaen - Takemitsu - Ravel,0.975,0.219,378800,0.0317,0.00281,8,0.0997,-23.834,1,0.0435,88.605,0.0271
classical,Spotify Orchestra: Violin,37i9dQZF1DX7TvcXU5TLWg,2Zvh7THZnADaiLrIbZU8od,spotify:track:2Zvh7THZnADaiLrIbZU8od,https://p.scdn.co/mp3-preview/0618a0bbb1fb266a8fe4f7c17a0a2393c7564d98?cid=63a77ff40e794a12ae216a18befde98c,Violin Sonata No. 3: III. Scherzo: Vivo,14,"Grażyna Bacewicz,Lydia Mordkovitch,Ian Fountain","Bacewicz, G.: Violin Sonatas Nos. 1 and 3 / Enescu, G.: Violin Sonata No. 2",0.949,0.503,224733,0.267,0.567,11,0.0606,-18.912,0,0.0469,137.02,0.53
classical,Spotify Orchestra: Violin,37i9dQZF1DX7TvcXU5TLWg,6QD0KMLrtMfAj3u9DXhiiv,spotify:track:6QD0KMLrtMfAj3u9DXhiiv,https://p.scdn.co/mp3-preview/7503c5d7a0e05b2e6d550afe2d982fc7ee08cb13?cid=63a77ff40e794a12ae216a18befde98c,Romance in D Minor (version for violin and orchestra),17,"Wilhelm Peterson-Berger,Ulf Wallin,Norrköping Symphony Orchestra,Michail Jurowski",Peterson-Berger: Symphony No. 2 & Violin Romance,0.898,0.168,715027,0.13,0.378,9,0.264,-21.372,0,0.0442,97.151,0.0669
classical,Spotify Orchestra: Violin,37i9dQZF1DX7TvcXU5TLWg,13zKduY06gw32HKsRSobbk,spotify:track:13zKduY06gw32HKsRSobbk,https://p.scdn.co/mp3-preview/04dd4ad98a5329a42c16b174207630e6a5566e1a?cid=63a77ff40e794a12ae216a18befde98c,Sonata for Violin and Piano Op. 134: Allegretto,13,"Dmitri Shostakovich,Isabelle van Keulen,Ronald Brautigam",Shostakovich: Sonatas for Violin & Viola,0.97,0.588,374800,0.256,0.117,10,0.0848,-19.172,1,0.0498,110.848,0.74
classical,Spotify Orchestra: Violin,37i9dQZF1DX7TvcXU5TLWg,6P1TFGEgj3pxtnaGtXF1uO,spotify:track:6P1TFGEgj3pxtnaGtXF1uO,,"Concerto Grosso No. 3 for 2 Violins, Harpsichord and Strings: Risoluto",0,"Alfred Schnittke,Sarah Nemtanu,Deborah Nemtanu,Sascha Goetzel,Orchestre de chambre de Paris",Bach / Schnittke,0.91,0.437,198013,0.326,0.653,7,0.0621,-14.59,1,0.065,105.309,0.175
classical,Spotify Orchestra: Violin,37i9dQZF1DX7TvcXU5TLWg,1qgBCRcsEvqzSNhThcz2JS,spotify:track:1qgBCRcsEvqzSNhThcz2JS,https://p.scdn.co/mp3-preview/41b65d29a791ce7f949e4330b2dac8416c56ce84?cid=63a77ff40e794a12ae216a18befde98c,"Violin Sonata in E Minor, Op. 82: II. Romance",17,"Edward Elgar,Marat Bisengaliev,Benjamin Frith",Elgar: The Violin Music,0.937,0.173,458760,0.0285,0.054,2,0.138,-25.004,1,0.0475,83.621,0.0371
classical,Spotify Orchestra: Violin,37i9dQZF1DX7TvcXU5TLWg,3DX3pRzRhRdsPWjg1Bsdah,spotify:track:3DX3pRzRhRdsPWjg1Bsdah,https://p.scdn.co/mp3-preview/190def6e5a9c9151390b05e467cf7663ec9271f5?cid=63a77ff40e794a12ae216a18befde98c,"Violin Concerto in D Minor, Op. 47: III. Allegro ma non tanto",16,"Jean Sibelius,Pekka Kuusisto,Helsinki Philharmonic Orchestra,Leif Segerstam","Sibelius, J.: Violin Concerto in D Minor / Symphony No. 2",0.773,0.397,474373,0.149,0.171,2,0.0832,-22.349,1,0.0401,105.62,0.234
classical,Spotify Orchestra: Violin,37i9dQZF1DX7TvcXU5TLWg,1JawrBi1XB8f7ovIYH1ukA,spotify:track:1JawrBi1XB8f7ovIYH1ukA,,Concerto RV 368 in si bemolle maggiore: I. Allegro,0,Anton Steck,Vivaldi: Concerti per violino (II 'Di sfida'),0.848,0.406,229933,0.153,0.8,9,0.293,-21.392,1,0.0374,136.995,0.479
classical,Spotify Orchestra: Violin,37i9dQZF1DX7TvcXU5TLWg,2UJTbau8BjFgHJWSxP1AJJ,spotify:track:2UJTbau8BjFgHJWSxP1AJJ,,"Violin Concerto In D, Op.35, TH. 59: 3. Finale (Allegro vivacissimo)",12,"Pyotr Ilyich Tchaikovsky,David Oistrakh,Staatskapelle Dresden,Franz Konwitschny",David Oistrach - Violin Concertos,0.977,0.424,566400,0.323,0.678,2,0.154,-13.94,1,0.0438,116.08,0.314
classical,Spotify Orchestra: Violin,37i9dQZF1DX7TvcXU5TLWg,0KqJvxisC9ATO3Mst6rXpY,spotify:track:0KqJvxisC9ATO3Mst6rXpY,,"Four Pieces for Violin and Piano, Op. 17: II. Appassionato",0,"Josef Suk,Pavel Šporcl,Petr Jiříkovský",Dvořák & Suk: Violin Works,0.975,0.331,244613,0.162,0.0924,2,0.0789,-19.794,1,0.0453,160.907,0.203
classical,Spotify Orchestra: Violin,37i9dQZF1DX7TvcXU5TLWg,5JCzqqfUreBwpaVgoYqi7I,spotify:track:5JCzqqfUreBwpaVgoYqi7I,,"Violin Concerto in D, Op.61: 3. Rondo (Allegro)",0,"Ludwig van Beethoven,Henryk Szeryng,Royal Concertgebouw Orchestra,Bernard Haitink",Beethoven: Violin Concerto; Violin Romances Nos.1 & 2,0.936,0.456,614333,0.117,0.215,2,0.187,-18.909,1,0.0421,123.138,0.455
classical,Spotify Orchestra: Violin,37i9dQZF1DX7TvcXU5TLWg,4HoJYWVPWQeDubArOCPZh4,spotify:track:4HoJYWVPWQeDubArOCPZh4,,"Violin Romance No.2 in F major, Op.50 - Live In Enschede",0,"Ludwig van Beethoven,Thomas Zehetmair,Orchestra Of The 18th Century,Frans Brüggen",Beethoven: Violin Concerto; 2 Romances,0.929,0.294,459427,0.0474,0.00286,5,0.23,-23.918,1,0.0432,126.785,0.0617
classical,Spotify Orchestra: Violin,37i9dQZF1DX7TvcXU5TLWg,01FmQEKWWUYeCstygKHeVv,spotify:track:01FmQEKWWUYeCstygKHeVv,,Concerto in One Movement for Violin and Orchestra transcribed from the 1st Movement of the Concerto No 1 in D Major by Niccolò Paganini,0,"Fritz Kreisler,Laurent Korcia,Jean-Jacques Kantorow,Orchestre de chambre de Paris",Mister Paganini,0.905,0.362,972507,0.201,0.0745,2,0.0699,-18.255,1,0.0444,128.548,0.309
classical,Spotify Orchestra: Violin,37i9dQZF1DX7TvcXU5TLWg,79uydrf8I5fIL8wFGnxqTh,spotify:track:79uydrf8I5fIL8wFGnxqTh,,V & V,9,"Giya Kancheli,Lisa Batiashvili,Bavarian Radio Symphony Orchestra,Esa-Pekka Salonen",Echoes of Time,0.514,0.084,650893,0.00885,0.0998,7,0.117,-40.591,0,0.0499,84.232,0.0296
classical,Spotify Orchestra: Violin,37i9dQZF1DX7TvcXU5TLWg,1AW68vQfXvXXWvDz38fNkX,spotify:track:1AW68vQfXvXXWvDz38fNkX,https://p.scdn.co/mp3-preview/f5b516048decb408dcdadf62ea68768ba581ce00?cid=63a77ff40e794a12ae216a18befde98c,"Poulenc: Sonata for Violin and Piano, Op. 119: Allegro con fuoco",15,"Francis Poulenc,Augustin Hadelich,Robert Kulek",Echoes of Paris,0.99,0.419,374747,0.0923,0.687,5,0.122,-22.204,0,0.0464,121.747,0.107
classical,Spotify Orchestra: Violin,37i9dQZF1DX7TvcXU5TLWg,7imDnxM0v6xuobcjohJc2b,spotify:track:7imDnxM0v6xuobcjohJc2b,,Etude 18,0,"John Cage,Irvine Arditti","The Complete John Cage Edition Volume 9: The Complete Music for Violin, Volume 2: Freeman Etudes, Books 3 & 4",0.942,0.565,191667,0.0897,0.00149,1,0.105,-21.971,1,0.42,80.122,0.322
classical,Spotify Orchestra: Violin,37i9dQZF1DX7TvcXU5TLWg,59cy6D9xyVr4oSRyjDvMjv,spotify:track:59cy6D9xyVr4oSRyjDvMjv,,"Violin Concerto, ""L'Arbre des songes"" (Tree of dreams): III. Lent - [Live]",0,"Henri Dutilleux,Dmitry Sitkovetsky,Royal Concertgebouw Orchestra,Mariss Jansons",Debussy: La mer - Dutilleux: L'Arbre des songes - Ravel: La valse (Live),0.895,0.127,356519,0.133,0.284,9,0.16,-26.183,1,0.0468,87.8,0.0557
classical,Spotify Orchestra: Violin,37i9dQZF1DX7TvcXU5TLWg,344zZVe8wb5OPf3Cbooc8W,spotify:track:344zZVe8wb5OPf3Cbooc8W,https://p.scdn.co/mp3-preview/be2d6e1c779f35526f8132d0c9d1e2ccbd1efcfb?cid=63a77ff40e794a12ae216a18befde98c,"Sonata, Op.15: I. Animé",13,"Darius Milhaud,Angela Chun,Nelson Padgett,Jennifer Chun","Fantasy: Martinů, Shostakovich, Milhaud & Yun",0.976,0.313,366893,0.11,0.114,2,0.125,-20.664,0,0.041,137.488,0.0952
classical,Spotify Orchestra: Violin,37i9dQZF1DX7TvcXU5TLWg,3oGd04EGOj5UvzlpjiGTAM,spotify:track:3oGd04EGOj5UvzlpjiGTAM,https://p.scdn.co/mp3-preview/dcc97e8d53c623aa819c8ee419ed3aad7e3d7f92?cid=63a77ff40e794a12ae216a18befde98c,Sonate nr.1 in G minor BWV 1001: II. Fuga,17,"Johann Sebastian Bach,Rachel Podger","Bach: Sonatas and Partitas, Vol. 1",0.988,0.436,338973,0.0762,0.263,6,0.047,-16.143,0,0.0602,127.14,0.578
classical,Spotify Orchestra: Violin,37i9dQZF1DX7TvcXU5TLWg,7AY9w4wWIAVTAjz2Z85gj3,spotify:track:7AY9w4wWIAVTAjz2Z85gj3,https://p.scdn.co/mp3-preview/f62edcc638b6da8d5bc36165f9a1f4f5f61da851?cid=63a77ff40e794a12ae216a18befde98c,Concerto IV G major: Allegro,22,"Charles Mouton,Gunar Letzbor,Ars Antiqua Austria,Markus Miesenberger,Pablo De Pedro,Norbert Zeilberger,Jan Krigovsky,Fritz Kircher",The Mystery of Sign. Mouthon - 10 Concerti à 5,0.84,0.287,83227,0.24,0.196,6,0.114,-19.915,1,0.0484,177.203,0.571
classical,Spotify Orchestra: Violin,37i9dQZF1DX7TvcXU5TLWg,6tHaaymoVCT9GBqTu61sZO,spotify:track:6tHaaymoVCT9GBqTu61sZO,https://p.scdn.co/mp3-preview/5c232749e39bc37f11191ae9bcae2b1347378387?cid=63a77ff40e794a12ae216a18befde98c,Clara Schumann; Romances for Violin and Piano op.22: Romances for Violin and Piano op.22,13,"Robert Schumann,Philippe Graffin,Christoph Poppen",Violin Concerto; Violin Sonata No.2,0.983,0.215,184013,0.0724,0.149,1,0.111,-23.167,1,0.0504,83.012,0.0416
classical,Spotify Orchestra: Violin,37i9dQZF1DX7TvcXU5TLWg,3LlncrSfcAQzQfcVjrPn0Q,spotify:track:3LlncrSfcAQzQfcVjrPn0Q,https://p.scdn.co/mp3-preview/2694cfaebae1229cb3a5dee5a2899c6b162fffc6?cid=63a77ff40e794a12ae216a18befde98c,"Berg: Violin Concerto, ""To the Memory of an Angel"": II. Allegro (Cadenza) - Adagio (Variations on the Chorale ""Es ist genug, so nimm, Herr"")",12,"Alban Berg,Renaud Capuçon,Daniel Harding,Wiener Philharmoniker",Brahms & Berg: Violin Concertos,0.922,0.0686,960572,0.0496,0.25,5,0.112,-26.192,1,0.0435,63.717,0.0347
classical,Spotify Orchestra: Violin,37i9dQZF1DX7TvcXU5TLWg,3irafWdu2eQi7y8i3hd7XG,spotify:track:3irafWdu2eQi7y8i3hd7XG,https://p.scdn.co/mp3-preview/c4f38364eb58fb9796c8ce09992a4c2c3e3ab09b?cid=63a77ff40e794a12ae216a18befde98c,"Violin Concerto, ""The Red Violin"": I. Chaconne",12,"John Corigliano Jr.,Elina Vähälä,Lahti Symphony Orchestra,Jaakko Kuusisto",Corigliano: The Red Violin,0.815,0.243,868947,0.0505,0.0827,2,0.0589,-28.457,1,0.0473,108.547,0.0351
classical,Spotify Orchestra: Violin,37i9dQZF1DX7TvcXU5TLWg,0HZ0gvZD11cfOOJgKdRLGw,spotify:track:0HZ0gvZD11cfOOJgKdRLGw,https://p.scdn.co/mp3-preview/ca94a0e5f198f0034f881667c33668bff07935e1?cid=63a77ff40e794a12ae216a18befde98c,"Violin Concerto - ""Katrina"": Fly Away - World Premiere Recording",12,"Ittai Shapira,Neil Thomson",American Violin Concertos,0.965,0.27,465293,0.0594,0.637,2,0.155,-22.807,1,0.0427,103.811,0.0439
classical,Spotify Orchestra: Violin,37i9dQZF1DX7TvcXU5TLWg,2mPd1593fOWtbSGqA0VVcS,spotify:track:2mPd1593fOWtbSGqA0VVcS,,"Violin Concerto In E Minor, Op.64, MWV O14: 1. Allegro molto appassionato",8,"Felix Mendelssohn,Kyung Wha Chung,Orchestre Symphonique de Montréal,Charles Dutoit",Mendelssohn: Violin Concerto / Bruch: Violin Concerto / Scottish Fantasy,0.917,0.278,730667,0.151,0.122,4,0.273,-19.607,0,0.042,99.212,0.167
classical,Spotify Orchestra: Violin,37i9dQZF1DX7TvcXU5TLWg,0PEReprqkfnfVOV7B1Ct4m,spotify:track:0PEReprqkfnfVOV7B1Ct4m,https://p.scdn.co/mp3-preview/19b6517891ce109533837043bded2470dc0ba2f4?cid=63a77ff40e794a12ae216a18befde98c,Adelaide Eve,14,"Stéphane Grappelli,Yehudi Menuhin",Icon: Menuhin and Grappelli,0.971,0.267,247107,0.127,0.491,7,0.126,-22.351,1,0.0411,104.12,0.0965
classical,Spotify Orchestra: Violin,37i9dQZF1DX7TvcXU5TLWg,3q7jklOySBvS5rQ7tBhWK1,spotify:track:3q7jklOySBvS5rQ7tBhWK1,,Partita (For Violin And Orchestra): 1. Allegro giusto,0,"Witold Lutosławski,Anne-Sophie Mutter,Phillip Moll,BBC Symphony Orchestra",Lutoslawski: Piano Concerto; Partita; Chain 2,0.883,0.308,254400,0.129,0.0643,10,0.0754,-22.057,0,0.0486,89.459,0.0834
classical,Spotify Orchestra: Violin,37i9dQZF1DX7TvcXU5TLWg,4F8zkLV9rTxhyaXjBN5oG3,spotify:track:4F8zkLV9rTxhyaXjBN5oG3,https://p.scdn.co/mp3-preview/ac768499db4f47e17246824cd6b4e2a6937bbd0c?cid=63a77ff40e794a12ae216a18befde98c,Violin Concerto: I. —,12,"Colin Matthews,Leila Josefowicz,BBC Symphony Orchestra,Oliver Knussen","Colin Matthews: Violin Concerto, Cortège & Cello Concerto No. 2",0.631,0.222,637518,0.121,0.329,1,0.167,-25.338,1,0.0433,102.095,0.072
classical,Spotify Orchestra: Violin,37i9dQZF1DX7TvcXU5TLWg,1JkoDQVY4KpRJETEcTeDzT,spotify:track:1JkoDQVY4KpRJETEcTeDzT,https://p.scdn.co/mp3-preview/823ba335b16bfc0e05a0a4d35c589e894c584bf0?cid=63a77ff40e794a12ae216a18befde98c,"Mozart: Violin Concerto No. 5 in A Major, K. 219: II. Adagio (Cadenzas - Joachim)",23,"Wolfgang Amadeus Mozart,Vilde Frang,Jonathan Cohen","Mozart: Violin Concertos Nos 1, 5 & Sinfonia concertante",0.958,0.249,589583,0.0439,0.297,4,0.107,-24.501,1,0.0495,117.612,0.0656
classical,Spotify Orchestra: Violin,37i9dQZF1DX7TvcXU5TLWg,6nTvKuVFCoQrrFcStyF1S4,spotify:track:6nTvKuVFCoQrrFcStyF1S4,https://p.scdn.co/mp3-preview/c67bee95150348d220ca538ed3874bb5704f4530?cid=63a77ff40e794a12ae216a18befde98c,"Romeo and Juliet, Op. 64: V. Masks (arr. J. Heifetz)",16,"Jascha Heifetz,Sergei Prokofiev,Gil Shaham,Orli Shaham","Prokofiev, S.: Works for Violin and Piano",0.97,0.513,133400,0.0719,0.0821,10,0.0901,-19.927,1,0.0384,164.033,0.425
classical,Spotify Orchestra: Violin,37i9dQZF1DX7TvcXU5TLWg,3Jyh6SCNbJUioYDMqgGLKL,spotify:track:3Jyh6SCNbJUioYDMqgGLKL,,"Violin Concerto In D Major, Op.35: 1. Moderato nobile",11,"Erich Wolfgang Korngold,Daniel Hope,Royal Stockholm Philharmonic Orchestra,Alexander Shelley",Escape To Paradise - The Hollywood Album,0.933,0.248,544320,0.185,0.0546,2,0.0737,-19.148,1,0.0412,101.99,0.101
classical,Spotify Orchestra: Violin,37i9dQZF1DX7TvcXU5TLWg,2G2kJXSTVXJwlhDjUeYdsP,spotify:track:2G2kJXSTVXJwlhDjUeYdsP,https://p.scdn.co/mp3-preview/4c4c0d196d68c1dd4510aa5451c4105970f17157?cid=63a77ff40e794a12ae216a18befde98c,Nocturne,13,"Karol Szymanowski,Piotr Plawner,Waldemar Malicki",Szymanowski: Violin and Piano Works,0.97,0.227,354200,0.035,0.164,11,0.132,-24.533,1,0.0397,73.365,0.0384
classical,Spotify Orchestra: Violin,37i9dQZF1DX7TvcXU5TLWg,10x12KlpKftRothVrCLPde,spotify:track:10x12KlpKftRothVrCLPde,https://p.scdn.co/mp3-preview/c5018da10343f7e31cd739d3f3e7da27e5d85614?cid=63a77ff40e794a12ae216a18befde98c,"Violin Concerto in C-Sharp Minor, Op. 2: III. Rondo. Allegretto",15,"Franz Berwald,Tobias Ringborg,Swedish Chamber Orchestra,Niklas Willen",Swedish Romantic Violin Concertos,0.863,0.255,415227,0.143,0.443,11,0.0966,-19.07,1,0.041,80.557,0.148
classical,Spotify Orchestra: Violin,37i9dQZF1DX7TvcXU5TLWg,1cbRQEb7rT90g5BHTgm13j,spotify:track:1cbRQEb7rT90g5BHTgm13j,https://p.scdn.co/mp3-preview/f63f9438e14e42ee71d25bb6bd6aa760f4780bf4?cid=63a77ff40e794a12ae216a18befde98c,Violin Concerto: I. Allegro,12,"Gerald Finzi,Tasmin Little,City of London Sinfonia,Richard Hickox",Finzi: Songs / Prelude / Romance / Violin Concerto,0.969,0.314,376920,0.102,0.554,5,0.129,-20.733,0,0.0422,105.973,0.306
classical,Spotify Orchestra: Violin,37i9dQZF1DX7TvcXU5TLWg,0vDny4p5PNgnpbprnvuMRL,spotify:track:0vDny4p5PNgnpbprnvuMRL,https://p.scdn.co/mp3-preview/f7b2dab7ae70ce4eeaddffb42dd40b6e27f1f695?cid=63a77ff40e794a12ae216a18befde98c,"Violin Concerto No. 2, Sz. 112: I. Allegro non troppo",12,"Béla Bartók,Arabella Steinbacher,L'Orchestre de la Suisse Romande,Marek Janowski",Bartok: The Two Violin Concertos,0.925,0.204,999120,0.103,0.362,2,0.15,-23.859,1,0.0464,82.431,0.057
classical,Spotify Orchestra: Violin,37i9dQZF1DX7TvcXU5TLWg,24oFpPPJ3ct9PeCf2nmkJB,spotify:track:24oFpPPJ3ct9PeCf2nmkJB,,"Rêverie et Caprice, Op.8",0,"Hector Berlioz,Arthur Grumiaux,New Philharmonia Orchestra,Edo de Waart",Berlioz: Complete Orchestral Works,0.965,0.304,454250,0.119,0.602,9,0.0982,-18.895,1,0.0413,107.148,0.0742
classical,Spotify Orchestra: Violin,37i9dQZF1DX7TvcXU5TLWg,58jmz2Kd91JnsoDEOks6Ew,spotify:track:58jmz2Kd91JnsoDEOks6Ew,,From the Homeland. Two Pieces for Violin and Piano: II. Andantino. Moderato,0,"Bedřich Smetana,Josef Suk,Jan Panenka","Smetana, Dvořák & Suk: Works for Violin and Piano",0.98,0.218,443093,0.173,0.46,7,0.0884,-15.623,1,0.0507,70.619,0.178
classical,Spotify Orchestra: Violin,37i9dQZF1DX7TvcXU5TLWg,62Xz1kIqXJwJlxPUX6aZFR,spotify:track:62Xz1kIqXJwJlxPUX6aZFR,https://p.scdn.co/mp3-preview/26592339ac482b298b1c922c64f56f2038c00279?cid=63a77ff40e794a12ae216a18befde98c,"Violin Concerto No. 9 in G Major, Op. 8: II. Largo",15,"Joseph Boulogne Chevalier de Saint-Georges,Takako Nishizaki,Cologne Chamber Orchestra,Helmut Muller-Bruhl","Saint-Georges: Violin Concertos Op. 5, Nos. 1-2 and Op. 8",0.935,0.253,359200,0.0234,0.282,7,0.106,-27.694,0,0.0506,78.114,0.124
classical,Spotify Orchestra: Violin,37i9dQZF1DX7TvcXU5TLWg,3ziq1HwRg2TXu5y25YS7b8,spotify:track:3ziq1HwRg2TXu5y25YS7b8,https://p.scdn.co/mp3-preview/289d7e440b17163c0b16130ab72ed77054114094?cid=63a77ff40e794a12ae216a18befde98c,Capriccio Stravagante: Capriccio Stravagante,12,"Carlo Farina,Irish Baroque Orchestra,Monica Huggett",Flights of Fantasy - Early Italian Chamber Orchestra,0.844,0.4,945000,0.121,0.009,2,0.151,-17.865,1,0.0466,133.184,0.255
classical,Spotify Orchestra: Violin,37i9dQZF1DX7TvcXU5TLWg,3bx55hsWHB5JwJZJlYZI3u,spotify:track:3bx55hsWHB5JwJZJlYZI3u,https://p.scdn.co/mp3-preview/0084fc7c4a17ec4c7b6a0da3111476586c126ae0?cid=63a77ff40e794a12ae216a18befde98c,Three Miniatures for Solo Violin: I. A Lullaby for Lalit,14,"George Benjamin,Tamsin Waley-Cohen","SOLI: Works for Solo Violin by Bartók, Penderecki, Benjamin, Carter and Kurtág",0.982,0.234,231547,0.0164,0.00148,2,0.0812,-25.404,1,0.0451,136.357,0.0394
classical,Spotify Orchestra: Violin,37i9dQZF1DX7TvcXU5TLWg,3PuzCx9WeePblqJECgIi78,spotify:track:3PuzCx9WeePblqJECgIi78,https://p.scdn.co/mp3-preview/1a74516a4ef711f4135fa570e00f3d37f0b8f778?cid=63a77ff40e794a12ae216a18befde98c,"Violin Concerto No. 2 in D Minor, Op. 2: III. Alla Polacca",14,"Louis Spohr,Ulf Hoelscher,Berlin Radio Symphony Orchestra,Christian Frohlich",Spohr: Violin Concertos Nos. 2 & 5,0.87,0.338,550000,0.0567,0.0767,2,0.0943,-23.896,0,0.0407,91.828,0.271
classical,Spotify Orchestra: Violin,37i9dQZF1DX7TvcXU5TLWg,2YQaHwzWB1nnLyTMmb5vXE,spotify:track:2YQaHwzWB1nnLyTMmb5vXE,https://p.scdn.co/mp3-preview/745ba2843030ca36b1ca8d69a55a8f5a1ba25386?cid=63a77ff40e794a12ae216a18befde98c,"Sonata in C Minor, Op. 45: Sonata in C Minor, Op. 45: II. Allegretto espressivo alla Romanza",26,"Edvard Grieg,Frederic Chiu,Pierre Amoyal",Grieg: Violin Sonatas,0.92,0.266,417093,0.0384,0.107,4,0.102,-26.555,1,0.0467,117.465,0.0371
classical,Spotify Orchestra: Violin,37i9dQZF1DX7TvcXU5TLWg,7GjCHuoXaH7OxrORqY1aES,spotify:track:7GjCHuoXaH7OxrORqY1aES,,"Sonata for Violin and Piano No.1 in F minor, Op.80: 3. Andante",17,"Sergei Prokofiev,Janine Jansen,Itamar Golan",Prokofiev,0.981,0.133,460507,0.00563,0.0176,5,0.0682,-32.697,1,0.0457,174.747,0.0373
classical,Spotify Orchestra: Violin,37i9dQZF1DX7TvcXU5TLWg,59C0Vy3oyizJw77a5keatg,spotify:track:59C0Vy3oyizJw77a5keatg,,"Partita For Violin Solo No.2 In D Minor, BWV 1004: 5. Ciaccona",18,"Johann Sebastian Bach,Nathan Milstein",Bach: Sonatas And Partitas,0.992,0.237,836000,0.142,0.573,2,0.0739,-16.823,1,0.0496,71.18,0.371
classical,Spotify Orchestra: Violin,37i9dQZF1DX7TvcXU5TLWg,0FUxht1HcvHSXqOpEG13Ls,spotify:track:0FUxht1HcvHSXqOpEG13Ls,https://p.scdn.co/mp3-preview/a68b0978332b23da69fcdf5eace3d3a1c3f1b910?cid=63a77ff40e794a12ae216a18befde98c,The Lark Ascending - Live,14,"Ralph Vaughan Williams,Thomas Gould,Sinfonietta Riga","Live in Riga - Beethoven: Violin Concerto, Op.61 & Vaughan Williams: The Lark Ascending",0.952,0.14,936104,0.0385,0.0288,4,0.0902,-26.885,0,0.0474,91.626,0.0393
classical,Spotify Orchestra: Violin,37i9dQZF1DX7TvcXU5TLWg,0RbfkrLmAY8SIcRnHj64m5,spotify:track:0RbfkrLmAY8SIcRnHj64m5,,Violin Concerto '1001 Nights in the Harem': Andantino,0,"Fazıl Say,Patricia Kopatchinskaja",1001 Nights in the Harem,0.813,0.259,519093,0.127,0.00262,9,0.089,-21.331,0,0.0425,100.195,0.0726
