category_id,playlist_name,playlist_id,track_id,track_uri,track_preview_url,track_name,track_popularity,artist_name,album_name,acousticness,danceability,duration_ms,energy,instrumentalness,key,liveness,loudness,mode,speechiness,tempo,valence
desi,This Is Diljit Dosanjh,37i9dQZF1DX0GO2iStOATx,5zKWrXbY0EU8ZComTwfnk6,spotify:track:5zKWrXbY0EU8ZComTwfnk6,,Laembadgini,1,"Diljit Dosanjh,Jatinder Shah",Laembadgini,0.294,0.755,186313,0.839,1.49e-05,5,0.107,-2.26,0,0.129,82.041,0.592
desi,This Is Diljit Dosanjh,37i9dQZF1DX0GO2iStOATx,3Mghyxm9EHqlXDE8811Z9B,spotify:track:3Mghyxm9EHqlXDE8811Z9B,,5 Taara,1,"Diljit Dosanjh,Jatinder Shah",5 Taara,0.13,0.687,178421,0.855,0.0,4,0.311,-2.837,0,0.109,167.947,0.659
desi,This Is Diljit Dosanjh,37i9dQZF1DX0GO2iStOATx,6jjZAa7vzI1MEPQdNLXKXy,spotify:track:6jjZAa7vzI1MEPQdNLXKXy,https://p.scdn.co/mp3-preview/82d9b5cad4ae8661bab2b3dc0afeffec1bebd1d8?cid=63a77ff40e794a12ae216a18befde98c,"Veer Vaar - From ""Sardaarji""",44,"Diljit Dosanjh,Tarunam",Best of Punjabi Superstar Diljit Dosanjh,0.391,0.72,142203,0.91,0.0,4,0.0897,-2.88,0,0.154,81.087,0.828
desi,This Is Diljit Dosanjh,37i9dQZF1DX0GO2iStOATx,1v7nvuF8Or7nTX0hqNg2FA,spotify:track:1v7nvuF8Or7nTX0hqNg2FA,,Raat Di Gedi,0,"Diljit Dosanjh,Jatinder Shah",Raat Di Gedi,0.221,0.67,198783,0.8,0.0,1,0.0716,-6.215,0,0.0784,81.048,0.744
desi,This Is Diljit Dosanjh,37i9dQZF1DX0GO2iStOATx,3chOtZ9EkYWYLT80Gjcptq,spotify:track:3chOtZ9EkYWYLT80Gjcptq,,Patiala Peg,1,Diljit Dosanjh,Patiala Peg,0.0259,0.657,188314,0.811,0.0,5,0.311,-3.253,0,0.184,175.91,0.835
desi,This Is Diljit Dosanjh,37i9dQZF1DX0GO2iStOATx,1aHRhPwlNTNdMsDcYicxb6,spotify:track:1aHRhPwlNTNdMsDcYicxb6,https://p.scdn.co/mp3-preview/7b1882835872fc88c2b05f932343e4f0c1b7e0f7?cid=63a77ff40e794a12ae216a18befde98c,Do You Know,52,Diljit Dosanjh,Do You Know,0.155,0.697,211765,0.796,0.0,1,0.162,-3.685,0,0.0742,85.002,0.312
desi,This Is Diljit Dosanjh,37i9dQZF1DX0GO2iStOATx,4xxLLbEcA3mMwpzvBWjVTR,spotify:track:4xxLLbEcA3mMwpzvBWjVTR,https://p.scdn.co/mp3-preview/87fea7a91ad539e5578507fdbb74b173bb2e6c01?cid=63a77ff40e794a12ae216a18befde98c,El Sueño (feat. Tru-Skool),42,"Diljit Dosanjh,Tru-Skool",El Sueño (feat. Tru-Skool),0.405,0.724,234436,0.634,0.0,4,0.0845,-5.491,0,0.147,87.341,0.522
desi,This Is Diljit Dosanjh,37i9dQZF1DX0GO2iStOATx,6LYvLwLtVImkquup3Ppiyu,spotify:track:6LYvLwLtVImkquup3Ppiyu,https://p.scdn.co/mp3-preview/87d4b18c505abcf5dd89d8594acca26e62ae0e0a?cid=63a77ff40e794a12ae216a18befde98c,Jatt Fire Karda,40,"Diljit Dosanjh,Preet Hundal",Jatt Fire Karda,0.195,0.719,150233,0.944,0.0,5,0.0633,-1.2,0,0.192,172.051,0.827
desi,This Is Diljit Dosanjh,37i9dQZF1DX0GO2iStOATx,7p4SfEwbVzpBhkn9ACSGzw,spotify:track:7p4SfEwbVzpBhkn9ACSGzw,https://p.scdn.co/mp3-preview/819e171a99e2280feddc77214ef19eec4b55600c?cid=63a77ff40e794a12ae216a18befde98c,Pappleen,36,Diljit Dosanjh,Sardaarji 2 (Original Motion Picture Soundtrack),0.207,0.682,160136,0.951,0.0,3,0.0658,-2.513,0,0.205,81.074,0.617
desi,This Is Diljit Dosanjh,37i9dQZF1DX0GO2iStOATx,1xzxjqnT7mZb2Sh4HaG5tc,spotify:track:1xzxjqnT7mZb2Sh4HaG5tc,https://p.scdn.co/mp3-preview/b42ec720452f2abc9529be5226396224ad134462?cid=63a77ff40e794a12ae216a18befde98c,Kharku,35,"Diljit Dosanjh,Tru-Skool",Back to Basics,0.0862,0.705,217640,0.96,3.36e-05,8,0.0239,-3.772,0,0.062,164.066,0.97
desi,This Is Diljit Dosanjh,37i9dQZF1DX0GO2iStOATx,45ZvGm4spSjkkCuuIIDWmx,spotify:track:45ZvGm4spSjkkCuuIIDWmx,https://p.scdn.co/mp3-preview/2902fa6e92a99419dfe2b3190192508bc4c37d00?cid=63a77ff40e794a12ae216a18befde98c,Mitran da Junction,36,Diljit Dosanjh,Sardaarji 2 (Original Motion Picture Soundtrack),0.357,0.545,183026,0.883,0.0,0,0.199,-2.595,1,0.141,82.613,0.591
desi,This Is Diljit Dosanjh,37i9dQZF1DX0GO2iStOATx,3Peokn3Rj1GvHWngNR0pJy,spotify:track:3Peokn3Rj1GvHWngNR0pJy,https://p.scdn.co/mp3-preview/0bf346db9f32b6b13ea65981123eaea4b8d405bb?cid=63a77ff40e794a12ae216a18befde98c,"Sweetoo - From ""Disco Singh""",35,Diljit Dosanjh,Best of Punjabi Superstar Diljit Dosanjh,0.0875,0.65,132271,0.895,0.0,11,0.0586,-3.173,0,0.17,90.299,0.923
desi,This Is Diljit Dosanjh,37i9dQZF1DX0GO2iStOATx,4EQxlW6xqddgkzeno3I2Xe,spotify:track:4EQxlW6xqddgkzeno3I2Xe,https://p.scdn.co/mp3-preview/8e7554c4d517123a7066e3f79aef4fbf897aea92?cid=63a77ff40e794a12ae216a18befde98c,Strawberry,31,"Diljit Dosanjh,Tru-Skool",Back to Basics,0.181,0.684,231028,0.91,5.81e-05,2,0.769,-5.415,0,0.0437,95.27,0.948
desi,This Is Diljit Dosanjh,37i9dQZF1DX0GO2iStOATx,4CdbHUKH3YQ9AIDY3Zwtic,spotify:track:4CdbHUKH3YQ9AIDY3Zwtic,,"Pagg Wala Munda (From ""Ambarsariya"")",20,"Diljit Dosanjh,Tarannum Malik",Diljit Hits Paggwala Munda,0.26,0.684,161843,0.861,0.0,4,0.137,-3.147,0,0.217,169.898,0.71
desi,This Is Diljit Dosanjh,37i9dQZF1DX0GO2iStOATx,43ptYENIQJfqMWdCtyGFk8,spotify:track:43ptYENIQJfqMWdCtyGFk8,https://p.scdn.co/mp3-preview/485eae8735f391ca7ca3e0dd6370099ced443472?cid=63a77ff40e794a12ae216a18befde98c,Lak 28 Kudi Da,27,"Diljit Dosanjh,Yo Yo Honey Singh",Lak 28 Kudi Da,0.076,0.801,212680,0.993,2.2e-05,5,0.188,-4.106,0,0.0635,125.033,0.807
desi,This Is Diljit Dosanjh,37i9dQZF1DX0GO2iStOATx,3CqkVhjv8Nqxal0R5BwEkk,spotify:track:3CqkVhjv8Nqxal0R5BwEkk,https://p.scdn.co/mp3-preview/350df048df1e3a033d2c414e37fe2674e5357669?cid=63a77ff40e794a12ae216a18befde98c,"Happy Birthday - From ""Disco Singh""",35,Diljit Dosanjh,Best of Punjabi Superstar Diljit Dosanjh,0.385,0.771,162196,0.785,0.0,0,0.135,-6.166,0,0.048,96.988,0.895
desi,This Is Diljit Dosanjh,37i9dQZF1DX0GO2iStOATx,1qnokw81gocFf5D397kIki,spotify:track:1qnokw81gocFf5D397kIki,,"Ju Think (From ""Ambarsariya"")",19,Diljit Dosanjh,Diljit Hits Paggwala Munda,0.277,0.705,148537,0.887,0.0,5,0.169,-2.086,0,0.0661,175.936,0.619
desi,This Is Diljit Dosanjh,37i9dQZF1DX0GO2iStOATx,1sPu6Tfpdk5nksIKixMTJ6,spotify:track:1sPu6Tfpdk5nksIKixMTJ6,https://p.scdn.co/mp3-preview/62bd9a734fa44d15539a0b6d59661b38ffce2c3e?cid=63a77ff40e794a12ae216a18befde98c,"Ak 47 - From ""Hero Naam Yaad Rakhi""",31,Diljit Dosanjh,Best of Punjabi Superstar Diljit Dosanjh,0.111,0.753,190934,0.76,0.0,7,0.129,-5.758,0,0.113,78.006,0.664
desi,This Is Diljit Dosanjh,37i9dQZF1DX0GO2iStOATx,6iFKuT3vqpWcKKnAVRwIoU,spotify:track:6iFKuT3vqpWcKKnAVRwIoU,https://p.scdn.co/mp3-preview/dc2d00d164d954d6612eeeecde2dd980c6a44f0a?cid=63a77ff40e794a12ae216a18befde98c,"Channo - From ""Punjab 1984""",30,Diljit Dosanjh,Best of Punjabi Superstar Diljit Dosanjh,0.125,0.53,172095,0.702,1.33e-06,7,0.276,-6.259,1,0.197,82.767,0.854
desi,This Is Diljit Dosanjh,37i9dQZF1DX0GO2iStOATx,4n0NkV5KWO0Vt7yRa2ptNm,spotify:track:4n0NkV5KWO0Vt7yRa2ptNm,,Blow Out Crackers Diwali Remix Mashup,0,"Diljit Dosanjh,Mankirt Aulakh,Amrit Maan",Blow Out Crackers Diwali Remix Mashup,0.0113,0.596,290360,0.9,1.42e-05,11,0.315,-5.542,0,0.196,91.007,0.543
desi,This Is Diljit Dosanjh,37i9dQZF1DX0GO2iStOATx,5dnN0pXE56qH1ufb8HennJ,spotify:track:5dnN0pXE56qH1ufb8HennJ,https://p.scdn.co/mp3-preview/a39f52d924001a46a5ca8b68d2ded9bc35f8d658?cid=63a77ff40e794a12ae216a18befde98c,"Sardaarji - From ""Sardaarji""",30,Diljit Dosanjh,Best of Punjabi Superstar Diljit Dosanjh,0.173,0.698,128319,0.892,0.0,10,0.0774,-2.743,0,0.0698,80.978,0.579
desi,This Is Diljit Dosanjh,37i9dQZF1DX0GO2iStOATx,1mYjwd7fhieNlsrjiFyOr0,spotify:track:1mYjwd7fhieNlsrjiFyOr0,https://p.scdn.co/mp3-preview/0e76c5fa7fbef1867fc329d85a0b74ea4d4b2896?cid=63a77ff40e794a12ae216a18befde98c,Radio,28,"Diljit Dosanjh,Tru-Skool",Back to Basics,0.115,0.676,244960,0.964,0.000702,1,0.373,-2.322,0,0.102,97.734,0.804
desi,This Is Diljit Dosanjh,37i9dQZF1DX0GO2iStOATx,6kqTzI4FCVdot2cVP1Zcqe,spotify:track:6kqTzI4FCVdot2cVP1Zcqe,https://p.scdn.co/mp3-preview/c50c4eae7c585daffef7cf4079eec2d6cec90059?cid=63a77ff40e794a12ae216a18befde98c,Poh Di Raat,26,"Diljit Dosanjh,Tee L",Back to Basics,0.066,0.689,224733,0.872,0.0,10,0.0998,-7.185,0,0.0638,147.951,0.318
desi,This Is Diljit Dosanjh,37i9dQZF1DX0GO2iStOATx,3rPI8YjjppwukNQ9oVm1vL,spotify:track:3rPI8YjjppwukNQ9oVm1vL,,"Jhanjhar (From ""Jihne Mera Dil Luteya"")",19,"Gippy Grewal,Diljit Dosanjh,Gurlez Akhtar",Diljit Hits Paggwala Munda,0.215,0.747,326053,0.929,0.0,1,0.0804,-4.852,1,0.0883,124.994,0.446
desi,This Is Diljit Dosanjh,37i9dQZF1DX0GO2iStOATx,3GUpX7xIjE4Z3tYjKK3oY7,spotify:track:3GUpX7xIjE4Z3tYjKK3oY7,https://p.scdn.co/mp3-preview/afa84036dafafbf446f4196628e7b1d04c48f284?cid=63a77ff40e794a12ae216a18befde98c,Truck,26,"Diljit Dosanjh,Tru-Skool",Back to Basics,0.515,0.715,209933,0.94,3.22e-05,1,0.191,-3.902,0,0.169,110.148,0.963
desi,This Is Diljit Dosanjh,37i9dQZF1DX0GO2iStOATx,2MIlXiV4IGhkcjhfc52xme,spotify:track:2MIlXiV4IGhkcjhfc52xme,https://p.scdn.co/mp3-preview/bceaaf5193f92a8a5315c54a7e6335c60428afe1?cid=63a77ff40e794a12ae216a18befde98c,Singh Naal Jodi,24,"Sukshinder Shinda,Diljit Dosanjh",Collaborations 3,0.298,0.633,251341,0.908,0.0,1,0.66,-3.264,1,0.101,83.575,0.891
desi,This Is Diljit Dosanjh,37i9dQZF1DX0GO2iStOATx,1GkNtrdqGL138yycpAnsMM,spotify:track:1GkNtrdqGL138yycpAnsMM,,"Punjabi Munde (From ""Mel Karade Rabba"")",16,"Diljit Dosanjh,Kamla Punjabi,Deep Cold",Diljit Hits Paggwala Munda,0.0434,0.584,225724,0.836,0.0,1,0.132,-4.202,1,0.205,81.831,0.862
desi,This Is Diljit Dosanjh,37i9dQZF1DX0GO2iStOATx,5fuXyn3OBdYnGmgncTLUiE,spotify:track:5fuXyn3OBdYnGmgncTLUiE,https://p.scdn.co/mp3-preview/01f32faf087f5f5ba903db4bda9dd044c051f2e8?cid=63a77ff40e794a12ae216a18befde98c,Raula,34,"Pritam,Diljit Dosanjh,Neeti Mohan,Shah Rukh Khan,Anushka Sharma",Jab Harry Met Sejal (Original Motion Picture Soundtrack),0.123,0.752,256364,0.965,7.4e-05,0,0.233,-5.309,1,0.0532,120.979,0.9
desi,This Is Diljit Dosanjh,37i9dQZF1DX0GO2iStOATx,4SyJ5EGcKes6ko7TTtYd5i,spotify:track:4SyJ5EGcKes6ko7TTtYd5i,https://p.scdn.co/mp3-preview/84204a3cc42466c2a3659331ac983525f62eb057?cid=63a77ff40e794a12ae216a18befde98c,"Kismat - From ""Punjab 1984""",28,"Diljit Dosanjh,Veet Baljit",Best of Punjabi Superstar Diljit Dosanjh,0.661,0.532,217297,0.591,2.8e-06,6,0.131,-6.437,0,0.0403,147.933,0.524
desi,This Is Diljit Dosanjh,37i9dQZF1DX0GO2iStOATx,2ANLVRKX1yKrYODxZH5EBX,spotify:track:2ANLVRKX1yKrYODxZH5EBX,https://p.scdn.co/mp3-preview/fd86ab58ca4547bdfe571c75562822e03214080c?cid=63a77ff40e794a12ae216a18befde98c,Dhan Guru Nanak,29,Diljit Dosanjh,Dhan Guru Nanak,0.419,0.644,212321,0.866,0.0,1,0.0873,-2.978,0,0.063,81.988,0.376
