category_id,playlist_name,playlist_id,track_id,track_uri,track_preview_url,track_name,track_popularity,artist_name,album_name,acousticness,danceability,duration_ms,energy,instrumentalness,key,liveness,loudness,mode,speechiness,tempo,valence
classical,Classical Noir,37i9dQZF1DXbm0dp7JzNeL,1oUEK4wsoVoCaf5pT1tCxk,spotify:track:1oUEK4wsoVoCaf5pT1tCxk,,They Being Dead Yet Speaketh,13,Jóhann Jóhannsson,The Miners' Hymns,0.914,0.093,627960,0.0282,0.933,0,0.0988,-25.666,0,0.0422,66.241,0.0325
classical,Classical Noir,37i9dQZF1DXbm0dp7JzNeL,0rCo2TL6sZDjXdwwvfZPen,spotify:track:0rCo2TL6sZDjXdwwvfZPen,,Near Light,4,"Ólafur Arnalds,Mari Samuelsen,Hakon Samuelsen,TrondheimSolistene",Nordic Noir,0.961,0.162,179152,0.124,0.602,2,0.107,-12.6,1,0.0431,132.077,0.0686
classical,Classical Noir,37i9dQZF1DXbm0dp7JzNeL,5BIrkbuzElPZGMVSNC3JKg,spotify:track:5BIrkbuzElPZGMVSNC3JKg,,Cantus In Memory Of Benjamin Britten,1,"Arvo Pärt,Staatsorchester Stuttgart,Dennis Russell Davies",Arvo Pärt: Tabula Rasa,0.865,0.211,300493,0.149,0.897,9,0.0712,-19.171,0,0.0364,67.051,0.0385
classical,Classical Noir,37i9dQZF1DXbm0dp7JzNeL,4XLPaC1yiwe3kIV4dz7TYw,spotify:track:4XLPaC1yiwe3kIV4dz7TYw,https://p.scdn.co/mp3-preview/3264f8c6d677737c5f3e6c2212ab8e70c10cf084?cid=63a77ff40e794a12ae216a18befde98c,Polish Requiem: Agnus Dei (arr. for 8 cellos),26,"Anonymous,Krzysztof Penderecki,Jan Kalinowski,Beata Urbanek-Kalinowska,Anna Armatys-Borrelli,Karolina Jaroszewska,Marcin Mączyński,Franciszek Pall,Michał Dąbek,Marta Nagawiecka",Polish Cello Music,0.956,0.0855,440920,0.0423,0.909,1,0.113,-20.113,1,0.0449,84.945,0.0304
classical,Classical Noir,37i9dQZF1DXbm0dp7JzNeL,3T1deHpPmQ8duImGmmaKvn,spotify:track:3T1deHpPmQ8duImGmmaKvn,https://p.scdn.co/mp3-preview/a84904c5e5b5ddb5ea52fae2ae882b9a6453b2fb?cid=63a77ff40e794a12ae216a18befde98c,Ravel : Gaspard de la nuit : II Le gibet,22,"Maurice Ravel,Pierre-Laurent Aimard",Ravel : Gaspard de la Nuit,0.995,0.465,430853,0.00412,0.953,3,0.0594,-35.914,1,0.178,165.903,0.0398
classical,Classical Noir,37i9dQZF1DXbm0dp7JzNeL,122qz1dG8yJgfz7NV22sd4,spotify:track:122qz1dG8yJgfz7NV22sd4,https://p.scdn.co/mp3-preview/5e72bad491c166f36ac047cf98d083e5c2e97d45?cid=63a77ff40e794a12ae216a18befde98c,"25 Preludes dans tous les tons majeurs et mineurs, Op. 31: No. 8 La chanson de la folle au bord de la mer: Lentement",33,"Charles-Valentin Alkan,Laurent Martin","Alkan: Preludes, Op. 31",0.804,0.306,282000,0.00655,0.946,8,0.114,-30.428,1,0.0568,70.128,0.0368
classical,Classical Noir,37i9dQZF1DXbm0dp7JzNeL,0JVr2fTNqkJB7UPEl46YY2,spotify:track:0JVr2fTNqkJB7UPEl46YY2,https://p.scdn.co/mp3-preview/bb5abc3e623ffa6dcaa07e4e82c1ca9b32503dde?cid=63a77ff40e794a12ae216a18befde98c,"Webern: 6 Pieces, Op. 6: IV. Langsam (Marcia funebre)",19,"Anton Webern,Sir Simon Rattle,City Of Birmingham Symphony Orchestra","Schoenberg, Webern & Berg: Orchestral Works",0.466,0.151,264467,0.000659,0.266,9,0.0558,-27.919,0,0.0457,106.441,0.0896
classical,Classical Noir,37i9dQZF1DXbm0dp7JzNeL,0XZsB7VdPjaSlLuVgTGwb3,spotify:track:0XZsB7VdPjaSlLuVgTGwb3,https://p.scdn.co/mp3-preview/ce7294c6f6bc7d0e8bb270b6267ddf7f67b93ac9?cid=63a77ff40e794a12ae216a18befde98c,"Requiem in D Minor K626, III. Sequenz: Lacrimosa dies illa",28,"Wolfgang Amadeus Mozart,Caroline Maria Petrig/Christel Borchers/Peter Straka/Mathias Hölle/Philharmonischer Chor München/Münchner Philharmoniker/Sergiù Celibidache,Sergiu Celibidache,Munich Philharmonic Orchestra",Mozart: Requiem in D Minor,0.984,0.102,246053,0.0821,0.927,2,0.0664,-20.332,0,0.04,168.369,0.0378
classical,Classical Noir,37i9dQZF1DXbm0dp7JzNeL,46lvFLq4iPI3wXHm75uahc,spotify:track:46lvFLq4iPI3wXHm75uahc,https://p.scdn.co/mp3-preview/93c40560455b0e4b5c8cbfad98e84794eb1f0880?cid=63a77ff40e794a12ae216a18befde98c,"Pohjola's Daughter, Op. 49",21,"Jean Sibelius,Lahti Symphony Orchestra,Osmo Vänskä",Sibelius (The Essential),0.941,0.115,805227,0.134,0.801,10,0.0924,-23.734,1,0.0476,86.007,0.0383
classical,Classical Noir,37i9dQZF1DXbm0dp7JzNeL,4bCqYItl0RF78jKe4AawUS,spotify:track:4bCqYItl0RF78jKe4AawUS,https://p.scdn.co/mp3-preview/19a2a4d1c5687179bed56565acdfa3eb806e6bf0?cid=63a77ff40e794a12ae216a18befde98c,Piano Quintet: I. Moderato,22,"Alfred Schnittke,Roland Pöntinen,Tale Quartet",Schnittke: Piano Quintet / String Trio / Piano Quartet / Canon,0.898,0.196,374040,0.0062,0.639,3,0.0838,-29.028,0,0.0395,92.145,0.031
classical,Classical Noir,37i9dQZF1DXbm0dp7JzNeL,5auxPiQ8ouJWE1Pe3SWhOc,spotify:track:5auxPiQ8ouJWE1Pe3SWhOc,https://p.scdn.co/mp3-preview/4ef70298bc35a6ced6c3a86ad9c32447e5093568?cid=63a77ff40e794a12ae216a18befde98c,Clockworking,29,"Maria Huld Markan Sigfúsdóttir,Nordic Affect",Clockworking,0.815,0.221,455263,0.161,0.749,6,0.113,-13.976,1,0.0357,100.023,0.034
classical,Classical Noir,37i9dQZF1DXbm0dp7JzNeL,7a6H6RxBv1Mgdel1sBm6vp,spotify:track:7a6H6RxBv1Mgdel1sBm6vp,https://p.scdn.co/mp3-preview/1059b1e528416ec1407a2be0cc1d58a605169457?cid=63a77ff40e794a12ae216a18befde98c,"Etudes-tableaux, Op. 39: No. 2 in A Minor: Lento assai",20,"Sergei Rachmaninoff,Rustem Hayroudinoff",Rachmaninov: Etudes-Tableaux (Complete),0.994,0.217,386200,0.0145,0.826,9,0.0506,-30.187,0,0.0345,76.583,0.0505
classical,Classical Noir,37i9dQZF1DXbm0dp7JzNeL,4EdyizqJWtE0dcphilV4oO,spotify:track:4EdyizqJWtE0dcphilV4oO,https://p.scdn.co/mp3-preview/df2f4717a949eb1a779246fc6e0df46b4ab88056?cid=63a77ff40e794a12ae216a18befde98c,"II. Largo, Cantabile",19,"Henryk Górecki,Kronos Quartet",Henryk Gorecki: String Quartet No. 3 (...Songs Are Sung),0.983,0.0938,659373,0.00933,0.689,0,0.0994,-34.878,0,0.0426,88.499,0.0296
classical,Classical Noir,37i9dQZF1DXbm0dp7JzNeL,2XyWegQEhThUUhP2vfya0u,spotify:track:2XyWegQEhThUUhP2vfya0u,https://p.scdn.co/mp3-preview/80d7d5f7ff68756b5ea0667b5de77027f6842488?cid=63a77ff40e794a12ae216a18befde98c,"Piano Sonata No. 9 in F Major, Op. 68, ""Black Mass""",22,"Alexander Scriabin,Anna Malikova",Scriabin: The Piano Sonatas,0.99,0.28,504880,0.0937,0.899,8,0.0749,-23.162,0,0.0384,74.389,0.032
classical,Classical Noir,37i9dQZF1DXbm0dp7JzNeL,7qxpkSepaj1ov8dz86xrnY,spotify:track:7qxpkSepaj1ov8dz86xrnY,https://p.scdn.co/mp3-preview/20d84332befa00a67402eb6e2b2dcfead9fee3a5?cid=63a77ff40e794a12ae216a18befde98c,"Symphony No. 4, ""Chiaroscuro"": III. Dream sequence",18,"Gloria Coates,Stuttgart Philharmonic Orchestra,Wolf-Dieter Hauschild","Coates: Symphonies Nos. 1, 4 & 7",0.611,0.163,571267,0.156,0.898,0,0.243,-25.973,1,0.0447,130.701,0.0347
classical,Classical Noir,37i9dQZF1DXbm0dp7JzNeL,2zylrbPqy9NHDiCWgQ40OE,spotify:track:2zylrbPqy9NHDiCWgQ40OE,,"String Quartet No. 8 in C Minor, Op. 110: 1. Largo",20,"Dmitri Shostakovich,Borodin Quartet","Shostakovich: String Quartets Nos. 1, 8 & 14",0.976,0.0637,337133,0.0167,0.923,0,0.0888,-29.518,1,0.0481,66.23,0.0311
classical,Classical Noir,37i9dQZF1DXbm0dp7JzNeL,6VB8rKzkK1zOxHxCMu4s2Z,spotify:track:6VB8rKzkK1zOxHxCMu4s2Z,,Adagio for Strings Op. 11,3,"Samuel Barber,Leonard Slatkin,St. Louis Symphony",Barber: Orchestral Works,0.881,0.139,553867,0.0285,0.816,10,0.354,-27.244,0,0.0547,81.291,0.0305
classical,Classical Noir,37i9dQZF1DXbm0dp7JzNeL,2WaFKAzo6YiS1Y5miHPMVt,spotify:track:2WaFKAzo6YiS1Y5miHPMVt,https://p.scdn.co/mp3-preview/5aca422c65d830074a8bb8bcc9e32f9e3a0edcf9?cid=63a77ff40e794a12ae216a18befde98c,"Chopin: Nocturne No. 21 in C Minor, Op. posth.",28,"Frédéric Chopin,Fazıl Say",Chopin: Nocturnes,0.993,0.283,227787,0.00952,0.878,5,0.086,-34.819,0,0.0408,65.861,0.0486
classical,Classical Noir,37i9dQZF1DXbm0dp7JzNeL,1upQiytDIEZfl9ItruoXuC,spotify:track:1upQiytDIEZfl9ItruoXuC,https://p.scdn.co/mp3-preview/a4db8e757fef306c7a2cdb88cec1e9f6631d1e7d?cid=63a77ff40e794a12ae216a18befde98c,"Handel / Arr. Hale: Keyboard Suite in D Minor, HWV 437: III. Sarabande",57,"George Frideric Handel,Alexander Briger,Academy of St. Martin in the Fields",Handel Sarabande,0.927,0.204,207267,0.0331,0.825,2,0.0954,-24.044,0,0.0487,116.2,0.0547
classical,Classical Noir,37i9dQZF1DXbm0dp7JzNeL,4DArlWJtbQijwjHeSxy3zn,spotify:track:4DArlWJtbQijwjHeSxy3zn,https://p.scdn.co/mp3-preview/c8f91495bca79fb69c1b62b2b460298c36dfc68e?cid=63a77ff40e794a12ae216a18befde98c,"Quatuor pour la fin du temps, I/22: VIII. Louange à l'immortalité de Jésus",18,"Olivier Messiaen,David Krakauer,Jonathan Crow,Matt Haimovitz,Geoffrey Burleson",Akoka: Reframing Messiaen's Quartet for the End of Time,0.939,0.159,558800,0.0108,0.0383,4,0.0734,-31.192,1,0.0435,85.258,0.0234
classical,Classical Noir,37i9dQZF1DXbm0dp7JzNeL,6Fs6jVuR8fvj6X3Ti7r5Kr,spotify:track:6Fs6jVuR8fvj6X3Ti7r5Kr,https://p.scdn.co/mp3-preview/d8c22001eacc35fb70250211e0f2504bdeea1b75?cid=63a77ff40e794a12ae216a18befde98c,"Concerto for Orchestra, Sz. 116: III. Elegia. Andante non troppo",16,"Béla Bartók,Esa-Pekka Salonen","Bartók: Concerto for Orchestra, Sz. 116 & Music for Strings, Percussion & Celesta, Sz. 106",0.893,0.0892,467467,0.0154,0.434,1,0.146,-28.805,1,0.0413,66.365,0.0316
classical,Classical Noir,37i9dQZF1DXbm0dp7JzNeL,1lpzWjKmGH0DVMs64HnHlU,spotify:track:1lpzWjKmGH0DVMs64HnHlU,,Adagio for Strings and Organ in G minor,0,"Tomaso Albinoni,Stuttgart Chamber Orchestra,Karl Münchinger",Albinoni / J.S.Bach / Handel / Pachelbel etc.: Adagio / Fugue in G minor / Organ Concerto No.4 / Canon etc.,0.54,0.192,435427,0.13,0.921,0,0.111,-18.376,0,0.0433,66.403,0.0349
classical,Classical Noir,37i9dQZF1DXbm0dp7JzNeL,4c14ntiiKjPoqEoS1B2WgS,spotify:track:4c14ntiiKjPoqEoS1B2WgS,,Memento mori,0,"Peter Sculthorpe,Adelaide Symphony Orchestra,David Porcelijn",Sculthorpe: Sun Music,0.949,0.0627,851467,0.104,0.893,0,0.11,-20.299,0,0.04,65.934,0.0372
classical,Classical Noir,37i9dQZF1DXbm0dp7JzNeL,2L1qT4KrbTw6Xa8KokrlgJ,spotify:track:2L1qT4KrbTw6Xa8KokrlgJ,https://p.scdn.co/mp3-preview/7152dea264513ce47a27366d49e6283d175f7ad1?cid=63a77ff40e794a12ae216a18befde98c,"12 Caprices, Op. 25: No. 2 in E Flat Major - Andante religioso",17,"Alfredo Piatti,Antonio Meneses",Capriccioso,0.963,0.183,399640,0.0276,0.925,3,0.105,-28.136,1,0.0443,112.616,0.0596
classical,Classical Noir,37i9dQZF1DXbm0dp7JzNeL,07V8fjvVDDts3mPpChyS2H,spotify:track:07V8fjvVDDts3mPpChyS2H,https://p.scdn.co/mp3-preview/e79a9f33a7103098070ee6863b5434e622c867fc?cid=63a77ff40e794a12ae216a18befde98c,Franck : 3 Chorales : No.2 in B minor,15,"César Franck,Marie-Claire Alain",Franck : Organ Works (Apex),0.734,0.168,852240,0.0836,0.838,11,0.111,-19.159,0,0.0451,114.216,0.0394
classical,Classical Noir,37i9dQZF1DXbm0dp7JzNeL,4WpkwjIvLMMvBi8XA5echL,spotify:track:4WpkwjIvLMMvBi8XA5echL,https://p.scdn.co/mp3-preview/5dc71efda0d62b85039ed8af2a0f43e0dbb2d047?cid=63a77ff40e794a12ae216a18befde98c,Lux aeterna,20,"György Ligeti,Daniel Reuss,Cappella Amsterdam",Ligeti: Lux aeterna,0.992,0.0638,590000,0.0177,0.974,0,0.069,-32.176,1,0.0415,54.209,0.0219
classical,Classical Noir,37i9dQZF1DXbm0dp7JzNeL,00qIU8W6JbTXLyLNTAf7HL,spotify:track:00qIU8W6JbTXLyLNTAf7HL,https://p.scdn.co/mp3-preview/3e5e7fa0cf829d9eab301e37abc88346ecc27a9c?cid=63a77ff40e794a12ae216a18befde98c,"Peer Gynt, Op. 23: Act III: Prelude (Forspill til Ases dod) (Prelude to the Death of Ase)",19,"Edvard Grieg,Svein Sturla Hungnes,Marita Sølberg,Kari Simonsen,Andrea Bræin Hovig,Bjorn Willberg Andersen,Ståle Bjørnhaug,Håkan Hagegård,Ingebjorg Kosmo,Kari Postma,Hilde Haraldsen Sveen,Ilkka Leppänen,Torbjorn Gulbrandsoy,Bergen Philharmonic Orchestra,Ole Kristian Ruud",Grieg: Peer Gynt (Complete Play and Complete Incidental Music),0.841,0.195,268440,0.0194,0.774,11,0.103,-28.489,0,0.0384,85.614,0.0345
classical,Classical Noir,37i9dQZF1DXbm0dp7JzNeL,0iEIVX3DPGPX3ESUEXNsQv,spotify:track:0iEIVX3DPGPX3ESUEXNsQv,,"Kol Nidrei - Adagio For Cello, Opus 47",17,"Max Bruch,Alisa Weilerstein,Staatskapelle Berlin,Daniel Barenboim",Elgar & Carter Cello Concertos,0.979,0.11,649200,0.128,0.871,2,0.368,-21.281,1,0.0458,81.059,0.0398
classical,Classical Noir,37i9dQZF1DXbm0dp7JzNeL,5Ctje9srugvwbYZGgZxarl,spotify:track:5Ctje9srugvwbYZGgZxarl,,The Lamb (For String Orchestra),4,John Tavener,Children Of Men (Music From The Motion Picture),0.937,0.0689,200080,0.0475,0.819,4,0.163,-27.376,0,0.0508,74.864,0.0338
classical,Classical Noir,37i9dQZF1DXbm0dp7JzNeL,5mWkfnUTRXT7uG8bsZ88q7,spotify:track:5mWkfnUTRXT7uG8bsZ88q7,,"Fiori Musicali di diverse compositioni Toccate, Kyrie, Canzoni, Capricci e Recercari, Op. 12: No 16, Toccata cromatica per l'Elevazione",0,"Girolamo Frescobaldi,Mirella Giardelli","Amours, Zéphyrs Et Sirènes: Works by Castaldi, Falconieri, Frescobaldi, Merula, Rossi & Uccellini",0.981,0.0676,240320,0.000483,0.994,8,0.142,-32.668,0,0.0586,62.703,0.371
classical,Classical Noir,37i9dQZF1DXbm0dp7JzNeL,0zQx2YEcN2aGN881kvK2H6,spotify:track:0zQx2YEcN2aGN881kvK2H6,https://p.scdn.co/mp3-preview/880e15ecaa9221b446ac829c67a6d4cd595e39bc?cid=63a77ff40e794a12ae216a18befde98c,"Symphony No. 6 in B Minor, Op. 74, TH 30 ""Pathétique"": IV. Finale: Adagio lamentoso",25,"Pyotr Ilyich Tchaikovsky,City Of Birmingham Symphony Orchestra,Andris Nelsons","Tchaikovsky: Symphony No. 6 in B Minor, Op. 74, TH 30 ""Pathétique""",0.91,0.0651,643347,0.0391,0.911,11,0.327,-20.793,0,0.0416,74.891,0.0367
classical,Classical Noir,37i9dQZF1DXbm0dp7JzNeL,37fsMijbQFavVLqhEeYdZN,spotify:track:37fsMijbQFavVLqhEeYdZN,https://p.scdn.co/mp3-preview/d94d3905227c04c164d15d8c5720c088818bb18c?cid=63a77ff40e794a12ae216a18befde98c,Farewell Serenade,17,"Valentin Silvestrov,Kiev Virtuosi Chamber Orchestra,Dmitry Yablonsky",Valentin Silvestrov: Moments of Memory II,0.966,0.151,375520,0.0194,0.892,1,0.151,-32.798,1,0.0418,79.577,0.0303
classical,Classical Noir,37i9dQZF1DXbm0dp7JzNeL,1qxYeqTGt09iKB4tJE4c4s,spotify:track:1qxYeqTGt09iKB4tJE4c4s,https://p.scdn.co/mp3-preview/b1afb0c9b80cf89d8bc4f03a016474fbee8f3276?cid=63a77ff40e794a12ae216a18befde98c,"String Quartet No. 14 in D Minor, D. 810, ""Death and the Maiden"" (arr. G. Mahler): II. Andante con moto",17,"Franz Schubert,Gustav Mahler,Norwegian Chamber Orchestra,Iona Brown","Schoenberg: Verklarte Nacht / Schubert: String Quartet No. 14, ""Death and the Maiden""",0.913,0.218,826200,0.0201,0.105,7,0.141,-27.851,0,0.0458,102.903,0.0499
classical,Classical Noir,37i9dQZF1DXbm0dp7JzNeL,64kB7XwmKidXujBj5YybDC,spotify:track:64kB7XwmKidXujBj5YybDC,https://p.scdn.co/mp3-preview/0ee1aac799503ae6b4d081e98d889dee8da1a8e8?cid=63a77ff40e794a12ae216a18befde98c,"Lachrimae Antiquae from Lachrimae, or Seaven Teares",16,"John Dowland,Fretwork/Christopher Wilson",Dowland - Lachrimae,0.83,0.124,257027,0.00869,0.00493,7,0.156,-29.814,0,0.0398,96.856,0.0627
classical,Classical Noir,37i9dQZF1DXbm0dp7JzNeL,1iMcDtoVSkkp3soq4c73VH,spotify:track:1iMcDtoVSkkp3soq4c73VH,https://p.scdn.co/mp3-preview/a4434d73432af2cb3f89b4b643bedd0d1ce54c09?cid=63a77ff40e794a12ae216a18befde98c,Greenwood: Popcorn Superhet Receiver: Part 1,18,"Jonny Greenwood,Krzysztof Penderecki,Marek Mos,AUKSO Orchestra",Penderecki & Greenwood: Threnody for the Victims of Hiroshima / Popcorn Superhet Receiver / Polymorphia / 48 Responses to Polymorphia,0.831,0.0856,522173,0.142,0.794,7,0.365,-20.718,1,0.0413,85.743,0.0318
classical,Classical Noir,37i9dQZF1DXbm0dp7JzNeL,2qysZXfqKJN6ui7EBN14Bn,spotify:track:2qysZXfqKJN6ui7EBN14Bn,https://p.scdn.co/mp3-preview/549b1fbabcbf3cf252567c873969ce0b47dee55a?cid=63a77ff40e794a12ae216a18befde98c,Musica Dolorosa,16,"Pēteris Vasks,Mats Levin,Swedish Chamber Orchestra",Vasks: Violin Concerto / Musica Dolorosa / Viatore,0.735,0.118,761440,0.0856,0.899,2,0.0955,-19.754,0,0.0378,91.111,0.0348
classical,Classical Noir,37i9dQZF1DXbm0dp7JzNeL,3MacOOGmBb1CKeIKyEvxUO,spotify:track:3MacOOGmBb1CKeIKyEvxUO,https://p.scdn.co/mp3-preview/b11ef4cd9e58bd2db471fe64084d682614af2595?cid=63a77ff40e794a12ae216a18befde98c,Elégie Op. 24,16,"Gabriel Fauré,Han-Na Chang,Mstislav Rostropovich,London Symphony Orchestra",Works for Cello and Orchestra,0.978,0.083,476640,0.0415,0.945,8,0.106,-24.494,1,0.0475,172.653,0.0379
classical,Classical Noir,37i9dQZF1DXbm0dp7JzNeL,4trcsWC1KQ8KFHpvJASDGb,spotify:track:4trcsWC1KQ8KFHpvJASDGb,,Funeral Music: IV. Sehr langsam - Vor deinen Thron tret' ich hiermit (Choral),0,"Paul Hindemith,Antoine Tamestit,Frankfurt Radio Symphony Orchestra,Paavo Järvi",Bratsche !,0.844,0.0796,138320,0.0225,0.248,11,0.0868,-28.723,0,0.0475,173.22,0.0371
classical,Classical Noir,37i9dQZF1DXbm0dp7JzNeL,2GzOlovxKiJU9Ccz1SFbWi,spotify:track:2GzOlovxKiJU9Ccz1SFbWi,https://p.scdn.co/mp3-preview/81bca49f84cddcb22736038f71e4d76864e8f5c4?cid=63a77ff40e794a12ae216a18befde98c,"Symphonie ""Nähe fern"": Symphonie ""Nähe fern"": Nähe fern I",15,"Wolfgang Rihm,Luzerner Sinfonieorchester,James Gaffigan","Rihm: Symphonie ""Nähe fern""",0.901,0.17,733053,0.0467,0.895,5,0.164,-23.968,1,0.0407,82.008,0.0311
classical,Classical Noir,37i9dQZF1DXbm0dp7JzNeL,4naUJDlqDVVsxMZof6itRU,spotify:track:4naUJDlqDVVsxMZof6itRU,https://p.scdn.co/mp3-preview/2b5291c7317807848e5764985c2b48297df05001?cid=63a77ff40e794a12ae216a18befde98c,5 Night-Pieces: No. 1. Elegie,14,"Hans Werner Henze,Peter Sheppard Skærved,Aaron Shorr",Henze: Violin Concertos Nos. 1 and 3,0.86,0.228,185840,0.0393,0.136,7,0.142,-24.18,1,0.0515,129.631,0.0372
classical,Classical Noir,37i9dQZF1DXbm0dp7JzNeL,2EqV45dEeSA7qyOItXMxuX,spotify:track:2EqV45dEeSA7qyOItXMxuX,,"Violin Concerto ""To The Memory Of An Angel"": 1. Andante - Allegro",0,"Alban Berg,Anne-Sophie Mutter,Chicago Symphony Orchestra,James Levine",Berg: Violin Concerto / Rihm: Time Chant (1991/92),0.942,0.139,695427,0.0762,0.294,7,0.194,-24.495,1,0.0431,91.605,0.0358
classical,Classical Noir,37i9dQZF1DXbm0dp7JzNeL,4P1NbXfy88kP5QpV4pcWVh,spotify:track:4P1NbXfy88kP5QpV4pcWVh,https://p.scdn.co/mp3-preview/add512843efe867cbb1cdd1c34ce2d56d036d81e?cid=63a77ff40e794a12ae216a18befde98c,Sun Will Set,35,Zoë Keating,One Cello x 16: Natoma,0.953,0.496,476027,0.128,0.784,7,0.0749,-16.785,1,0.0351,118.013,0.138
classical,Classical Noir,37i9dQZF1DXbm0dp7JzNeL,7nYi9v77YodnVe8MWIEVPK,spotify:track:7nYi9v77YodnVe8MWIEVPK,,Da pacem Domine,0,"Ross Edwards,Sydney Symphony Orchestra,David Porcelijn",Maninyas,0.937,0.0619,1752960,0.0109,0.736,4,0.109,-29.914,0,0.0403,62.572,0.0324
classical,Classical Noir,37i9dQZF1DXbm0dp7JzNeL,30ROscDclxMPFJcUQxHzwi,spotify:track:30ROscDclxMPFJcUQxHzwi,,"Variations on a Theme of Frank Bridge, Op. 10: Var. VIII. Funeral March",0,"Benjamin Britten,LSO String Ensemble,Roman Simovic",Vaughan Williams: Fantasia on a Theme by Thomas Tallis - Britten: Variations on a Theme of Frank Bridge,0.622,0.0829,227307,0.0932,0.834,5,0.252,-22.982,0,0.0447,67.988,0.0366
classical,Classical Noir,37i9dQZF1DXbm0dp7JzNeL,7q4coNIXjyYmE3jUbRYSjU,spotify:track:7q4coNIXjyYmE3jUbRYSjU,,"Tod und Verklärung, Op.24, TrV 158: Tod und Verklärung, Op.24, TrV 158",15,"Richard Strauss,Berliner Philharmoniker,Herbert von Karajan","Strauss, R.: Metamorphosen; Tod und Verklärung",0.932,0.0734,1526500,0.0903,0.929,7,0.16,-19.942,1,0.0351,77.696,0.0353
classical,Classical Noir,37i9dQZF1DXbm0dp7JzNeL,2U5D7Gj4OwTyz8Y8RSCGBt,spotify:track:2U5D7Gj4OwTyz8Y8RSCGBt,,"Gesänge der Frühe, Op.133 (1853): 5. Im Anfang ruhiges, im Verlauf bewegtes Tempo",17,"Robert Schumann,Mitsuko Uchida",Schumann: G Minor Sonata; Waldszenen; Gesänge der Frühe,0.995,0.314,200947,0.00952,0.867,2,0.125,-29.801,1,0.0435,76.535,0.0379
classical,Classical Noir,37i9dQZF1DXbm0dp7JzNeL,1jKuCDZvfXcTWYojamMrcz,spotify:track:1jKuCDZvfXcTWYojamMrcz,,"Tristan und Isolde, WWV 90: Prelude",15,"Richard Wagner,Chicago Symphony Orchestra,Sir Georg Solti",Wagner: Overtures & Preludes / Berlioz / Beethoven,0.939,0.0811,709840,0.118,0.685,9,0.0736,-23.571,0,0.04,173.489,0.0285
classical,Classical Noir,37i9dQZF1DXbm0dp7JzNeL,1ytOsiQQrz78sxcL4OioGQ,spotify:track:1ytOsiQQrz78sxcL4OioGQ,https://p.scdn.co/mp3-preview/4f1aeea84df4f5cb68f6e3707357f8b81c6df09e?cid=63a77ff40e794a12ae216a18befde98c,"Suite No. 2 in D Moll, BWV 1008: IV. Sarabande",16,"Johann Sebastian Bach,Pieter Wispelwey",Bach: 6 Suite per Violoncello sol,0.912,0.175,310973,0.00828,0.924,1,0.0917,-26.3,0,0.0466,96.686,0.114
classical,Classical Noir,37i9dQZF1DXbm0dp7JzNeL,1mDeT5fcD3jQuNXhB4lPUk,spotify:track:1mDeT5fcD3jQuNXhB4lPUk,https://p.scdn.co/mp3-preview/c772406e63d47b19bd9150b5d3749ffb6caf8924?cid=63a77ff40e794a12ae216a18befde98c,Symphony No. 10: I. Adagio,15,"Gustav Mahler,Michael Tilson Thomas,San Francisco Symphony",Mahler: Symphony No. 8 in E-Flat Major - Adagio from Symphony No. 10,0.665,0.164,1676707,0.0207,0.0389,6,0.164,-27.441,1,0.044,130.049,0.0294
classical,Classical Noir,37i9dQZF1DXbm0dp7JzNeL,6JRcFgCSzZ7v2BlRSksJ1A,spotify:track:6JRcFgCSzZ7v2BlRSksJ1A,https://p.scdn.co/mp3-preview/59f7ea1a296bca7bc488172de5893c4253b8208d?cid=63a77ff40e794a12ae216a18befde98c,Music Box,22,"Philip Glass,Michael Riesman,The Western Wind",The Music of Candyman (Soundtrack from the Motion Picture),0.804,0.578,65747,0.147,0.00294,0,0.059,-22.688,0,0.0566,166.381,0.975
