category_id,playlist_name,playlist_id,track_id,track_uri,track_preview_url,track_name,track_popularity,artist_name,album_name,acousticness,danceability,duration_ms,energy,instrumentalness,key,liveness,loudness,mode,speechiness,tempo,valence
chill,Country Nights,37i9dQZF1DWXi7h4mmmkzD,6zLdXcmvIxnAXpz9sXFnIE,spotify:track:6zLdXcmvIxnAXpz9sXFnIE,,Craving You,12,"Thomas Rhett,Maren Morris",Craving You,0.000907,0.612,227373,0.841,0.0,9,0.37,-3.795,0,0.0353,104.986,0.499
chill,Country Nights,37i9dQZF1DWXi7h4mmmkzD,46ZfPS5VpSQVU5gb82hg3K,spotify:track:46ZfPS5VpSQVU5gb82hg3K,,Anything Goes,67,Florida Georgia Line,Anything Goes,0.00172,0.462,218867,0.977,0.0,0,0.352,-3.805,1,0.045,154.038,0.746
chill,Country Nights,37i9dQZF1DWXi7h4mmmkzD,4U5DDEuYdoMm4Xv9yklrWu,spotify:track:4U5DDEuYdoMm4Xv9yklrWu,,Yours,6,Russell Dickerson,Yours,0.12,0.568,221280,0.796,0.0,11,0.084,-5.308,1,0.0313,133.975,0.573
chill,Country Nights,37i9dQZF1DWXi7h4mmmkzD,6usHXaTn54uwwozmH00d3X,spotify:track:6usHXaTn54uwwozmH00d3X,,Written in the Sand,17,Old Dominion,Written in the Sand,0.593,0.725,184080,0.437,0.0,6,0.0842,-9.602,1,0.0575,83.985,0.759
chill,Country Nights,37i9dQZF1DWXi7h4mmmkzD,0adTN3vBO3pimO3yfxm9vg,spotify:track:0adTN3vBO3pimO3yfxm9vg,,Dirt Road Anthem,11,Jason Aldean,My Kinda Party,0.32,0.677,229413,0.739,2.36e-06,2,0.12,-5.068,1,0.0352,127.04,0.658
chill,Country Nights,37i9dQZF1DWXi7h4mmmkzD,5jROdl6MhcmP3O7h2sVgtw,spotify:track:5jROdl6MhcmP3O7h2sVgtw,,Parachute,71,Chris Stapleton,Traveller,0.00967,0.642,253200,0.762,5.72e-05,6,0.182,-7.411,1,0.0296,113.038,0.605
chill,Country Nights,37i9dQZF1DWXi7h4mmmkzD,5kNe7PE09d6Kvw5pAsx23n,spotify:track:5kNe7PE09d6Kvw5pAsx23n,,Die A Happy Man,75,Thomas Rhett,Tangled Up,0.381,0.66,227427,0.383,0.0,2,0.119,-9.377,1,0.0304,83.096,0.381
chill,Country Nights,37i9dQZF1DWXi7h4mmmkzD,0xwPzLmBAYro8BUz7MrtAo,spotify:track:0xwPzLmBAYro8BUz7MrtAo,,Make You Miss Me,69,Sam Hunt,Montevallo,0.158,0.614,225693,0.472,0.0,7,0.111,-6.626,1,0.0297,146.005,0.168
chill,Country Nights,37i9dQZF1DWXi7h4mmmkzD,2u7Nm46dAujcAi5Rw79CJL,spotify:track:2u7Nm46dAujcAi5Rw79CJL,,Eyes On You,12,Chase Rice,Eyes On You,0.323,0.606,182493,0.652,0.0,9,0.201,-6.982,1,0.0281,97.155,0.476
chill,Country Nights,37i9dQZF1DWXi7h4mmmkzD,3un2KQUaQ2brEpd8dK93wI,spotify:track:3un2KQUaQ2brEpd8dK93wI,https://p.scdn.co/mp3-preview/2990273cbb8dc08999c4c73e286c5f654e3bc561?cid=63a77ff40e794a12ae216a18befde98c,Beat of the Music,64,Brett Eldredge,Bring You Back,0.00898,0.629,179293,0.808,9.06e-06,9,0.0751,-4.125,1,0.0269,110.001,0.773
chill,Country Nights,37i9dQZF1DWXi7h4mmmkzD,0cV4xwUA4ue2deqq4CZFko,spotify:track:0cV4xwUA4ue2deqq4CZFko,,I Don't Want This Night To End,66,Luke Bryan,Tailgates & Tanlines,0.0275,0.616,219973,0.728,0.0,9,0.228,-4.02,0,0.0278,111.934,0.375
chill,Country Nights,37i9dQZF1DWXi7h4mmmkzD,3X33opT0KHbkadEKmBPyPD,spotify:track:3X33opT0KHbkadEKmBPyPD,,Make Me Wanna,52,Thomas Rhett,Thomas Rhett EP,0.0465,0.545,227107,0.779,3.81e-06,9,0.118,-5.282,1,0.0395,108.958,0.511
chill,Country Nights,37i9dQZF1DWXi7h4mmmkzD,6CyJlVAEFlNdpggOLanytL,spotify:track:6CyJlVAEFlNdpggOLanytL,https://p.scdn.co/mp3-preview/2adb1d7961dbbb43791acbcfc1751dc93ea4348c?cid=63a77ff40e794a12ae216a18befde98c,Hangin' On,69,Chris Young,Losing Sleep,0.0651,0.434,185440,0.831,0.0,8,0.119,-4.774,1,0.0453,156.034,0.596
chill,Country Nights,37i9dQZF1DWXi7h4mmmkzD,7zVCrzzEJU7u24sbJPXA5W,spotify:track:7zVCrzzEJU7u24sbJPXA5W,https://p.scdn.co/mp3-preview/9a1bc6de88d686138b641e6022a4b30c6e75de74?cid=63a77ff40e794a12ae216a18befde98c,What Ifs,76,"Kane Brown,Lauren Alaina",Kane Brown,0.00898,0.612,188253,0.799,0.0,10,0.172,-4.603,1,0.0275,125.976,0.687
chill,Country Nights,37i9dQZF1DWXi7h4mmmkzD,6UsoV6X96Rox9mfxoz7SFy,spotify:track:6UsoV6X96Rox9mfxoz7SFy,https://p.scdn.co/mp3-preview/0cde4149d7e93a0a97dd8161bd0a05b33b0d49f1?cid=63a77ff40e794a12ae216a18befde98c,You Broke Up with Me,67,Walker Hayes,You Broke Up with Me,0.496,0.846,197840,0.711,0.0,0,0.247,-7.939,1,0.061,120.013,0.883
chill,Country Nights,37i9dQZF1DWXi7h4mmmkzD,0RE8WWlaCQM6M4XHUK3u7b,spotify:track:0RE8WWlaCQM6M4XHUK3u7b,,Home Alone Tonight,61,"Luke Bryan,Karen Fairchild",Kill The Lights (Deluxe),0.076,0.498,190773,0.968,0.0,8,0.0947,-1.18,1,0.113,161.989,0.491
chill,Country Nights,37i9dQZF1DWXi7h4mmmkzD,0OWZFobGSIW9GrSlQ9C5pc,spotify:track:0OWZFobGSIW9GrSlQ9C5pc,,Marry Me,74,Thomas Rhett,Life Changes,0.113,0.588,205453,0.408,0.0,3,0.13,-8.662,1,0.0237,85.008,0.484
chill,Country Nights,37i9dQZF1DWXi7h4mmmkzD,4pXQMKhsrOabXRdc0ZjoUE,spotify:track:4pXQMKhsrOabXRdc0ZjoUE,,Nowhere Fast,4,Old Dominion,Old Dominion,0.438,0.783,190347,0.517,3.1e-06,7,0.0742,-7.316,1,0.0297,101.981,0.495
chill,Country Nights,37i9dQZF1DWXi7h4mmmkzD,1HXy5I3HTWq8OvxCn0z7G7,spotify:track:1HXy5I3HTWq8OvxCn0z7G7,https://p.scdn.co/mp3-preview/6bdb8646df7ad70bfeb5a5f98910fc4daf998234?cid=63a77ff40e794a12ae216a18befde98c,Heaven,78,Kane Brown,Kane Brown (Deluxe Edition),0.263,0.677,179507,0.556,0.0,9,0.105,-6.544,1,0.0306,80.009,0.521
chill,Country Nights,37i9dQZF1DWXi7h4mmmkzD,2WaOQWSv0D1tZNxyLvnGAI,spotify:track:2WaOQWSv0D1tZNxyLvnGAI,https://p.scdn.co/mp3-preview/2f29ffb93c1b55a8e9dfbe35ce1db1d81e5dd405?cid=63a77ff40e794a12ae216a18befde98c,Yeah Boy,63,Kelsea Ballerini,The First Time,0.231,0.589,194413,0.809,0.0,3,0.0719,-5.292,1,0.0376,88.965,0.496
chill,Country Nights,37i9dQZF1DWXi7h4mmmkzD,3IPkbTA8KkdDXyWtGkfFXa,spotify:track:3IPkbTA8KkdDXyWtGkfFXa,,Singles You Up,66,Jordan Davis,Singles You Up,0.0441,0.489,182693,0.9,0.0,7,0.247,-3.563,1,0.0488,200.054,0.611
chill,Country Nights,37i9dQZF1DWXi7h4mmmkzD,0CexLaYHQrvcTZZb8Ra54e,spotify:track:0CexLaYHQrvcTZZb8Ra54e,,Star Of The Show,7,Thomas Rhett,Star Of The Show,0.129,0.69,181200,0.626,0.0,7,0.169,-5.831,1,0.0275,101.958,0.638
chill,Country Nights,37i9dQZF1DWXi7h4mmmkzD,1R9FxlRkvKtt36dtTHs93X,spotify:track:1R9FxlRkvKtt36dtTHs93X,,Head Over Boots,14,Jon Pardi,Head Over Boots,0.0919,0.637,205120,0.669,0.0,7,0.103,-4.608,1,0.0237,108.078,0.638
chill,Country Nights,37i9dQZF1DWXi7h4mmmkzD,2ZxTjs4EdJl4Y9YByIiNoo,spotify:track:2ZxTjs4EdJl4Y9YByIiNoo,https://p.scdn.co/mp3-preview/d67c5f6071e4ee833392128032272a53e7651f4a?cid=63a77ff40e794a12ae216a18befde98c,You Make It Easy,73,Jason Aldean,You Make It Easy,0.143,0.375,196800,0.574,0.0,7,0.11,-5.305,1,0.0315,132.025,0.406
chill,Country Nights,37i9dQZF1DWXi7h4mmmkzD,68A4qiCqD9y39N3WNEsJVD,spotify:track:68A4qiCqD9y39N3WNEsJVD,,How Country Feels,10,Randy Houser,How Country Feels,0.0458,0.677,185093,0.847,0.0,7,0.0763,-3.608,1,0.0396,104.944,0.806
chill,Country Nights,37i9dQZF1DWXi7h4mmmkzD,2Nc8Imt04W3ZmcBF8dPQKc,spotify:track:2Nc8Imt04W3ZmcBF8dPQKc,,All On Me,12,Devin Dawson,All On Me,0.144,0.631,227573,0.658,0.0,5,0.22,-5.313,1,0.0281,80.996,0.7
chill,Country Nights,37i9dQZF1DWXi7h4mmmkzD,1zWZvrk13cL8Sl3VLeG57F,spotify:track:1zWZvrk13cL8Sl3VLeG57F,,T-Shirt,68,Thomas Rhett,Tangled Up,0.0318,0.647,227693,0.857,0.0,2,0.0212,-5.381,1,0.0397,95.996,0.771
chill,Country Nights,37i9dQZF1DWXi7h4mmmkzD,0kdiUZDcLIFw0Buo9r0Q4z,spotify:track:0kdiUZDcLIFw0Buo9r0Q4z,,Greatest Love Story,15,LANCO,LANCO - EP,0.38,0.665,222400,0.621,0.0,10,0.119,-8.571,1,0.0524,147.975,0.632
chill,Country Nights,37i9dQZF1DWXi7h4mmmkzD,3wx2kQWPn9p5UppQbNhPAk,spotify:track:3wx2kQWPn9p5UppQbNhPAk,,Leave The Night On,66,Sam Hunt,Montevallo,0.0951,0.514,192160,0.951,0.0,9,0.349,-3.813,1,0.0603,171.96,0.838
chill,Country Nights,37i9dQZF1DWXi7h4mmmkzD,7DEgL4rErTwjrsxLMlUVhf,spotify:track:7DEgL4rErTwjrsxLMlUVhf,https://p.scdn.co/mp3-preview/551f994084946608176ab9ff8d15cfbc04efb2f1?cid=63a77ff40e794a12ae216a18befde98c,Any Ol' Barstool,52,Jason Aldean,They Don't Know,0.312,0.536,203293,0.722,0.0,4,0.117,-4.163,1,0.0284,143.78,0.499
chill,Country Nights,37i9dQZF1DWXi7h4mmmkzD,0w3Q14i073jLoew1hgJkwD,spotify:track:0w3Q14i073jLoew1hgJkwD,,Heartache On The Dance Floor,74,Jon Pardi,California Sunrise,0.0617,0.594,205200,0.824,0.0,9,0.0861,-4.252,1,0.0458,116.005,0.671
chill,Country Nights,37i9dQZF1DWXi7h4mmmkzD,1mJMD1VIQ7jWTP9DK2zmY0,spotify:track:1mJMD1VIQ7jWTP9DK2zmY0,https://p.scdn.co/mp3-preview/d66c7765fe45acfe1288eaf1baaa6be7da8a9463?cid=63a77ff40e794a12ae216a18befde98c,Kiss Somebody,60,Morgan Evans,Kiss Somebody,0.143,0.492,212445,0.681,0.0,6,0.199,-7.038,1,0.075,178.01,0.511
chill,Country Nights,37i9dQZF1DWXi7h4mmmkzD,3M31S6f0z8S3nkFh3eS06W,spotify:track:3M31S6f0z8S3nkFh3eS06W,https://p.scdn.co/mp3-preview/3e1f057daa61f7a1e102d23a3dda49646b821482?cid=63a77ff40e794a12ae216a18befde98c,Drink to That All Night,63,Jerrod Niemann,High Noon,0.0325,0.639,224813,0.846,0.0,9,0.116,-6.184,0,0.0439,115.965,0.475
chill,Country Nights,37i9dQZF1DWXi7h4mmmkzD,7mldq42yDuxiUNn08nvzHO,spotify:track:7mldq42yDuxiUNn08nvzHO,,Body Like A Back Road,78,Sam Hunt,Body Like A Back Road,0.463,0.731,165387,0.469,1.04e-06,5,0.103,-7.226,1,0.0326,98.963,0.631
chill,Country Nights,37i9dQZF1DWXi7h4mmmkzD,19PJf5HzeiVW0mdk82Swmn,spotify:track:19PJf5HzeiVW0mdk82Swmn,,H.O.L.Y.,8,Florida Georgia Line,H.O.L.Y.,0.361,0.526,196960,0.661,0.0,7,0.087,-3.828,0,0.0333,78.132,0.556
chill,Country Nights,37i9dQZF1DWXi7h4mmmkzD,6zkHymyoD3tIqV7RwCAYUw,spotify:track:6zkHymyoD3tIqV7RwCAYUw,,Sleep Without You,62,Brett Young,Brett Young,0.0169,0.626,187813,0.707,0.0,5,0.0772,-5.755,0,0.0425,88.543,0.653
chill,Country Nights,37i9dQZF1DWXi7h4mmmkzD,7iDa6hUg2VgEL1o1HjmfBn,spotify:track:7iDa6hUg2VgEL1o1HjmfBn,https://p.scdn.co/mp3-preview/8965aca26c5af239f57cb6ec1570db1fd8be00f1?cid=63a77ff40e794a12ae216a18befde98c,Meant to Be (feat. Florida Georgia Line),83,"Bebe Rexha,Florida Georgia Line",All Your Fault: Pt. 2,0.047,0.643,163870,0.783,0.0,10,0.083,-6.458,1,0.0856,154.084,0.579
chill,Country Nights,37i9dQZF1DWXi7h4mmmkzD,1S1u0ausWGi2msWnuQgTCY,spotify:track:1S1u0ausWGi2msWnuQgTCY,,It Goes Like This,8,Thomas Rhett,It Goes Like This,0.111,0.54,186853,0.836,0.0,11,0.0874,-5.914,1,0.0627,167.957,0.55
chill,Country Nights,37i9dQZF1DWXi7h4mmmkzD,1TwLKNsCnhi1HxbIi4bAW0,spotify:track:1TwLKNsCnhi1HxbIi4bAW0,,House Party,72,Sam Hunt,Montevallo,0.113,0.747,190240,0.861,0.0,8,0.026,-5.251,1,0.0514,103.966,0.859
chill,Country Nights,37i9dQZF1DWXi7h4mmmkzD,3UZ9aPaYlBBlAvpdh3kK0U,spotify:track:3UZ9aPaYlBBlAvpdh3kK0U,,Hurricane,14,Luke Combs,This One's for You,0.0165,0.443,223800,0.804,2.89e-06,10,0.181,-6.432,1,0.0406,151.928,0.438
chill,Country Nights,37i9dQZF1DWXi7h4mmmkzD,5Feu0AyHLrW0mCRAyUnZ6W,spotify:track:5Feu0AyHLrW0mCRAyUnZ6W,,Losing Sleep,7,Chris Young,Losing Sleep,0.0677,0.587,180252,0.628,1.88e-06,1,0.122,-5.703,1,0.0431,92.003,0.649
chill,Country Nights,37i9dQZF1DWXi7h4mmmkzD,0JCjhCdqvVQ8am5x689TL0,spotify:track:0JCjhCdqvVQ8am5x689TL0,,Gonna Wanna Tonight,8,Chase Rice,Ignite the Night,0.0707,0.581,213736,0.783,0.00014,2,0.0875,-6.667,1,0.0405,125.948,0.604
chill,Country Nights,37i9dQZF1DWXi7h4mmmkzD,2gVBXeTjwL0ZEh9gjsQjk0,spotify:track:2gVBXeTjwL0ZEh9gjsQjk0,,Take Back Home Girl (Feat. Tori Kelly),7,"Chris Lane,Tori Kelly",Take Back Home Girl (Feat. Tori Kelly),0.368,0.494,211427,0.78,0.0,11,0.0921,-3.825,1,0.064,159.708,0.664
chill,Country Nights,37i9dQZF1DWXi7h4mmmkzD,03fT3OHB9KyMtGMt2zwqCT,spotify:track:03fT3OHB9KyMtGMt2zwqCT,,Play It Again,74,Luke Bryan,Crash My Party,0.0832,0.51,226867,0.898,0.0,11,0.071,-3.15,1,0.0696,144.056,0.596
chill,Country Nights,37i9dQZF1DWXi7h4mmmkzD,6wycnu8FWXsj68ig7BEot9,spotify:track:6wycnu8FWXsj68ig7BEot9,,Blue Ain't Your Color,70,Keith Urban,Ripcord,0.606,0.686,230600,0.417,1.79e-06,7,0.0844,-7.787,1,0.0363,82.407,0.451
chill,Country Nights,37i9dQZF1DWXi7h4mmmkzD,30MM5jWpUmOxtTNd9Ey5LZ,spotify:track:30MM5jWpUmOxtTNd9Ey5LZ,,Unforgettable,71,Thomas Rhett,Life Changes,0.032,0.663,157080,0.738,0.000225,7,0.0856,-5.48,1,0.0303,130.02,0.825
chill,Country Nights,37i9dQZF1DWXi7h4mmmkzD,5ARuoJ6sMbMRvvGU9Ft18z,spotify:track:5ARuoJ6sMbMRvvGU9Ft18z,,Don't It,3,Billy Currington,Don't It,0.0452,0.577,190920,0.805,0.0,1,0.334,-5.293,1,0.0369,90.97,0.708
chill,Country Nights,37i9dQZF1DWXi7h4mmmkzD,0uRlP6bHbSgBGklmaCMqG7,spotify:track:0uRlP6bHbSgBGklmaCMqG7,https://p.scdn.co/mp3-preview/279cf907390f4abd4ff2a7678507bef22fd3a9e5?cid=63a77ff40e794a12ae216a18befde98c,Yeah,59,Joe Nichols,Crickets,0.00647,0.414,230707,0.843,1.52e-05,11,0.194,-4.638,1,0.0531,165.713,0.572
chill,Country Nights,37i9dQZF1DWXi7h4mmmkzD,7CL6oaDC9d0QXFMQRkNBmy,spotify:track:7CL6oaDC9d0QXFMQRkNBmy,,Runnin' Outta Moonlight,11,Randy Houser,How Country Feels,0.0371,0.532,193573,0.801,7.07e-06,2,0.0633,-3.759,1,0.0393,172.05,0.799
chill,Country Nights,37i9dQZF1DWXi7h4mmmkzD,6rqxivjFHp8K0yMiefG56g,spotify:track:6rqxivjFHp8K0yMiefG56g,,Stay A Little Longer,65,Brothers Osborne,Stay A Little Longer,0.0414,0.555,335267,0.89,0.131,6,0.147,-5.533,1,0.0309,96.987,0.513
chill,Country Nights,37i9dQZF1DWXi7h4mmmkzD,57EH1IvuQYjfvUQOGTypd4,spotify:track:57EH1IvuQYjfvUQOGTypd4,,I'm Comin' Over,6,Chris Young,I'm Comin' Over,0.0319,0.573,197307,0.85,0.0,10,0.081,-3.816,1,0.0361,127.992,0.347
