category_id,playlist_name,playlist_id,track_id,track_uri,track_preview_url,track_name,track_popularity,artist_name,album_name,acousticness,danceability,duration_ms,energy,instrumentalness,key,liveness,loudness,mode,speechiness,tempo,valence
arab,Gnawa Music,37i9dQZF1DWYCFWZy4Gz9M,0dOrMZUgxBpT2SlKT2dTcp,spotify:track:0dOrMZUgxBpT2SlKT2dTcp,https://p.scdn.co/mp3-preview/675af9ce7a55296e236a0c9414f07a253f37c2e3?cid=63a77ff40e794a12ae216a18befde98c,Sandiya,30,Karim Ziad,Ifrikya,0.0519,0.741,277293,0.823,0.0,1,0.0751,-6.42,1,0.0448,120.024,0.963
arab,Gnawa Music,37i9dQZF1DWYCFWZy4Gz9M,2MoMK1kkN7ojVqk1Us35mq,spotify:track:2MoMK1kkN7ojVqk1Us35mq,https://p.scdn.co/mp3-preview/bcc4b75c7eeeb3e0f673ef93b128544c362c0a46?cid=63a77ff40e794a12ae216a18befde98c,Toura toura (arr. N. Eddine),27,"Nour Eddine,Nour Eddine Fatty",Morocco: Traditional Songs & Music,0.419,0.728,261000,0.481,0.000578,2,0.0869,-12.076,1,0.0464,91.184,0.814
arab,Gnawa Music,37i9dQZF1DWYCFWZy4Gz9M,0ATAbhw6ntNOd1KK5yZ82O,spotify:track:0ATAbhw6ntNOd1KK5yZ82O,https://p.scdn.co/mp3-preview/0d1827ce40a70bda2e6403120f16eb7223e8d8e2?cid=63a77ff40e794a12ae216a18befde98c,Moussa bahri,24,Ben Souda Group,Gnawa - Sahara Desert Music,0.331,0.651,546400,0.684,0.0125,2,0.062,-7.633,1,0.311,106.455,0.797
arab,Gnawa Music,37i9dQZF1DWYCFWZy4Gz9M,5M71QfNOpiXVn8oMRDoS0N,spotify:track:5M71QfNOpiXVn8oMRDoS0N,https://p.scdn.co/mp3-preview/75f4ee630740f8e80bfa384b44baeeec0d93007b?cid=63a77ff40e794a12ae216a18befde98c,Baba Mimoun (Father Mimoun),24,Altaf Gnawa Group,Altaf Gnawa Group: Gnawa - Music From Morocco,0.0733,0.51,375760,0.476,0.0585,11,0.0898,-13.333,1,0.094,104.266,0.537
arab,Gnawa Music,37i9dQZF1DWYCFWZy4Gz9M,2IDfgp6XFrBHzxbNb6TbxI,spotify:track:2IDfgp6XFrBHzxbNb6TbxI,https://p.scdn.co/mp3-preview/393f09d488178d1ba86888fd0341e8aac2e6326a?cid=63a77ff40e794a12ae216a18befde98c,Toura Toura,28,Innov Gnawa,Innov Gnawa,0.0133,0.428,388922,0.806,0.00181,1,0.0962,-9.837,1,0.0591,106.886,0.807
arab,Gnawa Music,37i9dQZF1DWYCFWZy4Gz9M,7ahy3fhvPApYDTYtI8jHJN,spotify:track:7ahy3fhvPApYDTYtI8jHJN,https://p.scdn.co/mp3-preview/cf4d6c38e556d1f8b68949fcb99585240a39a4ea?cid=63a77ff40e794a12ae216a18befde98c,Mimouna Gnawa,21,The Sons of the Moon-Ouled Kamar,"Marrakech Undermoon: The Black Album, Vol. 2a",0.026,0.543,410573,0.688,0.311,8,0.0621,-11.586,1,0.479,80.868,0.93
arab,Gnawa Music,37i9dQZF1DWYCFWZy4Gz9M,0xWdeE1STnWxPJdpbcl3cs,spotify:track:0xWdeE1STnWxPJdpbcl3cs,https://p.scdn.co/mp3-preview/0bbea416edec2dce4c27025496cc6558fb4a1922?cid=63a77ff40e794a12ae216a18befde98c,Bania Bambara,23,Maalem Said Damir & Gnawa Allstars,Gnawa Or Never,0.146,0.531,440011,0.78,0.0591,11,0.0759,-9.425,0,0.179,89.907,0.807
arab,Gnawa Music,37i9dQZF1DWYCFWZy4Gz9M,25hCkE9Tf3jMcYGiRgUpwf,spotify:track:25hCkE9Tf3jMcYGiRgUpwf,https://p.scdn.co/mp3-preview/f4f9d234a699ab234dc83ae832b41bb1d33657e6?cid=63a77ff40e794a12ae216a18befde98c,La Ilaha Illa Allah,21,Maalem Said Damir & Gnawa Allstars,Gnawa Or Never,0.0832,0.501,617000,0.775,2.1e-06,2,0.103,-6.166,1,0.0853,133.55,0.929
arab,Gnawa Music,37i9dQZF1DWYCFWZy4Gz9M,2erBxmWBvqxXqQiGo4Sp8q,spotify:track:2erBxmWBvqxXqQiGo4Sp8q,https://p.scdn.co/mp3-preview/166b04cfc49b35a16b23037b4c95d3e1bd515a49?cid=63a77ff40e794a12ae216a18befde98c,Soudani Manayou,22,Maalem Said Damir & Gnawa Allstars,Gnawa Or Never,0.377,0.705,294764,0.224,0.0371,7,0.119,-9.975,0,0.389,126.518,0.772
arab,Gnawa Music,37i9dQZF1DWYCFWZy4Gz9M,4tEPVARoc88ff4zLuYDWEB,spotify:track:4tEPVARoc88ff4zLuYDWEB,https://p.scdn.co/mp3-preview/98c7b4a5a27a7baba0ddbd51b0927eded3738ece?cid=63a77ff40e794a12ae216a18befde98c,Bouri Bouri Manandabo,19,Hasna el Becharia,Djazaïr Johara,0.642,0.58,318333,0.528,0.0022,0,0.0844,-9.986,0,0.0808,97.099,0.622
arab,Gnawa Music,37i9dQZF1DWYCFWZy4Gz9M,0Fxaf2KMQl9JJHIxoXL7Xn,spotify:track:0Fxaf2KMQl9JJHIxoXL7Xn,https://p.scdn.co/mp3-preview/59b3e65cb0c9d87f852e7f5f69a32b53276db6f2?cid=63a77ff40e794a12ae216a18befde98c,Sidi Musa,19,Hassan Hakmoun,The Fire Within: Gnawa Music of Morocco,0.358,0.677,239693,0.403,0.000146,1,0.0784,-15.841,1,0.281,88.34,0.964
arab,Gnawa Music,37i9dQZF1DWYCFWZy4Gz9M,7toYPMNjEZ1JmR5TKEfhG9,spotify:track:7toYPMNjEZ1JmR5TKEfhG9,https://p.scdn.co/mp3-preview/510f27e4c89822c4c97597e3e72733f17a5ef062?cid=63a77ff40e794a12ae216a18befde98c,Fangara Fangarié - Ouled Bambara,17,Maalem Si Mohamed Chaouqi,Les Gnawa du Maroc (Ouled El' Abdi),0.455,0.603,201773,0.314,0.0078,1,0.083,-15.224,1,0.265,84.982,0.827
arab,Gnawa Music,37i9dQZF1DWYCFWZy4Gz9M,57dsHlSXgzqePeESJdVJcT,spotify:track:57dsHlSXgzqePeESJdVJcT,https://p.scdn.co/mp3-preview/61d060972cc5dade1a700a5285b4b969052351ff?cid=63a77ff40e794a12ae216a18befde98c,Salat al Nabi,20,"Gnawa de Marrakech,Maalem Mahjoub",Lila,0.641,0.605,541653,0.373,2.62e-05,9,0.0872,-12.445,0,0.144,118.063,0.722
arab,Gnawa Music,37i9dQZF1DWYCFWZy4Gz9M,6SFcHMvepkdwjqxJXdacEc,spotify:track:6SFcHMvepkdwjqxJXdacEc,https://p.scdn.co/mp3-preview/ca1c4a764c5be4008c531c2d5bce389cedcb3b55?cid=63a77ff40e794a12ae216a18befde98c,Gnawa Blues,28,Hoba Hoba Spirit,Marock'n Roll: The Greatest Hits of Hoba Hoba Spirit,0.571,0.398,250107,0.955,6.68e-05,7,0.146,-4.664,1,0.126,113.749,0.779
arab,Gnawa Music,37i9dQZF1DWYCFWZy4Gz9M,1uj5Fhdsg5UvRVx70G22cN,spotify:track:1uj5Fhdsg5UvRVx70G22cN,https://p.scdn.co/mp3-preview/365b1b89d22adb421d82acc6cdb359499faf85b0?cid=63a77ff40e794a12ae216a18befde98c,Baba Arabi,17,Gnawa Njoum Experience,Gnawa Njoum Experience,0.233,0.81,375120,0.839,0.242,2,0.0894,-7.975,1,0.0582,92.479,0.76
arab,Gnawa Music,37i9dQZF1DWYCFWZy4Gz9M,6IBs1Ihaw7bL2oghbcJRAK,spotify:track:6IBs1Ihaw7bL2oghbcJRAK,https://p.scdn.co/mp3-preview/9bf95949f80d3377779c2c8208992a8c04b637d0?cid=63a77ff40e794a12ae216a18befde98c,Alwali Ya Moulay Ahmed,22,Hamid El Kasri,"Soirées Gnawa Neurasys Remaster, Vol. 5",0.147,0.515,685793,0.565,0.0,6,0.0352,-13.815,0,0.0634,123.103,0.875
arab,Gnawa Music,37i9dQZF1DWYCFWZy4Gz9M,3nHrBe0EYJtIPZJkMKlT0E,spotify:track:3nHrBe0EYJtIPZJkMKlT0E,https://p.scdn.co/mp3-preview/fd3db05a626e16ff5e5021bc681f7a9538a12d27?cid=63a77ff40e794a12ae216a18befde98c,Chalaba,18,"Gnawa de Marrakech,Maalem Mahjoub",Lila,0.811,0.586,397333,0.235,1.98e-05,2,0.111,-16.185,1,0.123,139.308,0.618
arab,Gnawa Music,37i9dQZF1DWYCFWZy4Gz9M,3tasYylFyl52FR6Py5lPAB,spotify:track:3tasYylFyl52FR6Py5lPAB,https://p.scdn.co/mp3-preview/2c0eb3c5eb095c48268ae2e6ce4295cc166009a6?cid=63a77ff40e794a12ae216a18befde98c,Finkoum Ya Albouhala,20,Hamid El Kasri,"Soirées Gnawa Neurasys Remaster, Vol. 5",0.209,0.468,400744,0.875,0.00109,2,0.0521,-13.892,1,0.0843,93.981,0.963
arab,Gnawa Music,37i9dQZF1DWYCFWZy4Gz9M,75eTOivMFcLFmyIKtQrN98,spotify:track:75eTOivMFcLFmyIKtQrN98,https://p.scdn.co/mp3-preview/6816f997bd7edbec03097a60ed1316e84200993a?cid=63a77ff40e794a12ae216a18befde98c,Marhba / Gnawa Sidi Mimoun,17,"Gnawa de Marrakech,Maalem Mahjoub",Lila,0.292,0.387,550107,0.486,0.0702,2,0.0748,-16.132,1,0.0528,102.397,0.726
arab,Gnawa Music,37i9dQZF1DWYCFWZy4Gz9M,2zKuTLrINginlVwg75onMg,spotify:track:2zKuTLrINginlVwg75onMg,https://p.scdn.co/mp3-preview/f9f3399b3428327533220c0d24461eaccba1a68a?cid=63a77ff40e794a12ae216a18befde98c,Mrahba,20,"Majid Bekkas,Rachid Zeroual,Khalid Kouhen,Paolo Radoni,Marc Lelangue",African Gnaoua Blues,0.195,0.469,362093,0.465,0.00638,2,0.0984,-11.509,1,0.0471,114.732,0.731
arab,Gnawa Music,37i9dQZF1DWYCFWZy4Gz9M,3RZWkRMU2BsIiTZ9U5ugFL,spotify:track:3RZWkRMU2BsIiTZ9U5ugFL,https://p.scdn.co/mp3-preview/3edbee23b3c0f647f868db4121a27399c3e26805?cid=63a77ff40e794a12ae216a18befde98c,Sentir solo,16,Altaf Gnawa Group,Altaf Gnawa Group: Gnawa - Music From Morocco,0.955,0.55,467800,0.117,0.95,8,0.112,-25.535,1,0.298,80.744,0.408
arab,Gnawa Music,37i9dQZF1DWYCFWZy4Gz9M,6lKeEBtna229bozigxnqXR,spotify:track:6lKeEBtna229bozigxnqXR,https://p.scdn.co/mp3-preview/36344c95ac2b722e4cc7e57b0c218d03e6a9cf53?cid=63a77ff40e794a12ae216a18befde98c,Fine ghadi biya khouya - Où m'emmènes-tu mon frère ?,30,Nass El Ghiwane,Fine ghadi biya khouya,0.247,0.503,339267,0.683,0.000278,6,0.0649,-6.516,1,0.087,129.853,0.443
arab,Gnawa Music,37i9dQZF1DWYCFWZy4Gz9M,4PH29GIlJAYrQse5wQ1fIV,spotify:track:4PH29GIlJAYrQse5wQ1fIV,https://p.scdn.co/mp3-preview/3e737f411522bbf522fd6f38b6bca15df7b0aa66?cid=63a77ff40e794a12ae216a18befde98c,Soudani,18,Hamid El Gnawi,"Gnawa Fusion, Vol. 1",0.315,0.802,312581,0.489,9.42e-05,7,0.0834,-12.639,0,0.0395,123.245,0.677
arab,Gnawa Music,37i9dQZF1DWYCFWZy4Gz9M,6Ozohbpy5mYF0pX8HxfIxv,spotify:track:6Ozohbpy5mYF0pX8HxfIxv,https://p.scdn.co/mp3-preview/5f4d4a2458609f2aed9eea1e4dbc449335f02785?cid=63a77ff40e794a12ae216a18befde98c,Bilaji,16,The Sons of the Moon-Ouled Kamar,"Marrakech Undermoon: The Black Album, Vol. 2b",0.103,0.53,569227,0.959,0.693,5,0.0649,-7.364,0,0.0649,121.688,0.962
arab,Gnawa Music,37i9dQZF1DWYCFWZy4Gz9M,6UohbeuW7Oe8aufbEyLogk,spotify:track:6UohbeuW7Oe8aufbEyLogk,https://p.scdn.co/mp3-preview/70e12a633927ceaab95f1746b59de602a6d5344b?cid=63a77ff40e794a12ae216a18befde98c,Foulani Hiriza / Soye,18,Innov Gnawa,Innov Gnawa,0.0275,0.457,481256,0.716,6.8e-05,1,0.0849,-9.063,1,0.0968,79.04,0.5
arab,Gnawa Music,37i9dQZF1DWYCFWZy4Gz9M,3v1bN0te9KGmCHBtesBQPn,spotify:track:3v1bN0te9KGmCHBtesBQPn,https://p.scdn.co/mp3-preview/29eb53bc43a162a83c15889451ef2598463bc6fe?cid=63a77ff40e794a12ae216a18befde98c,Banwar,17,Hamid El Kasri,"Soirées gnawa neurasys remaster, vol. 11",0.259,0.545,259736,0.819,0.0037,10,0.0493,-10.996,0,0.0536,105.648,0.705
arab,Gnawa Music,37i9dQZF1DWYCFWZy4Gz9M,5UH3CEKTwhw2PnxVEnF1TC,spotify:track:5UH3CEKTwhw2PnxVEnF1TC,https://p.scdn.co/mp3-preview/89b97a055c670b19010067e5ac5927f68e17a5f0?cid=63a77ff40e794a12ae216a18befde98c,Marhaba - Les Mlouks,14,Maalem Si Mohamed Chaouqi,Les Gnawa du Maroc (Ouled El' Abdi),0.37,0.539,291307,0.909,0.693,1,0.0787,-11.353,1,0.263,88.004,0.962
arab,Gnawa Music,37i9dQZF1DWYCFWZy4Gz9M,3l5rXIV9hHGlIUypkZ9RBM,spotify:track:3l5rXIV9hHGlIUypkZ9RBM,https://p.scdn.co/mp3-preview/1e34ce8ecdb00302f04bc309c992e120e3806549?cid=63a77ff40e794a12ae216a18befde98c,Boulila,18,Hamid El Kasri,"Soirées Gnawa Neurasys Remaster, Vol.10",0.125,0.573,244820,0.989,0.00041,11,0.0533,-7.052,0,0.109,93.77,0.963
arab,Gnawa Music,37i9dQZF1DWYCFWZy4Gz9M,6kRpgupBsfIV93FpfA8p72,spotify:track:6kRpgupBsfIV93FpfA8p72,https://p.scdn.co/mp3-preview/80cbdb38352c803047fb3b1f6ef63a264b91518b?cid=63a77ff40e794a12ae216a18befde98c,Baba Al Arabi,17,Hamid El Gnawi,"Gnawa Fusion, Vol. 1",0.628,0.578,254276,0.639,0.0,7,0.075,-11.494,0,0.168,110.264,0.757
arab,Gnawa Music,37i9dQZF1DWYCFWZy4Gz9M,297ADzLE7uIT5OhZeA7TvS,spotify:track:297ADzLE7uIT5OhZeA7TvS,https://p.scdn.co/mp3-preview/2b654411fbac7e6e1c71ee07a5da77480dbef509?cid=63a77ff40e794a12ae216a18befde98c,Hamdouchia,21,Hamid El Kasri,Gnawa Home Songs,0.315,0.78,249053,0.234,2.89e-06,1,0.0996,-14.252,0,0.0642,98.225,0.609
arab,Gnawa Music,37i9dQZF1DWYCFWZy4Gz9M,2EcbOCnEBlOivIBWZcS0Cp,spotify:track:2EcbOCnEBlOivIBWZcS0Cp,https://p.scdn.co/mp3-preview/d792ca3be925b3efb28f611566f85e8e39758d11?cid=63a77ff40e794a12ae216a18befde98c,Marhaba,15,Gnawa Njoum Experience,Gnawa Njoum Experience,0.0697,0.839,292520,0.532,0.00197,2,0.109,-8.634,1,0.138,91.959,0.731
arab,Gnawa Music,37i9dQZF1DWYCFWZy4Gz9M,15pwgz1YF0jYkXhGsZTCnD,spotify:track:15pwgz1YF0jYkXhGsZTCnD,https://p.scdn.co/mp3-preview/1c289eb7db300caa7d0116077b92b5b61cf3edba?cid=63a77ff40e794a12ae216a18befde98c,Sidi Koumy,20,"Hamid El Kasri,Amida Boussou,Hassan Boussou,Abdelkebir Merchane,Zef Zaf,Abdelkebir Amlil",Gnawa Home Songs,0.303,0.671,569160,0.421,0.000112,1,0.0969,-11.617,1,0.0652,109.583,0.634
arab,Gnawa Music,37i9dQZF1DWYCFWZy4Gz9M,1MRufqwOqcz0tVPlymfIEi,spotify:track:1MRufqwOqcz0tVPlymfIEi,https://p.scdn.co/mp3-preview/a5bb72f73aecd9a599e58734532e506a705dc9a5?cid=63a77ff40e794a12ae216a18befde98c,Bambala,12,Nuru Kane,Exile,0.833,0.642,179640,0.596,0.192,2,0.106,-8.733,1,0.0797,105.826,0.93
arab,Gnawa Music,37i9dQZF1DWYCFWZy4Gz9M,2ivi6WyEuYfOmlNnr0DGV3,spotify:track:2ivi6WyEuYfOmlNnr0DGV3,https://p.scdn.co/mp3-preview/a9f565b87f3a14ee47737c0a854c7c6df9edc1e0?cid=63a77ff40e794a12ae216a18befde98c,Bangara,18,Innov Gnawa,Innov Gnawa,0.324,0.414,323616,0.642,0.000132,1,0.139,-10.805,1,0.0777,87.16,0.586
arab,Gnawa Music,37i9dQZF1DWYCFWZy4Gz9M,081xz39Sb6MRxeX7fQSRdy,spotify:track:081xz39Sb6MRxeX7fQSRdy,https://p.scdn.co/mp3-preview/db8d865a81335f04359734758ac3a7f9ac53d31d?cid=63a77ff40e794a12ae216a18befde98c,Mimoun Marhaba,34,"Mahmoud Guinia,Floating Points",Marhaba,0.973,0.899,498971,0.458,0.897,1,0.133,-10.541,1,0.0678,116.03,0.85
arab,Gnawa Music,37i9dQZF1DWYCFWZy4Gz9M,6kpza6eOZfJAEwQ4xw6C6G,spotify:track:6kpza6eOZfJAEwQ4xw6C6G,,Ombre elle,1,Gnawa Diffusion,Audio-Globine : 20 ans d'âge,0.406,0.657,225120,0.774,3.57e-05,4,0.0926,-7.989,0,0.0395,91.98,0.896
arab,Gnawa Music,37i9dQZF1DWYCFWZy4Gz9M,7K0e9c4yavJcHGpGr4VxpG,spotify:track:7K0e9c4yavJcHGpGr4VxpG,https://p.scdn.co/mp3-preview/a89e2af45362912ef05de1c1197f37808990d083?cid=63a77ff40e794a12ae216a18befde98c,Boulila,17,Amida Boussou,Gnawa Home Songs,0.0893,0.599,193693,0.403,4.82e-05,1,0.103,-12.766,1,0.062,87.178,0.863
arab,Gnawa Music,37i9dQZF1DWYCFWZy4Gz9M,2LJvS5CND5rYO1PylG8sP8,spotify:track:2LJvS5CND5rYO1PylG8sP8,https://p.scdn.co/mp3-preview/79d9688ccc6276b914f3a31897410e2d6a8540e9?cid=63a77ff40e794a12ae216a18befde98c,Lahilla express,14,Gnawa Impulse,Living Remixes,0.139,0.668,209160,0.696,4.7e-05,7,0.0934,-7.0,1,0.0614,81.429,0.664
arab,Gnawa Music,37i9dQZF1DWYCFWZy4Gz9M,4mnwLXp1eO7BaaSh4c1cbK,spotify:track:4mnwLXp1eO7BaaSh4c1cbK,https://p.scdn.co/mp3-preview/98905999b3fb1bb1b349ae80a927208de562f8fe?cid=63a77ff40e794a12ae216a18befde98c,Mister X,15,"Ray Lema,Tyour Gnaoua",Safi,0.357,0.845,309000,0.462,0.00642,6,0.0666,-9.352,0,0.0453,94.932,0.908
arab,Gnawa Music,37i9dQZF1DWYCFWZy4Gz9M,3vxY3FC2UbTGr3uxXNYpTV,spotify:track:3vxY3FC2UbTGr3uxXNYpTV,https://p.scdn.co/mp3-preview/c4e4ea7812dd5b60b3dac451ead39f9ffc1eecdc?cid=63a77ff40e794a12ae216a18befde98c,African Blues,31,"Majid Bekkas,Rachid Zeroual,Khalid Kouhen,Paolo Radoni,Marc Lelangue",African Gnaoua Blues,0.918,0.487,422053,0.241,0.13,0,0.187,-13.793,1,0.0353,107.566,0.408
