category_id,playlist_name,playlist_id,track_id,track_uri,track_preview_url,track_name,track_popularity,artist_name,album_name,acousticness,danceability,duration_ms,energy,instrumentalness,key,liveness,loudness,mode,speechiness,tempo,valence
afro,This Is Burna Boy,37i9dQZF1DZ06evO22OCjn,3z4CGd63tpUn9a6oQSG0CI,spotify:track:3z4CGd63tpUn9a6oQSG0CI,,Location (feat. Burna Boy),80,"Dave,Burna Boy",PSYCHODRAMA,0.271,0.812,241293,0.496,0.0,9,0.0955,-5.969,0,0.297,109.979,0.55
afro,This Is Burna Boy,37i9dQZF1DZ06evO22OCjn,1aXxi9PSxNV8vI5BruR7vv,spotify:track:1aXxi9PSxNV8vI5BruR7vv,https://p.scdn.co/mp3-preview/cc0834eac087e970b80767c86d50260d7cbc37b3?cid=63a77ff40e794a12ae216a18befde98c,On The Low,68,Burna Boy,On The Low,0.692,0.816,185899,0.781,0.00935,1,0.0835,-4.237,0,0.0425,99.949,0.937
afro,This Is Burna Boy,37i9dQZF1DZ06evO22OCjn,3FskQrDXcY24ur2fCvz35O,spotify:track:3FskQrDXcY24ur2fCvz35O,https://p.scdn.co/mp3-preview/b2e484ca60017881f6ee6491e530ef52e4ec8b36?cid=63a77ff40e794a12ae216a18befde98c,Ye,67,Burna Boy,Outside,0.0181,0.503,231618,0.592,0.00014,5,0.169,-5.923,0,0.444,201.85,0.344
afro,This Is Burna Boy,37i9dQZF1DZ06evO22OCjn,2Q20eWqSnV519ybPThUDWs,spotify:track:2Q20eWqSnV519ybPThUDWs,https://p.scdn.co/mp3-preview/5865e18e744ce1971ad8d8fae2a90e0b8701716f?cid=63a77ff40e794a12ae216a18befde98c,Gbona,62,Burna Boy,Gbona,0.564,0.806,187815,0.813,0.000141,4,0.105,-5.868,0,0.158,93.88,0.943
afro,This Is Burna Boy,37i9dQZF1DZ06evO22OCjn,3o8cpHgLK9x0G5eB1UusOQ,spotify:track:3o8cpHgLK9x0G5eB1UusOQ,https://p.scdn.co/mp3-preview/1bb080426a7a5808d99ee25310ed4b64f63cb0a0?cid=63a77ff40e794a12ae216a18befde98c,Miss You Bad,61,"Mr Eazi,Burna Boy","Life is Eazi, Vol. 2 - Lagos To London",0.181,0.739,176767,0.755,1.05e-06,6,0.128,-5.112,1,0.121,100.056,0.547
afro,This Is Burna Boy,37i9dQZF1DZ06evO22OCjn,4wPS3JoSOIhb0DhAmc9Wpw,spotify:track:4wPS3JoSOIhb0DhAmc9Wpw,https://p.scdn.co/mp3-preview/a148bc57a01cc426b63f04e5f2f3fbd223ae004f?cid=63a77ff40e794a12ae216a18befde98c,Dangote,59,Burna Boy,Dangote,0.505,0.539,225743,0.651,1.78e-06,7,0.0814,-5.017,1,0.402,67.169,0.8
afro,This Is Burna Boy,37i9dQZF1DZ06evO22OCjn,4cxyQw1AKCVqa9JVSN7njk,spotify:track:4cxyQw1AKCVqa9JVSN7njk,https://p.scdn.co/mp3-preview/513101851d242982b8b9a3175f1fd56a03c80100?cid=63a77ff40e794a12ae216a18befde98c,Killin Dem,58,"Zlatan,Burna Boy",Killin Dem,0.107,0.876,220885,0.808,0.00447,3,0.121,-5.382,0,0.176,112.923,0.745
afro,This Is Burna Boy,37i9dQZF1DZ06evO22OCjn,4LbEUmACVAFj8e0WrMUdlN,spotify:track:4LbEUmACVAFj8e0WrMUdlN,https://p.scdn.co/mp3-preview/83bdad5d6ba4fae042f60404d97019366c7cc538?cid=63a77ff40e794a12ae216a18befde98c,Rock Your Body,56,Burna Boy,Outside,0.107,0.801,221228,0.623,0.00396,0,0.0853,-7.861,1,0.0982,104.985,0.801
afro,This Is Burna Boy,37i9dQZF1DZ06evO22OCjn,5odE6ttDuVxOebSaXsjTVz,spotify:track:5odE6ttDuVxOebSaXsjTVz,https://p.scdn.co/mp3-preview/e83d192bf011705619a6caafd234d32fe4741254?cid=63a77ff40e794a12ae216a18befde98c,Soke,50,Burna Boy,On A Spaceship,0.601,0.639,218867,0.497,5.86e-06,9,0.102,-11.174,1,0.101,203.87,0.88
afro,This Is Burna Boy,37i9dQZF1DZ06evO22OCjn,37Kn41E9SYrzjphkjlkTH1,spotify:track:37Kn41E9SYrzjphkjlkTH1,https://p.scdn.co/mp3-preview/f8df0e5eefbb0b1df14c970c88d1c024f0700cde?cid=63a77ff40e794a12ae216a18befde98c,Hallelujah,48,Burna Boy,Hallelujah,0.281,0.65,293773,0.575,0.0,2,0.0584,-4.491,0,0.0428,101.93,0.763
afro,This Is Burna Boy,37i9dQZF1DZ06evO22OCjn,6g8A0XVikKuWbcJv7p2I5Q,spotify:track:6g8A0XVikKuWbcJv7p2I5Q,https://p.scdn.co/mp3-preview/5c038e007bb950f7497377f4a19f5775f070bfed?cid=63a77ff40e794a12ae216a18befde98c,Pree Me,46,Burna Boy,Pree Me,0.203,0.823,200501,0.569,0.0542,8,0.161,-11.291,0,0.075,102.039,0.436
afro,This Is Burna Boy,37i9dQZF1DZ06evO22OCjn,56XIgOY2j7nL5xUtuKXACL,spotify:track:56XIgOY2j7nL5xUtuKXACL,https://p.scdn.co/mp3-preview/d44980602018d3ec438a37662fd3eb077fedc123?cid=63a77ff40e794a12ae216a18befde98c,Calm Down,54,Burna Boy,Outside,0.503,0.636,265642,0.549,1.16e-06,1,0.16,-7.495,1,0.0532,167.874,0.588
afro,This Is Burna Boy,37i9dQZF1DZ06evO22OCjn,3QjuJWCHmzJi8w3o6AT1Fq,spotify:track:3QjuJWCHmzJi8w3o6AT1Fq,https://p.scdn.co/mp3-preview/9e5d2ed3ff821ba48c997f7a2df404fa9a7eb540?cid=63a77ff40e794a12ae216a18befde98c,Deja Vu,43,Burna Boy,Deja Vu,0.0114,0.664,208875,0.591,4.62e-06,9,0.104,-8.082,1,0.234,67.45,0.207
afro,This Is Burna Boy,37i9dQZF1DZ06evO22OCjn,1uUicV3BDzRccm6azPFnrl,spotify:track:1uUicV3BDzRccm6azPFnrl,https://p.scdn.co/mp3-preview/bc929dfac2db633567a90141c9aa0daff6129d1a?cid=63a77ff40e794a12ae216a18befde98c,Tonight,44,Burna Boy,L.I.F.E - Leaving an Impact for Eternity (Deluxe Edition),0.0359,0.796,250000,0.676,6.26e-06,5,0.0549,-6.51,0,0.0525,112.019,0.733
afro,This Is Burna Boy,37i9dQZF1DZ06evO22OCjn,216z4CZDnFHgvAeo4Z6DDR,spotify:track:216z4CZDnFHgvAeo4Z6DDR,https://p.scdn.co/mp3-preview/75a6d9e4a241b870f3c2bedbbeb228482a83cbc7?cid=63a77ff40e794a12ae216a18befde98c,All My Life (feat. Burna Boy),48,"Major Lazer,Burna Boy",Major Lazer Essentials,0.0404,0.428,174000,0.904,4.1e-06,5,0.0754,-4.189,1,0.261,199.869,0.834
afro,This Is Burna Boy,37i9dQZF1DZ06evO22OCjn,1ffHMFXSsQ2E9he6SL3uLT,spotify:track:1ffHMFXSsQ2E9he6SL3uLT,https://p.scdn.co/mp3-preview/1af2f635f4ffb5247710d7870ce1e8682534e225?cid=63a77ff40e794a12ae216a18befde98c,Sekkle Down (feat. J Hus),55,"Burna Boy,J Hus",Outside,0.491,0.832,188363,0.648,0.0,11,0.108,-5.982,1,0.239,93.084,0.962
afro,This Is Burna Boy,37i9dQZF1DZ06evO22OCjn,3lUxLfIScfTUkkPqLfiZ5g,spotify:track:3lUxLfIScfTUkkPqLfiZ5g,https://p.scdn.co/mp3-preview/781662cb7d509b8f103b867bc2f6efde19985280?cid=63a77ff40e794a12ae216a18befde98c,Good Time (feat. Burna Boy),50,"J Hus,Burna Boy",Common Sense,0.121,0.786,185920,0.594,0.000222,6,0.0994,-6.023,0,0.0472,109.972,0.699
afro,This Is Burna Boy,37i9dQZF1DZ06evO22OCjn,6U7DBIumZknqAZQ7vB3sLc,spotify:track:6U7DBIumZknqAZQ7vB3sLc,https://p.scdn.co/mp3-preview/d10e515433082d700189fdcad49f08bba3a17531?cid=63a77ff40e794a12ae216a18befde98c,Gba,39,Burna Boy,Gba,0.0132,0.853,234292,0.855,0.00938,6,0.0885,-5.621,0,0.143,104.028,0.513
afro,This Is Burna Boy,37i9dQZF1DZ06evO22OCjn,4zrQ3BUbp5xWOESYLqiIht,spotify:track:4zrQ3BUbp5xWOESYLqiIht,https://p.scdn.co/mp3-preview/3389fe2848ea2fdc312e683d8516d5546614b15c?cid=63a77ff40e794a12ae216a18befde98c,Jahs Love Is True (feat. Wizkid),38,"Burna Boy,WizKid",L.I.F.E - Leaving an Impact for Eternity (Deluxe Edition),0.299,0.532,249600,0.681,0.0,4,0.39,-4.874,0,0.196,99.525,0.325
afro,This Is Burna Boy,37i9dQZF1DZ06evO22OCjn,73e0LixjWj3e8prfptVeGD,spotify:track:73e0LixjWj3e8prfptVeGD,https://p.scdn.co/mp3-preview/007c021e53902810c124d9eaaa28b10cb71bf154?cid=63a77ff40e794a12ae216a18befde98c,More Life,49,Burna Boy,Outside,0.546,0.834,92343,0.536,7.46e-05,0,0.0646,-7.455,0,0.117,99.924,0.962
afro,This Is Burna Boy,37i9dQZF1DZ06evO22OCjn,5ecK2l78pl2xk93uTUwVh2,spotify:track:5ecK2l78pl2xk93uTUwVh2,https://p.scdn.co/mp3-preview/ab7ae4153170436ab330274b2f3ae4360ff0bd12?cid=63a77ff40e794a12ae216a18befde98c,Fa so LaTi Do,39,Burna Boy,Redemption,0.108,0.808,182201,0.495,0.000135,0,0.555,-7.807,1,0.0354,97.003,0.758
afro,This Is Burna Boy,37i9dQZF1DZ06evO22OCjn,0ZqqrBHeSeyZahfcyw9N8O,spotify:track:0ZqqrBHeSeyZahfcyw9N8O,,Sunshine Riptide,58,"Fall Out Boy,Burna Boy",MANIA,0.00163,0.585,204813,0.731,0.0,11,0.0462,-5.186,1,0.0376,133.981,0.804
afro,This Is Burna Boy,37i9dQZF1DZ06evO22OCjn,5p7pJxJ1cUzhdunUGMUOjQ,spotify:track:5p7pJxJ1cUzhdunUGMUOjQ,https://p.scdn.co/mp3-preview/46a06630aa1435a8096c0ca8fbe7d337e2df4c5d?cid=63a77ff40e794a12ae216a18befde98c,Pull Up,43,"Timaya,Burna Boy",Chulo Vibes,0.678,0.847,196800,0.7,0.000129,6,0.0975,-5.571,1,0.0532,99.956,0.88
afro,This Is Burna Boy,37i9dQZF1DZ06evO22OCjn,55ylfI9v88iPOCgjAAdwMe,spotify:track:55ylfI9v88iPOCgjAAdwMe,https://p.scdn.co/mp3-preview/08ad87ef2a0cc5cb5e3d3f1001d6209180e55e37?cid=63a77ff40e794a12ae216a18befde98c,Giddem,47,Burna Boy,Outside,0.0697,0.785,211832,0.777,0.0,7,0.155,-6.211,1,0.248,96.88,0.396
afro,This Is Burna Boy,37i9dQZF1DZ06evO22OCjn,4bv9fcxjNNBDP6GNAgrvbp,spotify:track:4bv9fcxjNNBDP6GNAgrvbp,https://p.scdn.co/mp3-preview/7937deb4a4671ad9dd9202efe5438625ba1de2a4?cid=63a77ff40e794a12ae216a18befde98c,Like to Party,38,Burna Boy,Like to Party,0.136,0.451,246400,0.717,0.0,7,0.121,-6.972,1,0.338,108.955,0.757
afro,This Is Burna Boy,37i9dQZF1DZ06evO22OCjn,1GxEPihVSvLveAUjUw0Dct,spotify:track:1GxEPihVSvLveAUjUw0Dct,https://p.scdn.co/mp3-preview/27fff1ca0d5f2eecc662ed4ec67385132014263d?cid=63a77ff40e794a12ae216a18befde98c,Boshe Nlo,38,Burna Boy,Redemption,0.751,0.821,241640,0.574,0.0102,0,0.141,-8.941,1,0.0539,111.989,0.886
afro,This Is Burna Boy,37i9dQZF1DZ06evO22OCjn,5NCMxk4clQnT0ihzn6scAe,spotify:track:5NCMxk4clQnT0ihzn6scAe,https://p.scdn.co/mp3-preview/0442a420129dc2fdac7714b7d8b8eae346fffe26?cid=63a77ff40e794a12ae216a18befde98c,Rizzla,37,Burna Boy,On A Spaceship,0.0485,0.859,212027,0.715,0.0,9,0.154,-6.129,0,0.102,111.007,0.41
afro,This Is Burna Boy,37i9dQZF1DZ06evO22OCjn,0IqfgUwF2yLEjWt2X73NDc,spotify:track:0IqfgUwF2yLEjWt2X73NDc,https://p.scdn.co/mp3-preview/2d879c2afc67464cd3fb4f63384c7d8307644850?cid=63a77ff40e794a12ae216a18befde98c,Don Gorgon,36,Burna Boy,Don Gorgon,0.26,0.518,221675,0.759,1.56e-06,5,0.112,-7.649,0,0.21,99.752,0.869
afro,This Is Burna Boy,37i9dQZF1DZ06evO22OCjn,4Ty2eRGfNVhJOgEDRzRsyb,spotify:track:4Ty2eRGfNVhJOgEDRzRsyb,https://p.scdn.co/mp3-preview/45c98df24c50e5162fc3b318e309a4599575e796?cid=63a77ff40e794a12ae216a18befde98c,Darko,42,"Burna Boy,DJDS",Steel & Copper,0.246,0.762,122680,0.607,8.8e-06,4,0.107,-6.085,0,0.289,124.982,0.65
afro,This Is Burna Boy,37i9dQZF1DZ06evO22OCjn,0ZhescxCiR4hDgz08jd6fu,spotify:track:0ZhescxCiR4hDgz08jd6fu,https://p.scdn.co/mp3-preview/3326c0cbf8dcb443579a7f39d175e179c851c61e?cid=63a77ff40e794a12ae216a18befde98c,Body to Body #Ycd,36,Burna Boy,Redemption,0.615,0.512,194885,0.472,0.0567,8,0.11,-9.664,1,0.241,129.858,0.351
afro,This Is Burna Boy,37i9dQZF1DZ06evO22OCjn,0nkRXC5Cv2nHUne7yT3hvp,spotify:track:0nkRXC5Cv2nHUne7yT3hvp,https://p.scdn.co/mp3-preview/9e7e09e655182f06cade08e71cb1763f058aa2d4?cid=63a77ff40e794a12ae216a18befde98c,Mandem,33,Burna Boy,Mandem,0.222,0.651,230588,0.751,0.0,1,0.596,-8.62,0,0.225,104.79,0.802
afro,This Is Burna Boy,37i9dQZF1DZ06evO22OCjn,6koOQ0aF5Ktizwa8qmanQj,spotify:track:6koOQ0aF5Ktizwa8qmanQj,https://p.scdn.co/mp3-preview/629224d87eee5283d9cfdf986dde1116ec8fc5f6?cid=63a77ff40e794a12ae216a18befde98c,#YawaDey,37,Burna Boy,L.I.F.E - Leaving an Impact for Eternity (Deluxe Edition),0.0111,0.795,237670,0.588,0.000197,6,0.0596,-9.934,1,0.063,102.996,0.713
afro,This Is Burna Boy,37i9dQZF1DZ06evO22OCjn,41NUWT0JDjCJwJY6wtFnzI,spotify:track:41NUWT0JDjCJwJY6wtFnzI,https://p.scdn.co/mp3-preview/92c5c963c1e2af619eeb2c7548fc5e16fc8285f7?cid=63a77ff40e794a12ae216a18befde98c,Thuggin,41,"Burna Boy,DJDS",Steel & Copper,0.0444,0.738,224467,0.37,4.67e-06,9,0.14,-8.258,1,0.101,137.868,0.289
afro,This Is Burna Boy,37i9dQZF1DZ06evO22OCjn,07sn8nshlcuBVZ45Vqo5rV,spotify:track:07sn8nshlcuBVZ45Vqo5rV,https://p.scdn.co/mp3-preview/bc5cd3ee54a922c36f3313780f285c27772b5b37?cid=63a77ff40e794a12ae216a18befde98c,"Gimme Dat (feat. Burna Boy, Yung L & Olamide)",38,"Ice Prince,Burna Boy,Yung L,Olamide",Fire of Zamani,0.0374,0.578,291106,0.907,0.0,5,0.142,-1.688,0,0.202,99.274,0.687
afro,This Is Burna Boy,37i9dQZF1DZ06evO22OCjn,0iSTNWznA4TcbGCXwAwpB1,spotify:track:0iSTNWznA4TcbGCXwAwpB1,https://p.scdn.co/mp3-preview/832463834cab0ac91141dc7279d363f4fd429471?cid=63a77ff40e794a12ae216a18befde98c,Jealousy,35,Burna Boy,On A Spaceship,0.763,0.744,214027,0.702,0.0,10,0.145,-5.545,0,0.115,109.055,0.905
afro,This Is Burna Boy,37i9dQZF1DZ06evO22OCjn,4nrfaxl7yXvfd1L7cccMa3,spotify:track:4nrfaxl7yXvfd1L7cccMa3,https://p.scdn.co/mp3-preview/077b5811c321e6866c4c0c992687b7ec133bf28a?cid=63a77ff40e794a12ae216a18befde98c,My Baby,39,"R2Bees,Burna Boy",Site 15,0.0539,0.788,201600,0.555,4.79e-06,9,0.0976,-5.447,0,0.0588,99.995,0.639
afro,This Is Burna Boy,37i9dQZF1DZ06evO22OCjn,5UJ3ljsa5PODIdhbTO9Fgh,spotify:track:5UJ3ljsa5PODIdhbTO9Fgh,https://p.scdn.co/mp3-preview/13e5b530c3ad18fd0df81dcb34f4e6cd7973520a?cid=63a77ff40e794a12ae216a18befde98c,Innocent Man,45,"Burna Boy,DJDS",Steel & Copper,0.0134,0.761,150787,0.78,9.79e-05,4,0.16,-4.411,1,0.0845,142.092,0.289
afro,This Is Burna Boy,37i9dQZF1DZ06evO22OCjn,49HM5sZr87pUMEglnq6AP4,spotify:track:49HM5sZr87pUMEglnq6AP4,https://p.scdn.co/mp3-preview/078dc223bb51df330c6581748679235ed76a8272?cid=63a77ff40e794a12ae216a18befde98c,Your Choice (feat. Burna Boy),47,"Lily Allen,Burna Boy",No Shame,0.128,0.817,222013,0.616,9.9e-05,4,0.0917,-5.003,1,0.0402,102.005,0.621
afro,This Is Burna Boy,37i9dQZF1DZ06evO22OCjn,69AFsodbOmgfLE9QWqAiXh,spotify:track:69AFsodbOmgfLE9QWqAiXh,https://p.scdn.co/mp3-preview/04bec5825193eff045f7c3e0af70692597f7ffdd?cid=63a77ff40e794a12ae216a18befde98c,Smoke (feat. Onos),34,"Burna Boy,Onos","Best of Burn Series, Vol. 1",0.214,0.757,288681,0.399,2.41e-05,2,0.0934,-10.151,1,0.0997,76.972,0.96
afro,This Is Burna Boy,37i9dQZF1DZ06evO22OCjn,6EySC83vlqOr88ETbzGeMP,spotify:track:6EySC83vlqOr88ETbzGeMP,https://p.scdn.co/mp3-preview/f24e8290aff5f0148722af4fdb87a965421939be?cid=63a77ff40e794a12ae216a18befde98c,Single,34,Burna Boy,On A Spaceship,0.331,0.862,211027,0.764,4.2e-06,0,0.106,-5.986,0,0.0701,101.976,0.646
afro,This Is Burna Boy,37i9dQZF1DZ06evO22OCjn,2FHygXTk6iUizHiGREuZcJ,spotify:track:2FHygXTk6iUizHiGREuZcJ,https://p.scdn.co/mp3-preview/ea94ab47b6a77e84015de3c7a7de2cbf1d6ce3f5?cid=63a77ff40e794a12ae216a18befde98c,We On,35,Burna Boy,Redemption,0.418,0.812,175413,0.474,4.67e-05,1,0.143,-9.84,1,0.106,119.974,0.347
afro,This Is Burna Boy,37i9dQZF1DZ06evO22OCjn,1wfHUAlH1uHzxIci878IvF,spotify:track:1wfHUAlH1uHzxIci878IvF,https://p.scdn.co/mp3-preview/cf54d87d9ef123a2581f4781809bd3876c684d06?cid=63a77ff40e794a12ae216a18befde98c,Hossana,37,"Shatta Wale,Burna Boy",Hossana,0.233,0.791,215974,0.768,0.0,9,0.339,-3.143,0,0.0549,112.106,0.839
afro,This Is Burna Boy,37i9dQZF1DZ06evO22OCjn,2CWiLT1VYe7HJiInh4aDp5,spotify:track:2CWiLT1VYe7HJiInh4aDp5,https://p.scdn.co/mp3-preview/873239353a26dc247c19acb01cf9a6a0278ef5f0?cid=63a77ff40e794a12ae216a18befde98c,Hosanna,37,"Shatta Wale,Burna Boy",Shatta Wale,0.238,0.738,222380,0.763,0.0,9,0.262,-3.402,0,0.0843,112.157,0.775
afro,This Is Burna Boy,37i9dQZF1DZ06evO22OCjn,7ia4H0EktGiFwyGssGGNCU,spotify:track:7ia4H0EktGiFwyGssGGNCU,https://p.scdn.co/mp3-preview/3b2f88cd3715efcf2f64bbdfe1996ad453efda06?cid=63a77ff40e794a12ae216a18befde98c,Another One,34,Burna Boy,On A Spaceship,0.156,0.621,202027,0.818,0.0,5,0.0834,-5.168,0,0.216,99.177,0.517
afro,This Is Burna Boy,37i9dQZF1DZ06evO22OCjn,5LkHNsEuWjUpln93ZLudJw,spotify:track:5LkHNsEuWjUpln93ZLudJw,https://p.scdn.co/mp3-preview/08263f0efc30763e9ef5c825959ed6f6c24dbbf6?cid=63a77ff40e794a12ae216a18befde98c,Plenty Song,35,Burna Boy,Redemption,0.107,0.75,164073,0.506,1.16e-05,2,0.109,-9.163,1,0.37,92.557,0.396
afro,This Is Burna Boy,37i9dQZF1DZ06evO22OCjn,67C2oje5E7ab2g8dF2zw9O,spotify:track:67C2oje5E7ab2g8dF2zw9O,,Play Am,37,"Oritse Femi,Burna Boy,Konshens",Play Am,0.166,0.539,199040,0.821,0.0,1,0.0537,-7.135,1,0.221,97.746,0.921
afro,This Is Burna Boy,37i9dQZF1DZ06evO22OCjn,4tAu3VX39NHecJzJfP6dQ9,spotify:track:4tAu3VX39NHecJzJfP6dQ9,https://p.scdn.co/mp3-preview/42be63f5126db254bb30b7bf4232bbc006488f21?cid=63a77ff40e794a12ae216a18befde98c,34,43,"Burna Boy,DJDS",Steel & Copper,0.0555,0.785,160667,0.689,0.0064,6,0.107,-6.374,0,0.311,145.018,0.321
afro,This Is Burna Boy,37i9dQZF1DZ06evO22OCjn,6NkZma8WqIkEZra1dhZG4K,spotify:track:6NkZma8WqIkEZra1dhZG4K,https://p.scdn.co/mp3-preview/a5136921bbe349453c8d6e4f220800d1cae38daf?cid=63a77ff40e794a12ae216a18befde98c,On A Very Good Day,34,Burna Boy,On A Spaceship,0.389,0.903,223413,0.765,0.000545,8,0.133,-4.184,1,0.0382,115.942,0.701
afro,This Is Burna Boy,37i9dQZF1DZ06evO22OCjn,44ZZwhCz8di2gxFReFmPWt,spotify:track:44ZZwhCz8di2gxFReFmPWt,https://p.scdn.co/mp3-preview/a8d2f150807bce0cc7600801d521e456cdc48449?cid=63a77ff40e794a12ae216a18befde98c,Mary Jane,36,Burna Boy,Redemption,0.0242,0.827,199067,0.499,4.1e-05,11,0.0859,-8.587,0,0.143,121.463,0.503
afro,This Is Burna Boy,37i9dQZF1DZ06evO22OCjn,2hbMLNr8C555alIZPBNMiO,spotify:track:2hbMLNr8C555alIZPBNMiO,,Finders Keepers - Remix,43,"Mabel,Kojo Funds,Burna Boy,Don-E",Ivy To Roses (Mixtape),0.0832,0.77,268293,0.683,0.0,4,0.0922,-5.652,0,0.162,107.937,0.564
