category_id,playlist_name,playlist_id,track_id,track_uri,track_preview_url,track_name,track_popularity,artist_name,album_name,acousticness,danceability,duration_ms,energy,instrumentalness,key,liveness,loudness,mode,speechiness,tempo,valence
afro,This Is Zonke,37i9dQZF1DWWxuZGEYY4h1,5u91yhBCFvQZIbGE1WcpOv,spotify:track:5u91yhBCFvQZIbGE1WcpOv,https://p.scdn.co/mp3-preview/cbaba0dacac66df0d72bf4dc371cb22192b3d0d8?cid=63a77ff40e794a12ae216a18befde98c,Tonight,32,Zonke,L.O.V.E,0.0731,0.713,274094,0.678,0.0157,11,0.0865,-8.119,0,0.0361,108.021,0.759
afro,This Is Zonke,37i9dQZF1DWWxuZGEYY4h1,2cV5IKy6RdZ5RyN6mLGy1j,spotify:track:2cV5IKy6RdZ5RyN6mLGy1j,https://p.scdn.co/mp3-preview/8e94c83a5d4488e55d799137ce061d5347aa3653?cid=63a77ff40e794a12ae216a18befde98c,Reach It,25,Zonke,Work of Heart,0.659,0.644,214640,0.314,0.00109,4,0.102,-11.523,1,0.0477,163.968,0.323
afro,This Is Zonke,37i9dQZF1DWWxuZGEYY4h1,0MsTBo22VnoJsz9hmJ1y8Z,spotify:track:0MsTBo22VnoJsz9hmJ1y8Z,https://p.scdn.co/mp3-preview/2baa83fe8091b7705e150c629b6d4fffdfbbb571?cid=63a77ff40e794a12ae216a18befde98c,Soul to Keep,26,"Zonke,Kwesta",L.O.V.E,0.0306,0.743,306113,0.713,0.329,2,0.0848,-8.373,0,0.0657,94.997,0.365
afro,This Is Zonke,37i9dQZF1DWWxuZGEYY4h1,2oLztUbbAKvyf7yZBdwBjR,spotify:track:2oLztUbbAKvyf7yZBdwBjR,,"""Jik Izinto""",16,Zonke,"""Jik Izinto""",0.0689,0.634,249533,0.809,1.09e-05,5,0.107,-7.711,1,0.052,103.896,0.602
afro,This Is Zonke,37i9dQZF1DWWxuZGEYY4h1,3DfUJdHIsIgKFlQRTrXwLs,spotify:track:3DfUJdHIsIgKFlQRTrXwLs,https://p.scdn.co/mp3-preview/e7442e92c6db3d4712289c23a95964cd2de76c50?cid=63a77ff40e794a12ae216a18befde98c,NdiliMpondo,23,Zonke,L.O.V.E,0.169,0.647,247531,0.628,0.0648,10,0.0903,-10.952,0,0.0348,100.008,0.673
afro,This Is Zonke,37i9dQZF1DWWxuZGEYY4h1,03oeHk2ssQMsygWAQveyKv,spotify:track:03oeHk2ssQMsygWAQveyKv,https://p.scdn.co/mp3-preview/266f6dab933b4cfdf35b44d286d956d7f6114b8f?cid=63a77ff40e794a12ae216a18befde98c,Uyandithanda,29,Zonke,L.O.V.E,0.311,0.664,248673,0.371,0.00152,2,0.11,-10.581,1,0.0314,128.001,0.252
afro,This Is Zonke,37i9dQZF1DWWxuZGEYY4h1,6uTzeP0ZWXbZWwh0UVypj8,spotify:track:6uTzeP0ZWXbZWwh0UVypj8,https://p.scdn.co/mp3-preview/5bb2dd6c3f67ca85cd6d0a01b3602bc5a5051b6c?cid=63a77ff40e794a12ae216a18befde98c,L.O.V.E,24,Zonke,L.O.V.E,0.0968,0.758,261981,0.626,0.0306,9,0.135,-9.863,0,0.0397,108.01,0.773
afro,This Is Zonke,37i9dQZF1DWWxuZGEYY4h1,23krgtj269rJ8C22HPWCoO,spotify:track:23krgtj269rJ8C22HPWCoO,https://p.scdn.co/mp3-preview/5c305be21aa505e6b3c28ba95ea0b13ec1419f30?cid=63a77ff40e794a12ae216a18befde98c,Great Storm,15,Zonke,Work of Heart,0.127,0.696,228640,0.487,0.0867,2,0.136,-12.983,1,0.0235,101.993,0.604
afro,This Is Zonke,37i9dQZF1DWWxuZGEYY4h1,53AHCYDueWnUNLPtrrXV6c,spotify:track:53AHCYDueWnUNLPtrrXV6c,,I Believe,10,Zonke,"Life, Love 'n Music",0.0125,0.544,300133,0.589,0.0412,10,0.0956,-7.662,0,0.0546,170.038,0.433
afro,This Is Zonke,37i9dQZF1DWWxuZGEYY4h1,4pOBroO8jRFv8IVwZXDMnS,spotify:track:4pOBroO8jRFv8IVwZXDMnS,https://p.scdn.co/mp3-preview/5dd4fcf71eda93c17da899c78c13520964c4db52?cid=63a77ff40e794a12ae216a18befde98c,Feelings,24,Zonke,Give and Take - Live,0.596,0.452,497693,0.647,0.000298,7,0.617,-9.831,0,0.038,85.416,0.439
afro,This Is Zonke,37i9dQZF1DWWxuZGEYY4h1,5bgMuy0ceEo0815lM8Zreu,spotify:track:5bgMuy0ceEo0815lM8Zreu,,Ekhaya,10,Zonke,"Life, Love 'n Music",0.0822,0.726,322760,0.781,0.611,2,0.094,-6.529,0,0.0323,120.025,0.73
afro,This Is Zonke,37i9dQZF1DWWxuZGEYY4h1,1PoQPAYpVG6FiL8WAznnKE,spotify:track:1PoQPAYpVG6FiL8WAznnKE,https://p.scdn.co/mp3-preview/52da5f41a0258b4c0814bb8f33e1541a5ceb83d5?cid=63a77ff40e794a12ae216a18befde98c,Intliziyo,22,Zonke,L.O.V.E,0.285,0.73,295880,0.654,0.00169,11,0.0868,-8.972,0,0.0286,106.046,0.358
afro,This Is Zonke,37i9dQZF1DWWxuZGEYY4h1,2CbjG1bjmYQ9aW8TbUiRjN,spotify:track:2CbjG1bjmYQ9aW8TbUiRjN,,Learn To Love,8,Zonke,"Life, Love 'n Music",0.0172,0.687,307747,0.806,0.207,0,0.102,-8.787,1,0.0731,124.007,0.892
afro,This Is Zonke,37i9dQZF1DWWxuZGEYY4h1,6BUPFkiFxkp1htl7f4Jv3c,spotify:track:6BUPFkiFxkp1htl7f4Jv3c,https://p.scdn.co/mp3-preview/23995782f2640853f8a91100857f0aed2769c5ac?cid=63a77ff40e794a12ae216a18befde98c,Ndiyak'thembisa,19,Zonke,L.O.V.E,0.111,0.783,258919,0.585,0.000239,11,0.102,-6.725,1,0.0292,110.013,0.62
afro,This Is Zonke,37i9dQZF1DWWxuZGEYY4h1,0I1oGoYKqDORMKbsScDAGF,spotify:track:0I1oGoYKqDORMKbsScDAGF,,Anywhere U Go,7,Zonke,"Life, Love 'n Music",0.181,0.715,270507,0.695,0.0752,0,0.131,-6.641,0,0.0343,119.992,0.777
afro,This Is Zonke,37i9dQZF1DWWxuZGEYY4h1,5TfwN3h4EiLY6owVJILQ0z,spotify:track:5TfwN3h4EiLY6owVJILQ0z,https://p.scdn.co/mp3-preview/cab967f592acfa71e7f672246827dc77a496202e?cid=63a77ff40e794a12ae216a18befde98c,Best Days of My Life,21,Zonke,L.O.V.E,0.792,0.608,218761,0.356,0.0,10,0.124,-9.885,0,0.0399,82.003,0.388
afro,This Is Zonke,37i9dQZF1DWWxuZGEYY4h1,5TieC7cHbQHcCduLWAqw4S,spotify:track:5TieC7cHbQHcCduLWAqw4S,,Phuma Kum,7,Zonke,"Life, Love 'n Music",0.0384,0.724,331840,0.762,0.732,9,0.122,-7.692,0,0.0384,115.0,0.561
afro,This Is Zonke,37i9dQZF1DWWxuZGEYY4h1,2qodvn0e9D7kx1EKce5ZA6,spotify:track:2qodvn0e9D7kx1EKce5ZA6,,Ugugile,6,Zonke,"Life, Love 'n Music",0.00144,0.735,322107,0.745,0.306,2,0.0991,-9.59,1,0.0435,107.994,0.584
afro,This Is Zonke,37i9dQZF1DWWxuZGEYY4h1,5kINKyMAfBwV1gfJdkG5Sg,spotify:track:5kINKyMAfBwV1gfJdkG5Sg,https://p.scdn.co/mp3-preview/2d1f11702aaa659ee2b1927b30651608a30a671d?cid=63a77ff40e794a12ae216a18befde98c,Forever in Love,11,Zonke,Work of Heart,0.747,0.654,234640,0.47,0.00155,7,0.176,-11.919,0,0.0279,132.044,0.393
afro,This Is Zonke,37i9dQZF1DWWxuZGEYY4h1,5oNgcvrwqMPeGZjLYPoETV,spotify:track:5oNgcvrwqMPeGZjLYPoETV,,Never Again,7,Zonke,"Life, Love 'n Music",0.394,0.681,273107,0.454,0.0156,9,0.126,-8.653,0,0.0537,174.051,0.828
afro,This Is Zonke,37i9dQZF1DWWxuZGEYY4h1,4TFLVYU1JwKwS6QMZKuCwi,spotify:track:4TFLVYU1JwKwS6QMZKuCwi,https://p.scdn.co/mp3-preview/1606d0b031c6f67943eff2198ef9e015fd3ab1de?cid=63a77ff40e794a12ae216a18befde98c,Heavenly,11,Zonke,Work of Heart,0.164,0.674,220640,0.586,0.0191,9,0.0832,-10.17,1,0.0417,100.98,0.188
afro,This Is Zonke,37i9dQZF1DWWxuZGEYY4h1,6FU9HarRJGLMEqL9znwkqY,spotify:track:6FU9HarRJGLMEqL9znwkqY,https://p.scdn.co/mp3-preview/78564f8455d6a5d253aafc5427781b8f5a06c806?cid=63a77ff40e794a12ae216a18befde98c,Uphelelwa Lixesha,17,Zonke,L.O.V.E,0.018,0.754,255627,0.504,0.0154,0,0.0655,-9.038,1,0.041,77.986,0.773
afro,This Is Zonke,37i9dQZF1DWWxuZGEYY4h1,7IgN12ucZO9vWSshLCmdTT,spotify:track:7IgN12ucZO9vWSshLCmdTT,,Pleasure,6,Zonke,"Life, Love 'n Music",0.158,0.687,301587,0.793,0.000356,10,0.117,-7.115,0,0.074,125.053,0.538
afro,This Is Zonke,37i9dQZF1DWWxuZGEYY4h1,6deyPDYfk3Akrz3t6lc6fy,spotify:track:6deyPDYfk3Akrz3t6lc6fy,https://p.scdn.co/mp3-preview/b1cb99c30114dc4b00f47f994a3b4c7363bfa33a?cid=63a77ff40e794a12ae216a18befde98c,Dear Child - So Many Ways,14,Zonke,Work of Heart,0.377,0.53,226640,0.506,0.00859,9,0.113,-9.799,0,0.0354,171.926,0.293
afro,This Is Zonke,37i9dQZF1DWWxuZGEYY4h1,5mJtki5eqkGxAQqwEYrAaq,spotify:track:5mJtki5eqkGxAQqwEYrAaq,,Amanga,6,Zonke,"Life, Love 'n Music",0.00147,0.851,318000,0.738,0.555,1,0.0634,-6.938,0,0.0619,119.983,0.564
afro,This Is Zonke,37i9dQZF1DWWxuZGEYY4h1,6mD5c2ERPKFLzNEpEZJFwU,spotify:track:6mD5c2ERPKFLzNEpEZJFwU,,Malibongwe,6,Zonke,"Life, Love 'n Music",0.00116,0.619,305733,0.836,0.0113,0,0.0407,-9.737,1,0.065,124.985,0.537
afro,This Is Zonke,37i9dQZF1DWWxuZGEYY4h1,5Vv6Qh1oE7WQNkdIDSTeiX,spotify:track:5Vv6Qh1oE7WQNkdIDSTeiX,https://p.scdn.co/mp3-preview/1687739299836d5694e44d7c4ed7987d37c9dd1d?cid=63a77ff40e794a12ae216a18befde98c,S.O.S - Release Me,18,Zonke,Work of Heart,0.16,0.602,243640,0.533,0.00894,8,0.195,-10.665,0,0.0415,94.999,0.59
afro,This Is Zonke,37i9dQZF1DWWxuZGEYY4h1,0NRlsxdnyzTf3jBDQ60dDG,spotify:track:0NRlsxdnyzTf3jBDQ60dDG,,Uzondilinda,7,Zonke,"Life, Love 'n Music",0.0141,0.741,307693,0.842,0.488,5,0.0512,-6.379,0,0.0621,109.995,0.935
afro,This Is Zonke,37i9dQZF1DWWxuZGEYY4h1,4ds2MUP8vtMSaztsyxfjbU,spotify:track:4ds2MUP8vtMSaztsyxfjbU,https://p.scdn.co/mp3-preview/b2957f5e15217a8f4638616264d943387c0fbc56?cid=63a77ff40e794a12ae216a18befde98c,Meet me in my Dreams,14,Zonke,Work of Heart,0.471,0.732,214640,0.467,0.000491,11,0.143,-10.973,1,0.034,119.966,0.424
afro,This Is Zonke,37i9dQZF1DWWxuZGEYY4h1,7rKIjtpWrVtncmkItREclB,spotify:track:7rKIjtpWrVtncmkItREclB,,Ndigoduse,6,Zonke,"Life, Love 'n Music",0.0175,0.675,303880,0.859,0.0513,0,0.0838,-7.487,0,0.0612,120.045,0.56
afro,This Is Zonke,37i9dQZF1DWWxuZGEYY4h1,54LnBrAkMowrMokS1i4qTM,spotify:track:54LnBrAkMowrMokS1i4qTM,https://p.scdn.co/mp3-preview/69cfa1a753c7b974777ae4ba579f1737158c9c42?cid=63a77ff40e794a12ae216a18befde98c,This Is It,12,Zonke,Work of Heart,0.698,0.581,214640,0.511,6.5e-05,0,0.121,-8.594,0,0.0409,179.919,0.518
afro,This Is Zonke,37i9dQZF1DWWxuZGEYY4h1,6NyU9yisLLYyBi90kbvf3m,spotify:track:6NyU9yisLLYyBi90kbvf3m,,Nomanyange,7,Zonke,"Life, Love 'n Music",0.183,0.555,280013,0.692,0.000843,5,0.0915,-9.297,0,0.0462,162.008,0.443
afro,This Is Zonke,37i9dQZF1DWWxuZGEYY4h1,122wlOk2JORQ89VWR8miuq,spotify:track:122wlOk2JORQ89VWR8miuq,https://p.scdn.co/mp3-preview/c92f7309753fb124200efb4b5ad8ed3305f5be1e?cid=63a77ff40e794a12ae216a18befde98c,Free State of Mind,13,Zonke,Work of Heart,0.146,0.684,229640,0.465,0.244,11,0.113,-8.846,0,0.0394,187.981,0.521
afro,This Is Zonke,37i9dQZF1DWWxuZGEYY4h1,4cZ2riCamre8MLdjdO6y6F,spotify:track:4cZ2riCamre8MLdjdO6y6F,,Bafazi Belali,5,Zonke,"Life, Love 'n Music",0.000902,0.711,331520,0.754,0.0553,9,0.06,-7.99,0,0.0433,119.999,0.971
afro,This Is Zonke,37i9dQZF1DWWxuZGEYY4h1,4kpDlursnjsH1pBl6jRwwU,spotify:track:4kpDlursnjsH1pBl6jRwwU,https://p.scdn.co/mp3-preview/f5801ba8223045dc58d4db669222d20e7f5389cb?cid=63a77ff40e794a12ae216a18befde98c,Funky Lovin' - Stay With Me,12,Zonke,Work of Heart,0.202,0.745,239640,0.543,4.77e-05,2,0.0948,-8.614,0,0.124,166.064,0.948
afro,This Is Zonke,37i9dQZF1DWWxuZGEYY4h1,6SnQ2GIoanebTxsgT4xe8k,spotify:track:6SnQ2GIoanebTxsgT4xe8k,https://p.scdn.co/mp3-preview/e335023e6ed346c00dc7d26ea15ffe0791d149f8?cid=63a77ff40e794a12ae216a18befde98c,Those Days,13,Zonke,Work of Heart,0.484,0.755,230640,0.482,0.00446,11,0.217,-8.859,0,0.0411,93.044,0.452
afro,This Is Zonke,37i9dQZF1DWWxuZGEYY4h1,0hzeCXjJi6qpILrFFPrbgR,spotify:track:0hzeCXjJi6qpILrFFPrbgR,,My Music,6,Zonke,"Life, Love 'n Music",0.0402,0.672,366840,0.772,0.000799,10,0.0871,-9.658,1,0.0594,122.99,0.794
