category_id,playlist_name,playlist_id,track_id,track_uri,track_preview_url,track_name,track_popularity,artist_name,album_name,acousticness,danceability,duration_ms,energy,instrumentalness,key,liveness,loudness,mode,speechiness,tempo,valence
afro,This Is Chief Commander Ebenezer Obey,37i9dQZF1DZ06evO2W8xb0,1cvpTxtzz7QXNk6ptyfUNX,spotify:track:1cvpTxtzz7QXNk6ptyfUNX,https://p.scdn.co/mp3-preview/e4a515e74130387b7ed57673c36a23080c066c9a?cid=63a77ff40e794a12ae216a18befde98c,Gbe Bemi Oluwa,24,Chief Commander Ebenezer Obey,Obey In the 60's (Vol 1),0.289,0.713,178920,0.716,0.132,9,0.0585,-6.838,1,0.0684,114.443,0.941
afro,This Is Chief Commander Ebenezer Obey,37i9dQZF1DZ06evO2W8xb0,6kkJJ1jkn03m7TVR8DyXFA,spotify:track:6kkJJ1jkn03m7TVR8DyXFA,https://p.scdn.co/mp3-preview/1850f5c2640a6b39b64c7e35a8808f3bb4847558?cid=63a77ff40e794a12ae216a18befde98c,Iba F'Oluwa/Ajokodabi Ile (Highlife Juju Yoruba),26,Chief Commander Ebenezer Obey,Ebenezer Obey in London,0.294,0.504,457360,0.563,0.00692,11,0.235,-13.72,0,0.0678,108.842,0.798
afro,This Is Chief Commander Ebenezer Obey,37i9dQZF1DZ06evO2W8xb0,6QNSD7ydhQvs0HIEIMHzVt,spotify:track:6QNSD7ydhQvs0HIEIMHzVt,https://p.scdn.co/mp3-preview/b617b7cb6aa5e68e316a2274a1a9b81e3ca654c9?cid=63a77ff40e794a12ae216a18befde98c,Palongo,24,Chief Commander Ebenezer Obey,Ija Pari,0.944,0.644,171733,0.743,0.766,1,0.262,-5.539,1,0.0542,131.507,0.934
afro,This Is Chief Commander Ebenezer Obey,37i9dQZF1DZ06evO2W8xb0,6gq9ZlCF97t0v9z3wH7Kez,spotify:track:6gq9ZlCF97t0v9z3wH7Kez,https://p.scdn.co/mp3-preview/90442206095692c7bb7cb85aa4cd8880efd54821?cid=63a77ff40e794a12ae216a18befde98c,"Ohun Oju Ri Laye Medley, Pt. 1",23,Chief Commander Ebenezer Obey,51 Lex Presents Ohun Oju Ri Laye,0.0718,0.721,1026987,0.676,0.00333,0,0.109,-12.044,1,0.0559,124.461,0.878
afro,This Is Chief Commander Ebenezer Obey,37i9dQZF1DZ06evO2W8xb0,1yLSuh0RjDNBqGZHvBwQ1D,spotify:track:1yLSuh0RjDNBqGZHvBwQ1D,https://p.scdn.co/mp3-preview/4c71ebe5573111fb34b69957ac2fb855f8306d59?cid=63a77ff40e794a12ae216a18befde98c,Ope Fun Oluwa,24,Chief Commander Ebenezer Obey,Obey In the 60's (Vol 1),0.959,0.637,177253,0.739,0.375,1,0.181,-6.18,1,0.0861,126.871,0.969
afro,This Is Chief Commander Ebenezer Obey,37i9dQZF1DZ06evO2W8xb0,4OhtSQcLWeArrHlFYhTrXZ,spotify:track:4OhtSQcLWeArrHlFYhTrXZ,https://p.scdn.co/mp3-preview/9d0e2c942844632651274dfadca83a4268f7cd77?cid=63a77ff40e794a12ae216a18befde98c,Ori Mi Ko Ni Buru (Jujju High-Life Yoruba),21,Chief Commander Ebenezer Obey,Ebenezer Obey in London,0.79,0.622,203413,0.559,0.302,2,0.112,-13.968,1,0.0655,111.955,0.943
afro,This Is Chief Commander Ebenezer Obey,37i9dQZF1DZ06evO2W8xb0,4rA4sGmKw1B3jLfF71QUO6,spotify:track:4rA4sGmKw1B3jLfF71QUO6,https://p.scdn.co/mp3-preview/0200e4aa9172062a59511ecb9db8204ae2392065?cid=63a77ff40e794a12ae216a18befde98c,Eyi Yato,22,Chief Commander Ebenezer Obey,Evergreen Songs 31,0.0775,0.61,1056853,0.857,0.0464,10,0.689,-6.045,1,0.0645,123.077,0.886
afro,This Is Chief Commander Ebenezer Obey,37i9dQZF1DZ06evO2W8xb0,4Eq2VdKph12OIZ92EgZMio,spotify:track:4Eq2VdKph12OIZ92EgZMio,https://p.scdn.co/mp3-preview/19d7c16b1df829bd43e0aad1f9819a8ad9a4e55f?cid=63a77ff40e794a12ae216a18befde98c,Ajo Ni Mowa,18,Chief Commander Ebenezer Obey,Evergreen Songs Origina 15,0.89,0.783,163973,0.615,0.232,10,0.176,-15.094,1,0.0771,102.366,0.929
afro,This Is Chief Commander Ebenezer Obey,37i9dQZF1DZ06evO2W8xb0,1if3tatVPScaikXCriZGgk,spotify:track:1if3tatVPScaikXCriZGgk,https://p.scdn.co/mp3-preview/df47e8f095a0eeb9cbda2ae380cf6cb1c4eaabca?cid=63a77ff40e794a12ae216a18befde98c,Olomi Gbe Temi,22,Chief Commander Ebenezer Obey,Obey In the 60's (Vol 1),0.679,0.639,175933,0.847,0.0887,2,0.173,-6.087,0,0.0462,95.822,0.969
afro,This Is Chief Commander Ebenezer Obey,37i9dQZF1DZ06evO2W8xb0,5E9hldNlMRT988fAuOOS9r,spotify:track:5E9hldNlMRT988fAuOOS9r,https://p.scdn.co/mp3-preview/efc94639a034f4112c43771c839055670a2d2183?cid=63a77ff40e794a12ae216a18befde98c,Egba (Juju Yoruba),21,Chief Commander Ebenezer Obey,Ebenezer Obey in London,0.161,0.636,204973,0.621,0.0231,1,0.151,-11.905,1,0.0825,116.182,0.763
afro,This Is Chief Commander Ebenezer Obey,37i9dQZF1DZ06evO2W8xb0,4a2npWSuIXbcAP9H4ihPZ9,spotify:track:4a2npWSuIXbcAP9H4ihPZ9,https://p.scdn.co/mp3-preview/a4cd345485fd545ba918b88c6c2bc7aa7b861084?cid=63a77ff40e794a12ae216a18befde98c,Iba Folouwa,18,Chief Commander Ebenezer Obey,Evergreen Songs Original 1,0.409,0.479,230653,0.535,0.781,0,0.225,-15.085,0,0.0729,107.018,0.892
afro,This Is Chief Commander Ebenezer Obey,37i9dQZF1DZ06evO2W8xb0,3FHFnDVYHkwe3sN7DZOeW7,spotify:track:3FHFnDVYHkwe3sN7DZOeW7,https://p.scdn.co/mp3-preview/24e19218140cf6b122077f45ce489edca8c0196e?cid=63a77ff40e794a12ae216a18befde98c,Ore Mi E Se Pelepele,15,Chief Commander Ebenezer Obey,Evergreen Songs Origina 20,0.855,0.717,170827,0.652,0.013,7,0.216,-10.156,0,0.0421,108.554,0.921
afro,This Is Chief Commander Ebenezer Obey,37i9dQZF1DZ06evO2W8xb0,3aEEfw8PNGpqdWFKOMPeJN,spotify:track:3aEEfw8PNGpqdWFKOMPeJN,https://p.scdn.co/mp3-preview/b2610fbc24276bdce748e52e282cbc8a93b8f9ab?cid=63a77ff40e794a12ae216a18befde98c,Edumare Soro Mi Dayo Medley (Part 1),15,Chief Commander Ebenezer Obey,Board Members,0.339,0.611,1128907,0.639,0.0035,0,0.0606,-9.206,1,0.0661,121.991,0.826
afro,This Is Chief Commander Ebenezer Obey,37i9dQZF1DZ06evO2W8xb0,0EFqxIoVWjF3Zjz71n86bc,spotify:track:0EFqxIoVWjF3Zjz71n86bc,https://p.scdn.co/mp3-preview/8529fd3a3e2b76de9ad2ead026d188285043e02a?cid=63a77ff40e794a12ae216a18befde98c,Ibadan (Juju Yoruba),18,Chief Commander Ebenezer Obey,Ebenezer Obey in London,0.308,0.655,189093,0.65,0.141,6,0.094,-12.721,1,0.0549,112.29,0.865
afro,This Is Chief Commander Ebenezer Obey,37i9dQZF1DZ06evO2W8xb0,281tnU6RD0BZbn33n6CbzQ,spotify:track:281tnU6RD0BZbn33n6CbzQ,https://p.scdn.co/mp3-preview/a85a01a3302d5f2d9186613567a0c2345f905d01?cid=63a77ff40e794a12ae216a18befde98c,"The Horse, The Man & The Son",17,Chief Commander Ebenezer Obey,Evergreen Songs Original 1,0.247,0.673,1173827,0.443,0.00166,0,0.259,-15.751,1,0.0546,126.474,0.673
afro,This Is Chief Commander Ebenezer Obey,37i9dQZF1DZ06evO2W8xb0,28jPzP1GfuAmxXXHqEaRul,spotify:track:28jPzP1GfuAmxXXHqEaRul,https://p.scdn.co/mp3-preview/ece0f146fd3a607e792e811c8363e6f38e722725?cid=63a77ff40e794a12ae216a18befde98c,"Mukulu Muke Maa Jo Medley, Part. 2",13,"Chief Commander Ebenezer Obey,Inter Reformers Band",51 Lex Presents Mukulu Muke Maa Jo,0.712,0.603,1161667,0.466,0.223,1,0.0497,-17.645,1,0.127,104.452,0.908
afro,This Is Chief Commander Ebenezer Obey,37i9dQZF1DZ06evO2W8xb0,7sYKjNN1DAw38RNIH2shDl,spotify:track:7sYKjNN1DAw38RNIH2shDl,https://p.scdn.co/mp3-preview/25871a639153a29dab3324aebb69a5db2457cc93?cid=63a77ff40e794a12ae216a18befde98c,Aimasiko Lo N Damu Eda Medley (Part 1),16,Chief Commander Ebenezer Obey,Aimasiko,0.0475,0.738,1062573,0.719,0.00629,6,0.0859,-11.536,1,0.0449,133.633,0.91
afro,This Is Chief Commander Ebenezer Obey,37i9dQZF1DZ06evO2W8xb0,53TOrh5dizUSC81feFpyIy,spotify:track:53TOrh5dizUSC81feFpyIy,https://p.scdn.co/mp3-preview/ba50ea2d6aff33d395567a97bfe6af889d7c8981?cid=63a77ff40e794a12ae216a18befde98c,Omoba Sijuade/Moti Wa E (Juju Yoruba),17,Chief Commander Ebenezer Obey,Ebenezer Obey in London,0.322,0.564,390467,0.564,0.00715,1,0.0955,-14.66,0,0.101,113.246,0.846
afro,This Is Chief Commander Ebenezer Obey,37i9dQZF1DZ06evO2W8xb0,7LnoC93HpoWZnZzE75yoiV,spotify:track:7LnoC93HpoWZnZzE75yoiV,https://p.scdn.co/mp3-preview/43041b02228158d1c0acb47e336a3172ba45c15c?cid=63a77ff40e794a12ae216a18befde98c,Olomi Gbo Temi,15,Chief Commander Ebenezer Obey,Evergreen Songs Original 1,0.209,0.607,183320,0.776,0.0448,2,0.191,-10.956,1,0.0536,92.658,0.969
afro,This Is Chief Commander Ebenezer Obey,37i9dQZF1DZ06evO2W8xb0,2IIdifWhdDVTOlTGrXH1qS,spotify:track:2IIdifWhdDVTOlTGrXH1qS,https://p.scdn.co/mp3-preview/fe3eff01b51628d87b06f34c95fcf6c9e2393b9b?cid=63a77ff40e794a12ae216a18befde98c,Africa Is My Home,15,Chief Commander Ebenezer Obey,Evergreen Songs Origina 14,0.587,0.57,378653,0.465,0.00833,1,0.187,-16.362,1,0.0602,108.127,0.899
afro,This Is Chief Commander Ebenezer Obey,37i9dQZF1DZ06evO2W8xb0,7yDmN4ygRPPzhT0vwDDvYU,spotify:track:7yDmN4ygRPPzhT0vwDDvYU,https://p.scdn.co/mp3-preview/527a60021fc5ec56d983c4bbc968c18685014d8f?cid=63a77ff40e794a12ae216a18befde98c,"Ija Pari, Pt. 1",15,Chief Commander Ebenezer Obey,Ija Pari,0.633,0.784,283840,0.684,0.111,5,0.101,-5.465,1,0.053,122.315,0.779
afro,This Is Chief Commander Ebenezer Obey,37i9dQZF1DZ06evO2W8xb0,5KuAQ2HIw3x1UrFpPsvxGJ,spotify:track:5KuAQ2HIw3x1UrFpPsvxGJ,https://p.scdn.co/mp3-preview/04ce40478c4470dd4bda51345536c80a15c51a4a?cid=63a77ff40e794a12ae216a18befde98c,Ore se rere (Juju High-Life Yoruba),16,Chief Commander Ebenezer Obey,Ebenezer Obey in London,0.713,0.563,176893,0.551,0.157,9,0.171,-14.094,1,0.0644,113.81,0.898
afro,This Is Chief Commander Ebenezer Obey,37i9dQZF1DZ06evO2W8xb0,76dQXmWk18oZ5bc8lu8YZe,spotify:track:76dQXmWk18oZ5bc8lu8YZe,https://p.scdn.co/mp3-preview/1025a35d5bb281f31966cc3a032f9c8880d65093?cid=63a77ff40e794a12ae216a18befde98c,Sanu Olu,15,Chief Commander Ebenezer Obey,Obey In the 60's (Vol 1),0.647,0.562,171333,0.715,0.0604,11,0.516,-5.898,1,0.0403,115.466,0.635
afro,This Is Chief Commander Ebenezer Obey,37i9dQZF1DZ06evO2W8xb0,71NA0nG2xLBilh4vcKybAC,spotify:track:71NA0nG2xLBilh4vcKybAC,https://p.scdn.co/mp3-preview/47c78cbc0ef9b4c22701263f48c022df7473f68b?cid=63a77ff40e794a12ae216a18befde98c,Ori Mi Ma Je Nte,15,Chief Commander Ebenezer Obey,Evergreen Songs Original 12,0.214,0.467,1164333,0.623,0.00186,2,0.337,-12.451,1,0.0432,97.64,0.92
afro,This Is Chief Commander Ebenezer Obey,37i9dQZF1DZ06evO2W8xb0,6Bil8uU8Ds2kUvEQn0x1co,spotify:track:6Bil8uU8Ds2kUvEQn0x1co,https://p.scdn.co/mp3-preview/5c792260561d8798f2be537ba8724854e674fc05?cid=63a77ff40e794a12ae216a18befde98c,Olowo Laiye Mo,14,Chief Commander Ebenezer Obey,Evergreen Songs Origina 14,0.687,0.752,182493,0.282,0.000118,7,0.171,-18.672,1,0.0507,138.193,0.966
afro,This Is Chief Commander Ebenezer Obey,37i9dQZF1DZ06evO2W8xb0,1JOyGXpmFTu9FGhKhOO1Wp,spotify:track:1JOyGXpmFTu9FGhKhOO1Wp,https://p.scdn.co/mp3-preview/838cbce94a0be2dcc0184bdd4b7b05b9af5ede1f?cid=63a77ff40e794a12ae216a18befde98c,Tajudeen Onigbanjo,12,Chief Commander Ebenezer Obey,Evergreen Songs 50,0.582,0.618,268587,0.562,0.503,6,0.278,-11.22,1,0.0446,118.076,0.86
afro,This Is Chief Commander Ebenezer Obey,37i9dQZF1DZ06evO2W8xb0,264GDQhJPQijTMKH1lwM2y,spotify:track:264GDQhJPQijTMKH1lwM2y,https://p.scdn.co/mp3-preview/0b1b1f08cd02809bd9ae26ebb98f204b7f863c1b?cid=63a77ff40e794a12ae216a18befde98c,Anjade Loni Eledumare Medley (Part 1),14,Chief Commander Ebenezer Obey,Celebration,0.311,0.569,1226013,0.514,0.00047,6,0.222,-11.529,1,0.0494,119.976,0.757
afro,This Is Chief Commander Ebenezer Obey,37i9dQZF1DZ06evO2W8xb0,2J64E3A6vxJ8B8ygI7uMZW,spotify:track:2J64E3A6vxJ8B8ygI7uMZW,https://p.scdn.co/mp3-preview/7f82c6f5d6c173beb1094ed06b0983f6f543655e?cid=63a77ff40e794a12ae216a18befde98c,Paulina,12,Chief Commander Ebenezer Obey,51 Lex Presents Olomi Gbe Temi,0.877,0.593,170200,0.772,0.365,4,0.137,-5.647,1,0.0407,169.258,0.982
afro,This Is Chief Commander Ebenezer Obey,37i9dQZF1DZ06evO2W8xb0,3dvKQwFDsbdZ2dQuI07BlI,spotify:track:3dvKQwFDsbdZ2dQuI07BlI,https://p.scdn.co/mp3-preview/b96b1f2687fc1cf63799c35f13b37ee14c22664b?cid=63a77ff40e794a12ae216a18befde98c,Enia Lasan,17,Chief Commander Ebenezer Obey,Evergreen Songs Original 1,0.0817,0.577,370320,0.73,0.00475,1,0.241,-10.932,1,0.0421,124.076,0.961
afro,This Is Chief Commander Ebenezer Obey,37i9dQZF1DZ06evO2W8xb0,6AggkGAKnQFvIL1o2sA0WD,spotify:track:6AggkGAKnQFvIL1o2sA0WD,https://p.scdn.co/mp3-preview/71b222d78cebf10e3070ff7321628bcf47377c10?cid=63a77ff40e794a12ae216a18befde98c,"Oluwa Ni Oluso Aguntan Mi Medley, Pt. 1",12,Chief Commander Ebenezer Obey,51 Lex Presents Oluwa Ni Oluso Aguntan Mi,0.34,0.501,1085440,0.682,0.00239,0,0.133,-8.871,1,0.0567,104.681,0.892
afro,This Is Chief Commander Ebenezer Obey,37i9dQZF1DZ06evO2W8xb0,6Hu87ExMR186aWfq7PaGYz,spotify:track:6Hu87ExMR186aWfq7PaGYz,https://p.scdn.co/mp3-preview/be288fe8ea504cbafe5ecfcc331f77c6980bedff?cid=63a77ff40e794a12ae216a18befde98c,Eto Igbeyawo Medley (Part 1),13,Chief Commander Ebenezer Obey,What God Has joined Together,0.155,0.557,1100040,0.53,0.0021,6,0.213,-11.152,1,0.0406,118.826,0.754
afro,This Is Chief Commander Ebenezer Obey,37i9dQZF1DZ06evO2W8xb0,4SJBkmC7MgyBzHmCf1U0OM,spotify:track:4SJBkmC7MgyBzHmCf1U0OM,https://p.scdn.co/mp3-preview/412e63789094d1f69d8e3d0970799c49d19197d2?cid=63a77ff40e794a12ae216a18befde98c,K'OluwsSo Pade Wa,13,Chief Commander Ebenezer Obey,51 Lex Presents Olomi Gbe Temi,0.6,0.653,175680,0.747,0.0274,11,0.141,-5.201,1,0.0417,116.645,0.816
afro,This Is Chief Commander Ebenezer Obey,37i9dQZF1DZ06evO2W8xb0,38UJmmcG2Z0owGXz5TArtF,spotify:track:38UJmmcG2Z0owGXz5TArtF,https://p.scdn.co/mp3-preview/3d4af80f564e9b3e4cc9539d8215ab0447c6af7b?cid=63a77ff40e794a12ae216a18befde98c,"Moti Pinu Laye Mi Medley, Part. 1",12,Chief Commander Ebenezer Obey,51 Lex Presents Moti Pinu Laye Mi,0.259,0.572,1023373,0.758,0.024,7,0.254,-6.483,1,0.0663,148.122,0.905
afro,This Is Chief Commander Ebenezer Obey,37i9dQZF1DZ06evO2W8xb0,5k6PMMcpIdrTzR9VYQuGWO,spotify:track:5k6PMMcpIdrTzR9VYQuGWO,https://p.scdn.co/mp3-preview/6d0cd4cf9bf2cb16f8ac8e23ee04ee308e919920?cid=63a77ff40e794a12ae216a18befde98c,"Inter Reformers a Tunde Medley, Pt. 2",11,Chief Commander Ebenezer Obey,51 Lex Presents Inter Reformers a Tunde,0.0782,0.758,1169320,0.663,0.00441,6,0.15,-11.18,0,0.0574,119.479,0.779
afro,This Is Chief Commander Ebenezer Obey,37i9dQZF1DZ06evO2W8xb0,6kJ0R8uuYZ1V7iZ3jDU8Qb,spotify:track:6kJ0R8uuYZ1V7iZ3jDU8Qb,https://p.scdn.co/mp3-preview/97ecd88624ec8ad61403c059413a4f0e207694a6?cid=63a77ff40e794a12ae216a18befde98c,Lanre Badmus,14,Chief Commander Ebenezer Obey,51 Lex Presents: Enia Lasan,0.0882,0.509,361293,0.602,0.00757,1,0.213,-12.453,1,0.0581,116.048,0.936
afro,This Is Chief Commander Ebenezer Obey,37i9dQZF1DZ06evO2W8xb0,7L5o4ftWt39GoJ9vG7qYB1,spotify:track:7L5o4ftWt39GoJ9vG7qYB1,https://p.scdn.co/mp3-preview/b7e0d30818775d6552a1070e163bbdae849fdc23?cid=63a77ff40e794a12ae216a18befde98c,Ori Bayemi,13,Chief Commander Ebenezer Obey,51 Lex Presents Olomi Gbe Temi,0.717,0.757,169147,0.73,0.0366,1,0.1,-6.146,1,0.0636,101.715,0.933
afro,This Is Chief Commander Ebenezer Obey,37i9dQZF1DZ06evO2W8xb0,4nqYmetLP1PHenzQiIlLud,spotify:track:4nqYmetLP1PHenzQiIlLud,https://p.scdn.co/mp3-preview/b247583e7d20385f09ec1333e54cc4dbb0950f13?cid=63a77ff40e794a12ae216a18befde98c,"Edumare Dari Jiwon Medley, Pt. 2",12,Chief Commander Ebenezer Obey,51 Lex Presents Edumare Dari Jiwon,0.204,0.461,1178000,0.666,0.00133,2,0.257,-10.693,1,0.0447,94.669,0.91
afro,This Is Chief Commander Ebenezer Obey,37i9dQZF1DZ06evO2W8xb0,2jY15gQFGRrPE4kUXoGl0q,spotify:track:2jY15gQFGRrPE4kUXoGl0q,https://p.scdn.co/mp3-preview/e6c199f0f3f4a8d86bd471678ae0da6baeb3c90b?cid=63a77ff40e794a12ae216a18befde98c,Iba Lo Ye Ka Se Medley,12,Chief Commander Ebenezer Obey,Obey @ 70,0.255,0.774,63733,0.699,0.932,1,0.138,-10.079,0,0.054,119.002,0.918
afro,This Is Chief Commander Ebenezer Obey,37i9dQZF1DZ06evO2W8xb0,0OHBlNfWNaC1lf7masrkpX,spotify:track:0OHBlNfWNaC1lf7masrkpX,https://p.scdn.co/mp3-preview/256801d93a7d6082d2df620e30bbeb98e02c9e5b?cid=63a77ff40e794a12ae216a18befde98c,Ota Mi Dehin,15,Chief Commander Ebenezer Obey,Evergreen Songs Original 1,0.629,0.55,1146653,0.393,0.272,1,0.368,-17.125,1,0.0748,104.041,0.879
afro,This Is Chief Commander Ebenezer Obey,37i9dQZF1DZ06evO2W8xb0,4rgxiC4tuzdmKSgS2Lty3i,spotify:track:4rgxiC4tuzdmKSgS2Lty3i,https://p.scdn.co/mp3-preview/e012478cc2f84af8defd4582608d5cc27b6ca680?cid=63a77ff40e794a12ae216a18befde98c,Ero Mi Ko Lonso,13,Chief Commander Ebenezer Obey,51 Lex Presents Olomi Gbe Temi,0.498,0.776,178707,0.913,7.64e-06,11,0.514,-3.519,1,0.0805,108.662,0.94
afro,This Is Chief Commander Ebenezer Obey,37i9dQZF1DZ06evO2W8xb0,6kT0AbmbOe8teyzCdEq0dw,spotify:track:6kT0AbmbOe8teyzCdEq0dw,https://p.scdn.co/mp3-preview/44b97261a85085d29b0a92dd1693118c13611d7f?cid=63a77ff40e794a12ae216a18befde98c,Ajoyio,20,"Chief Commander Ebenezer Obey,His International Brothers","Nigeria 70 - Sweet Times: Afro-Funk, Highlife & Juju from 1970s Lagos",0.461,0.624,399843,0.636,0.237,10,0.122,-10.549,0,0.0553,97.427,0.733
afro,This Is Chief Commander Ebenezer Obey,37i9dQZF1DZ06evO2W8xb0,37ezuxUJSRvFfkSKfA3p7t,spotify:track:37ezuxUJSRvFfkSKfA3p7t,https://p.scdn.co/mp3-preview/af36b9f6fd0c667038da21caa26facf20e4052df?cid=63a77ff40e794a12ae216a18befde98c,E Sa Ma Miliki,14,Chief Commander Ebenezer Obey,Evergreen Songs Origina 16,0.209,0.503,276867,0.611,0.00222,10,0.0722,-10.738,1,0.0416,103.116,0.903
afro,This Is Chief Commander Ebenezer Obey,37i9dQZF1DZ06evO2W8xb0,333r6mEaessu5jJpgwhVXk,spotify:track:333r6mEaessu5jJpgwhVXk,https://p.scdn.co/mp3-preview/15ecb9f9f9e342f0c4fc547fb170b349fb793bdc?cid=63a77ff40e794a12ae216a18befde98c,Alowo Majaye Medley (Part 1),12,Chief Commander Ebenezer Obey,Alowo Majaye,0.177,0.507,1179693,0.636,0.0107,1,0.0929,-10.888,1,0.0422,128.07,0.76
afro,This Is Chief Commander Ebenezer Obey,37i9dQZF1DZ06evO2W8xb0,59HUdLSGv7Rf0T6vQG2WiF,spotify:track:59HUdLSGv7Rf0T6vQG2WiF,https://p.scdn.co/mp3-preview/c49a08ebcc552be8cc90556c0c808a3a04147282?cid=63a77ff40e794a12ae216a18befde98c,Owolo Laiye Mo,13,Chief Commander Ebenezer Obey,51 Lex Presents Olomi Gbe Temi,0.446,0.755,183107,0.533,0.0517,7,0.473,-6.978,1,0.0537,136.561,0.939
afro,This Is Chief Commander Ebenezer Obey,37i9dQZF1DZ06evO2W8xb0,1Xj9GldWUOA7rA5JNIsynM,spotify:track:1Xj9GldWUOA7rA5JNIsynM,https://p.scdn.co/mp3-preview/013c5a1a7fa7db1151405eac8567929800fb7bdf?cid=63a77ff40e794a12ae216a18befde98c,"Ija Pari, Pt. 2",11,Chief Commander Ebenezer Obey,Ija Pari,0.705,0.763,271573,0.684,0.061,10,0.394,-6.085,1,0.0543,125.378,0.704
afro,This Is Chief Commander Ebenezer Obey,37i9dQZF1DZ06evO2W8xb0,0lt2cp73dd9Q5vfz5SxzzQ,spotify:track:0lt2cp73dd9Q5vfz5SxzzQ,https://p.scdn.co/mp3-preview/969c980a9bd15a285e135c8ead6d8be0094484ca?cid=63a77ff40e794a12ae216a18befde98c,Face To Face,10,Chief Commander Ebenezer Obey,Obey In the 60's (Vol 1),0.087,0.675,272667,0.727,0.155,11,0.105,-4.69,0,0.0366,127.363,0.797
afro,This Is Chief Commander Ebenezer Obey,37i9dQZF1DZ06evO2W8xb0,2I10fPjb0qae4IMDVBs7gk,spotify:track:2I10fPjb0qae4IMDVBs7gk,https://p.scdn.co/mp3-preview/03ca33735a69c15fdc68c3a263d7cb5b227376f5?cid=63a77ff40e794a12ae216a18befde98c,Ota Mi Dehin Lehin Mi Medley (Part 1),14,Chief Commander Ebenezer Obey,Ota Mi Dehin Lehin Mi,0.423,0.564,1142360,0.474,0.075,1,0.365,-14.387,1,0.0663,109.854,0.852
afro,This Is Chief Commander Ebenezer Obey,37i9dQZF1DZ06evO2W8xb0,4TUxeoU4sY2grBXycLCl98,spotify:track:4TUxeoU4sY2grBXycLCl98,https://p.scdn.co/mp3-preview/e3ffc1f77f76f622707441705bca1cf189d05d2c?cid=63a77ff40e794a12ae216a18befde98c,Ode To Nso Eledumare,11,Chief Commander Ebenezer Obey,51 Lex Presents Olomi Gbe Temi,0.642,0.597,168000,0.759,0.0591,2,0.158,-7.298,0,0.042,118.461,0.664
afro,This Is Chief Commander Ebenezer Obey,37i9dQZF1DZ06evO2W8xb0,6O3jggcZey498goeEfHCjA,spotify:track:6O3jggcZey498goeEfHCjA,https://p.scdn.co/mp3-preview/9e7f26f2486a82859bad67cef4ee736d69cc0d53?cid=63a77ff40e794a12ae216a18befde98c,Mo Tun Gbede,13,Chief Commander Ebenezer Obey,Evergreen Songs Original 3,0.0345,0.572,1147480,0.681,0.0182,0,0.169,-12.088,1,0.0566,118.397,0.75
afro,This Is Chief Commander Ebenezer Obey,37i9dQZF1DZ06evO2W8xb0,1CXTFyrMaGRK6MboiNuQIp,spotify:track:1CXTFyrMaGRK6MboiNuQIp,https://p.scdn.co/mp3-preview/53daebc7cbb0de4e9f551bf22eaae27874f37509?cid=63a77ff40e794a12ae216a18befde98c,Edumare Lon Pese,10,Chief Commander Ebenezer Obey,Obey In the 60's (Vol 1),0.749,0.755,178933,0.828,0.00151,2,0.284,-4.82,1,0.0348,106.385,0.882
