category_id,playlist_name,playlist_id,track_id,track_uri,track_preview_url,track_name,track_popularity,artist_name,album_name,acousticness,danceability,duration_ms,energy,instrumentalness,key,liveness,loudness,mode,speechiness,tempo,valence
dinner,Soul Cuisine,37i9dQZF1DWX2Y4jtvVshZ,23R67e5uOj9ROKHFHr4D1G,spotify:track:23R67e5uOj9ROKHFHr4D1G,,Hercules,4,Aaron Neville,The Greatest Love,0.782,0.626,253413,0.468,0.000174,3,0.11,-13.617,0,0.0485,166.834,0.967
dinner,Soul Cuisine,37i9dQZF1DWX2Y4jtvVshZ,3k0eXdFdJiZptM4efGCwn1,spotify:track:3k0eXdFdJiZptM4efGCwn1,https://p.scdn.co/mp3-preview/d7aa42c97dbebc1d2ce851e26e84293477112b6e?cid=63a77ff40e794a12ae216a18befde98c,Cards,48,Sabrina Starke,Cards,0.141,0.837,254680,0.485,0.00499,11,0.0909,-9.732,0,0.061,104.008,0.696
dinner,Soul Cuisine,37i9dQZF1DWX2Y4jtvVshZ,29N4xnL6SpjkQiuPaTvQXA,spotify:track:29N4xnL6SpjkQiuPaTvQXA,https://p.scdn.co/mp3-preview/d52f170a2e81930f64254441784cfd13cfae2f10?cid=63a77ff40e794a12ae216a18befde98c,(You Make Me Feel Like) A Natural Woman,48,Aretha Franklin,Soul Queen,0.288,0.605,159933,0.315,0.0,0,0.599,-8.958,1,0.0264,111.252,0.441
dinner,Soul Cuisine,37i9dQZF1DWX2Y4jtvVshZ,51CIx65Y48WbGKpXfnmf88,spotify:track:51CIx65Y48WbGKpXfnmf88,https://p.scdn.co/mp3-preview/e4d57dc3bb488cc0d8f260e570b8b25c41be3013?cid=63a77ff40e794a12ae216a18befde98c,Nobody,29,Michelle David & the Gospel Sessions,The Gospel Sessions Vol. 3,0.04,0.306,200307,0.677,0.0505,2,0.129,-6.106,1,0.05,204.478,0.645
dinner,Soul Cuisine,37i9dQZF1DWX2Y4jtvVshZ,7J2xdeaM7LGUQmxNWlG20Z,spotify:track:7J2xdeaM7LGUQmxNWlG20Z,,Painted On Canvas,3,Gregory Porter,Be Good,0.672,0.564,285187,0.386,0.000572,3,0.0933,-11.256,1,0.0382,86.076,0.692
dinner,Soul Cuisine,37i9dQZF1DWX2Y4jtvVshZ,0xiuSFBOEHWaJ6rSuUbJWc,spotify:track:0xiuSFBOEHWaJ6rSuUbJWc,https://p.scdn.co/mp3-preview/5ebb82f040a78da7b4a43f443040af85a6aa7c70?cid=63a77ff40e794a12ae216a18befde98c,Charlene,57,Anthony Hamilton,Comin' From Where I'm From,0.536,0.556,246773,0.346,0.0,0,0.106,-9.809,0,0.311,123.869,0.451
dinner,Soul Cuisine,37i9dQZF1DWX2Y4jtvVshZ,72wjJ7kMI88uYT9XbhotyY,spotify:track:72wjJ7kMI88uYT9XbhotyY,,Say Bye - Live @ Galaxy; New Mix + Mastering,27,Ruben Hein,Say Bye (Live @ Galaxy),0.404,0.615,222601,0.556,0.0,6,0.268,-6.08,1,0.0271,140.031,0.634
dinner,Soul Cuisine,37i9dQZF1DWX2Y4jtvVshZ,5GvWrvLIqoHroq7YvO260M,spotify:track:5GvWrvLIqoHroq7YvO260M,https://p.scdn.co/mp3-preview/a281e67e0bd3090d98e240ae96bfa594512325be?cid=63a77ff40e794a12ae216a18befde98c,I Keep Forgettin' (Every Time You're Near),60,Michael McDonald,If That's What It Takes,0.357,0.734,222280,0.485,0.00019,4,0.0401,-13.865,0,0.0465,95.321,0.933
dinner,Soul Cuisine,37i9dQZF1DWX2Y4jtvVshZ,4r9FfsM0ScLb5GM9gsJwI7,spotify:track:4r9FfsM0ScLb5GM9gsJwI7,,California Soul,7,Marlena Shaw,Chess Soul Sisters,0.16,0.516,178333,0.817,1.71e-05,6,0.135,-5.904,1,0.0558,94.586,0.636
dinner,Soul Cuisine,37i9dQZF1DWX2Y4jtvVshZ,40oGgimUI7S7OrWF0aYxOw,spotify:track:40oGgimUI7S7OrWF0aYxOw,,Don't Look Any Further,3,Dennis Edwards,Soul On Fire: The Number Ones,0.046,0.737,241800,0.66,0.0144,9,0.106,-8.588,0,0.0432,95.311,0.925
dinner,Soul Cuisine,37i9dQZF1DWX2Y4jtvVshZ,2VjXGuPVVxyhMgER3Uz2Fe,spotify:track:2VjXGuPVVxyhMgER3Uz2Fe,https://p.scdn.co/mp3-preview/ef5750898e63b9c1dd6d7ac18feee2abaf5fedfb?cid=63a77ff40e794a12ae216a18befde98c,Ex-Factor,66,Ms. Lauryn Hill,The Miseducation of Lauryn Hill,0.118,0.593,326533,0.619,0.0,3,0.484,-9.003,0,0.0976,80.02,0.668
dinner,Soul Cuisine,37i9dQZF1DWX2Y4jtvVshZ,4QDQh6WL0qim0FBHXuiR7e,spotify:track:4QDQh6WL0qim0FBHXuiR7e,https://p.scdn.co/mp3-preview/1048bb973fee336bc0ba9079955799131c54a24e?cid=63a77ff40e794a12ae216a18befde98c,Let Some Air In,31,Alain Clark,Generation Love Revival,0.411,0.714,271282,0.457,3.29e-06,5,0.194,-10.79,0,0.0541,115.025,0.339
dinner,Soul Cuisine,37i9dQZF1DWX2Y4jtvVshZ,6gQZKkphKIMxZgca5r7ImA,spotify:track:6gQZKkphKIMxZgca5r7ImA,https://p.scdn.co/mp3-preview/58fd61146b502ef2e23775b4bb3baa2445c3b652?cid=63a77ff40e794a12ae216a18befde98c,Express Yourself - Remastered Version,52,Charles Wright & The Watts 103rd Street Rhythm Band,Express Yourself (Remastered & Expanded),0.665,0.783,233120,0.666,0.0,8,0.204,-9.523,1,0.0814,92.471,0.906
dinner,Soul Cuisine,37i9dQZF1DWX2Y4jtvVshZ,1k2ybm1oz7rVPchTKCgMMz,spotify:track:1k2ybm1oz7rVPchTKCgMMz,https://p.scdn.co/mp3-preview/0f97716846b7b2e9e7e82edd8555b35030c8b90d?cid=63a77ff40e794a12ae216a18befde98c,Use Me,48,Bill Withers,The Essential Bill Withers,0.0422,0.767,222533,0.666,0.00276,11,0.0743,-10.223,0,0.0545,154.511,0.937
dinner,Soul Cuisine,37i9dQZF1DWX2Y4jtvVshZ,5bAEFsQjo0DEJalVwFVmsW,spotify:track:5bAEFsQjo0DEJalVwFVmsW,https://p.scdn.co/mp3-preview/cb08718efff25e831b93daf26f8960265b2b4f0e?cid=63a77ff40e794a12ae216a18befde98c,How Come You Don't Call Me,49,Alicia Keys,Songs In A Minor (Expanded Edition),0.155,0.835,237627,0.547,0.000291,6,0.0579,-7.69,0,0.0515,124.561,0.759
dinner,Soul Cuisine,37i9dQZF1DWX2Y4jtvVshZ,5rPXLUWqG6JwKCYMGH6e8C,spotify:track:5rPXLUWqG6JwKCYMGH6e8C,,The Addict,3,Bo Saris,The Addict,0.283,0.544,224960,0.528,0.0015,9,0.163,-6.959,1,0.0308,144.063,0.58
dinner,Soul Cuisine,37i9dQZF1DWX2Y4jtvVshZ,35Ou3WQYPHK7m9ro77WLFK,spotify:track:35Ou3WQYPHK7m9ro77WLFK,,We've Got A Good Thing Going - Single Version,9,Michael Jackson,The Motown Years 50 (International Version),0.375,0.618,181987,0.455,0.000408,0,0.0915,-10.247,1,0.0432,175.799,0.703
dinner,Soul Cuisine,37i9dQZF1DWX2Y4jtvVshZ,2JdM4xPoCuHrMzOGQrMUBj,spotify:track:2JdM4xPoCuHrMzOGQrMUBj,,Sunny,13,Bobby Hebb,Sunny,0.93,0.714,165067,0.338,0.00644,4,0.389,-10.994,0,0.0456,128.386,0.667
dinner,Soul Cuisine,37i9dQZF1DWX2Y4jtvVshZ,7AEmqdwoMmfDl8BvLafJ8v,spotify:track:7AEmqdwoMmfDl8BvLafJ8v,,In the Middle of the Game (Don’t Change the Play),4,"Betty Wright,The Roots",The Movie,0.093,0.683,236160,0.916,0.0,10,0.118,-2.893,0,0.16,99.039,0.747
dinner,Soul Cuisine,37i9dQZF1DWX2Y4jtvVshZ,1Wjf1DUearGU14h4Ij0NLv,spotify:track:1Wjf1DUearGU14h4Ij0NLv,,"That Lady, Pts. 1 & 2",4,The Isley Brothers,Discover Isley Brothers,0.158,0.339,335507,0.806,4.66e-05,5,0.197,-8.905,0,0.0644,126.239,0.917
dinner,Soul Cuisine,37i9dQZF1DWX2Y4jtvVshZ,0nkwsd1oifoZWhZFJZEk1h,spotify:track:0nkwsd1oifoZWhZFJZEk1h,,Oh Lori,3,Alessi Brothers,True Mellow 3 CD Set,0.85,0.608,200200,0.256,1.32e-05,6,0.282,-13.098,0,0.0336,135.305,0.357
dinner,Soul Cuisine,37i9dQZF1DWX2Y4jtvVshZ,3xsOtNxtBW0oTI1OWKAzTm,spotify:track:3xsOtNxtBW0oTI1OWKAzTm,https://p.scdn.co/mp3-preview/170a73f70575742cd3450a92e37647bfb9159b86?cid=63a77ff40e794a12ae216a18befde98c,Walk on By,59,Dionne Warwick,Make Way For Dionne Warwick,0.719,0.7,178333,0.33,8.6e-05,5,0.136,-9.027,1,0.0303,98.605,0.524
dinner,Soul Cuisine,37i9dQZF1DWX2Y4jtvVshZ,61xW0GqeX38uF0elO3jjql,spotify:track:61xW0GqeX38uF0elO3jjql,https://p.scdn.co/mp3-preview/bb43fe25a678b359f69f1fd200b2b67a17dff9d6?cid=63a77ff40e794a12ae216a18befde98c,Wonderful World,45,Otis Redding,Otis Blue: Otis Redding Sings Soul [Collector's Edition],0.641,0.86,210280,0.498,0.000964,3,0.31,-9.026,1,0.0415,105.693,0.963
dinner,Soul Cuisine,37i9dQZF1DWX2Y4jtvVshZ,259d4MYHAadyTsY5pelMz8,spotify:track:259d4MYHAadyTsY5pelMz8,,Pain And Misery,48,The Teskey Brothers,Half Mile Harvest,0.749,0.555,241080,0.35,0.00103,0,0.246,-7.072,0,0.0313,178.618,0.485
dinner,Soul Cuisine,37i9dQZF1DWX2Y4jtvVshZ,0HEErOKxYjq039yxhhI9fX,spotify:track:0HEErOKxYjq039yxhhI9fX,https://p.scdn.co/mp3-preview/bc2cf9c6aa3250ee4d8e2b20640d0ff917204c12?cid=63a77ff40e794a12ae216a18befde98c,Walk the Way You Talk,29,Dionne Warwick,Sampled and Covered,0.653,0.78,170813,0.346,0.0,2,0.0915,-8.969,0,0.0356,118.219,0.479
dinner,Soul Cuisine,37i9dQZF1DWX2Y4jtvVshZ,44mCqqpRD4QPn93kM2WGdE,spotify:track:44mCqqpRD4QPn93kM2WGdE,https://p.scdn.co/mp3-preview/f94a694e9f28ae899e93c93f73b538be4b415210?cid=63a77ff40e794a12ae216a18befde98c,I Believe to My Soul,28,Donny Hathaway,Never My Love: The Anthology,0.523,0.419,230758,0.489,5.73e-05,9,0.123,-6.528,1,0.0577,171.007,0.832
dinner,Soul Cuisine,37i9dQZF1DWX2Y4jtvVshZ,2xVtBEcsM6s2RsH8wkirhS,spotify:track:2xVtBEcsM6s2RsH8wkirhS,,I Am The Black Gold Of The Sun,47,"Rotary Connection,Minnie Riperton",Best Of Rotary Connection,0.791,0.474,349427,0.673,0.239,6,0.0931,-13.307,1,0.0656,89.787,0.685
dinner,Soul Cuisine,37i9dQZF1DWX2Y4jtvVshZ,04hWLKwZKdwl1mZHafiphV,spotify:track:04hWLKwZKdwl1mZHafiphV,,Seven Days in Sunny June,14,Jamiroquai,Dynamite,0.2,0.707,237867,0.797,0.0,7,0.302,-7.143,1,0.0435,105.395,0.633
dinner,Soul Cuisine,37i9dQZF1DWX2Y4jtvVshZ,5N0tltXpPMdGQxXyPF2Vfp,spotify:track:5N0tltXpPMdGQxXyPF2Vfp,https://p.scdn.co/mp3-preview/5324d5637e42255d2d7e6804ab7b88ef60b76cf6?cid=63a77ff40e794a12ae216a18befde98c,Sweet Love,32,Edsilia Rombley,The Piano Ballads - Volume 2,0.56,0.633,222867,0.43,0.0,7,0.196,-8.103,0,0.0291,88.021,0.435
dinner,Soul Cuisine,37i9dQZF1DWX2Y4jtvVshZ,1TKzou412Ss55MQo2eG1F3,spotify:track:1TKzou412Ss55MQo2eG1F3,https://p.scdn.co/mp3-preview/c587ec9929bbfd13b5c49f204ca096a916be7e91?cid=63a77ff40e794a12ae216a18befde98c,Something For The Weekend,37,Ben Westbeech,There's More To Life Than This,0.0256,0.753,271680,0.67,3.33e-06,3,0.0776,-5.999,0,0.0295,122.987,0.92
dinner,Soul Cuisine,37i9dQZF1DWX2Y4jtvVshZ,12Ht0EOxXboCpbW58Wxxdf,spotify:track:12Ht0EOxXboCpbW58Wxxdf,,Hey Nineteen,6,Steely Dan,Gaucho,0.0643,0.965,308973,0.369,0.00403,2,0.0298,-11.059,1,0.0508,119.667,0.739
dinner,Soul Cuisine,37i9dQZF1DWX2Y4jtvVshZ,1Xr1t0vvUdBZeUIuBFVicO,spotify:track:1Xr1t0vvUdBZeUIuBFVicO,https://p.scdn.co/mp3-preview/1baee68c4b5c8eb19fe7d35ebdc95ec4d9082818?cid=63a77ff40e794a12ae216a18befde98c,How Does It Feel - Radio Edit,30,Giovanca,How Does It Feel (Radio Edit),0.257,0.634,206200,0.68,0.822,6,0.0751,-7.469,0,0.0269,144.036,0.971
dinner,Soul Cuisine,37i9dQZF1DWX2Y4jtvVshZ,5ZbY8J67Qsv6Kko2tZOf5Z,spotify:track:5ZbY8J67Qsv6Kko2tZOf5Z,,Feel Like Makin' Love,12,D'Angelo,Voodoo,0.0979,0.913,382333,0.201,0.487,0,0.0867,-9.511,1,0.15,87.359,0.519
dinner,Soul Cuisine,37i9dQZF1DWX2Y4jtvVshZ,1ENgGG9T9LNVXHUnkyWG2C,spotify:track:1ENgGG9T9LNVXHUnkyWG2C,,He's Misstra Know-It-All,3,Stevie Wonder,Innervisions (Reissue),0.189,0.57,334692,0.764,0.0,6,0.0686,-10.041,1,0.0537,80.548,0.722
dinner,Soul Cuisine,37i9dQZF1DWX2Y4jtvVshZ,6i9u5O6KxOLd8LuWW8IbEl,spotify:track:6i9u5O6KxOLd8LuWW8IbEl,https://p.scdn.co/mp3-preview/c91bdc32acb117875f02501b72af58485d4bae35?cid=63a77ff40e794a12ae216a18befde98c,What a Difference a Day Made,29,Sherry Dyanne,Sing Me a Song,0.742,0.556,286693,0.399,3.03e-05,0,0.342,-7.626,1,0.0392,181.29,0.389
dinner,Soul Cuisine,37i9dQZF1DWX2Y4jtvVshZ,1QGO7udymj4xp6w8jbpiF8,spotify:track:1QGO7udymj4xp6w8jbpiF8,https://p.scdn.co/mp3-preview/80b4baa272626a10fe88208a55479210c6f12459?cid=63a77ff40e794a12ae216a18befde98c,Get to Know Ya - Uncut,48,Maxwell,Now,0.239,0.761,262440,0.644,0.0989,7,0.052,-6.498,1,0.0531,101.015,0.917
dinner,Soul Cuisine,37i9dQZF1DWX2Y4jtvVshZ,6d9rNfRFOQ0XmsUwJ8C5J0,spotify:track:6d9rNfRFOQ0XmsUwJ8C5J0,,Tired Of Being Alone,15,Al Green,Greatest Hits,0.503,0.773,163160,0.418,8.55e-05,7,0.0893,-7.645,1,0.0423,98.324,0.715
dinner,Soul Cuisine,37i9dQZF1DWX2Y4jtvVshZ,6uqTETWok9npbL4c9cuLVh,spotify:track:6uqTETWok9npbL4c9cuLVh,https://p.scdn.co/mp3-preview/f9281960cad8c97ed4b7f3cd807460979adf75b1?cid=63a77ff40e794a12ae216a18befde98c,Clean up Woman,57,Betty Wright,I Love The Way You Love,0.566,0.865,169533,0.652,0.000919,5,0.0833,-9.046,1,0.143,90.081,0.829
dinner,Soul Cuisine,37i9dQZF1DWX2Y4jtvVshZ,3RE6wbVJOxpE0CTTajuLPq,spotify:track:3RE6wbVJOxpE0CTTajuLPq,,Love Is A Losing Game,4,Amy Winehouse,Frank & Back To Black,0.317,0.48,154160,0.561,0.00641,0,0.184,-5.874,1,0.027,164.791,0.541
dinner,Soul Cuisine,37i9dQZF1DWX2Y4jtvVshZ,2BstRQGodshjGpeDGQiNgo,spotify:track:2BstRQGodshjGpeDGQiNgo,,Do It Again,69,Steely Dan,Can't Buy A Thrill,0.247,0.683,356600,0.551,2.12e-05,2,0.0471,-10.164,0,0.0315,124.585,0.962
dinner,Soul Cuisine,37i9dQZF1DWX2Y4jtvVshZ,7haFcQaoTBr2qY6G0r4JSH,spotify:track:7haFcQaoTBr2qY6G0r4JSH,https://p.scdn.co/mp3-preview/2a6df2d80d994c9a460b2295422bff1d333cd1ed?cid=63a77ff40e794a12ae216a18befde98c,I Say a Little Prayer,61,Aretha Franklin,Soul Queen,0.567,0.589,212360,0.558,0.0,9,0.102,-6.908,1,0.0314,133.271,0.466
dinner,Soul Cuisine,37i9dQZF1DWX2Y4jtvVshZ,7j8d6QvMkILC6s5S9qcBOb,spotify:track:7j8d6QvMkILC6s5S9qcBOb,,Distance,8,Emily King,Distance,0.853,0.722,233070,0.226,4.67e-05,7,0.278,-12.668,1,0.0763,137.109,0.473
dinner,Soul Cuisine,37i9dQZF1DWX2Y4jtvVshZ,0f9oYcEjPJjB7xCQVGcq3I,spotify:track:0f9oYcEjPJjB7xCQVGcq3I,,Only Sixteen,3,Sam Cooke,Portrait of a Legend (Remastered),0.751,0.732,121627,0.433,0.0,8,0.342,-12.035,1,0.0803,112.253,0.811
dinner,Soul Cuisine,37i9dQZF1DWX2Y4jtvVshZ,5SRvh35HZmN5bNe8iT4ST5,spotify:track:5SRvh35HZmN5bNe8iT4ST5,https://p.scdn.co/mp3-preview/456dbf3b4b3e387707a92129d8f73e25e996ee9e?cid=63a77ff40e794a12ae216a18befde98c,The Sweetest Taboo - Remastered,50,Sade,The Ultimate Collection,0.191,0.718,265187,0.913,0.0482,10,0.347,-6.777,0,0.0466,91.648,0.96
dinner,Soul Cuisine,37i9dQZF1DWX2Y4jtvVshZ,3RXr49TkL3wYHB7JJTnyn5,spotify:track:3RXr49TkL3wYHB7JJTnyn5,https://p.scdn.co/mp3-preview/64e7c1c128e4564cd9d992e852dfd008d51fe531?cid=63a77ff40e794a12ae216a18befde98c,Betray My Heart,52,D'Angelo,Black Messiah,0.646,0.796,355333,0.436,0.048,0,0.126,-11.169,1,0.22,105.707,0.589
dinner,Soul Cuisine,37i9dQZF1DWX2Y4jtvVshZ,3kj7p72T7mlMM9NxhhzCez,spotify:track:3kj7p72T7mlMM9NxhhzCez,https://p.scdn.co/mp3-preview/5c4199c854b3ae52f4832f6581ddd52a00904d5e?cid=63a77ff40e794a12ae216a18befde98c,Move Me No Mountain,33,Dionne Warwick,Then Came You,0.645,0.422,303413,0.803,1.12e-06,5,0.108,-6.014,0,0.069,175.188,0.608
dinner,Soul Cuisine,37i9dQZF1DWX2Y4jtvVshZ,1DylszI7qE7CB0yNugUxV6,spotify:track:1DylszI7qE7CB0yNugUxV6,https://p.scdn.co/mp3-preview/3c5279295fe5886c2bd344a869a2e1259bea6395?cid=63a77ff40e794a12ae216a18befde98c,Gust of Wind,53,Pharrell Williams,G I R L,0.101,0.751,285627,0.732,4.46e-05,5,0.119,-7.616,0,0.0517,100.02,0.675
dinner,Soul Cuisine,37i9dQZF1DWX2Y4jtvVshZ,7kehxTzXeVSVi5g3t9dCjv,spotify:track:7kehxTzXeVSVi5g3t9dCjv,,My Girl,4,The Temptations,My Girl,0.275,0.553,177933,0.615,0.0,7,0.176,-4.583,1,0.0416,104.45,0.531
dinner,Soul Cuisine,37i9dQZF1DWX2Y4jtvVshZ,4ZMofBIe1948b23GZJriAd,spotify:track:4ZMofBIe1948b23GZJriAd,https://p.scdn.co/mp3-preview/627c20b0aef0fb7db3d02d9b0fa08f9953295a29?cid=63a77ff40e794a12ae216a18befde98c,Jealous Guy,56,Donny Hathaway,Someday We'll All Be Free,0.6,0.457,188147,0.475,1.55e-06,7,0.637,-8.985,1,0.0437,122.122,0.654
dinner,Soul Cuisine,37i9dQZF1DWX2Y4jtvVshZ,2GFExyKXf9383tSRSrEHEt,spotify:track:2GFExyKXf9383tSRSrEHEt,https://p.scdn.co/mp3-preview/fa739858c99f004eefce52da5b750e99d6519c4c?cid=63a77ff40e794a12ae216a18befde98c,Can't Take My Eyes Off of You,58,Ms. Lauryn Hill,The Miseducation of Lauryn Hill,0.0118,0.747,221467,0.662,0.0,1,0.138,-7.9,0,0.0796,88.926,0.63
dinner,Soul Cuisine,37i9dQZF1DWX2Y4jtvVshZ,1ziw0QLN7OGPw93DQbIe40,spotify:track:1ziw0QLN7OGPw93DQbIe40,https://p.scdn.co/mp3-preview/d84fe8afdadd6703d0ed39de7a6a5d7040bc229c?cid=63a77ff40e794a12ae216a18befde98c,Big Brown Eyes,36,Benny Sings,ART,0.0282,0.918,252267,0.499,0.0536,7,0.132,-8.189,0,0.0444,130.836,0.773
dinner,Soul Cuisine,37i9dQZF1DWX2Y4jtvVshZ,23Ex7gSNbFE67m4CKcluI3,spotify:track:23Ex7gSNbFE67m4CKcluI3,,Givin’ It All,49,Nona,Givin’ It All,0.0208,0.708,210223,0.592,2.02e-06,4,0.173,-5.507,1,0.0297,89.049,0.57
dinner,Soul Cuisine,37i9dQZF1DWX2Y4jtvVshZ,2n845ZaLOgpNJ3RinFwE1W,spotify:track:2n845ZaLOgpNJ3RinFwE1W,,My Baby Just Cares For Me,12,Nina Simone,The Essential Nina Simone,0.858,0.753,217627,0.407,7.07e-06,6,0.0968,-10.386,0,0.0711,118.314,0.522
dinner,Soul Cuisine,37i9dQZF1DWX2Y4jtvVshZ,6lvCCmdYmmPMXtTcu823Cd,spotify:track:6lvCCmdYmmPMXtTcu823Cd,,Open Your Eyes,3,Bobby Caldwell,Cat In The Hat,0.886,0.744,225493,0.289,0.000993,2,0.0543,-17.59,1,0.0467,95.54,0.371
dinner,Soul Cuisine,37i9dQZF1DWX2Y4jtvVshZ,7ly1lyWxV6YY7YiWC1OmBD,spotify:track:7ly1lyWxV6YY7YiWC1OmBD,https://p.scdn.co/mp3-preview/a15b7ff67a8ddf7ab8a752eaf4c4bdada438afb3?cid=63a77ff40e794a12ae216a18befde98c,Blow Me Away,39,Alain Clark,Live It Out,0.348,0.836,183173,0.674,0.0,4,0.104,-6.061,0,0.037,119.956,0.952
dinner,Soul Cuisine,37i9dQZF1DWX2Y4jtvVshZ,2UXEwIOtNGUUgGdXnds8V7,spotify:track:2UXEwIOtNGUUgGdXnds8V7,https://p.scdn.co/mp3-preview/a96f617c848a4f0cd1650eb9b9f6e9934b2fbdec?cid=63a77ff40e794a12ae216a18befde98c,Closer,55,Goapele,Even Closer,0.462,0.714,229693,0.436,0.0117,1,0.107,-6.471,1,0.0342,93.025,0.372
dinner,Soul Cuisine,37i9dQZF1DWX2Y4jtvVshZ,6Mg17BebEPPQiu628sGJGC,spotify:track:6Mg17BebEPPQiu628sGJGC,https://p.scdn.co/mp3-preview/5692bdf1323d6a4c2b3358fad6c7e07a2b50df11?cid=63a77ff40e794a12ae216a18befde98c,The Boss,53,James Brown,"Music From The Motion Picture Lock, Stock And Two Smoking Barrels",0.602,0.746,190733,0.484,0.00824,1,0.0576,-9.614,1,0.0434,97.923,0.606
dinner,Soul Cuisine,37i9dQZF1DWX2Y4jtvVshZ,65LeJBEMVBGJ8u68Cw8LXZ,spotify:track:65LeJBEMVBGJ8u68Cw8LXZ,https://p.scdn.co/mp3-preview/9215de88f2b7d9c6839480cdb05cddc5ffd4389b?cid=63a77ff40e794a12ae216a18befde98c,Monkey See-Monkey Do,39,Michael Franks,The Art Of Tea,0.648,0.659,215293,0.374,0.0,9,0.0865,-13.536,1,0.221,79.158,0.834
dinner,Soul Cuisine,37i9dQZF1DWX2Y4jtvVshZ,2j5sF7yGlt8Bw2xJk5fg3A,spotify:track:2j5sF7yGlt8Bw2xJk5fg3A,https://p.scdn.co/mp3-preview/07be7a49e45e121b3ba050abde206acc4f18e646?cid=63a77ff40e794a12ae216a18befde98c,Her Wings,47,"Romy Dya,Ayu Lestari",Her Wings,0.877,0.431,173343,0.371,1.03e-06,1,0.0801,-6.884,0,0.0421,92.577,0.222
dinner,Soul Cuisine,37i9dQZF1DWX2Y4jtvVshZ,4qYHnP5AmKzXbJhciPV8si,spotify:track:4qYHnP5AmKzXbJhciPV8si,,Ain't No Love In The Heart Of The City - Single Version,54,"Bobby ""Blue"" Bland",Dreamer,0.937,0.515,233560,0.383,0.904,9,0.097,-18.192,0,0.0493,158.457,0.758
dinner,Soul Cuisine,37i9dQZF1DWX2Y4jtvVshZ,5CKHhg31HcYYhwUeeGqvhq,spotify:track:5CKHhg31HcYYhwUeeGqvhq,https://p.scdn.co/mp3-preview/6d27653deed8fba91697e3ab2987aaaf1193b5e3?cid=63a77ff40e794a12ae216a18befde98c,I Wish I Knew How It Would Feel to Be Free,57,Nina Simone,Silk & Soul,0.747,0.687,188613,0.51,0.0,10,0.117,-8.501,1,0.0761,122.249,0.666
dinner,Soul Cuisine,37i9dQZF1DWX2Y4jtvVshZ,7e0j6jReCfN5KJkDNLHyHQ,spotify:track:7e0j6jReCfN5KJkDNLHyHQ,,Afro Blue,51,"Robert Glasper Experiment,Erykah Badu",Black Radio,0.0291,0.775,307627,0.571,0.0882,8,0.0941,-8.097,1,0.0342,97.491,0.379
dinner,Soul Cuisine,37i9dQZF1DWX2Y4jtvVshZ,4Y1obe33Ybf0tblqrKIZ8X,spotify:track:4Y1obe33Ybf0tblqrKIZ8X,https://p.scdn.co/mp3-preview/28ae024316b3098158ecec0dcaf21a340ffc45ce?cid=63a77ff40e794a12ae216a18befde98c,Happiness - Remastered,30,Allen Toussaint,The Complete Warner Bros. Recordings,0.116,0.682,206173,0.814,0.00116,1,0.0602,-7.143,1,0.0405,105.629,0.655
dinner,Soul Cuisine,37i9dQZF1DWX2Y4jtvVshZ,3tZm76otWH20xzJC7icHCk,spotify:track:3tZm76otWH20xzJC7icHCk,https://p.scdn.co/mp3-preview/e51c58c704e78c9a603079edd2fc51fb340f0686?cid=63a77ff40e794a12ae216a18befde98c,Wish I Didn't Miss You,62,Angie Stone,Mahogany Soul,0.355,0.856,270893,0.755,0.000621,10,0.145,-5.691,1,0.0331,123.883,0.842
dinner,Soul Cuisine,37i9dQZF1DWX2Y4jtvVshZ,6iNHWlOLt4NuDi9iSvtznO,spotify:track:6iNHWlOLt4NuDi9iSvtznO,https://p.scdn.co/mp3-preview/7806955511ed9c69ed304be3c9566eb1e18a8c65?cid=63a77ff40e794a12ae216a18befde98c,Ladies,57,Lee Fields & The Expressions,My World,0.188,0.48,257387,0.751,1.69e-05,1,0.163,-5.702,0,0.0383,177.371,0.789
dinner,Soul Cuisine,37i9dQZF1DWX2Y4jtvVshZ,5Si2mbeT6nL3ysCIVsYu4R,spotify:track:5Si2mbeT6nL3ysCIVsYu4R,https://p.scdn.co/mp3-preview/35659ba1a130c592ea4422baac4031af5b3bf92f?cid=63a77ff40e794a12ae216a18befde98c,Lady Day and John Coltrane,36,Gil Scott-Heron,The Revolution Begins: The Flying Dutchman Masters,0.451,0.759,216387,0.638,5.34e-06,5,0.274,-10.211,0,0.0333,149.435,0.961
dinner,Soul Cuisine,37i9dQZF1DWX2Y4jtvVshZ,7fljysjck4bLIJrJihDngN,spotify:track:7fljysjck4bLIJrJihDngN,https://p.scdn.co/mp3-preview/e7cd5ed8992caffd3fb5de15d75ca40acd2433ba?cid=63a77ff40e794a12ae216a18befde98c,Kissing My Love,28,Sabrina Starke,Lean On Me - The Songs Of Bill Withers (Bonustrack Edition),0.49,0.757,254040,0.564,9.03e-05,1,0.0622,-8.865,1,0.0576,91.068,0.922
dinner,Soul Cuisine,37i9dQZF1DWX2Y4jtvVshZ,0sUe1KY92PKd8tpkf7hvDa,spotify:track:0sUe1KY92PKd8tpkf7hvDa,https://p.scdn.co/mp3-preview/01ea930755049f093143a21194af02b76ee566d2?cid=63a77ff40e794a12ae216a18befde98c,Chain of Fools,41,Aretha Franklin,Queen of Soul - The Best of Aretha Franklin,0.0203,0.701,163040,0.672,5.4e-06,10,0.518,-6.551,1,0.032,116.969,0.896
dinner,Soul Cuisine,37i9dQZF1DWX2Y4jtvVshZ,5TWbNkeJnYkcT04J81apOr,spotify:track:5TWbNkeJnYkcT04J81apOr,,I'm Getting Ready,44,Michael Kiwanuka,Home Again (Deluxe Version),0.855,0.537,141326,0.331,0.0,3,0.11,-11.113,1,0.0328,103.12,0.876
dinner,Soul Cuisine,37i9dQZF1DWX2Y4jtvVshZ,63xdwScd1Ai1GigAwQxE8y,spotify:track:63xdwScd1Ai1GigAwQxE8y,https://p.scdn.co/mp3-preview/5374059cb5947b59dfb255bd44bc8f2ad2f481d0?cid=63a77ff40e794a12ae216a18befde98c,Let's Stay Together,74,Al Green,Let's Stay Together,0.57,0.756,199396,0.397,0.0115,7,0.0542,-10.701,0,0.0522,101.985,0.507
