category_id,playlist_name,playlist_id,track_id,track_uri,track_preview_url,track_name,track_popularity,artist_name,album_name,acousticness,danceability,duration_ms,energy,instrumentalness,key,liveness,loudness,mode,speechiness,tempo,valence
country,From Beginning To End:  Johnny Cash,64FJj5HaUHR6KrKSsU8KPx,6VKv0eIRmHYlXbgWGq0DVP,spotify:track:6VKv0eIRmHYlXbgWGq0DVP,https://p.scdn.co/mp3-preview/02f7ff7f23042d9a3386a55c9c8ed57c22b10818?cid=63a77ff40e794a12ae216a18befde98c,"Cry, Cry, Cry",39,Johnny Cash,With His Hot And Blue Guitar,0.79,0.881,151253,0.443,5.18e-06,5,0.105,-11.093,1,0.051,103.291,0.867
country,From Beginning To End:  Johnny Cash,64FJj5HaUHR6KrKSsU8KPx,10QGw1IQGLaslKp5liNkNL,spotify:track:10QGw1IQGLaslKp5liNkNL,https://p.scdn.co/mp3-preview/5702266bfb4176748e022e7a18ba3695a6e37d68?cid=63a77ff40e794a12ae216a18befde98c,So Doggone Lonesome,32,Johnny Cash,With His Hot And Blue Guitar,0.498,0.916,164147,0.436,3e-05,5,0.0905,-11.559,1,0.0397,105.631,0.904
country,From Beginning To End:  Johnny Cash,64FJj5HaUHR6KrKSsU8KPx,0LTSNmOLBt25GMjHlxp9OR,spotify:track:0LTSNmOLBt25GMjHlxp9OR,https://p.scdn.co/mp3-preview/4abcbf13d95eabf61a0d3ab165a302a76d639fcd?cid=63a77ff40e794a12ae216a18befde98c,Folsom Prison Blues,54,Johnny Cash,I Walk the Line,0.194,0.689,155640,0.527,0.0784,5,0.278,-9.934,1,0.0314,110.519,0.777
country,From Beginning To End:  Johnny Cash,64FJj5HaUHR6KrKSsU8KPx,1Vr6JSWTpl5MIxUHOJ3nny,spotify:track:1Vr6JSWTpl5MIxUHOJ3nny,https://p.scdn.co/mp3-preview/149a75f243932c8eef0051d9edc7b5d3d7a41fd5?cid=63a77ff40e794a12ae216a18befde98c,I Walk The Line,49,Johnny Cash,With His Hot And Blue Guitar,0.717,0.859,167440,0.451,0.00106,5,0.102,-12.725,1,0.0421,105.418,0.779
country,From Beginning To End:  Johnny Cash,64FJj5HaUHR6KrKSsU8KPx,3A3kg1SK2gpHNPZJmXpfTv,spotify:track:3A3kg1SK2gpHNPZJmXpfTv,https://p.scdn.co/mp3-preview/0d48277c504f7bdb88acb6ce4a65b832b083cc21?cid=63a77ff40e794a12ae216a18befde98c,There You Go,30,Johnny Cash,Sings The Songs That Made Him Famous,0.802,0.773,141547,0.72,0.0183,10,0.118,-11.547,1,0.0463,97.769,0.947
country,From Beginning To End:  Johnny Cash,64FJj5HaUHR6KrKSsU8KPx,5C16qhb9W0td6avQ3vKpLt,spotify:track:5C16qhb9W0td6avQ3vKpLt,https://p.scdn.co/mp3-preview/b10338ee52ac771c982fd74bd72e81ac7c777aca?cid=63a77ff40e794a12ae216a18befde98c,Train Of Love,27,Johnny Cash,All Aboard The Blue Train,0.702,0.845,147840,0.383,0.000391,10,0.105,-13.598,0,0.106,101.888,0.777
country,From Beginning To End:  Johnny Cash,64FJj5HaUHR6KrKSsU8KPx,2RKAz2YBhNAkCSJjGAUrFd,spotify:track:2RKAz2YBhNAkCSJjGAUrFd,https://p.scdn.co/mp3-preview/12cafb7aff67a913e6ff79e848583028889b76f8?cid=63a77ff40e794a12ae216a18befde98c,Next In Line,24,Johnny Cash,Sings The Songs That Made Him Famous,0.309,0.41,169653,0.696,0.243,8,0.1,-9.83,1,0.0436,181.452,0.646
country,From Beginning To End:  Johnny Cash,64FJj5HaUHR6KrKSsU8KPx,2zAS11U4v0rbnlG0wGnM9q,spotify:track:2zAS11U4v0rbnlG0wGnM9q,https://p.scdn.co/mp3-preview/b82f969519d6758c41f147933cd4763f1b15333a?cid=63a77ff40e794a12ae216a18befde98c,Don't Make Me Go,27,Johnny Cash,Johnny Cash at Sun,0.773,0.74,148173,0.315,0.000256,10,0.117,-12.628,1,0.0548,128.035,0.527
country,From Beginning To End:  Johnny Cash,64FJj5HaUHR6KrKSsU8KPx,17a3cv3ra2wKlstmzELkP6,spotify:track:17a3cv3ra2wKlstmzELkP6,https://p.scdn.co/mp3-preview/0994538de26aad5039a432a787950d524d36d05c?cid=63a77ff40e794a12ae216a18befde98c,Home Of The Blues,32,Johnny Cash,Sings The Songs That Made Him Famous,0.864,0.512,163653,0.398,0.00026,4,0.125,-10.533,1,0.0259,84.228,0.764
country,From Beginning To End:  Johnny Cash,64FJj5HaUHR6KrKSsU8KPx,7lPDp4YOLm4M1DG2pcsr2G,spotify:track:7lPDp4YOLm4M1DG2pcsr2G,https://p.scdn.co/mp3-preview/0bc338573426c5e1cccb063b3ef4d0b3582ae6d1?cid=63a77ff40e794a12ae216a18befde98c,Give My Love to Rose,30,Johnny Cash,Johnny Cash at Sun,0.804,0.659,164013,0.253,0.000662,5,0.0867,-15.583,1,0.048,79.303,0.672
country,From Beginning To End:  Johnny Cash,64FJj5HaUHR6KrKSsU8KPx,0PlyzrcKNoaTo5lAVzZCKE,spotify:track:0PlyzrcKNoaTo5lAVzZCKE,https://p.scdn.co/mp3-preview/14fd38b03564e3ff89ebed80cf548adae428c9c2?cid=63a77ff40e794a12ae216a18befde98c,Ballad Of A Teenage Queen,30,Johnny Cash,Sings The Songs That Made Him Famous,0.652,0.684,135813,0.523,0.0,11,0.0898,-8.815,1,0.0649,98.047,0.645
country,From Beginning To End:  Johnny Cash,64FJj5HaUHR6KrKSsU8KPx,6tSlcd8gcp3XGstYNhL3It,spotify:track:6tSlcd8gcp3XGstYNhL3It,https://p.scdn.co/mp3-preview/9f4bbacf304df45e63243ad4d714721e123888b9?cid=63a77ff40e794a12ae216a18befde98c,Big River,52,Johnny Cash,Johnny Cash at Sun,0.854,0.632,151427,0.559,0.000103,5,0.127,-10.49,1,0.0674,182.942,0.884
country,From Beginning To End:  Johnny Cash,64FJj5HaUHR6KrKSsU8KPx,3ty6IIfuP0fXZ1XZDqQXmf,spotify:track:3ty6IIfuP0fXZ1XZDqQXmf,https://p.scdn.co/mp3-preview/5541e3b0db378ee432dfce0094dbb42460719eb3?cid=63a77ff40e794a12ae216a18befde98c,Guess Things Happen That Way,44,Johnny Cash,Sings The Songs That Made Him Famous,0.817,0.556,110827,0.41,0.0044,10,0.29,-11.801,1,0.0523,148.352,0.835
country,From Beginning To End:  Johnny Cash,64FJj5HaUHR6KrKSsU8KPx,0Haji76MVrc8ToQPAyCwWj,spotify:track:0Haji76MVrc8ToQPAyCwWj,https://p.scdn.co/mp3-preview/378b41a37ab2a51a5f0331a82019d1afdc5c9dc8?cid=63a77ff40e794a12ae216a18befde98c,Come In Stranger,22,Johnny Cash,Sings Hank Williams,0.818,0.784,105640,0.481,0.00036,6,0.0655,-11.777,1,0.0816,82.839,0.912
country,From Beginning To End:  Johnny Cash,64FJj5HaUHR6KrKSsU8KPx,3zZXH7hQw83IYzMn1oWAlz,spotify:track:3zZXH7hQw83IYzMn1oWAlz,https://p.scdn.co/mp3-preview/84ce6628f7bdedf0a7d361a989fa9dc5c97c307c?cid=63a77ff40e794a12ae216a18befde98c,The Ways Of A Woman In Love,26,Johnny Cash,Sings The Songs That Made Him Famous,0.745,0.646,139173,0.613,0.1,10,0.274,-9.586,1,0.0359,90.766,0.911
country,From Beginning To End:  Johnny Cash,64FJj5HaUHR6KrKSsU8KPx,76CbOXTXJpDSKplGwgUHiB,spotify:track:76CbOXTXJpDSKplGwgUHiB,https://p.scdn.co/mp3-preview/eb463e4c7a9fceccfdb8d7bec63462258b5bb498?cid=63a77ff40e794a12ae216a18befde98c,All Over Again,34,Johnny Cash,The Essential Johnny Cash,0.568,0.734,132400,0.603,5.42e-06,3,0.106,-10.394,1,0.0503,108.594,0.787
country,From Beginning To End:  Johnny Cash,64FJj5HaUHR6KrKSsU8KPx,138U8h7ZyYziTbnYzJEf8C,spotify:track:138U8h7ZyYziTbnYzJEf8C,,What Do I Care,0,Johnny Cash,The Greatest: The Number Ones,0.69,0.702,125840,0.411,0.0,5,0.161,-11.446,1,0.0758,87.383,0.792
country,From Beginning To End:  Johnny Cash,64FJj5HaUHR6KrKSsU8KPx,4xAr0WJMF9YlUV2Ej3TNva,spotify:track:4xAr0WJMF9YlUV2Ej3TNva,https://p.scdn.co/mp3-preview/f21b50df6c1674a0ea6db28e50492c916ecd1248?cid=63a77ff40e794a12ae216a18befde98c,You're the Nearest Thing to Heaven - Alternate Version,22,Johnny Cash,Johnny Cash at Sun,0.787,0.726,155920,0.41,0.000261,3,0.171,-10.534,1,0.0422,82.693,0.816
country,From Beginning To End:  Johnny Cash,64FJj5HaUHR6KrKSsU8KPx,0b4x5JPtqE8m4YPzzL8O0W,spotify:track:0b4x5JPtqE8m4YPzzL8O0W,https://p.scdn.co/mp3-preview/74ca53ca8e4f4f02e013cd36f6bb03f09152977a?cid=63a77ff40e794a12ae216a18befde98c,The Ways of a Woman in Love,30,Johnny Cash,Johnny Cash at Sun,0.821,0.651,134840,0.574,0.00397,10,0.233,-11.109,1,0.035,90.764,0.913
country,From Beginning To End:  Johnny Cash,64FJj5HaUHR6KrKSsU8KPx,42MQL3I29OeJeGJDP5LlfS,spotify:track:42MQL3I29OeJeGJDP5LlfS,https://p.scdn.co/mp3-preview/c9fcb5b5912d268d6fd91927e6c4ba25b98446e9?cid=63a77ff40e794a12ae216a18befde98c,It's Just About Time,22,Johnny Cash,Johnny Cash at Sun,0.852,0.543,127667,0.458,2.98e-05,3,0.265,-11.216,1,0.0413,180.936,0.89
country,From Beginning To End:  Johnny Cash,64FJj5HaUHR6KrKSsU8KPx,77v6sQU1cByaXJsX0t3yjG,spotify:track:77v6sQU1cByaXJsX0t3yjG,https://p.scdn.co/mp3-preview/909d6b18f0f2acd7a6c99e50b757ab2fa603e244?cid=63a77ff40e794a12ae216a18befde98c,I Just Thought You'd Like To Know,21,Johnny Cash,Greatest,0.802,0.648,145280,0.53,8.54e-05,3,0.123,-10.3,1,0.0317,137.711,0.867
country,From Beginning To End:  Johnny Cash,64FJj5HaUHR6KrKSsU8KPx,0Y39pN5MMK9fAOvRT8jO6g,spotify:track:0Y39pN5MMK9fAOvRT8jO6g,https://p.scdn.co/mp3-preview/b439f4bf9d54dd19b77411b2985d2117add181f2?cid=63a77ff40e794a12ae216a18befde98c,Luther Played The Boogie,24,Johnny Cash,Greatest,0.726,0.808,125907,0.448,0.000359,5,0.0857,-11.607,1,0.0297,102.188,0.962
country,From Beginning To End:  Johnny Cash,64FJj5HaUHR6KrKSsU8KPx,036B7lKiRkLerLGI6EHtEr,spotify:track:036B7lKiRkLerLGI6EHtEr,https://p.scdn.co/mp3-preview/4ee6219a4af2b5f9157bcafd7e1b4a03091b6656?cid=63a77ff40e794a12ae216a18befde98c,Thanks A Lot,21,Johnny Cash,Greatest,0.775,0.612,161267,0.585,0.523,10,0.128,-9.126,1,0.0376,83.377,0.939
country,From Beginning To End:  Johnny Cash,64FJj5HaUHR6KrKSsU8KPx,4kJyV6u8MrjI1xicwDrFwB,spotify:track:4kJyV6u8MrjI1xicwDrFwB,https://p.scdn.co/mp3-preview/9d830da6874d43e58cc9fd9e52e5ac6fc27094b2?cid=63a77ff40e794a12ae216a18befde98c,Katy Too,23,Johnny Cash,Greatest,0.743,0.784,119933,0.715,3.82e-05,10,0.084,-8.747,1,0.0698,107.289,0.921
country,From Beginning To End:  Johnny Cash,64FJj5HaUHR6KrKSsU8KPx,6x2anG9HNThGqUzoZYMeJh,spotify:track:6x2anG9HNThGqUzoZYMeJh,https://p.scdn.co/mp3-preview/a13c3c9fc6cb2deab5740b33307252e3ea9b7147?cid=63a77ff40e794a12ae216a18befde98c,Goodbye Little Darling,22,Johnny Cash,Greatest,0.822,0.732,136653,0.385,0.00608,10,0.122,-12.853,1,0.045,126.81,0.673
country,From Beginning To End:  Johnny Cash,64FJj5HaUHR6KrKSsU8KPx,4hYELgMhNAoy6O6h06I4nh,spotify:track:4hYELgMhNAoy6O6h06I4nh,https://p.scdn.co/mp3-preview/8fab6c794674223cb6314046e686507f624754ba?cid=63a77ff40e794a12ae216a18befde98c,Straight A's In Love,21,Johnny Cash,Sings Hank Williams,0.715,0.626,139133,0.579,0.0,5,0.083,-7.903,1,0.0975,75.803,0.918
country,From Beginning To End:  Johnny Cash,64FJj5HaUHR6KrKSsU8KPx,4ImWApvQockcPgi9Lr1SYv,spotify:track:4ImWApvQockcPgi9Lr1SYv,https://p.scdn.co/mp3-preview/f5ee931030cd0f84c38108e6001e6ba1a22a83cf?cid=63a77ff40e794a12ae216a18befde98c,Down The Street To 301,21,Johnny Cash,Now Here's Johnny Cash,0.732,0.602,127213,0.563,0.00357,3,0.327,-9.983,1,0.0304,89.654,0.968
country,From Beginning To End:  Johnny Cash,64FJj5HaUHR6KrKSsU8KPx,6u1iyJekxij8Op3XbAAAgq,spotify:track:6u1iyJekxij8Op3XbAAAgq,https://p.scdn.co/mp3-preview/b90b76cdcbc369591e0bf8affdaa09ea7b7adf88?cid=63a77ff40e794a12ae216a18befde98c,Mean Eyed Cat,21,Johnny Cash,Sings Hank Williams,0.668,0.807,152413,0.483,0.0,5,0.0923,-11.297,1,0.0327,115.363,0.858
country,From Beginning To End:  Johnny Cash,64FJj5HaUHR6KrKSsU8KPx,79IfHH31lVbpQgU73coaAc,spotify:track:79IfHH31lVbpQgU73coaAc,https://p.scdn.co/mp3-preview/4b165aaa60c5fa5b23abdb77d6f3f0c11f9c3cfd?cid=63a77ff40e794a12ae216a18befde98c,Oh Lonesome Me,23,Johnny Cash,Now Here's Johnny Cash,0.733,0.615,152667,0.662,3.81e-05,6,0.373,-9.055,1,0.0442,99.264,0.949
country,From Beginning To End:  Johnny Cash,64FJj5HaUHR6KrKSsU8KPx,6DQeWECybR1XV74yLRJiZn,spotify:track:6DQeWECybR1XV74yLRJiZn,https://p.scdn.co/mp3-preview/df7818bfd741694d913b85ad0ee57840c9c0ab33?cid=63a77ff40e794a12ae216a18befde98c,Don't Take Your Guns to Town,41,Johnny Cash,The Fabulous Johnny Cash,0.889,0.576,180027,0.302,0.0,10,0.0812,-10.714,1,0.111,177.319,0.579
country,From Beginning To End:  Johnny Cash,64FJj5HaUHR6KrKSsU8KPx,5J65xr8NkvpHy9RkxzSUAO,spotify:track:5J65xr8NkvpHy9RkxzSUAO,https://p.scdn.co/mp3-preview/cdcafa41df49084b404efb49e1ccf97068316375?cid=63a77ff40e794a12ae216a18befde98c,"Frankie's Man, Johnny",25,Johnny Cash,The Fabulous Johnny Cash,0.643,0.741,135360,0.754,0.0,3,0.124,-5.582,0,0.0653,160.14,0.933
country,From Beginning To End:  Johnny Cash,64FJj5HaUHR6KrKSsU8KPx,5HcgLM6x9hv7PT4YndSdal,spotify:track:5HcgLM6x9hv7PT4YndSdal,https://p.scdn.co/mp3-preview/5fa1e7ae601e1ca56e38ac19d683c4322d82e6b9?cid=63a77ff40e794a12ae216a18befde98c,You Dreamer You,18,"Johnny Cash,Tennessee Two","The Complete Sun Releases and Columbia Singles 1955-62, Vol. 1",0.911,0.681,110453,0.343,0.0,10,0.166,-12.085,1,0.0514,100.003,0.849
country,From Beginning To End:  Johnny Cash,64FJj5HaUHR6KrKSsU8KPx,16Ks4wN2wG2wGlDMm5Tphe,spotify:track:16Ks4wN2wG2wGlDMm5Tphe,https://p.scdn.co/mp3-preview/3aec924e1314ef5f603f32449bd8e9e75cc56d36?cid=63a77ff40e794a12ae216a18befde98c,I Got Stripes,49,Johnny Cash,The Legend,0.697,0.727,123573,0.542,0.0,8,0.116,-10.067,1,0.034,103.613,0.971
country,From Beginning To End:  Johnny Cash,64FJj5HaUHR6KrKSsU8KPx,3ykGBZZ4uzH0lVFw8Q2boh,spotify:track:3ykGBZZ4uzH0lVFw8Q2boh,https://p.scdn.co/mp3-preview/1a1cf1078458c84bef4ca3cecd8d1764c685cf22?cid=63a77ff40e794a12ae216a18befde98c,Five Feet High and Rising,37,Johnny Cash,The Essential Johnny Cash,0.828,0.759,105040,0.475,5.24e-06,5,0.132,-8.676,1,0.1,82.815,0.822
country,From Beginning To End:  Johnny Cash,64FJj5HaUHR6KrKSsU8KPx,2AaRffJgofvBgkFNrE7eOI,spotify:track:2AaRffJgofvBgkFNrE7eOI,https://p.scdn.co/mp3-preview/222ec3aed3866da86402806f12fb58da7d508fd1?cid=63a77ff40e794a12ae216a18befde98c,Seasons of My Heart,20,Johnny Cash,Now There Was A Song!,0.73,0.669,149653,0.356,2.71e-06,5,0.0785,-11.528,1,0.032,120.747,0.499
country,From Beginning To End:  Johnny Cash,64FJj5HaUHR6KrKSsU8KPx,2GIi5KCqUr0vRuHlj853WR,spotify:track:2GIi5KCqUr0vRuHlj853WR,https://p.scdn.co/mp3-preview/2ae1790191a79c28f6b351bb32743958dcfd2fde?cid=63a77ff40e794a12ae216a18befde98c,Smiling Bill McCall,21,Johnny Cash,Singles Plus,0.683,0.917,125440,0.563,2.1e-06,1,0.0701,-11.533,1,0.171,107.346,0.759
country,From Beginning To End:  Johnny Cash,64FJj5HaUHR6KrKSsU8KPx,1YR24sA6nsntEjaYhoj6QW,spotify:track:1YR24sA6nsntEjaYhoj6QW,https://p.scdn.co/mp3-preview/b0d0dda4eb4453e83e68b3ea929da2500283e604?cid=63a77ff40e794a12ae216a18befde98c,Second Honeymoon,19,Johnny Cash,Singles Plus,0.905,0.618,114547,0.464,0.00166,4,0.14,-12.395,1,0.0548,84.463,0.692
country,From Beginning To End:  Johnny Cash,64FJj5HaUHR6KrKSsU8KPx,3ymAVAlTxYDyVIbwqueaHE,spotify:track:3ymAVAlTxYDyVIbwqueaHE,https://p.scdn.co/mp3-preview/98d29f5e5a28e779db662810575c0e26abbee159?cid=63a77ff40e794a12ae216a18befde98c,The Rebel - Johnny Yuma,38,Johnny Cash,Ring Of Fire: The Best Of Johnny Cash,0.814,0.833,113187,0.717,0.000119,10,0.0605,-7.912,1,0.0356,115.146,0.964
country,From Beginning To End:  Johnny Cash,64FJj5HaUHR6KrKSsU8KPx,7robBaDSeyFRaxT0QhBifa,spotify:track:7robBaDSeyFRaxT0QhBifa,https://p.scdn.co/mp3-preview/6250e5a0cd6616a9b4131d73f4f7d6bca508b789?cid=63a77ff40e794a12ae216a18befde98c,Tennessee Flat-Top Box,46,Johnny Cash,Ring Of Fire: The Best Of Johnny Cash,0.261,0.659,179147,0.724,0.00176,5,0.363,-8.175,0,0.0322,97.544,0.862
country,From Beginning To End:  Johnny Cash,64FJj5HaUHR6KrKSsU8KPx,45laFQvDsNpxKQzofGWzCV,spotify:track:45laFQvDsNpxKQzofGWzCV,https://p.scdn.co/mp3-preview/d0f799bcb45e67415111bd29799d2bfca76ea469?cid=63a77ff40e794a12ae216a18befde98c,The Big Battle,27,Johnny Cash,Ring Of Fire: The Best Of Johnny Cash,0.943,0.609,243160,0.347,3.37e-05,2,0.171,-11.425,1,0.034,81.926,0.585
country,From Beginning To End:  Johnny Cash,64FJj5HaUHR6KrKSsU8KPx,4clkQyQJjCWwAVDgFao3kN,spotify:track:4clkQyQJjCWwAVDgFao3kN,https://p.scdn.co/mp3-preview/3166af2c71fb8717ffd5a31f32fbb085691597a8?cid=63a77ff40e794a12ae216a18befde98c,In the Jailhouse Now,27,Johnny Cash,The Legend,0.888,0.614,141400,0.283,0.0,1,0.0608,-12.223,1,0.105,181.741,0.824
country,From Beginning To End:  Johnny Cash,64FJj5HaUHR6KrKSsU8KPx,2HR7vkmbt2jrNdYbi7Hh5d,spotify:track:2HR7vkmbt2jrNdYbi7Hh5d,https://p.scdn.co/mp3-preview/91f4f7ad9f93f47e68571d96428b77467b7871c2?cid=63a77ff40e794a12ae216a18befde98c,Bonanza!,31,Johnny Cash,Ring Of Fire: The Best Of Johnny Cash,0.898,0.548,140307,0.492,0.0393,3,0.152,-10.72,1,0.0287,102.62,0.802
country,From Beginning To End:  Johnny Cash,64FJj5HaUHR6KrKSsU8KPx,6yud4QwlsCkTLdW0ufrwEJ,spotify:track:6yud4QwlsCkTLdW0ufrwEJ,https://p.scdn.co/mp3-preview/4cd56e4b96ba49995a65e2b57b9b680aef2f661e?cid=63a77ff40e794a12ae216a18befde98c,Busted,23,Johnny Cash,"Blood, Sweat And Tears",0.796,0.641,136027,0.525,1.21e-05,7,0.0944,-11.153,1,0.0683,160.437,0.541
country,From Beginning To End:  Johnny Cash,64FJj5HaUHR6KrKSsU8KPx,6YffUZJ2R06kyxyK6onezL,spotify:track:6YffUZJ2R06kyxyK6onezL,https://p.scdn.co/mp3-preview/e3bbba328a3227e0d1095f804cd73a634de8cd04?cid=63a77ff40e794a12ae216a18befde98c,Ring of Fire,69,Johnny Cash,Ring Of Fire: The Best Of Johnny Cash,0.623,0.659,158427,0.585,0.000213,7,0.348,-8.189,1,0.0288,104.111,0.784
country,From Beginning To End:  Johnny Cash,64FJj5HaUHR6KrKSsU8KPx,20IjsA4PoP8gz6mWySdsmf,spotify:track:20IjsA4PoP8gz6mWySdsmf,https://p.scdn.co/mp3-preview/080576514c2983e784cd32600de1e95dc2522bbc?cid=63a77ff40e794a12ae216a18befde98c,The Matador,22,Johnny Cash,The Legend,0.525,0.291,164107,0.548,0.00917,9,0.237,-11.032,1,0.0418,154.984,0.596
country,From Beginning To End:  Johnny Cash,64FJj5HaUHR6KrKSsU8KPx,13kfQhv7drKlGtbfSz0H0u,spotify:track:13kfQhv7drKlGtbfSz0H0u,https://p.scdn.co/mp3-preview/3a15f095f8163139c68633ca5932ee0e6e1335c9?cid=63a77ff40e794a12ae216a18befde98c,Understand Your Man,28,Johnny Cash,I Walk the Line,0.619,0.67,164013,0.654,0.00887,0,0.252,-8.641,1,0.0421,91.64,0.842
country,From Beginning To End:  Johnny Cash,64FJj5HaUHR6KrKSsU8KPx,0BtqwFxTqPoMIRNq6Og77I,spotify:track:0BtqwFxTqPoMIRNq6Og77I,https://p.scdn.co/mp3-preview/4225e6ae4ed444950b9adfaad3184b17ccd003a7?cid=63a77ff40e794a12ae216a18befde98c,The Ballad of Ira Hayes,39,Johnny Cash,Bitter Tears: Johnny Cash Sings Ballads Of The American Indian,0.844,0.591,249360,0.398,0.000829,9,0.0613,-12.514,1,0.145,89.854,0.544
country,From Beginning To End:  Johnny Cash,64FJj5HaUHR6KrKSsU8KPx,4ThKC6bEyWbEmNRx0fM4qP,spotify:track:4ThKC6bEyWbEmNRx0fM4qP,https://p.scdn.co/mp3-preview/f7c52ca3a163ea9cdc7aa801074ad0617b74a547?cid=63a77ff40e794a12ae216a18befde98c,Bad News,28,Johnny Cash,I Walk the Line,0.745,0.688,177680,0.617,0.0023,10,0.192,-8.627,1,0.0416,134.575,0.668
country,From Beginning To End:  Johnny Cash,64FJj5HaUHR6KrKSsU8KPx,7w93HMQJyQCmfsniZOi4M3,spotify:track:7w93HMQJyQCmfsniZOi4M3,https://p.scdn.co/mp3-preview/cdc48b83fd8e273a1f0ccd7e66a147ea854e91ef?cid=63a77ff40e794a12ae216a18befde98c,It Ain't Me Babe,29,Johnny Cash,"Dylan, Cash, and the Nashville Cats: A New Music City",0.446,0.628,182520,0.438,0.0,7,0.137,-10.775,1,0.0339,106.358,0.502
country,From Beginning To End:  Johnny Cash,64FJj5HaUHR6KrKSsU8KPx,28KTisZDzhDBALLSvRf4wv,spotify:track:28KTisZDzhDBALLSvRf4wv,https://p.scdn.co/mp3-preview/be283b51be4584e69d57b11d1e75bc962600053b?cid=63a77ff40e794a12ae216a18befde98c,Orange Blossom Special,41,Johnny Cash,Orange Blossom Special,0.0543,0.676,186080,0.634,0.00239,0,0.297,-8.91,1,0.0301,110.617,0.8
country,From Beginning To End:  Johnny Cash,64FJj5HaUHR6KrKSsU8KPx,1HAVWrCGMtLQO7keReGHkm,spotify:track:1HAVWrCGMtLQO7keReGHkm,https://p.scdn.co/mp3-preview/56f97c100134fcdadf028bf40ad12ef95578fa4e?cid=63a77ff40e794a12ae216a18befde98c,Mister Garfield,33,Johnny Cash,Johnny Cash Sings The Ballads Of The True West,0.622,0.666,225800,0.406,0.000158,9,0.49,-14.732,1,0.158,110.551,0.372
country,From Beginning To End:  Johnny Cash,64FJj5HaUHR6KrKSsU8KPx,51Y6U3PfPsj2xjbhArdyc8,spotify:track:51Y6U3PfPsj2xjbhArdyc8,https://p.scdn.co/mp3-preview/95c798b27a5310519099c6b4fd9cfea7e0fe25e8?cid=63a77ff40e794a12ae216a18befde98c,The Sons of Katie Elder,19,Johnny Cash,Singles Plus,0.814,0.677,151320,0.516,1.18e-06,4,0.141,-12.059,1,0.0568,101.022,0.7
country,From Beginning To End:  Johnny Cash,64FJj5HaUHR6KrKSsU8KPx,1ifRKYndCYjmgkelqVG0dR,spotify:track:1ifRKYndCYjmgkelqVG0dR,https://p.scdn.co/mp3-preview/8de9adac7bd26a7939a9e0d4590411088f7db4dd?cid=63a77ff40e794a12ae216a18befde98c,Happy to Be with You,18,Johnny Cash,Happiness Is You,0.398,0.442,193120,0.736,0.000314,11,0.0876,-12.517,0,0.0387,183.293,0.606
country,From Beginning To End:  Johnny Cash,64FJj5HaUHR6KrKSsU8KPx,46m6YFeBfrs4MMAclgziCZ,spotify:track:46m6YFeBfrs4MMAclgziCZ,https://p.scdn.co/mp3-preview/4c064c95312a57ac6ee8ea61b3dcb03a905e3e73?cid=63a77ff40e794a12ae216a18befde98c,The One On the Right Is On the Left,35,Johnny Cash,Everybody Loves A Nut,0.365,0.707,165707,0.65,0.00358,9,0.214,-10.158,1,0.0356,99.53,0.824
country,From Beginning To End:  Johnny Cash,64FJj5HaUHR6KrKSsU8KPx,47QwkqwlMoFi9XFB7YX81q,spotify:track:47QwkqwlMoFi9XFB7YX81q,https://p.scdn.co/mp3-preview/39e41b6f47bff74ce65ca588e0d4c5fede317fcc?cid=63a77ff40e794a12ae216a18befde98c,Everybody Loves a Nut,20,Johnny Cash,Everybody Loves A Nut,0.62,0.674,123693,0.6,0.0134,7,0.126,-10.139,1,0.0349,91.238,0.872
country,From Beginning To End:  Johnny Cash,64FJj5HaUHR6KrKSsU8KPx,1ehOjgL0KDam9oHy4WxH4F,spotify:track:1ehOjgL0KDam9oHy4WxH4F,https://p.scdn.co/mp3-preview/94c198b3cc48695c61ad075ee5d5d6a49bef6184?cid=63a77ff40e794a12ae216a18befde98c,Boa Constrictor,18,Johnny Cash,Everybody Loves A Nut,0.928,0.56,104347,0.314,0.0,9,0.109,-12.276,1,0.0634,95.731,0.604
country,From Beginning To End:  Johnny Cash,64FJj5HaUHR6KrKSsU8KPx,2p9Ib8WcxXASLSZFOX7rQi,spotify:track:2p9Ib8WcxXASLSZFOX7rQi,https://p.scdn.co/mp3-preview/1c2f35eba3de37acc8b17ef44a204dfbe35d1290?cid=63a77ff40e794a12ae216a18befde98c,You Beat All I Ever Saw,16,Johnny Cash,Singles Plus,0.776,0.547,127733,0.368,1.44e-05,7,0.319,-10.317,1,0.0303,109.522,0.611
country,From Beginning To End:  Johnny Cash,64FJj5HaUHR6KrKSsU8KPx,2baPsef3KL1Az9KvaKY8wi,spotify:track:2baPsef3KL1Az9KvaKY8wi,https://p.scdn.co/mp3-preview/635bee3910013bc9a5ba25f161d1cc758f907a41?cid=63a77ff40e794a12ae216a18befde98c,The Wind Changes,17,Johnny Cash,Singles Plus,0.732,0.709,167693,0.441,4.08e-06,9,0.0529,-13.428,1,0.0343,97.506,0.709
country,From Beginning To End:  Johnny Cash,64FJj5HaUHR6KrKSsU8KPx,05YQqgKIUvxOVqs9A2lHm0,spotify:track:05YQqgKIUvxOVqs9A2lHm0,https://p.scdn.co/mp3-preview/f6c13ed010da3d6e120eb2ade3c70ba8c64ea0a2?cid=63a77ff40e794a12ae216a18befde98c,Rosanna's Going Wild,19,Johnny Cash,The Legend,0.501,0.703,117893,0.607,1.75e-05,9,0.0511,-10.95,1,0.0392,100.222,0.961
country,From Beginning To End:  Johnny Cash,64FJj5HaUHR6KrKSsU8KPx,5rrlIneG3ecFAqYnB8tz9o,spotify:track:5rrlIneG3ecFAqYnB8tz9o,,Jackson (with June Carter Cash),6,"Johnny Cash,June Carter Cash",The Greatest: Duets,0.544,0.702,165413,0.472,0.000178,0,0.294,-9.913,1,0.0373,128.26,0.807
country,From Beginning To End:  Johnny Cash,64FJj5HaUHR6KrKSsU8KPx,3U6uqA8kmdtWQdEAsahLnA,spotify:track:3U6uqA8kmdtWQdEAsahLnA,,Long-Legged Guitar Pickin' Man (with June Carter Cash),1,"Johnny Cash,June Carter Cash",The Greatest: Duets,0.493,0.681,155613,0.593,5.6e-06,10,0.0788,-11.903,1,0.0444,118.605,0.893
country,From Beginning To End:  Johnny Cash,64FJj5HaUHR6KrKSsU8KPx,3ftnDaaL02tMeOZBunIwls,spotify:track:3ftnDaaL02tMeOZBunIwls,,"Folsom Prison Blues - Live at Folsom State Prison, Folsom, CA (1st Show) - January 1968",22,Johnny Cash,At Folsom Prison (Legacy Edition),0.0215,0.594,156427,0.577,0.00792,0,0.883,-12.772,1,0.0534,110.783,0.89
country,From Beginning To End:  Johnny Cash,64FJj5HaUHR6KrKSsU8KPx,6cyQhHuw8lEXgHGJlXUiR9,spotify:track:6cyQhHuw8lEXgHGJlXUiR9,https://p.scdn.co/mp3-preview/cf1cfb5695011691aac2c143338e28c7e6fec2e5?cid=63a77ff40e794a12ae216a18befde98c,Daddy Sang Bass,44,Johnny Cash,The Holy Land,0.814,0.659,140413,0.564,2.18e-05,4,0.646,-11.655,1,0.0379,96.657,0.783
country,From Beginning To End:  Johnny Cash,64FJj5HaUHR6KrKSsU8KPx,4VkgY55sUbfszX3XjS3LxW,spotify:track:4VkgY55sUbfszX3XjS3LxW,https://p.scdn.co/mp3-preview/df76f9945055660f1a65c89fcec3bb53e93beee2?cid=63a77ff40e794a12ae216a18befde98c,"A Boy Named Sue - Live at San Quentin State Prison, San Quentin, CA - February 1969",53,Johnny Cash,At San Quentin (Legacy Edition),0.758,0.685,225040,0.486,0.0,10,0.716,-11.898,1,0.323,101.539,0.892
country,From Beginning To End:  Johnny Cash,64FJj5HaUHR6KrKSsU8KPx,1f9QIJMihUFhVaGCuWyqf3,spotify:track:1f9QIJMihUFhVaGCuWyqf3,https://p.scdn.co/mp3-preview/fb7d53a4739764dabfebc3e4cf14d9336e39c108?cid=63a77ff40e794a12ae216a18befde98c,Blistered,23,Johnny Cash,"Hello, I'm Johnny Cash",0.524,0.568,142933,0.666,0.177,10,0.641,-9.123,1,0.0385,122.614,0.867
country,From Beginning To End:  Johnny Cash,64FJj5HaUHR6KrKSsU8KPx,7tldd9oCoMwNelucVLToWB,spotify:track:7tldd9oCoMwNelucVLToWB,https://p.scdn.co/mp3-preview/bb1c620288ea14991289558ad2307253aad0be26?cid=63a77ff40e794a12ae216a18befde98c,See Ruby Fall,22,"Johnny Cash,June Carter Cash","Hello, I'm Johnny Cash",0.289,0.697,170440,0.446,0.00144,0,0.0998,-12.5,1,0.0327,121.979,0.792
country,From Beginning To End:  Johnny Cash,64FJj5HaUHR6KrKSsU8KPx,4CLUmRmlCsxPzZVwG9ggKb,spotify:track:4CLUmRmlCsxPzZVwG9ggKb,,If I Were a Carpenter (with June Carter Cash),1,"Johnny Cash,June Carter Cash",The Greatest: Duets,0.452,0.386,180547,0.358,0.00356,7,0.184,-13.406,1,0.047,177.477,0.685
country,From Beginning To End:  Johnny Cash,64FJj5HaUHR6KrKSsU8KPx,0snyjt8NMg7Dc7E3xnDH9b,spotify:track:0snyjt8NMg7Dc7E3xnDH9b,https://p.scdn.co/mp3-preview/8d7b0f6e79eeed1f34878badeec0a7330b8b56ab?cid=63a77ff40e794a12ae216a18befde98c,What Is Truth,31,Johnny Cash,The Legend,0.387,0.681,157667,0.385,0.163,4,0.277,-12.568,1,0.117,86.139,0.629
country,From Beginning To End:  Johnny Cash,64FJj5HaUHR6KrKSsU8KPx,5KF3zQP0cqLklYnF6riogg,spotify:track:5KF3zQP0cqLklYnF6riogg,https://p.scdn.co/mp3-preview/ad00e5c5173c4831e22e905b97517e0ddc345432?cid=63a77ff40e794a12ae216a18befde98c,Sunday Morning Coming Down - Live,51,Johnny Cash,The Johnny Cash Show,0.526,0.408,249507,0.414,6.56e-05,8,0.903,-11.754,1,0.0264,78.747,0.832
country,From Beginning To End:  Johnny Cash,64FJj5HaUHR6KrKSsU8KPx,2sq6zVcw0zr5go8ZqaUdUF,spotify:track:2sq6zVcw0zr5go8ZqaUdUF,https://p.scdn.co/mp3-preview/cd2ca4bfb1caac866d07711278d31d77656d3638?cid=63a77ff40e794a12ae216a18befde98c,Flesh and Blood,44,Johnny Cash,The Essential Johnny Cash,0.114,0.489,156160,0.426,0.0504,9,0.117,-9.762,1,0.0393,81.354,0.521
country,From Beginning To End:  Johnny Cash,64FJj5HaUHR6KrKSsU8KPx,3GkJLS764HqNXsKJU5VGIF,spotify:track:3GkJLS764HqNXsKJU5VGIF,https://p.scdn.co/mp3-preview/34dd956ca49ad72a4e7c69e31ef0549b1aa49f8d?cid=63a77ff40e794a12ae216a18befde98c,Big River,17,Johnny Cash,Sings The Greatest Hits,0.8,0.62,155080,0.636,0.000427,0,0.107,-9.867,0,0.104,182.922,0.836
country,From Beginning To End:  Johnny Cash,64FJj5HaUHR6KrKSsU8KPx,5Vag0P0faKXZkOytQH82gc,spotify:track:5Vag0P0faKXZkOytQH82gc,https://p.scdn.co/mp3-preview/6fe85fee4fa400498abb8901554bb20dc69e3a61?cid=63a77ff40e794a12ae216a18befde98c,"No Need to Worry (with The Carter Family & The Statler Brothers) - Live at Channel DR-TV, Copenhagen, Denmark - September 1971",17,"Johnny Cash,The Carter Family,The Statler Brothers",Man in Black: Live in Denmark 1971,0.817,0.539,188600,0.509,7.57e-06,1,0.711,-11.578,1,0.26,114.388,0.752
country,From Beginning To End:  Johnny Cash,64FJj5HaUHR6KrKSsU8KPx,7wL9EVloIobMw22rT7Ve8x,spotify:track:7wL9EVloIobMw22rT7Ve8x,https://p.scdn.co/mp3-preview/4e23ed5ae883e99e0b9f85cbd49585bc86274039?cid=63a77ff40e794a12ae216a18befde98c,Man in Black,56,Johnny Cash,Man In Black,0.589,0.676,172987,0.58,0.000145,5,0.218,-14.217,1,0.0506,95.358,0.89
country,From Beginning To End:  Johnny Cash,64FJj5HaUHR6KrKSsU8KPx,5unyV1vQvmTEijwFKyVENc,spotify:track:5unyV1vQvmTEijwFKyVENc,https://p.scdn.co/mp3-preview/86579f305207586e2b557bb182337db61fbb8d95?cid=63a77ff40e794a12ae216a18befde98c,Singin' in Viet Nam Talkin' Blues,26,Johnny Cash,Man In Black,0.442,0.538,178227,0.561,1.71e-06,10,0.0994,-12.001,1,0.0985,91.838,0.815
country,From Beginning To End:  Johnny Cash,64FJj5HaUHR6KrKSsU8KPx,5uYhkJEJOhFmNWEIAzXtmy,spotify:track:5uYhkJEJOhFmNWEIAzXtmy,https://p.scdn.co/mp3-preview/438d173db2a40555547fce95bb75d1ee54560f62?cid=63a77ff40e794a12ae216a18befde98c,Papa Was a Good Man,21,Johnny Cash,A Thing Called Love,0.334,0.348,157107,0.412,0.0,10,0.338,-11.359,1,0.0321,175.356,0.477
country,From Beginning To End:  Johnny Cash,64FJj5HaUHR6KrKSsU8KPx,4Zy3y23RJDQEohBZFu94v1,spotify:track:4Zy3y23RJDQEohBZFu94v1,https://p.scdn.co/mp3-preview/a1d069536399ddb828677cea42b5551854000a4c?cid=63a77ff40e794a12ae216a18befde98c,A Thing Called Love,58,Johnny Cash,A Thing Called Love,0.481,0.526,152680,0.499,0.0,0,0.261,-10.873,1,0.0345,155.775,0.786
country,From Beginning To End:  Johnny Cash,64FJj5HaUHR6KrKSsU8KPx,5FYGURTDSHQfHpPaErJXhX,spotify:track:5FYGURTDSHQfHpPaErJXhX,https://p.scdn.co/mp3-preview/a462f85606061e38017f21ce12c6d836714754dd?cid=63a77ff40e794a12ae216a18befde98c,Kate,23,Johnny Cash,A Thing Called Love,0.295,0.727,137107,0.751,0.000115,1,0.101,-12.482,1,0.0392,117.761,0.963
country,From Beginning To End:  Johnny Cash,64FJj5HaUHR6KrKSsU8KPx,4GTFmWehoxuJEsaIGT3lXT,spotify:track:4GTFmWehoxuJEsaIGT3lXT,https://p.scdn.co/mp3-preview/49bf513bdfb76723853f357055518b8ec32b66a9?cid=63a77ff40e794a12ae216a18befde98c,If I Had a Hammer,36,"Johnny Cash,June Carter Cash",Any Old Wind That Blows,0.565,0.624,153320,0.625,1.08e-05,10,0.171,-10.775,1,0.0349,106.736,0.889
country,From Beginning To End:  Johnny Cash,64FJj5HaUHR6KrKSsU8KPx,2p9cD6MdK6vZkj7GhXJCZj,spotify:track:2p9cD6MdK6vZkj7GhXJCZj,https://p.scdn.co/mp3-preview/e9f41b33fd43a94a4598296f3f80b43a44a13c23?cid=63a77ff40e794a12ae216a18befde98c,Oney,38,Johnny Cash,Any Old Wind That Blows,0.416,0.704,185987,0.532,1.38e-05,8,0.0804,-10.744,1,0.0388,105.829,0.899
country,From Beginning To End:  Johnny Cash,64FJj5HaUHR6KrKSsU8KPx,16PLFTzoHaPnU4BJFMJ7OY,spotify:track:16PLFTzoHaPnU4BJFMJ7OY,https://p.scdn.co/mp3-preview/ccecce45cc0757e162758233001e7148436731e7?cid=63a77ff40e794a12ae216a18befde98c,Any Old Wind That Blows,24,Johnny Cash,Any Old Wind That Blows,0.796,0.612,168533,0.436,0.16,9,0.123,-14.911,1,0.038,112.743,0.743
country,From Beginning To End:  Johnny Cash,64FJj5HaUHR6KrKSsU8KPx,2mo1Nfgp4MV88f90tVkv2e,spotify:track:2mo1Nfgp4MV88f90tVkv2e,https://p.scdn.co/mp3-preview/5cc2a7d4dd89d0c0a4cb11e375ce7e8f6071cd4f?cid=63a77ff40e794a12ae216a18befde98c,The Loving Gift,21,"Johnny Cash,June Carter Cash",Any Old Wind That Blows,0.919,0.473,134387,0.166,0.000542,0,0.255,-15.448,1,0.0323,77.805,0.324
country,From Beginning To End:  Johnny Cash,64FJj5HaUHR6KrKSsU8KPx,0QKhD2mkRCWqEQm3xzNrik,spotify:track:0QKhD2mkRCWqEQm3xzNrik,https://p.scdn.co/mp3-preview/7013b558bdc0f259a75427f91ef2da61664cbb12?cid=63a77ff40e794a12ae216a18befde98c,Allegheny,20,"Johnny Cash,June Carter Cash",Johnny Cash And His Woman (with June Carter Cash),0.592,0.653,209213,0.662,0.0,7,0.625,-11.299,1,0.0572,104.684,0.745
country,From Beginning To End:  Johnny Cash,64FJj5HaUHR6KrKSsU8KPx,0UdumTKfKydYta3qtEXb7p,spotify:track:0UdumTKfKydYta3qtEXb7p,https://p.scdn.co/mp3-preview/d37f67b4f934f23459837922cf6d31c42e745bf4?cid=63a77ff40e794a12ae216a18befde98c,Children,17,"Johnny Cash,The Carter Family",The Gospel Road,0.465,0.495,161173,0.51,0.0,0,0.817,-10.98,1,0.0288,90.303,0.779
country,From Beginning To End:  Johnny Cash,64FJj5HaUHR6KrKSsU8KPx,4YuhBsewop3vGmmdsJA5mp,spotify:track:4YuhBsewop3vGmmdsJA5mp,https://p.scdn.co/mp3-preview/db1d74e5fba65d4dd535b9d524057f641aab1bd2?cid=63a77ff40e794a12ae216a18befde98c,Praise the Lord and Pass the Soup (with The Carter Family & The Oak Ridge Boys),18,"Johnny Cash,The Carter Family,The Oak Ridge Boys",Singles Plus,0.801,0.411,231480,0.322,0.0,0,0.339,-13.147,1,0.0321,94.258,0.611
country,From Beginning To End:  Johnny Cash,64FJj5HaUHR6KrKSsU8KPx,4X5xEyE0djp1pFpApB9Etq,spotify:track:4X5xEyE0djp1pFpApB9Etq,https://p.scdn.co/mp3-preview/91b7f90db0d282ec5e310f5a435e89ad15251814?cid=63a77ff40e794a12ae216a18befde98c,Pick the Wildwood Flower,17,Johnny Cash,Singles Plus,0.792,0.635,177267,0.442,0.00438,8,0.138,-12.094,1,0.0301,101.398,0.769
country,From Beginning To End:  Johnny Cash,64FJj5HaUHR6KrKSsU8KPx,5FvJ83BvPK8cmY5lHmToio,spotify:track:5FvJ83BvPK8cmY5lHmToio,https://p.scdn.co/mp3-preview/840815a7bf485ba0ff8f5f20d46c1a56d5cc8e61?cid=63a77ff40e794a12ae216a18befde98c,"Orleans Parish Prison - Live at Österåker Prison, Sweden - October 1972",18,Johnny Cash,På Österåker (35th Anniversary Edition),0.699,0.611,196240,0.745,2.59e-05,8,0.703,-9.925,1,0.144,101.326,0.742
country,From Beginning To End:  Johnny Cash,64FJj5HaUHR6KrKSsU8KPx,3lUizfXlBYvhDTYXk2X96w,spotify:track:3lUizfXlBYvhDTYXk2X96w,https://p.scdn.co/mp3-preview/1a11aad787766678ea4cc42290b1fd17669b3412?cid=63a77ff40e794a12ae216a18befde98c,Ragged Old Flag,50,Johnny Cash,Ragged Old Flag,0.862,0.464,186933,0.277,4.24e-06,2,0.916,-11.308,1,0.347,77.599,0.398
country,From Beginning To End:  Johnny Cash,64FJj5HaUHR6KrKSsU8KPx,3d7Tvsipt34qakwN2AiHp6,spotify:track:3d7Tvsipt34qakwN2AiHp6,https://p.scdn.co/mp3-preview/155e5e992346172413c6f1bff7396a30014105a2?cid=63a77ff40e794a12ae216a18befde98c,The Junkie And The Juicehead (Minus Me),21,Johnny Cash,The Junkie And The Juicehead Minus Me,0.856,0.518,179947,0.501,0.0,10,0.244,-11.715,1,0.0353,93.697,0.902
country,From Beginning To End:  Johnny Cash,64FJj5HaUHR6KrKSsU8KPx,4jSGOi9tyYNSymkxhe8UQT,spotify:track:4jSGOi9tyYNSymkxhe8UQT,https://p.scdn.co/mp3-preview/fecba259143ac562052cb8e61e0b982e7634e437?cid=63a77ff40e794a12ae216a18befde98c,Father And Daughter (Father And Son),21,"Johnny Cash,Rosey Nix",The Junkie And The Juicehead Minus Me,0.884,0.61,180387,0.246,2.69e-06,7,0.166,-15.153,1,0.0578,71.671,0.466
country,From Beginning To End:  Johnny Cash,64FJj5HaUHR6KrKSsU8KPx,5Suh1LmmiEk2aYlDZONBMG,spotify:track:5Suh1LmmiEk2aYlDZONBMG,https://p.scdn.co/mp3-preview/9dcd5086e7f8fb6231abd067cd029543ba5b7bbc?cid=63a77ff40e794a12ae216a18befde98c,Look At Them Beans,20,Johnny Cash,Look At Them Beans,0.803,0.543,176880,0.379,0.0,2,0.104,-13.733,1,0.0954,92.942,0.741
country,From Beginning To End:  Johnny Cash,64FJj5HaUHR6KrKSsU8KPx,4eIe3slkkWS9yZU55F4l9n,spotify:track:4eIe3slkkWS9yZU55F4l9n,https://p.scdn.co/mp3-preview/6eabecb68b37c2ed9910c3c47aa02969a2ae0190?cid=63a77ff40e794a12ae216a18befde98c,Texas-1947,20,Johnny Cash,Look At Them Beans,0.732,0.7,192413,0.482,0.0,4,0.244,-12.042,1,0.0735,101.646,0.671
country,From Beginning To End:  Johnny Cash,64FJj5HaUHR6KrKSsU8KPx,4182qKNXYjhESIzGeApX1u,spotify:track:4182qKNXYjhESIzGeApX1u,https://p.scdn.co/mp3-preview/6082ffacbe4bf17d0ca0c49ae3267c617a9b212d?cid=63a77ff40e794a12ae216a18befde98c,"Strawberry Cake - Live at the London Palladium, London, UK - September 1975",16,Johnny Cash,Strawberry Cake (Live),0.79,0.374,187107,0.385,5.53e-06,10,0.777,-14.39,1,0.062,183.994,0.59
country,From Beginning To End:  Johnny Cash,64FJj5HaUHR6KrKSsU8KPx,1sueD22EyCamMjdQu9Kuo3,spotify:track:1sueD22EyCamMjdQu9Kuo3,https://p.scdn.co/mp3-preview/38e1e7d8d13a0a8bd8de41ff4ed9067cf267d9d6?cid=63a77ff40e794a12ae216a18befde98c,One Piece at a Time,55,"Johnny Cash,Tennessee Three",One Piece At A Time,0.745,0.723,244760,0.564,0.0,5,0.219,-12.194,1,0.294,102.581,0.963
country,From Beginning To End:  Johnny Cash,64FJj5HaUHR6KrKSsU8KPx,2U1gUDyrfXl4dg29OJuQF6,spotify:track:2U1gUDyrfXl4dg29OJuQF6,https://p.scdn.co/mp3-preview/7e7d743e975a1c2ad6d4bbce6dec3fad1692c5b8?cid=63a77ff40e794a12ae216a18befde98c,Sold Out Of Flagpoles,21,"Johnny Cash,Tennessee Three",One Piece At A Time,0.859,0.729,166933,0.631,0.000443,8,0.0675,-13.576,1,0.0451,96.458,0.954
country,From Beginning To End:  Johnny Cash,64FJj5HaUHR6KrKSsU8KPx,0BDEK8FwLf51O2vrc5dBBW,spotify:track:0BDEK8FwLf51O2vrc5dBBW,https://p.scdn.co/mp3-preview/67ac8fc247f50301a8b8969ea9e15564d469baff?cid=63a77ff40e794a12ae216a18befde98c,It's All Over,36,Johnny Cash,Bootleg Vol. I: Personal File,0.939,0.574,168933,0.134,5.19e-05,3,0.106,-12.06,1,0.0576,103.296,0.549
country,From Beginning To End:  Johnny Cash,64FJj5HaUHR6KrKSsU8KPx,5IzDa2UlkLzNHbwU54JUNH,spotify:track:5IzDa2UlkLzNHbwU54JUNH,https://p.scdn.co/mp3-preview/41289ee5bb998c3efb35240d045843b534adea06?cid=63a77ff40e794a12ae216a18befde98c,Old Time Feeling (with June Carter Cash),19,"Johnny Cash,June Carter Cash",Singles Plus,0.795,0.579,169000,0.324,3.81e-06,8,0.216,-11.515,1,0.0276,78.829,0.475
country,From Beginning To End:  Johnny Cash,64FJj5HaUHR6KrKSsU8KPx,72Tff5TvTSvEI8R4gqmdH8,spotify:track:72Tff5TvTSvEI8R4gqmdH8,https://p.scdn.co/mp3-preview/c9b4af22872a7280f200e89a9c8304034c598a08?cid=63a77ff40e794a12ae216a18befde98c,The Last Gunfighter Ballad,29,Johnny Cash,The Last Gunfighter Ballad,0.796,0.648,167133,0.418,0.0,5,0.174,-14.556,1,0.322,82.717,0.744
country,From Beginning To End:  Johnny Cash,64FJj5HaUHR6KrKSsU8KPx,5VAxvkX7H7FshwRBHjFxLH,spotify:track:5VAxvkX7H7FshwRBHjFxLH,https://p.scdn.co/mp3-preview/3d345c55cdf93413c0cc787c65f9bed9fbb7cc91?cid=63a77ff40e794a12ae216a18befde98c,Lady,17,Johnny Cash,The Rambler,0.727,0.515,169213,0.129,0.000224,1,0.167,-17.616,1,0.0329,114.413,0.171
country,From Beginning To End:  Johnny Cash,64FJj5HaUHR6KrKSsU8KPx,6KY1jztcm9p4MLFYVQCBJY,spotify:track:6KY1jztcm9p4MLFYVQCBJY,https://p.scdn.co/mp3-preview/3fc4c38e5613d92169d6d69e981394207e2026c1?cid=63a77ff40e794a12ae216a18befde98c,After the Ball,18,Johnny Cash,The Rambler,0.671,0.613,168760,0.524,0.00315,10,0.353,-12.657,1,0.0298,97.059,0.545
country,From Beginning To End:  Johnny Cash,64FJj5HaUHR6KrKSsU8KPx,6XyX6Qxa4fcjyD9hy48ZHU,spotify:track:6XyX6Qxa4fcjyD9hy48ZHU,https://p.scdn.co/mp3-preview/1fbcc748787eba5cf271926865a23a05666efbca?cid=63a77ff40e794a12ae216a18befde98c,I Would Like to See You Again,23,Johnny Cash,I Would Like to See You Again,0.691,0.683,171813,0.311,0.000547,9,0.0622,-15.906,1,0.0366,90.627,0.644
country,From Beginning To End:  Johnny Cash,64FJj5HaUHR6KrKSsU8KPx,6iu2E0cl10IwaUKMsrJbmr,spotify:track:6iu2E0cl10IwaUKMsrJbmr,https://p.scdn.co/mp3-preview/71d182a12f423b28256694089f627a36843bcb35?cid=63a77ff40e794a12ae216a18befde98c,Gone Girl,19,Johnny Cash,Gone Girl,0.446,0.577,188853,0.448,0.012,5,0.107,-13.65,1,0.0265,104.3,0.726
country,From Beginning To End:  Johnny Cash,64FJj5HaUHR6KrKSsU8KPx,6KtV1pME0OFK3TDFe924AT,spotify:track:6KtV1pME0OFK3TDFe924AT,https://p.scdn.co/mp3-preview/fe94c946c1c8ad8ad058c5fd981c961dbc2377bb?cid=63a77ff40e794a12ae216a18befde98c,It'll Be Her,18,Johnny Cash,Gone Girl,0.664,0.599,187533,0.291,5.04e-06,11,0.164,-14.397,1,0.0314,120.022,0.42
country,From Beginning To End:  Johnny Cash,64FJj5HaUHR6KrKSsU8KPx,3FMKVKgOqCaZBV6aYCheRk,spotify:track:3FMKVKgOqCaZBV6aYCheRk,https://p.scdn.co/mp3-preview/e4f1916d2cd289a08df95a862d85a3fcda26cced?cid=63a77ff40e794a12ae216a18befde98c,I Will Rock and Roll with You,19,Johnny Cash,Gone Girl,0.199,0.504,172000,0.572,9.5e-05,5,0.0798,-12.668,1,0.0354,170.774,0.964
country,From Beginning To End:  Johnny Cash,64FJj5HaUHR6KrKSsU8KPx,5B5iKxCoj1ny3yzeXkABgA,spotify:track:5B5iKxCoj1ny3yzeXkABgA,https://p.scdn.co/mp3-preview/1a257b8f47df56fcbdd5613cc1b5311d5373e18d?cid=63a77ff40e794a12ae216a18befde98c,There Ain't No Good Chain Gang (with Waylon Jennings),50,"Johnny Cash,Waylon Jennings",I Would Like to See You Again,0.157,0.567,196027,0.513,4.69e-05,5,0.0569,-13.422,0,0.124,111.359,0.557
country,From Beginning To End:  Johnny Cash,64FJj5HaUHR6KrKSsU8KPx,0wmMEkscjwLbwvzAp6KQyU,spotify:track:0wmMEkscjwLbwvzAp6KQyU,,I Wish I Was Crazy Again (with Waylon Jennings),13,"Johnny Cash,Waylon Jennings",The Essential Highwaymen,0.222,0.643,162920,0.485,0.000118,0,0.0993,-12.34,1,0.0914,111.758,0.473
country,From Beginning To End:  Johnny Cash,64FJj5HaUHR6KrKSsU8KPx,3I1vEQhGwRK7URrTq4BqNl,spotify:track:3I1vEQhGwRK7URrTq4BqNl,https://p.scdn.co/mp3-preview/0363b42ac19771443fd880a40181051e15760476?cid=63a77ff40e794a12ae216a18befde98c,(Ghost) Riders in the Sky,61,Johnny Cash,Silver,0.355,0.572,224813,0.668,0.0379,10,0.223,-9.382,0,0.0361,109.511,0.56
country,From Beginning To End:  Johnny Cash,64FJj5HaUHR6KrKSsU8KPx,6BzGG0kT1HzoFTmNr8LDCr,spotify:track:6BzGG0kT1HzoFTmNr8LDCr,https://p.scdn.co/mp3-preview/d3673eac7205b2ccdde64be053236f317d039b99?cid=63a77ff40e794a12ae216a18befde98c,I'll Say It's True (with George Jones),22,"Johnny Cash,George Jones",Silver,0.793,0.606,167293,0.435,7.07e-06,4,0.085,-9.484,1,0.0424,128.763,0.568
country,From Beginning To End:  Johnny Cash,64FJj5HaUHR6KrKSsU8KPx,7lcN5BvX0tbet2fq2GiCWb,spotify:track:7lcN5BvX0tbet2fq2GiCWb,https://p.scdn.co/mp3-preview/816a936c48d0adab8d5ee0493a8cda2aa1c0534f?cid=63a77ff40e794a12ae216a18befde98c,Bull Rider,26,Johnny Cash,Silver,0.729,0.824,188693,0.402,0.00085,7,0.135,-13.702,1,0.0321,109.438,0.763
country,From Beginning To End:  Johnny Cash,64FJj5HaUHR6KrKSsU8KPx,5pHOySakY9qU9J6fY5CfvD,spotify:track:5pHOySakY9qU9J6fY5CfvD,https://p.scdn.co/mp3-preview/436340d76e86b70a3c51fa010eb812a6aa52c69a?cid=63a77ff40e794a12ae216a18befde98c,Song of the Patriot (with Marty Robbins),16,"Johnny Cash,Marty Robbins",Patriotic Super Hits / American Made,0.557,0.546,209133,0.516,0.0,0,0.259,-11.923,1,0.0473,93.516,0.591
country,From Beginning To End:  Johnny Cash,64FJj5HaUHR6KrKSsU8KPx,4R6SdIcMtTvGKDilKHl3kj,spotify:track:4R6SdIcMtTvGKDilKHl3kj,https://p.scdn.co/mp3-preview/dfc99ce5b01a5043e32d10778fb2f776621e8af0?cid=63a77ff40e794a12ae216a18befde98c,Cold Lonesome Morning,20,Johnny Cash,Rockabilly Blues,0.23,0.564,203133,0.62,9.88e-05,9,0.444,-12.408,1,0.0379,95.257,0.835
country,From Beginning To End:  Johnny Cash,64FJj5HaUHR6KrKSsU8KPx,5ivhppdLOt1pRdthDlTONz,spotify:track:5ivhppdLOt1pRdthDlTONz,https://p.scdn.co/mp3-preview/4ff8b6f1410364727d15eca6b293665ae698e307?cid=63a77ff40e794a12ae216a18befde98c,The Last Time,18,Johnny Cash,Rockabilly Blues,0.329,0.561,195613,0.31,0.000143,5,0.109,-16.424,1,0.0308,88.632,0.346
country,From Beginning To End:  Johnny Cash,64FJj5HaUHR6KrKSsU8KPx,1Lfe5FENwSucYTrnrjKUPp,spotify:track:1Lfe5FENwSucYTrnrjKUPp,https://p.scdn.co/mp3-preview/6d23695c27dc5c21fa6f15c11a9573b07a5e921c?cid=63a77ff40e794a12ae216a18befde98c,Without Love,24,Johnny Cash,Rockabilly Blues,0.124,0.419,148280,0.528,0.00119,9,0.194,-13.928,1,0.0322,196.918,0.82
country,From Beginning To End:  Johnny Cash,64FJj5HaUHR6KrKSsU8KPx,7gNXxAvRBZxBhfv0HSUF2z,spotify:track:7gNXxAvRBZxBhfv0HSUF2z,https://p.scdn.co/mp3-preview/0c28e7135c1cc6393b46471341a5b48cee451189?cid=63a77ff40e794a12ae216a18befde98c,The Baron,39,Johnny Cash,The Baron,0.654,0.704,216600,0.393,0.000717,5,0.347,-15.394,1,0.0959,94.144,0.386
country,From Beginning To End:  Johnny Cash,64FJj5HaUHR6KrKSsU8KPx,3n5VEvLySGY0Yir7OS2V1f,spotify:track:3n5VEvLySGY0Yir7OS2V1f,https://p.scdn.co/mp3-preview/43fc9caaa2f594495bdf854fdcfa048d8f24733c?cid=63a77ff40e794a12ae216a18befde98c,Mobile Bay,19,Johnny Cash,The Baron,0.69,0.565,180573,0.333,0.00204,9,0.0773,-12.06,1,0.0404,145.033,0.436
country,From Beginning To End:  Johnny Cash,64FJj5HaUHR6KrKSsU8KPx,6Z040NRvZFmuau7aEsHumr,spotify:track:6Z040NRvZFmuau7aEsHumr,https://p.scdn.co/mp3-preview/c9284f6b65b9e63938d56a1e316493b186798b06?cid=63a77ff40e794a12ae216a18befde98c,The Reverend Mr. Black,21,Johnny Cash,The Baron,0.876,0.758,189947,0.544,9.89e-06,7,0.247,-11.565,1,0.135,84.287,0.785
country,From Beginning To End:  Johnny Cash,64FJj5HaUHR6KrKSsU8KPx,1B3ERkuzC1dTzotjfDe3t5,spotify:track:1B3ERkuzC1dTzotjfDe3t5,https://p.scdn.co/mp3-preview/a037ab111359ff8bf5d4dbf2deeb6a009a60ec92?cid=63a77ff40e794a12ae216a18befde98c,The General Lee,50,Johnny Cash,The Dukes Of Hazzard,0.764,0.573,171747,0.893,0.525,0,0.903,-6.522,1,0.0566,112.125,0.541
country,From Beginning To End:  Johnny Cash,64FJj5HaUHR6KrKSsU8KPx,04TRj0dl7nETLulz150iNz,spotify:track:04TRj0dl7nETLulz150iNz,https://p.scdn.co/mp3-preview/a4f4968eb65854568c5346202922078e4eb7c5a0?cid=63a77ff40e794a12ae216a18befde98c,Georgia On A Fast Train,22,Johnny Cash,The Adventures Of Johnny Cash,0.657,0.661,156707,0.57,3.97e-06,4,0.144,-12.48,1,0.0861,116.172,0.721
country,From Beginning To End:  Johnny Cash,64FJj5HaUHR6KrKSsU8KPx,1o0Ft9cNXyTP0oUwTfNmhu,spotify:track:1o0Ft9cNXyTP0oUwTfNmhu,https://p.scdn.co/mp3-preview/c07f08c158771927a95392fc74c7be641ed1b8d2?cid=63a77ff40e794a12ae216a18befde98c,Fair Weather Friends,18,Johnny Cash,The Adventures Of Johnny Cash,0.848,0.546,177720,0.289,0.000885,9,0.0994,-15.27,1,0.0398,93.963,0.495
country,From Beginning To End:  Johnny Cash,64FJj5HaUHR6KrKSsU8KPx,2PJsG2bwKVvl08cDoZj7fo,spotify:track:2PJsG2bwKVvl08cDoZj7fo,https://p.scdn.co/mp3-preview/44f51c371fc5d618fee4742509bad4b5f32e33b2?cid=63a77ff40e794a12ae216a18befde98c,We Must Believe In Magic,20,Johnny Cash,The Adventures Of Johnny Cash,0.333,0.325,152267,0.377,0.0142,7,0.238,-13.806,1,0.0404,184.347,0.351
country,From Beginning To End:  Johnny Cash,64FJj5HaUHR6KrKSsU8KPx,3uqEsgybruyoiJh6bwQOY4,spotify:track:3uqEsgybruyoiJh6bwQOY4,https://p.scdn.co/mp3-preview/18e832277d8e2bf94630f1b55a2492abf6eba56b?cid=63a77ff40e794a12ae216a18befde98c,I'm Ragged but I'm Right,22,Johnny Cash,Johnny 99,0.359,0.587,158333,0.522,9.28e-06,9,0.144,-16.089,1,0.0573,104.56,0.799
country,From Beginning To End:  Johnny Cash,64FJj5HaUHR6KrKSsU8KPx,6cZ4L4elsrDkr5dKmC22pl,spotify:track:6cZ4L4elsrDkr5dKmC22pl,https://p.scdn.co/mp3-preview/6e89d879a8c1ac44fc6f8ff9208c9ffafcdb9586?cid=63a77ff40e794a12ae216a18befde98c,Johnny 99,25,Johnny Cash,Johnny 99,0.396,0.681,215933,0.671,0.000296,9,0.257,-15.388,1,0.0602,149.167,0.925
country,From Beginning To End:  Johnny Cash,64FJj5HaUHR6KrKSsU8KPx,0pGtIFJ2XQokClpWWgkVB6,spotify:track:0pGtIFJ2XQokClpWWgkVB6,https://p.scdn.co/mp3-preview/f96d9bd40167d18a831717c047bfeee7ba8e1e6c?cid=63a77ff40e794a12ae216a18befde98c,That's the Truth,20,Johnny Cash,Johnny 99,0.464,0.729,166587,0.486,4.56e-05,0,0.0825,-16.503,1,0.0303,103.811,0.911
country,From Beginning To End:  Johnny Cash,64FJj5HaUHR6KrKSsU8KPx,6rb2YiWI5xJCPs1XfFz3Xz,spotify:track:6rb2YiWI5xJCPs1XfFz3Xz,https://p.scdn.co/mp3-preview/5a045e60c3f0e89c3f8c9fda3a4e77623ff0a000?cid=63a77ff40e794a12ae216a18befde98c,The Chicken in Black,26,Johnny Cash,Singles Plus,0.708,0.762,178627,0.508,0.0,9,0.134,-11.94,1,0.239,94.616,0.753
country,From Beginning To End:  Johnny Cash,64FJj5HaUHR6KrKSsU8KPx,35Nu5SYF0FUX9pD8IswLaQ,spotify:track:35Nu5SYF0FUX9pD8IswLaQ,https://p.scdn.co/mp3-preview/98112574d2f4495c7d1dd440cc2fc61775ce353e?cid=63a77ff40e794a12ae216a18befde98c,They Killed Him,16,Johnny Cash,Singles Plus,0.926,0.494,230787,0.285,0.019,2,0.117,-14.867,1,0.0308,76.835,0.268
country,From Beginning To End:  Johnny Cash,64FJj5HaUHR6KrKSsU8KPx,5LdRMi81B1v9tW4fLfmE5K,spotify:track:5LdRMi81B1v9tW4fLfmE5K,https://p.scdn.co/mp3-preview/a525baa8dfbb7e5c7d89ab2d96e0f0ac65e3f4b9?cid=63a77ff40e794a12ae216a18befde98c,I'm Leaving Now,19,Johnny Cash,Rainbow,0.41,0.743,137307,0.475,0.0,9,0.223,-17.739,1,0.0921,96.172,0.882
country,From Beginning To End:  Johnny Cash,64FJj5HaUHR6KrKSsU8KPx,5OcAxgyGshmjrzf6MwCMD7,spotify:track:5OcAxgyGshmjrzf6MwCMD7,https://p.scdn.co/mp3-preview/05ff0dafbcc989b9561db24ee3f01701e50e4cd0?cid=63a77ff40e794a12ae216a18befde98c,Even Cowgirls Get the Blues,29,"Johnny Cash,Waylon Jennings",Heroes,0.397,0.689,182293,0.509,1.36e-05,4,0.119,-15.878,1,0.0476,177.745,0.653
country,From Beginning To End:  Johnny Cash,64FJj5HaUHR6KrKSsU8KPx,6udj8lyHrvRb1jlagKOeuQ,spotify:track:6udj8lyHrvRb1jlagKOeuQ,,The Night Hank Williams Came To Town,38,"Johnny Cash,Waylon Jennings",Johnny Cash Is Coming To Town,0.147,0.599,202827,0.575,1.25e-05,7,0.105,-10.392,1,0.0378,91.531,0.615
country,From Beginning To End:  Johnny Cash,64FJj5HaUHR6KrKSsU8KPx,38Gc4EVpmqMRBwhZJos2Wg,spotify:track:38Gc4EVpmqMRBwhZJos2Wg,,Sixteen Tons,35,Johnny Cash,Johnny Cash Is Coming To Town,0.757,0.671,163360,0.499,0.108,4,0.169,-11.896,0,0.0469,78.396,0.493
country,From Beginning To End:  Johnny Cash,64FJj5HaUHR6KrKSsU8KPx,6mZzfOxtBhVYMX83zmjl2O,spotify:track:6mZzfOxtBhVYMX83zmjl2O,,Let Him Roll,20,Johnny Cash,Johnny Cash Is Coming To Town,0.546,0.563,267507,0.459,0.00144,2,0.36,-11.911,1,0.0423,143.246,0.568
country,From Beginning To End:  Johnny Cash,64FJj5HaUHR6KrKSsU8KPx,5qTgyX3Qa1CXFMvna6Fasv,spotify:track:5qTgyX3Qa1CXFMvna6Fasv,,W. Lee O Daniel (And The Light Crust Dough Boys),18,Johnny Cash,Johnny Cash Is Coming To Town,0.415,0.711,164360,0.62,4.48e-06,0,0.171,-9.669,1,0.0468,121.932,0.922
country,From Beginning To End:  Johnny Cash,64FJj5HaUHR6KrKSsU8KPx,1Ap7HSdrrHYJxdzQRbAxKE,spotify:track:1Ap7HSdrrHYJxdzQRbAxKE,,Get Rhythm - 1988 Version,20,Johnny Cash,Classic Cash Hall Of Fame Series,0.269,0.634,153333,0.577,2.53e-06,11,0.15,-13.192,1,0.0758,114.132,0.751
country,From Beginning To End:  Johnny Cash,64FJj5HaUHR6KrKSsU8KPx,2Jtv7Nc5KIXkArOYWux63i,spotify:track:2Jtv7Nc5KIXkArOYWux63i,,That Old Wheel,26,"Johnny Cash,Hank Williams, Jr.,Joey Miskulin,Mark Howard,David Ferguson",Water From The Wells Of Home,0.121,0.693,170413,0.456,0.0,4,0.13,-10.224,1,0.0719,106.861,0.596
country,From Beginning To End:  Johnny Cash,64FJj5HaUHR6KrKSsU8KPx,1ivqSZe2qtyttZOqUs3c71,spotify:track:1ivqSZe2qtyttZOqUs3c71,,Ballad Of A Teenage Queen,23,"Johnny Cash,Rosanne Cash,The Everly Brothers,Joey Miskulin,Mark Howard,David Ferguson",Water From The Wells Of Home,0.506,0.729,166200,0.341,0.0,7,0.254,-12.146,1,0.0491,88.562,0.562
country,From Beginning To End:  Johnny Cash,64FJj5HaUHR6KrKSsU8KPx,2mrb9FEE6Es0kDmJe2vBpE,spotify:track:2mrb9FEE6Es0kDmJe2vBpE,,Farmer's Almanac,22,Johnny Cash,Boom Chicka Boom,0.208,0.772,226693,0.545,2.11e-06,6,0.0846,-12.629,1,0.162,94.371,0.852
country,From Beginning To End:  Johnny Cash,64FJj5HaUHR6KrKSsU8KPx,66bdyGKwL5FSXahV9IgnWP,spotify:track:66bdyGKwL5FSXahV9IgnWP,,Cat's In The Cradle,41,Johnny Cash,Boom Chicka Boom,0.304,0.626,196027,0.67,0.0,7,0.337,-9.912,1,0.109,163.765,0.689
country,From Beginning To End:  Johnny Cash,64FJj5HaUHR6KrKSsU8KPx,7sfIibLJFUvbcUOJ4mUBVG,spotify:track:7sfIibLJFUvbcUOJ4mUBVG,,Goin' By The Book,25,Johnny Cash,The Mystery Of Life,0.0543,0.633,198467,0.497,0.496,2,0.0863,-9.318,1,0.0263,130.239,0.566
country,From Beginning To End:  Johnny Cash,64FJj5HaUHR6KrKSsU8KPx,28rEP7gFeNCQVrHtL4l7pI,spotify:track:28rEP7gFeNCQVrHtL4l7pI,,The Mystery Of Life,20,Johnny Cash,The Mystery Of Life,0.322,0.436,190147,0.433,0.0,4,0.0927,-8.756,1,0.0363,152.931,0.503
country,From Beginning To End:  Johnny Cash,64FJj5HaUHR6KrKSsU8KPx,47OC7vC2XJ8ZFwvAfO4332,spotify:track:47OC7vC2XJ8ZFwvAfO4332,,Wanted Man,22,Johnny Cash,The Mystery Of Life,0.00162,0.504,172440,0.724,1.03e-06,7,0.16,-8.576,1,0.0413,183.3,0.827
country,From Beginning To End:  Johnny Cash,64FJj5HaUHR6KrKSsU8KPx,0EZeWjm7qY5Pk0UqxXjX6U,spotify:track:0EZeWjm7qY5Pk0UqxXjX6U,,Delia's Gone,35,Johnny Cash,American Recordings,0.948,0.56,137840,0.172,7.24e-06,9,0.121,-12.595,1,0.0512,127.188,0.532
country,From Beginning To End:  Johnny Cash,64FJj5HaUHR6KrKSsU8KPx,0AzzvmjclaOwFZKrWhmRB5,spotify:track:0AzzvmjclaOwFZKrWhmRB5,,The Man Who Couldn't Cry,24,Johnny Cash,American Recordings,0.876,0.534,301467,0.15,0.000288,7,0.275,-15.575,1,0.0634,129.695,0.491
country,From Beginning To End:  Johnny Cash,64FJj5HaUHR6KrKSsU8KPx,4VNvzf9nHWAZBHAJxfzVcy,spotify:track:4VNvzf9nHWAZBHAJxfzVcy,,Rusty Cage,53,Johnny Cash,American II: Unchained,0.577,0.542,168400,0.718,0.0023,2,0.383,-5.806,1,0.0334,112.053,0.484
country,From Beginning To End:  Johnny Cash,64FJj5HaUHR6KrKSsU8KPx,59J3FhCGYl18G3ouDReUge,spotify:track:59J3FhCGYl18G3ouDReUge,,I've Been Everywhere,57,Johnny Cash,American II: Unchained,0.615,0.724,196733,0.778,2.49e-06,11,0.323,-5.814,0,0.0695,112.215,0.811
country,From Beginning To End:  Johnny Cash,64FJj5HaUHR6KrKSsU8KPx,3Jq9rsqmRtqcVKtzP9dnxZ,spotify:track:3Jq9rsqmRtqcVKtzP9dnxZ,,The Man Comes Around,63,Johnny Cash,American IV: The Man Comes Around,0.531,0.62,266733,0.584,0.113,0,0.962,-7.891,1,0.155,97.099,0.766
country,From Beginning To End:  Johnny Cash,64FJj5HaUHR6KrKSsU8KPx,5dcwiQFqn0mTcWewYIv7MV,spotify:track:5dcwiQFqn0mTcWewYIv7MV,,Personal Jesus,58,Johnny Cash,American IV: The Man Comes Around,0.548,0.746,199240,0.583,0.000246,4,0.114,-8.173,0,0.0431,123.335,0.738
country,From Beginning To End:  Johnny Cash,64FJj5HaUHR6KrKSsU8KPx,28cnXtME493VX9NOw9cIUh,spotify:track:28cnXtME493VX9NOw9cIUh,,Hurt,74,Johnny Cash,American IV: The Man Comes Around,0.642,0.518,216533,0.401,0.000185,9,0.118,-7.583,0,0.0284,92.148,0.171
country,From Beginning To End:  Johnny Cash,64FJj5HaUHR6KrKSsU8KPx,6RFkVsPmrM4pzlDkFswwJl,spotify:track:6RFkVsPmrM4pzlDkFswwJl,,God's Gonna Cut You Down,64,Johnny Cash,American V: A Hundred Highways,0.877,0.611,158573,0.479,6.5e-06,5,0.106,-8.074,0,0.117,82.366,0.79
country,From Beginning To End:  Johnny Cash,64FJj5HaUHR6KrKSsU8KPx,2Zk7vU7yq9mh01qmvVaYjP,spotify:track:2Zk7vU7yq9mh01qmvVaYjP,,Love's Been Good To Me,28,Johnny Cash,American V: A Hundred Highways,0.921,0.616,198467,0.305,1.12e-05,9,0.0826,-11.609,1,0.0279,103.131,0.484
country,From Beginning To End:  Johnny Cash,64FJj5HaUHR6KrKSsU8KPx,1UfM2ajGuUsvMVWn3Z5WCf,spotify:track:1UfM2ajGuUsvMVWn3Z5WCf,,Help Me,29,Johnny Cash,American V: A Hundred Highways,0.922,0.533,171000,0.199,0.00066,2,0.111,-14.083,1,0.0318,84.516,0.396
country,From Beginning To End:  Johnny Cash,64FJj5HaUHR6KrKSsU8KPx,1xADYlM5rjnbJvAW2tc0qF,spotify:track:1xADYlM5rjnbJvAW2tc0qF,,Ain't No Grave,60,Johnny Cash,American VI: Ain't No Grave,0.907,0.544,173267,0.368,0.00062,9,0.0904,-10.547,0,0.0521,79.518,0.408
country,From Beginning To End:  Johnny Cash,64FJj5HaUHR6KrKSsU8KPx,3yiIyJMMR5rbAQFWXYrsdj,spotify:track:3yiIyJMMR5rbAQFWXYrsdj,,Redemption Day,50,Johnny Cash,American VI: Ain't No Grave,0.898,0.477,262133,0.258,8.09e-05,10,0.102,-12.167,0,0.0329,93.415,0.338
country,From Beginning To End:  Johnny Cash,64FJj5HaUHR6KrKSsU8KPx,7FiJpVqkeiMHH3AzUgyJqx,spotify:track:7FiJpVqkeiMHH3AzUgyJqx,https://p.scdn.co/mp3-preview/9dbbac08cb423cef437637e4787e1c6494374dbf?cid=63a77ff40e794a12ae216a18befde98c,Out Among the Stars,51,Johnny Cash,Out Among The Stars,0.591,0.641,180760,0.56,4.02e-05,0,0.0931,-7.728,1,0.0307,87.342,0.74
