category_id,playlist_name,playlist_id,track_id,track_uri,track_preview_url,track_name,track_popularity,artist_name,album_name,acousticness,danceability,duration_ms,energy,instrumentalness,key,liveness,loudness,mode,speechiness,tempo,valence
chill,Lo-Fi Beats,37i9dQZF1DWWQRwui0ExPn,4c2TiYoJHIjEPZ5syRZhsY,spotify:track:4c2TiYoJHIjEPZ5syRZhsY,https://p.scdn.co/mp3-preview/8320b1a4cc73ebc1322d9204102e01a3bb424121?cid=63a77ff40e794a12ae216a18befde98c,sekao,64,Delayde,running around dreaming,0.905,0.616,132000,0.375,0.896,5,0.332,-16.921,1,0.0405,159.972,0.333
chill,Lo-Fi Beats,37i9dQZF1DWWQRwui0ExPn,6Yp6bCLd4IWur1yL2Xirrk,spotify:track:6Yp6bCLd4IWur1yL2Xirrk,https://p.scdn.co/mp3-preview/f6301d1ce6e772608f9875913d1adde029218fd6?cid=63a77ff40e794a12ae216a18befde98c,Away with the Fairies,62,"Philanthrope,Sleepy Fish",Away with the Fairies,0.247,0.886,166154,0.232,0.906,6,0.114,-9.919,0,0.4,130.015,0.661
chill,Lo-Fi Beats,37i9dQZF1DWWQRwui0ExPn,4pI7VTiN59CZnGJUgVZPoy,spotify:track:4pI7VTiN59CZnGJUgVZPoy,https://p.scdn.co/mp3-preview/c424866bf7582b07458b713c3736438032d51152?cid=63a77ff40e794a12ae216a18befde98c,Murmuration,64,"Blue Wednesday,Shopan",Chillhop Essentials Spring 2019,0.532,0.686,156000,0.373,0.926,11,0.075,-16.007,0,0.118,83.203,0.203
chill,Lo-Fi Beats,37i9dQZF1DWWQRwui0ExPn,1GPRmRcadnmINbJlutkseu,spotify:track:1GPRmRcadnmINbJlutkseu,https://p.scdn.co/mp3-preview/e0ebd446f728aa110ff1bd7d0a343037a5eec520?cid=63a77ff40e794a12ae216a18befde98c,Fireworks,63,"Nymano,Pandrezz",Hometown,0.526,0.559,138000,0.31,0.937,5,0.147,-10.53,0,0.373,188.177,0.395
chill,Lo-Fi Beats,37i9dQZF1DWWQRwui0ExPn,1C4bLgUJIKJroNvSU0hz1R,spotify:track:1C4bLgUJIKJroNvSU0hz1R,https://p.scdn.co/mp3-preview/16749d0deb069425c8ef5b40f48f3acc3d8b9be6?cid=63a77ff40e794a12ae216a18befde98c,The Dream,64,SwuM,O R B I T,0.755,0.637,158133,0.571,0.862,11,0.104,-11.867,0,0.17,149.79,0.286
chill,Lo-Fi Beats,37i9dQZF1DWWQRwui0ExPn,2L0jEuPJXfrdrImUUKdtGt,spotify:track:2L0jEuPJXfrdrImUUKdtGt,https://p.scdn.co/mp3-preview/abbc4b143fe3dd68bcf269f235d2f0ad9e9eb338?cid=63a77ff40e794a12ae216a18befde98c,_away,58,"MARTIN $KY,Toonorth",_away,0.942,0.634,168589,0.424,0.727,2,0.133,-14.347,1,0.265,133.52,0.131
chill,Lo-Fi Beats,37i9dQZF1DWWQRwui0ExPn,2pZi2b9U8r20AF0Cf3hi2D,spotify:track:2pZi2b9U8r20AF0Cf3hi2D,https://p.scdn.co/mp3-preview/e19dd1af7c039fdbdd0c4f31945647fdb4bbb9fe?cid=63a77ff40e794a12ae216a18befde98c,thinking of you,66,"mommy,Philanthrope,Kyle McEvoy",Inaudible,0.484,0.797,131000,0.0832,0.81,11,0.239,-12.673,1,0.203,160.048,0.51
chill,Lo-Fi Beats,37i9dQZF1DWWQRwui0ExPn,6WnEp9XsKFq5n88FzFT20Z,spotify:track:6WnEp9XsKFq5n88FzFT20Z,https://p.scdn.co/mp3-preview/00c1c1e7a40ba90af3b620537ab0cacceb8ba111?cid=63a77ff40e794a12ae216a18befde98c,August,62,Ameba,Loops,0.842,0.784,114730,0.389,0.738,9,0.111,-8.485,0,0.101,89.988,0.648
chill,Lo-Fi Beats,37i9dQZF1DWWQRwui0ExPn,19K24V0kGvNLFYCR8jMs88,spotify:track:19K24V0kGvNLFYCR8jMs88,https://p.scdn.co/mp3-preview/0bcaf3df341961882c84fb157bcb2523d439dfbe?cid=63a77ff40e794a12ae216a18befde98c,It's Ok,63,"Pandrezz,j'san",It's Ok,0.835,0.702,168297,0.277,0.879,7,0.121,-11.708,1,0.0466,87.0,0.065
chill,Lo-Fi Beats,37i9dQZF1DWWQRwui0ExPn,1e92VSkCg0HIFwyxnDCfje,spotify:track:1e92VSkCg0HIFwyxnDCfje,https://p.scdn.co/mp3-preview/e401cf9a3d2322d3c88bdbb4e28307c2dc04af3e?cid=63a77ff40e794a12ae216a18befde98c,Conclusion,61,AGM,Conclusion,0.319,0.895,125571,0.165,0.793,0,0.167,-14.135,1,0.239,130.044,0.581
chill,Lo-Fi Beats,37i9dQZF1DWWQRwui0ExPn,5hgX8pSZSOcKhsvzldsgWy,spotify:track:5hgX8pSZSOcKhsvzldsgWy,https://p.scdn.co/mp3-preview/142f63420bd893483aa49b2d053c224d032dd403?cid=63a77ff40e794a12ae216a18befde98c,for you,65,jhfly,jhfly,0.734,0.637,188611,0.493,0.0576,10,0.28,-8.844,0,0.145,125.949,0.477
chill,Lo-Fi Beats,37i9dQZF1DWWQRwui0ExPn,4SPUVPV2Db8B5xDaFWg9rD,spotify:track:4SPUVPV2Db8B5xDaFWg9rD,https://p.scdn.co/mp3-preview/9fbbe9d73f1debc32311a4411b82fc9e2d03fe9c?cid=63a77ff40e794a12ae216a18befde98c,Now That You're Gone,61,Kavv,Now That You're Gone,0.935,0.819,120004,0.289,0.918,5,0.101,-9.791,0,0.417,85.02,0.371
chill,Lo-Fi Beats,37i9dQZF1DWWQRwui0ExPn,5wJmmRVkx1dfghYHOFjT8n,spotify:track:5wJmmRVkx1dfghYHOFjT8n,,sorry,63,chief.,late nights,0.752,0.548,77922,0.302,0.893,10,0.314,-12.869,1,0.12,127.159,0.546
chill,Lo-Fi Beats,37i9dQZF1DWWQRwui0ExPn,0rNpm25xLsckCS9JPAgpwP,spotify:track:0rNpm25xLsckCS9JPAgpwP,https://p.scdn.co/mp3-preview/90328b01847532b307b35f9bc569a1e874e99d19?cid=63a77ff40e794a12ae216a18befde98c,With U,62,"SwuM,Idealism",With U,0.863,0.414,218667,0.309,0.819,1,0.0923,-11.858,0,0.0343,90.026,0.184
chill,Lo-Fi Beats,37i9dQZF1DWWQRwui0ExPn,0FM0FUcs3KpF4BIEv5jYNg,spotify:track:0FM0FUcs3KpF4BIEv5jYNg,https://p.scdn.co/mp3-preview/6826f05f3792c77a12eb522fef1d79cb833f87c3?cid=63a77ff40e794a12ae216a18befde98c,Sometimes,57,"MARTIN $KY,autumn keys",Sometimes,0.813,0.499,160580,0.223,0.952,6,0.143,-14.612,0,0.202,68.725,0.47
chill,Lo-Fi Beats,37i9dQZF1DWWQRwui0ExPn,5n16dEoZ1OwdpqOIK13m1X,spotify:track:5n16dEoZ1OwdpqOIK13m1X,https://p.scdn.co/mp3-preview/f212ee7a5581950f7953a8919ea85fc9a2b059af?cid=63a77ff40e794a12ae216a18befde98c,Faces,67,Knowmadic,Faces,0.968,0.615,133165,0.424,0.809,11,0.106,-12.324,0,0.114,159.033,0.178
chill,Lo-Fi Beats,37i9dQZF1DWWQRwui0ExPn,66z8EZXSd2VKGHlHX9DZSx,spotify:track:66z8EZXSd2VKGHlHX9DZSx,https://p.scdn.co/mp3-preview/009df44842eaeea5a8e8159246c88840c13f0100?cid=63a77ff40e794a12ae216a18befde98c,Crossroads,61,Hanz,Chillhop Essentials Winter 2018,0.812,0.44,154000,0.291,0.831,5,0.898,-17.171,0,0.0473,170.085,0.0783
chill,Lo-Fi Beats,37i9dQZF1DWWQRwui0ExPn,0Hm8vke3rwzGKm5sBpY762,spotify:track:0Hm8vke3rwzGKm5sBpY762,https://p.scdn.co/mp3-preview/4e53ecf868ff177bc354fef3c54f8fc545cfa15d?cid=63a77ff40e794a12ae216a18befde98c,Stay and Wander,60,"Tom Doolie,Cap Kendricks",Field Notes,0.875,0.652,112000,0.425,0.875,5,0.0957,-12.598,1,0.0358,87.007,0.588
chill,Lo-Fi Beats,37i9dQZF1DWWQRwui0ExPn,2rXh4A15kcTFzXlwdNRLkY,spotify:track:2rXh4A15kcTFzXlwdNRLkY,,Morning,15,Hyperparadise,Morning,0.826,0.492,181525,0.234,0.885,8,0.14,-18.824,1,0.212,165.798,0.302
chill,Lo-Fi Beats,37i9dQZF1DWWQRwui0ExPn,2JWTVS3ndZcwJrabnCAWvD,spotify:track:2JWTVS3ndZcwJrabnCAWvD,https://p.scdn.co/mp3-preview/c1bb1a3c2326139af273e948e6599341ce64a06b?cid=63a77ff40e794a12ae216a18befde98c,Hotel,58,Dylan Sitts,Glazed,0.0839,0.639,159560,0.359,0.769,8,0.116,-8.64,1,0.0662,91.094,0.149
chill,Lo-Fi Beats,37i9dQZF1DWWQRwui0ExPn,2ulWL7DcayhjIa0UOw4v8i,spotify:track:2ulWL7DcayhjIa0UOw4v8i,https://p.scdn.co/mp3-preview/5681957deb66feabf31d77e8a8bc00b5b2afc92f?cid=63a77ff40e794a12ae216a18befde98c,City Rain,58,G93,City Rain,0.916,0.457,213000,0.293,0.831,10,0.444,-18.631,0,0.0591,160.224,0.0775
chill,Lo-Fi Beats,37i9dQZF1DWWQRwui0ExPn,1zchrk1boRCyXkUcJ22yQZ,spotify:track:1zchrk1boRCyXkUcJ22yQZ,https://p.scdn.co/mp3-preview/390e285d0fae915ef6083b98e618b4cc5f21e5f2?cid=63a77ff40e794a12ae216a18befde98c,Ténegro,64,"Chill Children,Juan Rios",001,0.724,0.775,224157,0.257,0.759,2,0.0819,-11.814,1,0.308,79.965,0.658
chill,Lo-Fi Beats,37i9dQZF1DWWQRwui0ExPn,6kAMaQt8UveeTctekIpUjF,spotify:track:6kAMaQt8UveeTctekIpUjF,https://p.scdn.co/mp3-preview/097d2a6f2e9d693f4800be76a6e9a94cb885cf62?cid=63a77ff40e794a12ae216a18befde98c,we used to talk every night,59,Elijah Who,time off,0.909,0.868,122749,0.427,0.00898,8,0.101,-11.167,1,0.346,82.033,0.547
chill,Lo-Fi Beats,37i9dQZF1DWWQRwui0ExPn,76Yal7OOUDF3iaqchERzMf,spotify:track:76Yal7OOUDF3iaqchERzMf,https://p.scdn.co/mp3-preview/851cbb6b8d81ae2e1c0db3f641604bb3666ad4aa?cid=63a77ff40e794a12ae216a18befde98c,Drxzzl_,62,invention_,Re-Leaf,0.766,0.55,152362,0.531,0.589,11,0.381,-7.094,1,0.239,71.454,0.328
chill,Lo-Fi Beats,37i9dQZF1DWWQRwui0ExPn,5nKSxq2yNgQLtgzqJxPn41,spotify:track:5nKSxq2yNgQLtgzqJxPn41,https://p.scdn.co/mp3-preview/14c0ca25662ccef97066c1693295af0092b3d034?cid=63a77ff40e794a12ae216a18befde98c,i wish it would never stop snowing,64,Sleepy Fish,Chillhop Essentials Spring 2019,0.0365,0.804,196500,0.164,0.831,4,0.0927,-14.07,1,0.0492,126.953,0.419
chill,Lo-Fi Beats,37i9dQZF1DWWQRwui0ExPn,2w34gUbQkOqiPX3d5iji8C,spotify:track:2w34gUbQkOqiPX3d5iji8C,https://p.scdn.co/mp3-preview/8dadfad985f75fdc28ae65805948ec820022ce49?cid=63a77ff40e794a12ae216a18befde98c,this feeling's too good,62,j'san,this feeling's too good,0.888,0.627,110118,0.392,0.551,4,0.108,-10.554,1,0.0299,85.024,0.28
chill,Lo-Fi Beats,37i9dQZF1DWWQRwui0ExPn,6QOVWoZUD3IEszbfO46mYW,spotify:track:6QOVWoZUD3IEszbfO46mYW,https://p.scdn.co/mp3-preview/32cc64dd85eba81e61adf979df072be496e4711d?cid=63a77ff40e794a12ae216a18befde98c,I Don't Love You Anymore,65,Sarcastic Sounds,I Don't Love You Anymore,0.428,0.708,77600,0.309,0.87,6,0.0843,-19.536,1,0.144,74.99,0.451
chill,Lo-Fi Beats,37i9dQZF1DWWQRwui0ExPn,4l9S9NFztZ0nrMZyakENh2,spotify:track:4l9S9NFztZ0nrMZyakENh2,https://p.scdn.co/mp3-preview/b7dc3306c44aa7afa0d092743a636894367d6398?cid=63a77ff40e794a12ae216a18befde98c,Unfaithful,61,H E R B,Break,0.562,0.777,82207,0.213,0.889,10,0.185,-15.491,1,0.16,141.19,0.563
chill,Lo-Fi Beats,37i9dQZF1DWWQRwui0ExPn,0Ueq7HrYgIzQ8wcIW6Duzg,spotify:track:0Ueq7HrYgIzQ8wcIW6Duzg,https://p.scdn.co/mp3-preview/51ffbb7c7cb26179e15abdb31aa0cd99b8cb0bf0?cid=63a77ff40e794a12ae216a18befde98c,Levitating,64,invention_,Chillhop Essentials Spring 2019,0.612,0.406,179500,0.294,0.918,0,0.429,-14.574,1,0.0693,65.553,0.386
chill,Lo-Fi Beats,37i9dQZF1DWWQRwui0ExPn,6e9PEl2mvN7I9sflyuBfv8,spotify:track:6e9PEl2mvN7I9sflyuBfv8,https://p.scdn.co/mp3-preview/6d6d2132204f5180d6dabb5aec6de983d8a797ff?cid=63a77ff40e794a12ae216a18befde98c,Fall's Echoes,63,Sleepy Fish,Chillhop Essentials Winter 2018,0.198,0.478,158000,0.483,0.923,11,0.127,-10.506,1,0.0665,168.856,0.362
chill,Lo-Fi Beats,37i9dQZF1DWWQRwui0ExPn,6gIPjfVx0TRu7OQYgGAS9M,spotify:track:6gIPjfVx0TRu7OQYgGAS9M,https://p.scdn.co/mp3-preview/218382cea89e1aad525689354d565cda009881ba?cid=63a77ff40e794a12ae216a18befde98c,The Best Moment,60,j'san,The Best Moment,0.76,0.448,82963,0.466,0.108,3,0.0955,-10.93,1,0.255,162.688,0.563
chill,Lo-Fi Beats,37i9dQZF1DWWQRwui0ExPn,5TqmsQwyYox0D7XHLQJzMM,spotify:track:5TqmsQwyYox0D7XHLQJzMM,https://p.scdn.co/mp3-preview/a6dcf816472f7c56fe2c78153d1163246d1fcd66?cid=63a77ff40e794a12ae216a18befde98c,ocean floor,59,mommy,lovely currents,0.884,0.609,68000,0.307,0.927,11,0.0984,-18.476,0,0.302,201.995,0.674
chill,Lo-Fi Beats,37i9dQZF1DWWQRwui0ExPn,49mdcBmUZzSGMAGEm4QEWy,spotify:track:49mdcBmUZzSGMAGEm4QEWy,,drip,17,wüsh,drip,0.184,0.579,140848,0.201,0.831,2,0.0668,-12.674,1,0.433,184.401,0.791
chill,Lo-Fi Beats,37i9dQZF1DWWQRwui0ExPn,7BEA0aIXF1nTvOK9zVcVkm,spotify:track:7BEA0aIXF1nTvOK9zVcVkm,https://p.scdn.co/mp3-preview/980cb9734c111b61d5e3943e94749d9485122222?cid=63a77ff40e794a12ae216a18befde98c,Interstellar,66,"Arbour,drkmnd",Interstellar,0.525,0.621,164800,0.157,0.82,11,0.11,-15.226,1,0.1,74.992,0.124
chill,Lo-Fi Beats,37i9dQZF1DWWQRwui0ExPn,28PYwyQETvCDNXMRBFAtzr,spotify:track:28PYwyQETvCDNXMRBFAtzr,https://p.scdn.co/mp3-preview/cc8c194360b859978ab663c828e761fd091adea5?cid=63a77ff40e794a12ae216a18befde98c,Choke,63,Sonn,Choke,0.871,0.652,180000,0.403,0.808,9,0.0742,-14.328,0,0.0802,140.012,0.089
chill,Lo-Fi Beats,37i9dQZF1DWWQRwui0ExPn,3gQSWGaCoaxONqXitmn7GX,spotify:track:3gQSWGaCoaxONqXitmn7GX,https://p.scdn.co/mp3-preview/6abaced6aa56b6652e6ac4baa6963720b9eddddc?cid=63a77ff40e794a12ae216a18befde98c,Air,62,Blvk,Beat Batch #2,0.000179,0.567,77845,0.335,0.74,11,0.275,-9.088,0,0.175,148.094,0.135
chill,Lo-Fi Beats,37i9dQZF1DWWQRwui0ExPn,58LtMOwgUsR2RH70Du6hiK,spotify:track:58LtMOwgUsR2RH70Du6hiK,https://p.scdn.co/mp3-preview/f9475a65e1b95a207f7e9858ded50495308b78fa?cid=63a77ff40e794a12ae216a18befde98c,gold,50,"Flux The Cynic,Chill Children",flux the cynic,0.85,0.82,107625,0.294,0.876,2,0.0933,-13.29,0,0.505,160.054,0.939
chill,Lo-Fi Beats,37i9dQZF1DWWQRwui0ExPn,00rMxNO6kyH3bKclgD1h9j,spotify:track:00rMxNO6kyH3bKclgD1h9j,https://p.scdn.co/mp3-preview/2eaf60d4a53bf12501d7138560415bfd6ad57410?cid=63a77ff40e794a12ae216a18befde98c,Slip N Slide,53,"Pandrezz,goosetaf",Slip N Slide,0.851,0.669,161928,0.442,0.432,7,0.0848,-9.195,1,0.0586,82.999,0.293
chill,Lo-Fi Beats,37i9dQZF1DWWQRwui0ExPn,5rBQIzDduJsmDbZ97gqWEW,spotify:track:5rBQIzDduJsmDbZ97gqWEW,https://p.scdn.co/mp3-preview/c06822a183031e6e4301e487216a19d489a0d734?cid=63a77ff40e794a12ae216a18befde98c,sand castles,63,Fujitsu,corals 2,0.576,0.784,147692,0.312,0.851,4,0.128,-14.648,0,0.0513,129.94,0.63
chill,Lo-Fi Beats,37i9dQZF1DWWQRwui0ExPn,4k2oxzFZmfw1KXQAwSGiJe,spotify:track:4k2oxzFZmfw1KXQAwSGiJe,https://p.scdn.co/mp3-preview/9cbdda4697f2c97aa8196cd763e76b793b3946ff?cid=63a77ff40e794a12ae216a18befde98c,Birds,60,Harris Cole,Chillhop Essentials Spring 2019,0.864,0.529,260000,0.143,0.906,9,0.0826,-18.17,1,0.0373,69.956,0.165
chill,Lo-Fi Beats,37i9dQZF1DWWQRwui0ExPn,3DXOgShDK2FK1nUM6NeGnL,spotify:track:3DXOgShDK2FK1nUM6NeGnL,https://p.scdn.co/mp3-preview/4a5c865bbb916e6217b7d3acb7c71cd55578a0ce?cid=63a77ff40e794a12ae216a18befde98c,Clocks Forward,62,"Psalm Trees,Guillaume Muschalle",Clocks Forward,0.569,0.737,141176,0.116,0.817,0,0.0893,-16.45,1,0.0485,85.026,0.387
chill,Lo-Fi Beats,37i9dQZF1DWWQRwui0ExPn,0xn73zR8yky1wVZv0hdvVY,spotify:track:0xn73zR8yky1wVZv0hdvVY,https://p.scdn.co/mp3-preview/9e4897f8abba3aa807468fc6ec5ed61ca4ec8440?cid=63a77ff40e794a12ae216a18befde98c,passing,59,mommy,lovely currents,0.478,0.843,168649,0.313,0.943,8,0.113,-12.564,1,0.158,74.01,0.447
chill,Lo-Fi Beats,37i9dQZF1DWWQRwui0ExPn,4llpWUJEWKHGVZzYv1nYid,spotify:track:4llpWUJEWKHGVZzYv1nYid,https://p.scdn.co/mp3-preview/816b1d5f8b189858dba217f2510971728331210e?cid=63a77ff40e794a12ae216a18befde98c,Save Me,62,H E R B,Existance,0.91,0.491,84427,0.362,0.881,2,0.118,-13.321,1,0.277,159.002,0.35
chill,Lo-Fi Beats,37i9dQZF1DWWQRwui0ExPn,40paB1LuqhqACTZgjwk8QV,spotify:track:40paB1LuqhqACTZgjwk8QV,https://p.scdn.co/mp3-preview/bd175c75529ab173d2142e14a087d3d5ce6bb6f4?cid=63a77ff40e794a12ae216a18befde98c,Galaxy,56,Dontcry,Galaxy,0.509,0.391,87200,0.396,0.834,6,0.148,-8.024,0,0.0376,150.209,0.516
chill,Lo-Fi Beats,37i9dQZF1DWWQRwui0ExPn,69QGRreL8XpWLoa0WMYOvm,spotify:track:69QGRreL8XpWLoa0WMYOvm,https://p.scdn.co/mp3-preview/a311bd4d2fd1b4555c1659c6787137aafb30ccdd?cid=63a77ff40e794a12ae216a18befde98c,Snakez,54,Alistair,Snakez,0.232,0.653,196493,0.339,0.772,11,0.0813,-11.439,0,0.0393,130.001,0.258
chill,Lo-Fi Beats,37i9dQZF1DWWQRwui0ExPn,3NoA0UbucoXgIdD0ZnTgw0,spotify:track:3NoA0UbucoXgIdD0ZnTgw0,,Ladybug,18,Slumberville,Ladybug,0.881,0.737,116418,0.144,0.948,0,0.601,-16.186,0,0.0582,134.06,0.477
chill,Lo-Fi Beats,37i9dQZF1DWWQRwui0ExPn,4XUuEwjqJ5rlZ1vKeECch5,spotify:track:4XUuEwjqJ5rlZ1vKeECch5,,Too Tired,20,Smartface,Easy Feet,0.513,0.8,116894,0.252,0.224,11,0.109,-9.816,1,0.214,77.997,0.495
chill,Lo-Fi Beats,37i9dQZF1DWWQRwui0ExPn,3xPSM0OMQ7ADWM6inim2nj,spotify:track:3xPSM0OMQ7ADWM6inim2nj,https://p.scdn.co/mp3-preview/9d7bde9caf5e877e479acc721fb622f5debaf9b7?cid=63a77ff40e794a12ae216a18befde98c,Trem Do Corcovado,50,Lofi Coffee,Trem Do Corcovado,0.222,0.908,91412,0.696,0.718,7,0.133,-7.556,1,0.272,132.39,0.673
chill,Lo-Fi Beats,37i9dQZF1DWWQRwui0ExPn,2IyZHf11b0mmL3K3jYyqMM,spotify:track:2IyZHf11b0mmL3K3jYyqMM,https://p.scdn.co/mp3-preview/000adabd5cf449139fed951214a5301a90a484bb?cid=63a77ff40e794a12ae216a18befde98c,Wonders of the Unknown,62,"Behind Clouds,sar.casm",The Unknown,0.837,0.644,140500,0.512,0.934,10,0.12,-12.337,0,0.0337,139.946,0.506
chill,Lo-Fi Beats,37i9dQZF1DWWQRwui0ExPn,3VQIAOQRwGwFvBaR7E36O1,spotify:track:3VQIAOQRwGwFvBaR7E36O1,https://p.scdn.co/mp3-preview/b22981e910b07a622f391dd56fbcd589b9e9c37c?cid=63a77ff40e794a12ae216a18befde98c,Froosh,57,_tag,Froosh,0.573,0.863,117578,0.39,0.0142,8,0.224,-9.988,1,0.2,75.816,0.454
chill,Lo-Fi Beats,37i9dQZF1DWWQRwui0ExPn,37I8L2Cx6PScWXn0tkN4wV,spotify:track:37I8L2Cx6PScWXn0tkN4wV,https://p.scdn.co/mp3-preview/80c601f65dbb51b6375337d2108ebdd2b0c71e02?cid=63a77ff40e794a12ae216a18befde98c,Rose Garden,56,Kupla,Imaginary,0.253,0.669,126280,0.537,0.805,10,0.158,-10.599,0,0.0628,155.99,0.725
chill,Lo-Fi Beats,37i9dQZF1DWWQRwui0ExPn,035SD8i1kub2mdW5ljFhjS,spotify:track:035SD8i1kub2mdW5ljFhjS,https://p.scdn.co/mp3-preview/295e48632d08ae719f37594d699f51f649199b38?cid=63a77ff40e794a12ae216a18befde98c,Lvndr,52,"Lilac,invention_",Vrbna // lvndr,0.74,0.599,140500,0.336,0.6,11,0.168,-13.686,1,0.05,123.011,0.184
chill,Lo-Fi Beats,37i9dQZF1DWWQRwui0ExPn,1wtrm5eTeRfEXyJNF4Low1,spotify:track:1wtrm5eTeRfEXyJNF4Low1,https://p.scdn.co/mp3-preview/6df2e5351bf029d9dc463a222bc22a075a0fab1a?cid=63a77ff40e794a12ae216a18befde98c,when the leaves come falling down,62,j'san,her,0.903,0.656,121905,0.295,0.444,9,0.123,-15.808,0,0.0477,125.992,0.261
chill,Lo-Fi Beats,37i9dQZF1DWWQRwui0ExPn,2DrrxuNOhnpqJXLH36eR1S,spotify:track:2DrrxuNOhnpqJXLH36eR1S,https://p.scdn.co/mp3-preview/2f490b1a5b566139e68386d980f7806056745e3f?cid=63a77ff40e794a12ae216a18befde98c,Joan of Arc.,62,Barnes Blvd.,Last Summer,0.745,0.429,178260,0.272,0.87,7,0.103,-16.095,1,0.0314,90.785,0.0531
chill,Lo-Fi Beats,37i9dQZF1DWWQRwui0ExPn,2cKR957eqapkn6oTaHPFPd,spotify:track:2cKR957eqapkn6oTaHPFPd,https://p.scdn.co/mp3-preview/94b4e5d3a0381be09588bd8d9566091451c8e93a?cid=63a77ff40e794a12ae216a18befde98c,No Samples,62,Maugre,Maugre's Vinyl,0.96,0.712,156000,0.31,0.936,5,0.103,-12.01,0,0.379,156.123,0.303
chill,Lo-Fi Beats,37i9dQZF1DWWQRwui0ExPn,4XDlW5QgLKZupaJ5VvacsP,spotify:track:4XDlW5QgLKZupaJ5VvacsP,https://p.scdn.co/mp3-preview/3d77f0918d5cf98aaaaa9b54bc6cb2948b6cd5d0?cid=63a77ff40e794a12ae216a18befde98c,Afloat,63,Kupla,Imaginary,0.957,0.374,148605,0.237,0.822,6,0.088,-10.796,1,0.163,83.271,0.417
chill,Lo-Fi Beats,37i9dQZF1DWWQRwui0ExPn,00DTeE4nekCTgYz1QYHXSl,spotify:track:00DTeE4nekCTgYz1QYHXSl,https://p.scdn.co/mp3-preview/15caf18b0d8f5a25bec3b10c9243b76066678f07?cid=63a77ff40e794a12ae216a18befde98c,Nature Bump 000,58,invention_,Fokus,0.684,0.543,184000,0.467,0.00604,4,0.351,-11.223,1,0.274,75.293,0.328
chill,Lo-Fi Beats,37i9dQZF1DWWQRwui0ExPn,5XpvjGuhlIplDcpVHyBviG,spotify:track:5XpvjGuhlIplDcpVHyBviG,https://p.scdn.co/mp3-preview/6ddee03902cf27be5fc2f75c5b25e253c3e2bd5f?cid=63a77ff40e794a12ae216a18befde98c,Empty,50,"Nokiaa,Dontcry",Empty,0.759,0.747,94884,0.271,0.924,1,0.397,-13.633,0,0.105,86.029,0.356
chill,Lo-Fi Beats,37i9dQZF1DWWQRwui0ExPn,1yrZp8B0mLT18RuZccaDBJ,spotify:track:1yrZp8B0mLT18RuZccaDBJ,https://p.scdn.co/mp3-preview/5fcca4af4a7e24c8b6a527cb2f5d46c40b979bac?cid=63a77ff40e794a12ae216a18befde98c,Perspective,62,Barnes Blvd.,Chillhop Daydreams,0.906,0.476,100250,0.135,0.67,10,0.121,-20.104,1,0.0962,114.822,0.157
chill,Lo-Fi Beats,37i9dQZF1DWWQRwui0ExPn,1RBsx4vh4C75cJlyvbyVDg,spotify:track:1RBsx4vh4C75cJlyvbyVDg,https://p.scdn.co/mp3-preview/b7b1730d2b657449df10614023fd72a91f48ebf6?cid=63a77ff40e794a12ae216a18befde98c,Impermanence,57,"autumn keys,goosetaf",Impermanence,0.603,0.755,140000,0.429,0.352,4,0.0944,-15.75,0,0.204,71.977,0.131
chill,Lo-Fi Beats,37i9dQZF1DWWQRwui0ExPn,43u2nrHfKmxQZwkQ3LAMG6,spotify:track:43u2nrHfKmxQZwkQ3LAMG6,https://p.scdn.co/mp3-preview/37973bb4867c8219f0640d3224d8c1135d4fc36e?cid=63a77ff40e794a12ae216a18befde98c,Cerveza,58,Sebastian Kamae,Cerveza,0.509,0.727,179250,0.482,0.688,7,0.193,-8.282,0,0.0673,80.004,0.542
chill,Lo-Fi Beats,37i9dQZF1DWWQRwui0ExPn,3JdcRs53aBDG20OiPBJO9g,spotify:track:3JdcRs53aBDG20OiPBJO9g,https://p.scdn.co/mp3-preview/5beb449bea1705e2bf673ef50dca5bd1e2e12f87?cid=63a77ff40e794a12ae216a18befde98c,Yesterday,63,chief.,Chillhop Daydreams,0.945,0.633,154125,0.185,0.868,0,0.127,-14.68,1,0.0626,77.223,0.155
chill,Lo-Fi Beats,37i9dQZF1DWWQRwui0ExPn,5jsPuQkRQ7wvYCvkA0WJsA,spotify:track:5jsPuQkRQ7wvYCvkA0WJsA,https://p.scdn.co/mp3-preview/912535ee83f60c3845d63c0a0b56df9d743dc636?cid=63a77ff40e794a12ae216a18befde98c,Rolling Paper,50,"Dontcry,Styn",Rolling Paper,0.881,0.665,95693,0.284,0.848,4,0.113,-17.237,0,0.0701,147.769,0.557
chill,Lo-Fi Beats,37i9dQZF1DWWQRwui0ExPn,7KRwU0dEFeIULnYzOUpTqn,spotify:track:7KRwU0dEFeIULnYzOUpTqn,https://p.scdn.co/mp3-preview/c2f398df8b9b48364bcae154254dd707e823913d?cid=63a77ff40e794a12ae216a18befde98c,patio flowers,50,"ENRA,Sleepermane",patio flowers,0.0951,0.59,112956,0.197,0.797,1,0.107,-12.46,0,0.0317,85.027,0.0367
chill,Lo-Fi Beats,37i9dQZF1DWWQRwui0ExPn,0mU2FFAoymgpzK707A9Pe9,spotify:track:0mU2FFAoymgpzK707A9Pe9,https://p.scdn.co/mp3-preview/ea6bf4e2bffe7e76a653ec8ce730ec70a7128d65?cid=63a77ff40e794a12ae216a18befde98c,plant lullaby,59,AGM,plant lullaby,0.89,0.676,163772,0.687,0.914,10,0.124,-11.292,1,0.0452,85.014,0.295
chill,Lo-Fi Beats,37i9dQZF1DWWQRwui0ExPn,5B1tm4NuzSbYUTwk0xEz2a,spotify:track:5B1tm4NuzSbYUTwk0xEz2a,https://p.scdn.co/mp3-preview/d7d20560dc44b1660081b037a3d75dd2371fd8d8?cid=63a77ff40e794a12ae216a18befde98c,Lost in Florence,62,"Kendall Miles,I Eat Plants for a Living",Daydreams,0.563,0.684,92271,0.295,0.577,4,0.111,-12.773,1,0.077,118.009,0.47
chill,Lo-Fi Beats,37i9dQZF1DWWQRwui0ExPn,1NRSiBSxPdrwyuCLeEhRvA,spotify:track:1NRSiBSxPdrwyuCLeEhRvA,https://p.scdn.co/mp3-preview/008569e62c9cda5cc669a38ff69b9b8945d48883?cid=63a77ff40e794a12ae216a18befde98c,Mystic,43,Lilac,Mystic,0.479,0.481,115200,0.0815,0.667,11,0.0518,-21.518,0,0.0586,75.263,0.179
chill,Lo-Fi Beats,37i9dQZF1DWWQRwui0ExPn,5UugqccKDPZBjyiS6fgXBN,spotify:track:5UugqccKDPZBjyiS6fgXBN,https://p.scdn.co/mp3-preview/aa80c935882ad4d950de97d980ef599ae574bf46?cid=63a77ff40e794a12ae216a18befde98c,Oasis,50,"Dontcry,Styn",Oasis,0.585,0.429,116947,0.205,0.899,1,0.121,-15.624,1,0.0395,78.039,0.395
chill,Lo-Fi Beats,37i9dQZF1DWWQRwui0ExPn,2tZpMhFiG1QccEgpg7QtVJ,spotify:track:2tZpMhFiG1QccEgpg7QtVJ,https://p.scdn.co/mp3-preview/d9c3ebc4a9d5239f6432cfff6367435719a337ad?cid=63a77ff40e794a12ae216a18befde98c,illusions,57,Idealism,Chillhop Essentials Fall 2018,0.495,0.619,168889,0.274,0.883,7,0.111,-14.249,1,0.0461,161.973,0.212
chill,Lo-Fi Beats,37i9dQZF1DWWQRwui0ExPn,3w1lXjck7zcQaacezavnJw,spotify:track:3w1lXjck7zcQaacezavnJw,https://p.scdn.co/mp3-preview/2ecce1fb521d90f6869d32b1612e3400c64b3bb2?cid=63a77ff40e794a12ae216a18befde98c,Protected,63,Swørn,Escapade,0.141,0.75,79710,0.426,0.912,1,0.0999,-7.133,1,0.069,82.223,0.382
chill,Lo-Fi Beats,37i9dQZF1DWWQRwui0ExPn,0x3JF5cqEMI6Sl1EQj0GgS,spotify:track:0x3JF5cqEMI6Sl1EQj0GgS,https://p.scdn.co/mp3-preview/bd81cb78959292f8ed1830afef80388f71029425?cid=63a77ff40e794a12ae216a18befde98c,New York - Extended,62,StriveAU,Vans with My Ol' Sweater,0.85,0.539,111047,0.364,0.656,2,0.302,-13.239,1,0.0768,80.009,0.759
chill,Lo-Fi Beats,37i9dQZF1DWWQRwui0ExPn,0I19SDhuZDXZElLQDymuuM,spotify:track:0I19SDhuZDXZElLQDymuuM,https://p.scdn.co/mp3-preview/4efb1123db39b72ce2030a55a590578823ac342d?cid=63a77ff40e794a12ae216a18befde98c,Loose,47,"eugenio izzi,Pueblo Vista",I'm not a robot,0.97,0.641,130946,0.208,0.595,9,0.0936,-16.167,0,0.065,73.901,0.312
chill,Lo-Fi Beats,37i9dQZF1DWWQRwui0ExPn,3jyYbFK0RKKVy7JWoBrefp,spotify:track:3jyYbFK0RKKVy7JWoBrefp,https://p.scdn.co/mp3-preview/1ef43434e2ac34ec2212e2f6707d90f9f8fa9d90?cid=63a77ff40e794a12ae216a18befde98c,Jungle Jim,57,"Dontcry,Nokiaa,Sleepermane",Jungle Jim,0.0515,0.759,90353,0.0931,0.799,7,0.361,-18.192,1,0.129,85.035,0.292
chill,Lo-Fi Beats,37i9dQZF1DWWQRwui0ExPn,6mRmaBAb8ysO3pcGDaegL2,spotify:track:6mRmaBAb8ysO3pcGDaegL2,https://p.scdn.co/mp3-preview/ba756a63344a073ffa2ffd7f7a5d7a3a9031e498?cid=63a77ff40e794a12ae216a18befde98c,Proud of You,62,"A L E X,Alicks","Growing Up, Vol. 2",0.869,0.82,182869,0.281,0.961,8,0.0925,-15.194,0,0.0802,104.988,0.62
chill,Lo-Fi Beats,37i9dQZF1DWWQRwui0ExPn,1lyjTYNyeHiUdEfthHCT1R,spotify:track:1lyjTYNyeHiUdEfthHCT1R,https://p.scdn.co/mp3-preview/1083496a3471996de4d27f54c74e2f1f69f2e337?cid=63a77ff40e794a12ae216a18befde98c,Far Away,60,Swørn,Escapade,0.854,0.563,106767,0.183,0.886,1,0.126,-15.39,1,0.0821,162.058,0.189
chill,Lo-Fi Beats,37i9dQZF1DWWQRwui0ExPn,1vlBi0s11E34l51MhZ63f1,spotify:track:1vlBi0s11E34l51MhZ63f1,https://p.scdn.co/mp3-preview/bd5ee7d51c4977045cba4e5b337296b192446e3e?cid=63a77ff40e794a12ae216a18befde98c,3000 Shots,61,"Sleepdealer,Gudo Rewinds,Sleepy Dog",Chop Me Up,0.659,0.872,139355,0.411,0.836,7,0.235,-11.153,0,0.306,123.957,0.314
chill,Lo-Fi Beats,37i9dQZF1DWWQRwui0ExPn,1vpMsMmJbGdfKjNgZY0IPq,spotify:track:1vpMsMmJbGdfKjNgZY0IPq,https://p.scdn.co/mp3-preview/8cbafef815abb164a816074d95c8af14502fe315?cid=63a77ff40e794a12ae216a18befde98c,orange crunch,51,mommy,tv-guides . (mini-tape),0.801,0.722,67798,0.234,0.845,6,0.0955,-13.737,1,0.134,63.245,0.492
chill,Lo-Fi Beats,37i9dQZF1DWWQRwui0ExPn,6TPyiwzayKHCRJP2JL53oS,spotify:track:6TPyiwzayKHCRJP2JL53oS,https://p.scdn.co/mp3-preview/5f011f35d916378fc8348437a3e4aeee2162f676?cid=63a77ff40e794a12ae216a18befde98c,Light Beams,57,Guustavv,Vin,0.0926,0.644,152606,0.548,0.871,3,0.0708,-7.459,0,0.0621,129.954,0.179
chill,Lo-Fi Beats,37i9dQZF1DWWQRwui0ExPn,2kUZIJjxsGvwTOgVFoR3m1,spotify:track:2kUZIJjxsGvwTOgVFoR3m1,https://p.scdn.co/mp3-preview/cebe921caef107afc87fa1f4324da4141df4c5d1?cid=63a77ff40e794a12ae216a18befde98c,goodnight,57,hiyasu,goodnight,0.897,0.701,128372,0.268,0.669,0,0.0871,-10.097,1,0.0472,172.001,0.382
chill,Lo-Fi Beats,37i9dQZF1DWWQRwui0ExPn,5Iz7YGMtwWvsQpHONmKp4R,spotify:track:5Iz7YGMtwWvsQpHONmKp4R,https://p.scdn.co/mp3-preview/8fd2a99c9fc9ceee01000b13183e0f49b772fe0a?cid=63a77ff40e794a12ae216a18befde98c,Lofi Netflix N By Yourself,55,Single Friend,Lofi Netflix N By Yourself,0.165,0.792,202105,0.295,0.907,7,0.115,-14.008,0,0.098,152.119,0.144
chill,Lo-Fi Beats,37i9dQZF1DWWQRwui0ExPn,6LldfZLHQMlNYLG19mDR6x,spotify:track:6LldfZLHQMlNYLG19mDR6x,https://p.scdn.co/mp3-preview/42a03f22c64e38bb9fca4d5ba0f7d742900a2959?cid=63a77ff40e794a12ae216a18befde98c,Morning Dew,60,fantompower,Chillhop Essentials Spring 2019,0.939,0.462,151500,0.287,0.905,10,0.0801,-19.148,1,0.0858,127.98,0.121
chill,Lo-Fi Beats,37i9dQZF1DWWQRwui0ExPn,1AzfhvDwYiu9SdtKvIJcXk,spotify:track:1AzfhvDwYiu9SdtKvIJcXk,https://p.scdn.co/mp3-preview/08581b702ead5f7e45237b46b04d5c5373bcc382?cid=63a77ff40e794a12ae216a18befde98c,If I Ever Build a House,61,Axian,If I Ever Build a House,0.122,0.558,185441,0.505,0.529,6,0.31,-10.96,1,0.223,56.705,0.688
chill,Lo-Fi Beats,37i9dQZF1DWWQRwui0ExPn,3pGNBm0zULLn7K9Vvxjjz1,spotify:track:3pGNBm0zULLn7K9Vvxjjz1,https://p.scdn.co/mp3-preview/655322a449118d3b553d90b8b67830faaa06a016?cid=63a77ff40e794a12ae216a18befde98c,Almost Home,62,Sugi.wa,Chillhop Daydreams,0.874,0.382,169187,0.0682,0.915,4,0.0801,-19.178,1,0.062,84.451,0.34
chill,Lo-Fi Beats,37i9dQZF1DWWQRwui0ExPn,7f0yp8R3c26SxsnUftN1iG,spotify:track:7f0yp8R3c26SxsnUftN1iG,https://p.scdn.co/mp3-preview/1e58db28ab4e1aafd0cf97c2504eaf3d6292c96b?cid=63a77ff40e794a12ae216a18befde98c,Marmots Dance,62,Plusma,Chillhop Essentials Spring 2019,0.414,0.663,144750,0.388,0.122,7,0.271,-9.772,0,0.0384,84.059,0.289
chill,Lo-Fi Beats,37i9dQZF1DWWQRwui0ExPn,3eU0idtZzJXksHeYVUjdzm,spotify:track:3eU0idtZzJXksHeYVUjdzm,https://p.scdn.co/mp3-preview/613603651fbea8919430d9f6cca7544342e32b2f?cid=63a77ff40e794a12ae216a18befde98c,CHASE,49,twuan,STAY HOME,0.102,0.808,126317,0.241,0.888,8,0.109,-9.699,0,0.18,80.782,0.417
chill,Lo-Fi Beats,37i9dQZF1DWWQRwui0ExPn,1HotUdQCsIp0MCnhxjMM4d,spotify:track:1HotUdQCsIp0MCnhxjMM4d,https://p.scdn.co/mp3-preview/3db080704cabd20d80f2b5b314a4a3a8f1e09af3?cid=63a77ff40e794a12ae216a18befde98c,Home,62,Aso,Home,0.823,0.563,182250,0.223,0.915,3,0.0674,-12.847,1,0.155,210.466,0.282
chill,Lo-Fi Beats,37i9dQZF1DWWQRwui0ExPn,5TuhMyeZ7bBd3A0PzKNW4D,spotify:track:5TuhMyeZ7bBd3A0PzKNW4D,https://p.scdn.co/mp3-preview/57713f5f94ed7095fdc933981628a1557d91e550?cid=63a77ff40e794a12ae216a18befde98c,Silience,62,Toonorth,Silience,0.0295,0.635,196923,0.252,0.779,6,0.119,-10.455,1,0.0596,77.952,0.667
chill,Lo-Fi Beats,37i9dQZF1DWWQRwui0ExPn,668X40yt6zBGIwn4FRKggI,spotify:track:668X40yt6zBGIwn4FRKggI,https://p.scdn.co/mp3-preview/562e80421e5d7f517a7bee64bc56ea8bcc159ae2?cid=63a77ff40e794a12ae216a18befde98c,Coffee Shop Date near Our Houses,58,AGM,Old Gray,0.116,0.758,168393,0.203,0.932,2,0.0917,-12.945,1,0.337,166.225,0.825
chill,Lo-Fi Beats,37i9dQZF1DWWQRwui0ExPn,39kdh6z0m3UNDfBqLLiXcz,spotify:track:39kdh6z0m3UNDfBqLLiXcz,https://p.scdn.co/mp3-preview/ec1dfc706369369aecdf990e25cd685ef58a6c36?cid=63a77ff40e794a12ae216a18befde98c,Night 1,63,Ta-ku,25 Nights for Nujabes,0.0127,0.835,183187,0.359,0.628,0,0.112,-12.531,1,0.0685,152.185,0.389
chill,Lo-Fi Beats,37i9dQZF1DWWQRwui0ExPn,6cK2p8SINJhAtZWjljXzqg,spotify:track:6cK2p8SINJhAtZWjljXzqg,https://p.scdn.co/mp3-preview/0a688e9f9619d333a755e9c6f3b5a3dff414a385?cid=63a77ff40e794a12ae216a18befde98c,Lofi Smoke and Pass Out,58,Single Friend,Lofi Smoke and Pass Out,0.2,0.792,233846,0.406,0.357,0,0.116,-13.646,0,0.0848,155.976,0.424
chill,Lo-Fi Beats,37i9dQZF1DWWQRwui0ExPn,0XTRycTWH8TR2xBEjwByNS,spotify:track:0XTRycTWH8TR2xBEjwByNS,https://p.scdn.co/mp3-preview/4ad72397712d6ecd7e78ce12ea151b08f6557853?cid=63a77ff40e794a12ae216a18befde98c,Mindfulness,62,C Y G N,BODY N SOUL,0.534,0.666,168000,0.252,0.692,3,0.121,-11.555,0,0.0511,138.194,0.686
chill,Lo-Fi Beats,37i9dQZF1DWWQRwui0ExPn,5sdOmuLCfoNiXwUxxcD1nK,spotify:track:5sdOmuLCfoNiXwUxxcD1nK,https://p.scdn.co/mp3-preview/0ee7eb48a6b07038299b016216a0972151e5ab44?cid=63a77ff40e794a12ae216a18befde98c,Time Flies. (Withluv'),61,Luv.Ly,Time Flies. (Withluv'),0.786,0.353,83478,0.494,0.111,7,0.61,-7.982,1,0.0548,80.206,0.267
chill,Lo-Fi Beats,37i9dQZF1DWWQRwui0ExPn,2UZTfsfSUknvgAQwkg4fWX,spotify:track:2UZTfsfSUknvgAQwkg4fWX,https://p.scdn.co/mp3-preview/cbfd4878eed7bc3d3193c515655569305e965660?cid=63a77ff40e794a12ae216a18befde98c,Harvest,51,David Cutter Music,Harvest,0.0632,0.802,150230,0.377,0.875,9,0.103,-8.869,1,0.084,92.015,0.604
chill,Lo-Fi Beats,37i9dQZF1DWWQRwui0ExPn,5CM5Z9GvrivuJs50a2T4hM,spotify:track:5CM5Z9GvrivuJs50a2T4hM,https://p.scdn.co/mp3-preview/d5a0f2eb70e6c5016f3aff53427e3115bf753c01?cid=63a77ff40e794a12ae216a18befde98c,home for a while,60,"s. lyre,Delayde",singing in my room,0.935,0.601,151807,0.185,0.86,0,0.524,-19.246,1,0.0518,165.981,0.634
chill,Lo-Fi Beats,37i9dQZF1DWWQRwui0ExPn,0BJ4VnYSbeXl2zUG8ARZIv,spotify:track:0BJ4VnYSbeXl2zUG8ARZIv,https://p.scdn.co/mp3-preview/6118b04c3baa11247a0b28307f19266221bcdcba?cid=63a77ff40e794a12ae216a18befde98c,Ballad with you,55,Recueil,Ballad with you,0.58,0.652,106693,0.265,0.941,6,0.105,-14.099,1,0.0639,143.862,0.196
chill,Lo-Fi Beats,37i9dQZF1DWWQRwui0ExPn,2tw0XH9LfAmDf0H5IY8O4I,spotify:track:2tw0XH9LfAmDf0H5IY8O4I,https://p.scdn.co/mp3-preview/56b970a272775dff89020709e28ffd80665c64b2?cid=63a77ff40e794a12ae216a18befde98c,Springtime,59,j^p^n,Mercy,0.535,0.575,120000,0.226,0.0,5,0.347,-12.545,1,0.088,119.984,0.395
chill,Lo-Fi Beats,37i9dQZF1DWWQRwui0ExPn,5JSexBZZOyLgpA6ISfMr7f,spotify:track:5JSexBZZOyLgpA6ISfMr7f,https://p.scdn.co/mp3-preview/a844e0fea14b269e90716d713a40885ea07d4d1e?cid=63a77ff40e794a12ae216a18befde98c,This Week,56,A L E X,"Growing Up, Vol. 2",0.567,0.692,165187,0.404,0.927,10,0.13,-10.178,1,0.289,159.946,0.161
chill,Lo-Fi Beats,37i9dQZF1DWWQRwui0ExPn,6LlcmcTC1gJZLUZjnO3ERN,spotify:track:6LlcmcTC1gJZLUZjnO3ERN,https://p.scdn.co/mp3-preview/168ec925d93fcd17470542f6ea917119562021fb?cid=63a77ff40e794a12ae216a18befde98c,rosemary whispers,62,santpoort,Chillhop Essentials Spring 2019,0.671,0.782,136500,0.265,0.859,8,0.111,-17.638,1,0.0544,116.06,0.425
chill,Lo-Fi Beats,37i9dQZF1DWWQRwui0ExPn,3kOtrXdDW7zkcLP5IrMmDc,spotify:track:3kOtrXdDW7zkcLP5IrMmDc,https://p.scdn.co/mp3-preview/95fb1aa4625613b62d2d793563aba43f9025b228?cid=63a77ff40e794a12ae216a18befde98c,By The Shore,56,Sofasound,By The Shore,0.642,0.834,194164,0.256,0.0156,0,0.104,-9.433,0,0.252,88.944,0.496
