category_id,playlist_name,playlist_id,track_id,track_uri,track_preview_url,track_name,track_popularity,artist_name,album_name,acousticness,danceability,duration_ms,energy,instrumentalness,key,liveness,loudness,mode,speechiness,tempo,valence
classical,Opera 100: Spotify Picks,37i9dQZF1DWVfS4Cdd3PNf,5p4BRlcUzvRpApjjEFAtUq,spotify:track:5p4BRlcUzvRpApjjEFAtUq,https://p.scdn.co/mp3-preview/212374395adfc9389e87d61f710bf8f6e87d5130?cid=63a77ff40e794a12ae216a18befde98c,"Il barbiere di Siviglia (The Barber of Seville), Act I: Cavatina: Largo al factotum della citta",43,"Gioachino Rossini,Peter Mattei,Royal Stockholm Philharmonic Orchestra,Lawrence Renes","Mattei, Peter: Great Baritone Arias",0.982,0.484,300107,0.266,0.013,0,0.222,-17.623,1,0.113,98.607,0.4
classical,Opera 100: Spotify Picks,37i9dQZF1DWVfS4Cdd3PNf,4fBqGaGJfEqTQDX4d7Hcil,spotify:track:4fBqGaGJfEqTQDX4d7Hcil,https://p.scdn.co/mp3-preview/1b7945e4e25d5a913f2107b3fbaccfbd41fa9439?cid=63a77ff40e794a12ae216a18befde98c,"Handel: Serse, HWV 40, Act 1 Scene 1: No. 2, Arioso, ""Ombra mai fù"" (Serse)",38,"George Frideric Handel,William Christie",Handel: Serse,0.928,0.13,203760,0.119,0.0235,4,0.162,-20.19,1,0.0453,89.042,0.0399
classical,Opera 100: Spotify Picks,37i9dQZF1DWVfS4Cdd3PNf,1unYGFnMRJ21U23uHtp1px,spotify:track:1unYGFnMRJ21U23uHtp1px,,"Lucia di Lammermoor: Act III, Scene 2, No 14 i. Scena ed Aria ""Oh giusto cielo!""",2,"Gaetano Donizetti,Mariinsky Orchestra,Mariinsky Chorus,Natalie Dessay,Valery Gergiev",Donizetti: Lucia di Lammermoor,0.973,0.334,167467,0.0231,3.33e-05,5,0.151,-29.73,0,0.0495,112.984,0.0386
classical,Opera 100: Spotify Picks,37i9dQZF1DWVfS4Cdd3PNf,47xZ59XjNaGgnmWy2X1WUL,spotify:track:47xZ59XjNaGgnmWy2X1WUL,https://p.scdn.co/mp3-preview/8bea447fcb94ff9f44d6c1bfb6cae39a2384ae5c?cid=63a77ff40e794a12ae216a18befde98c,"Die tote Stadt (The Dead City), Op. 12: Act I Scene 5: Gluck, das mir verblieb (Marietta, Paul)",35,"Erich Wolfgang Korngold,Klaus Florian Vogt,Tatiana Pavlovskaya,Michael Nagy,Hedwig Fassbender,Anna Ryberg,Jenny Carlstedt,Julian Prégardien,Hans-Jurgen Lazar,Frankfurt Opera Chorus,Frankfurt Opera Children's Chorus,Frankfurt Opera and Museum Orchestra,Sebastian Weigle",Korngold: Die tote Stadt,0.922,0.0925,328160,0.103,0.342,10,0.17,-24.231,1,0.0435,82.612,0.0579
classical,Opera 100: Spotify Picks,37i9dQZF1DWVfS4Cdd3PNf,2JKNdozl7hsO6sf9k5xMvK,spotify:track:2JKNdozl7hsO6sf9k5xMvK,,Turandot / Act 3: Nessun dorma!,2,"Giacomo Puccini,Luciano Pavarotti,Tom Krause,Pier Francesco Poli,Piero de Palma,John Alldis Choir,London Philharmonic Orchestra,Zubin Mehta",Puccini: Turandot,0.971,0.242,402040,0.356,0.0306,2,0.161,-13.189,1,0.046,89.205,0.152
classical,Opera 100: Spotify Picks,37i9dQZF1DWVfS4Cdd3PNf,3jQa7pofP3CHRTt4Xnoyt6,spotify:track:3jQa7pofP3CHRTt4Xnoyt6,,"La Traviata / Act 1: ""Libiamo ne'lieti calici""",7,"Giuseppe Verdi,Ileana Cotrubas,Plácido Domingo,Chor der Bayerischen Staatsoper München,Bavarian State Orchestra,Carlos Kleiber",Verdi: La Traviata,0.962,0.424,175507,0.214,2.9e-05,10,0.681,-17.688,1,0.0763,113.211,0.282
classical,Opera 100: Spotify Picks,37i9dQZF1DWVfS4Cdd3PNf,4dE0YDyMRnZg6Xr4TpqWj1,spotify:track:4dE0YDyMRnZg6Xr4TpqWj1,https://p.scdn.co/mp3-preview/0a258aa7a5365466105d96093b016e1ec2af0d9f?cid=63a77ff40e794a12ae216a18befde98c,"Rossini: Tancredi, Act 1: ""Oh patria!... Tu che accendi questo core... Di tanti palpiti"" (Tancredi)",35,"Gioachino Rossini,Marie-Nicole Lemieux,Enrique Mazzola,Orchestre national de Montpellier Occitanie",Rossini: Opera Arias & Duets (Live),0.982,0.275,535227,0.0433,3.34e-06,5,0.148,-24.994,1,0.052,168.477,0.0396
classical,Opera 100: Spotify Picks,37i9dQZF1DWVfS4Cdd3PNf,48qAOahd28j6zuPAWSLZ4K,spotify:track:48qAOahd28j6zuPAWSLZ4K,,"Norma - Critical Edition by Maurizio Biondi and Riccardo Minasi / Act 1 Scene 1: ""Casta Diva""",39,"Vincenzo Bellini,Cecilia Bartoli,International Chamber Vocalists,Orchestra La Scintilla,Giovanni Antonini",Bellini: Norma,0.992,0.206,390253,0.0907,0.273,5,0.0935,-20.521,1,0.0499,174.2,0.0371
classical,Opera 100: Spotify Picks,37i9dQZF1DWVfS4Cdd3PNf,6T8AyIuEyCAaxmLXd8bajv,spotify:track:6T8AyIuEyCAaxmLXd8bajv,,"Roméo et Juliette, Act I: Ah! Je veux vivre",1,"Charles Gounod,Pretty Yende,Giacomo Sagripanti","Roméo et Juliette, Act I: Ah! Je veux vivre",0.954,0.311,215747,0.258,0.00103,7,0.0793,-15.086,1,0.0723,78.022,0.185
classical,Opera 100: Spotify Picks,37i9dQZF1DWVfS4Cdd3PNf,5E7gz5CbmUBNerBQg19ULz,spotify:track:5E7gz5CbmUBNerBQg19ULz,,"Madama Butterfly / Act 2: ""Un bel dì vedremo""",37,"Giacomo Puccini,Mirella Freni,Wiener Philharmoniker,Herbert von Karajan",Puccini: Madama Butterfly,0.975,0.245,273067,0.0675,0.000222,1,0.107,-19.141,1,0.0473,61.73,0.0506
classical,Opera 100: Spotify Picks,37i9dQZF1DWVfS4Cdd3PNf,2Sbb5o2R6zci4L0xEQhsvK,spotify:track:2Sbb5o2R6zci4L0xEQhsvK,https://p.scdn.co/mp3-preview/79abe778a2b4dbde828bbc5b0e47fbc919859c4e?cid=63a77ff40e794a12ae216a18befde98c,"Handel: Rinaldo, HWV 7, Act 2: ""Lascia ch'io pianga"" (Almirena)",38,"George Frideric Handel,Joyce DiDonato,Maxim Emelyanychev,Il Pomo D'oro",In War & Peace - Harmony through Music,0.985,0.219,332320,0.0337,0.00542,4,0.0857,-22.761,1,0.0537,76.1,0.0417
classical,Opera 100: Spotify Picks,37i9dQZF1DWVfS4Cdd3PNf,14bfGXGq1tbZc6f6WnqLAD,spotify:track:14bfGXGq1tbZc6f6WnqLAD,https://p.scdn.co/mp3-preview/4287fa4dc86b316082d67150566ed163a7057a8a?cid=63a77ff40e794a12ae216a18befde98c,"Die Walkure: Act III Scene 1: Walkurenritt: Hojotoho! Heiaha! (Gerhilde, Helmwige, Waltraute, Schwertleite, Ortlinde, Siegrune, Grimgerde, Rossweisse)",34,"Richard Wagner,Endrik Wottrich,Kwangchul Youn,Albert Dohmen,Eva-Maria Westbroek,Linda Watson,Michelle Breedt,Sonja Muhleck,Anna Gabler,Martina Dike,Simone Schroder,Edith Haller,Wilke te Brummelstroete,Annette Kuttenbaum,Manuela Bress,Bayreuth Festival Orchestra,Christian Thielemann",Wagner: Der Ring des Nibelungen,0.961,0.268,519587,0.296,0.104,4,0.652,-17.576,0,0.0418,91.062,0.162
classical,Opera 100: Spotify Picks,37i9dQZF1DWVfS4Cdd3PNf,320k8OKicwdkzqwjPfHPyF,spotify:track:320k8OKicwdkzqwjPfHPyF,https://p.scdn.co/mp3-preview/c17ab6da8a46b46c8a284ac3b1a1c1465f95d3cd?cid=63a77ff40e794a12ae216a18befde98c,"Mozart: Così fan tutte, K. 588, Act 1 Scene 6: No. 10, Terzettino, ""Soave sia il vento"" (Fiordiligi, Dorabella, Don Alfonso)",33,"Wolfgang Amadeus Mozart,Elisabeth Schwarzkopf,Karl Böhm,Philharmonia Orchestra",Mozart: Cosi fan tutte,0.988,0.187,184000,0.0874,0.791,4,0.0989,-23.492,1,0.0413,124.29,0.0582
classical,Opera 100: Spotify Picks,37i9dQZF1DWVfS4Cdd3PNf,5L9bEvb3CdE9LQWe5hAhD2,spotify:track:5L9bEvb3CdE9LQWe5hAhD2,https://p.scdn.co/mp3-preview/8d5463041a0f9179f0eb053bad4ca9d53e22ae21?cid=63a77ff40e794a12ae216a18befde98c,Prologue: Chorus Of Exiled Palestinians,31,"John Adams,Kent Nagano,The Opera De Lyon",John Adams:The Death Of Klinghoffer,0.948,0.25,514253,0.0706,0.872,5,0.579,-20.368,0,0.0445,131.145,0.0527
classical,Opera 100: Spotify Picks,37i9dQZF1DWVfS4Cdd3PNf,6pDSf6GQH4LbBWT1mQIUN1,spotify:track:6pDSf6GQH4LbBWT1mQIUN1,https://p.scdn.co/mp3-preview/fba13067b37d9a51ff6384f29a9cdef8128485ea?cid=63a77ff40e794a12ae216a18befde98c,"Les Contes d'Hoffmann, Act III: Entr'acte (Orchestra)...Belle nuite, ô nuit d'amour : Barcarolle (Une voix/Giulietta/Chorus)",32,"Jules Barbier,Jacques Offenbach,Michel Carre,Elisabeth Schwarzkopf,Orchestre De La Société Des Concerts Du Conservatoire,André Cluytens,Choeurs Rene Duclos",Offenbach : Les Contes d'Hoffmann,0.918,0.105,228600,0.101,0.000316,2,0.147,-25.323,1,0.0455,69.869,0.0998
classical,Opera 100: Spotify Picks,37i9dQZF1DWVfS4Cdd3PNf,16YfaD63RVPaKesYdFEZVn,spotify:track:16YfaD63RVPaKesYdFEZVn,,"L'elisir d'amore / Act 2: ""Una furtiva lagrima...Eccola!""",1,"Gaetano Donizetti,Luciano Pavarotti,Dame Joan Sutherland,English Chamber Orchestra,Richard Bonynge",Donizetti: L'Elisir d'Amore (2 CDs),0.979,0.24,398750,0.0613,6.61e-06,5,0.331,-19.515,0,0.048,174.405,0.0941
classical,Opera 100: Spotify Picks,37i9dQZF1DWVfS4Cdd3PNf,3ZzTDUe3NLWYNgfIMsFuzL,spotify:track:3ZzTDUe3NLWYNgfIMsFuzL,https://p.scdn.co/mp3-preview/256c5b45f62c9e2757c62f74689cc8ed7b4abe5e?cid=63a77ff40e794a12ae216a18befde98c,"Tristan und Isolde, Act III, Dritte Szene: Mild und leise wie er lächelt (Isolde)",30,"Richard Wagner,Nina Stemme,Antonio Pappano,Orchestra of the Royal Opera House, Covent Garden",Wagner: Tristan und Isolde,0.933,0.24,401587,0.14,0.00876,11,0.117,-19.212,1,0.0419,65.525,0.0304
classical,Opera 100: Spotify Picks,37i9dQZF1DWVfS4Cdd3PNf,79bTPqLKtFMo01nbx1d7eU,spotify:track:79bTPqLKtFMo01nbx1d7eU,https://p.scdn.co/mp3-preview/b82f75a4b3016249290fe060ac9eeb53438320ae?cid=63a77ff40e794a12ae216a18befde98c,"The Bartered Bride, JB 1:100, B. 131: Act I Scene 5: Introduction: Polka - Take your partners for the polka (Chorus)",31,"Bedřich Smetana,Neal Davies,Yvonne Howard,Susan Gritton,Geoffrey Moses,Diana Montague,Timothy Robinson,Paul Charles Clarke,Peter Rose,Robin Leggate,Yvette Bonner,Kit Hesketh-Harvey,Louis Hill,Ravi Shar,Royal Opera House Chorus, Covent Garden,Philharmonia Orchestra,Sir Charles Mackerras",Smetana: Bartered Bride (The) (Sung in English),0.865,0.421,280080,0.26,0.0303,0,0.0919,-17.909,1,0.0354,103.026,0.479
classical,Opera 100: Spotify Picks,37i9dQZF1DWVfS4Cdd3PNf,3pzBD8BVdrv7VJ7glRYshl,spotify:track:3pzBD8BVdrv7VJ7glRYshl,https://p.scdn.co/mp3-preview/5e072aa72fde7bef3d25663debb2230fd511ca83?cid=63a77ff40e794a12ae216a18befde98c,"Carmen, Act I: No.5 Habanera : L'amour est un oiseau rebelle (Carmen/Cigarières/Jeunes gens/Dragons)",41,"Georges Bizet,Angela Gheorghiu,Wolff,Michel Plasson,Orchestre National Du Capitole De Toulouse,Orchestre National du Capitol de Toulouse",Bizet : Carmen,0.978,0.364,275467,0.0592,0.0,2,0.0823,-21.757,1,0.057,123.789,0.185
classical,Opera 100: Spotify Picks,37i9dQZF1DWVfS4Cdd3PNf,3VC3fi0Iz3cV1dtsDLwoII,spotify:track:3VC3fi0Iz3cV1dtsDLwoII,https://p.scdn.co/mp3-preview/10bdd5a51b3390d0ea1f41166125c8c7ea00b953?cid=63a77ff40e794a12ae216a18befde98c,"Massenet: Manon, Act 3 Tableau 1 Scene 4: ""Obéissons, quand leur voix appelle … Profitons bien de la jeunesse"" (Manon, Brétigny, Chorus) - Gavotte",29,"Jules Massenet,Angela Gheorghiu,Antonio Pappano,Orchestra of the Théâtre Royal de La Monnaie, Brussels",Massenet : Manon,0.973,0.296,189760,0.0627,3.12e-05,7,0.757,-20.764,1,0.0994,175.841,0.067
classical,Opera 100: Spotify Picks,37i9dQZF1DWVfS4Cdd3PNf,2VxItoS2Zw3hytTbVkle85,spotify:track:2VxItoS2Zw3hytTbVkle85,https://p.scdn.co/mp3-preview/27029e6d3040c42ab563d09ce0a020d42e43f6bd?cid=63a77ff40e794a12ae216a18befde98c,Aniara: Act II Scene 4: Jag anar dödens skugga …,27,"Karl-Birger Blomdahl,Lena Hoel,Viveca Anderberg,Erik Saeden,Jerker Arvidson,Bjorn Haugan,Stefan Parkman,Mikael Samuelson,Thomas Sunnegardh,Radio Chorus,Swedish Radio Symphony Orchestra,Stig Westerberg",Aniara,0.863,0.186,185933,0.0378,9.36e-06,1,0.324,-27.122,1,0.0461,90.371,0.0325
classical,Opera 100: Spotify Picks,37i9dQZF1DWVfS4Cdd3PNf,4D7a9OjZ7WjCenCyoYTd6o,spotify:track:4D7a9OjZ7WjCenCyoYTd6o,,Jenufa / Act 2: Co chvila ... co chvila,0,"Leoš Janáček,Eva Randová,Wiener Philharmoniker,Sir Charles Mackerras",Janácek: Jenufa (2 CDs),0.965,0.211,227893,0.19,0.000353,11,0.636,-15.225,1,0.057,77.402,0.0375
classical,Opera 100: Spotify Picks,37i9dQZF1DWVfS4Cdd3PNf,3rczjlfY4MKNVMIadbegbb,spotify:track:3rczjlfY4MKNVMIadbegbb,https://p.scdn.co/mp3-preview/d77b937caba2beb4fd39613a88a52bf46d23d882?cid=63a77ff40e794a12ae216a18befde98c,"Verdi: Il trovatore, Act 4: ""D'amor sull'ali rosee"" (Leonora)",29,"Giuseppe Verdi,Antonio Pappano,Angela Gheorghiu,London Symphony Orchestra",Verdi : Il Trovatore,0.989,0.301,228800,0.102,0.00599,8,0.063,-19.334,1,0.0538,78.544,0.0521
classical,Opera 100: Spotify Picks,37i9dQZF1DWVfS4Cdd3PNf,3Xi4Hu8BcUNdUBmBjpkh20,spotify:track:3Xi4Hu8BcUNdUBmBjpkh20,,"Die Zauberflöte, K.620 / Act 2: ""Der Hölle Rache kocht in meinem Herzen""",5,"Wolfgang Amadeus Mozart,Erika Miklósa,Mahler Chamber Orchestra,Claudio Abbado",Mozart: Die Zauberflöte,0.971,0.549,174120,0.108,0.0195,5,0.114,-17.948,1,0.135,71.029,0.265
classical,Opera 100: Spotify Picks,37i9dQZF1DWVfS4Cdd3PNf,3y1RbjgLqkkJG4ufFnQKG1,spotify:track:3y1RbjgLqkkJG4ufFnQKG1,,"Eugene Onegin, Op.24, TH.5 / Act 1: Letter scene. ""Puskai pogilabnu ya, no pryezhde""",1,"Pyotr Ilyich Tchaikovsky,Nuccia Focile,Orchestre de Paris,Semyon Bychkov",Tchaikovsky: Eugene Onegin (2 CDs),0.973,0.233,797000,0.064,9.41e-05,1,0.6,-22.343,1,0.0561,80.58,0.0394
classical,Opera 100: Spotify Picks,37i9dQZF1DWVfS4Cdd3PNf,6cBuuO6BUacsua6WC6LAaw,spotify:track:6cBuuO6BUacsua6WC6LAaw,https://p.scdn.co/mp3-preview/e18be8e44db86b6a6c5119645aa2f714a07251a9?cid=63a77ff40e794a12ae216a18befde98c,"Mathis Der Maler, 6th Tableau, Scene 1: Der liebste Vater, eer verstand mich (Regina/Mathis)",26,"Paul Hindemith,Rafael Kubelik,Bayerischer Rundfunk,Bavarian Radio Symphony Orchestra",Hindemith: Mathis der Maler,0.987,0.215,214560,0.0321,0.00485,7,0.0712,-22.763,0,0.0425,87.343,0.0581
classical,Opera 100: Spotify Picks,37i9dQZF1DWVfS4Cdd3PNf,11jAVzBi6jVe6iLhl0vzLk,spotify:track:11jAVzBi6jVe6iLhl0vzLk,https://p.scdn.co/mp3-preview/f37b2a7143640da0759fe9343b38db9089cc82ca?cid=63a77ff40e794a12ae216a18befde98c,"Kullervo, Op. 61: Act I Scene 2: Mina tahdon olla tuoksuva ja lammin kuin nuori leipa (Smith's Young Wife)",26,"Aulis Sallinen,Jorma Hynninen,Eeva-Liisa Saarinen,Matti Salminen,Jorma Silvasti,Satu Vihavainen,Anna-Lisa Jakobsson,Pertti Makela,Juha Kotilainen,Paula Etelavuori,Marko Putkonen,Matti Heinikari,Esa Ruuttunen,Vesa-Matti Loiri,Finnish National Opera Chorus,Finnish National Opera Orchestra,Ulf Söderblom","Sallinen, A.: Kullervo [Opera]",0.927,0.243,186293,0.0181,8.57e-06,8,0.106,-30.389,1,0.0455,78.853,0.0343
classical,Opera 100: Spotify Picks,37i9dQZF1DWVfS4Cdd3PNf,78NkLB4BpbghyGHGScMFLv,spotify:track:78NkLB4BpbghyGHGScMFLv,https://p.scdn.co/mp3-preview/cc7715475fe55da075c9f0f3ec5e791438181aba?cid=63a77ff40e794a12ae216a18befde98c,"Thomas: Act I: Soma, Soma … (Chorus, Thomas)",25,"Einojuhani Rautavaara,Jorma Hynninen,Peter Lindroos,Matti Piipponen,Sini Rautavaara,Marko Putkonen,Antti Suhonen,Anssi Hirvonen,Hannu Sokka,Jaakko Hietikko,Anitta Juhala-Jolkkonen,Joensuu Music School Choir,Savonlinna Festival Opera Choir,Joensuu City Orchestra,Pekka Haapasalo",Rautavaara: Thomas,0.983,0.165,266800,0.214,0.0443,8,0.29,-21.288,0,0.0633,167.809,0.0353
classical,Opera 100: Spotify Picks,37i9dQZF1DWVfS4Cdd3PNf,6TrMyihTNbTPJ8qBejNtQB,spotify:track:6TrMyihTNbTPJ8qBejNtQB,,"Les Troyens: Act V, No. 38 - “Vallon Sonore”",0,"Hector Berlioz,Sir Colin Davis,London Symphony Orchestra",Berlioz: Les Troyens,0.962,0.118,335200,0.0382,0.00809,7,0.114,-24.471,0,0.0512,78.237,0.0399
classical,Opera 100: Spotify Picks,37i9dQZF1DWVfS4Cdd3PNf,49pAuEJm2xIu6vfLYP2g29,spotify:track:49pAuEJm2xIu6vfLYP2g29,,Bluebeard's Castle: VI. Fifth Door - Bluebeard's Vast and Beautiful Kingdom,0,"Béla Bartók,Elena Zhidkova,Willard White,Valery Gergiev,London Symphony Orchestra",Bartók: Bluebeard's Castle,0.955,0.228,365933,0.157,0.104,0,0.153,-18.916,1,0.0421,77.431,0.0747
classical,Opera 100: Spotify Picks,37i9dQZF1DWVfS4Cdd3PNf,1AYBkVyiXRRGKjOmBStqLZ,spotify:track:1AYBkVyiXRRGKjOmBStqLZ,https://p.scdn.co/mp3-preview/bff1d174db464d747ee5883721aa01164cc0f19f?cid=63a77ff40e794a12ae216a18befde98c,Meyerbeer: Les Huguenots: Et maintenant je dois offrir - Act Two,24,"Giacomo Meyerbeer,Rita Shane,Nicolai Gedda,Jeanette Scovotti,Radio Austria Chorus,Dimiter Petkov,Pedro Farres,Justino Diaz,Enriqueta Tarres,Ernst Märzendorfer",Les Huguenots,0.896,0.289,318893,0.582,0.0642,1,0.669,-13.572,1,0.279,96.93,0.231
classical,Opera 100: Spotify Picks,37i9dQZF1DWVfS4Cdd3PNf,4L67mAp4vqOiYVZ2eS7HE3,spotify:track:4L67mAp4vqOiYVZ2eS7HE3,https://p.scdn.co/mp3-preview/dd49ee3c511c1633eb6b46cb2dcdba191e3a4e23?cid=63a77ff40e794a12ae216a18befde98c,"Gounod : Faust : Act 1 ""Ne permettrez-vous pas"" [Faust, Méphistophélès, Marguerite, Siébel, Chorus]",24,"Charles Gounod,Carlo Rizzi,Welsh National Opera Orchestra",Gounod : Faust,0.977,0.298,243400,0.125,0.00267,2,0.09,-20.375,1,0.0647,115.223,0.0739
classical,Opera 100: Spotify Picks,37i9dQZF1DWVfS4Cdd3PNf,0p1dqz6ZyL3kGDzlmgJypl,spotify:track:0p1dqz6ZyL3kGDzlmgJypl,https://p.scdn.co/mp3-preview/9f9467906a491e868594b7b5fcc6ee5b95546b26?cid=63a77ff40e794a12ae216a18befde98c,"L'Amour de loin: Premier acte. Deuxième tableau : Le Pèlerin. Le Pèlerin : ""Peut-être bien qu'elle n'existe pas""",25,"Kaija Saariaho,Daniel Belcher,Marie-Ange Todorovitch,Kent Nagano,Deutsches Symphonie-Orchester Berlin",Kaija Saariaho: L'Amour de loin,0.886,0.285,333907,0.108,0.00056,2,0.177,-24.657,1,0.0439,91.16,0.0753
classical,Opera 100: Spotify Picks,37i9dQZF1DWVfS4Cdd3PNf,5LtpsvfOBVOywy3DUhNPAC,spotify:track:5LtpsvfOBVOywy3DUhNPAC,,"Lakmé / Act 1: ""Viens, Mallika, ... Dôme épais""",29,"Léo Delibes,Dame Joan Sutherland,Jane Berbié,Orchestre National de l'Opéra de Monte-Carlo,Richard Bonynge",Delibes: Lakmé,0.975,0.223,358733,0.043,7.98e-06,11,0.318,-24.218,1,0.0474,82.61,0.0547
classical,Opera 100: Spotify Picks,37i9dQZF1DWVfS4Cdd3PNf,6whPzZ71hFTyX3Tw803qgL,spotify:track:6whPzZ71hFTyX3Tw803qgL,,"Falstaff: Act III, part 2 - “Dal labbro il canto estasiato vola”",0,"Giuseppe Verdi,Sir Colin Davis,London Symphony Orchestra",Verdi: Falstaff,0.958,0.351,271533,0.0282,6.58e-06,8,0.0802,-28.677,1,0.0497,136.446,0.0475
classical,Opera 100: Spotify Picks,37i9dQZF1DWVfS4Cdd3PNf,09P0pg2kSumSWT45Mt6gec,spotify:track:09P0pg2kSumSWT45Mt6gec,,"Porgy and Bess / Act 1: ""Summertime""",25,"George Gershwin,Barbara Hendricks,James Vincent Pickens,Francois Clemmons,Arthur Thompson,Florence Quivar,Samuel Hagan,Christopher Deane,The Cleveland Orchestra Chorus,Cleveland Orchestra,Lorin Maazel",Gershwin: Porgy & Bess,0.941,0.24,525933,0.195,0.00303,11,0.112,-18.034,0,0.0428,83.406,0.158
classical,Opera 100: Spotify Picks,37i9dQZF1DWVfS4Cdd3PNf,09jDBvTUEc36D1AJSjuhff,spotify:track:09jDBvTUEc36D1AJSjuhff,,"Lady Macbeth of Mtsensk District / Act 1: Akh, ne spítsya ból'se, popróbuyu",18,"Dmitri Shostakovich,Maria Ewing,Orchestre de l'Opéra Bastille,Myung-Whun Chung",Shostakovich: Lady Macbeth of Mtsensk,0.907,0.107,343284,0.00664,0.000215,7,0.0683,-31.613,0,0.0438,171.599,0.0383
classical,Opera 100: Spotify Picks,37i9dQZF1DWVfS4Cdd3PNf,1zKQKNPDDsyXKZOM1u70dC,spotify:track:1zKQKNPDDsyXKZOM1u70dC,https://p.scdn.co/mp3-preview/3f8727ea1cedcce042f94dab49a25d389df95560?cid=63a77ff40e794a12ae216a18befde98c,"Giulio Cesare in Egitto, HWV 17 (Sung in English): Act III Scene 1: Flow, my tears (Cleopatra)",25,"George Frideric Handel,Dame Janet Baker,Christopher Booth-Jones,Sarah Walker,Della Jones,Valerie Masterson,James Bowman,John Tomlinson,David James,English National Opera Chorus,English National Opera Orchestra,Sir Charles Mackerras",Handel: Giulio Cesare in Egitto (Julius Caesar) (Sung in English),0.947,0.168,410907,0.0285,2.39e-05,4,0.0839,-26.9,1,0.0534,77.799,0.0786
classical,Opera 100: Spotify Picks,37i9dQZF1DWVfS4Cdd3PNf,4XDXB2H7R1Y9KmPk6i8BDY,spotify:track:4XDXB2H7R1Y9KmPk6i8BDY,https://p.scdn.co/mp3-preview/6fec2dff1eef6c9de798f5e13f5ff86a210cebb2?cid=63a77ff40e794a12ae216a18befde98c,"Britten: The Turn of the Screw, Op. 54, Act 1 Scene 4: The Tower, ""How beautiful it is"" (Governess)",23,"Benjamin Britten,Mahler Chamber Orchestra,Daniel Harding",Britten: The Turn of the Screw,0.973,0.316,223131,0.0245,0.0296,2,0.0962,-27.357,1,0.0518,110.964,0.039
classical,Opera 100: Spotify Picks,37i9dQZF1DWVfS4Cdd3PNf,2LNFlLZW1tug0TS6xGEVIt,spotify:track:2LNFlLZW1tug0TS6xGEVIt,https://p.scdn.co/mp3-preview/ca3b88d4e6644bf926d8cea26df5376fabe7f88f?cid=63a77ff40e794a12ae216a18befde98c,"Lohengrin: Act III Scene 3: Tale of the Grail: In fernem Land, unnahbar euren Schritten …(Lohengrin, The King, Men, Women)",23,"Richard Wagner,Günther Groissböck,Klaus Florian Vogt,Annette Dasch,Gerd Grochowski,Susanne Resmark,Markus Brück,Rundfunkchor Berlin,Berlin Radio Symphony Orchestra,Marek Janowski",Wagner: Lohengrin,0.925,0.196,649440,0.128,2.54e-05,9,0.345,-18.58,1,0.0421,79.573,0.0528
classical,Opera 100: Spotify Picks,37i9dQZF1DWVfS4Cdd3PNf,5AS3cYrpHIKpRvFzmUHmqU,spotify:track:5AS3cYrpHIKpRvFzmUHmqU,,"Tannhäuser - Paris Version / Act 3: ""O du, mein holder Abendstern""",0,"Richard Wagner,Andreas Schmidt,Philharmonia Orchestra,Giuseppe Sinopoli",Wagner: Tannhäuser (3 CDs),0.966,0.194,180640,0.0184,0.0327,7,0.0984,-31.486,1,0.0411,70.511,0.0397
classical,Opera 100: Spotify Picks,37i9dQZF1DWVfS4Cdd3PNf,44uersaizd3Z6fjXUcGlw9,spotify:track:44uersaizd3Z6fjXUcGlw9,https://p.scdn.co/mp3-preview/f44328f674db13bb018fcabb0950b7b9a9041b62?cid=63a77ff40e794a12ae216a18befde98c,"Peter Grimes, Op. 13: Act III Scene II: Grimes! (Voices, Peter)",23,"Benjamin Britten,Alan Oke,Steuart Bedford,Britten-Pears Orchestra",Britten: Peter Grimes,0.935,0.332,308707,0.0319,0.0,8,0.086,-23.699,1,0.0607,77.524,0.0397
classical,Opera 100: Spotify Picks,37i9dQZF1DWVfS4Cdd3PNf,0EMu1YAyF7smLIDJ1VvQmN,spotify:track:0EMu1YAyF7smLIDJ1VvQmN,,"The Midsummer Marriage, Act III: (After the She Ancient returns up stage) (orchestra), ""Fire in summer"" (chorus)",0,"Michael Tippett,Chorus of the Royal Opera House, Covent Garden,Orchestra of the Royal Opera House, Covent Garden,Sir Colin Davis",Tippet: The Midsummer Marriage - Opera in Three Acts,0.918,0.269,442507,0.314,0.0247,0,0.101,-16.178,1,0.0388,77.271,0.098
classical,Opera 100: Spotify Picks,37i9dQZF1DWVfS4Cdd3PNf,1obP7HZZhatjkyNDqbRxUa,spotify:track:1obP7HZZhatjkyNDqbRxUa,https://p.scdn.co/mp3-preview/669e7ef67f3d5fb20074fe50fdee25ee385edb8a?cid=63a77ff40e794a12ae216a18befde98c,"Palestrina, WoO17, Pt. 3, Scene 1: Wie lange sie bleiben (Choristers/Palestrina/Ighino)",23,"Hans Pfitzner,Staatskapelle Dresden,Peter Schreier,Carola Nossek,Heinz Reeh,Olaf Bär,Peter Menz,Peter Bindszus,Dario Süss",Pfitzner: Palestrina,0.958,0.158,536373,0.0651,0.00848,6,0.148,-24.355,1,0.041,82.637,0.0388
classical,Opera 100: Spotify Picks,37i9dQZF1DWVfS4Cdd3PNf,4ovqHepI2onDrvaFifmlok,spotify:track:4ovqHepI2onDrvaFifmlok,https://p.scdn.co/mp3-preview/aecee21509bdccce9574c9816f49bb1d27af68c5?cid=63a77ff40e794a12ae216a18befde98c,"Le Nozze di Figaro, K. 492: Atto terzo. Scene 9 & 10. N.21 Duettino Susanna, La Contessa ""Su l'aria...""",29,"Wolfgang Amadeus Mozart,Concerto Köln,Patrizia Ciofi,René Jacobs,Véronique Gens",Mozart: Le nozze di Figaro,0.978,0.395,175067,0.0685,0.0,10,0.385,-24.812,1,0.0586,82.959,0.251
classical,Opera 100: Spotify Picks,37i9dQZF1DWVfS4Cdd3PNf,1nRIjsw3aKbIYu3pOrHSUp,spotify:track:1nRIjsw3aKbIYu3pOrHSUp,https://p.scdn.co/mp3-preview/c91df810645fb9a9efa4ae15edaac59d3c544e43?cid=63a77ff40e794a12ae216a18befde98c,"Der Rosenkavalier (2001 - Remaster), Act III: Marie Theres'!...Hab'mir's gelobt (Sophie/Octavian/Marschallin)",23,"Richard Strauss,Elisabeth Schwarzkopf,Anny Felbermayer,Christa Ludwig,Eberhard Wächter,Erich Majkut,Franz Bierbach,Gerhard Unger,Harald Pröglhöf,Karl Friedrich,Kerstin Meyer,Ljuba Welitsch,Nicolai Gedda,Otto Edelmann,Paul Kuen,Teresa Stich-Randall,Herbert von Karajan,Philharmonia Orchestra",Strauss: Der Rosenkavalier,0.975,0.148,279733,0.192,0.000701,1,0.147,-16.385,1,0.0416,93.771,0.0369
classical,Opera 100: Spotify Picks,37i9dQZF1DWVfS4Cdd3PNf,2Yi7qbnLkyfgLNjscJt5dU,spotify:track:2Yi7qbnLkyfgLNjscJt5dU,https://p.scdn.co/mp3-preview/d3d35915261cd6886939a2d088be39bb1f57a6f2?cid=63a77ff40e794a12ae216a18befde98c,"Orfeo ed Euridice: ""Act III, Scene 1, Orfeo: Che farò senza Euridice? """,27,"Christoph Willibald Gluck,René Jacobs,Freiburger Barockorchester,RIAS Kammerchor",Gluck: Orfeo ed Euridice,0.965,0.205,268133,0.0643,9.7e-06,7,0.243,-22.231,1,0.0716,71.084,0.055
classical,Opera 100: Spotify Picks,37i9dQZF1DWVfS4Cdd3PNf,3fV6APEszzlsc21iJKuEPw,spotify:track:3fV6APEszzlsc21iJKuEPw,,"The Rake's Progress / Act 1 / Scene 3: ""No word from Tom""",0,"Igor Stravinsky,Cathryn Pope,Stafford Dean,London Sinfonietta,Riccardo Chailly",Stravinsky: The Rake's Progress,0.973,0.29,495907,0.0643,0.000247,0,0.127,-21.388,1,0.0484,130.383,0.0397
classical,Opera 100: Spotify Picks,37i9dQZF1DWVfS4Cdd3PNf,5qMrDH1pbfgDcLU3dH3B0j,spotify:track:5qMrDH1pbfgDcLU3dH3B0j,,"Dido and Aeneas, Z.626 / Act 3: ""Thy Hand Belinda - When I Am Laid In Earth""",0,"Henry Purcell,Catherine Bott,Academy of Ancient Music,Christopher Hogwood",Purcell: Dido & Aeneas,0.962,0.138,246240,0.0179,0.000603,6,0.233,-28.041,0,0.0552,82.703,0.0384
classical,Opera 100: Spotify Picks,37i9dQZF1DWVfS4Cdd3PNf,43dsFFyq7JYPN8SJygpweE,spotify:track:43dsFFyq7JYPN8SJygpweE,,"Pelléas et Mélisande, L.88 / Act 3: ""Mes longs cheveux descendent""",0,"Claude Debussy,Francois Le Roux,Maria Ewing,Wiener Philharmoniker,Claudio Abbado",Debussy: Pelléas et Mélisande (2 CDs),0.975,0.294,359352,0.051,0.000698,9,0.665,-28.207,0,0.0582,122.85,0.0372
classical,Opera 100: Spotify Picks,37i9dQZF1DWVfS4Cdd3PNf,1jk1eEBDeuIuvuIbKmnhMI,spotify:track:1jk1eEBDeuIuvuIbKmnhMI,,"Salome, Op.54 / Scene 4: ""Ah! Ich habe deinen Mund geküsst, Jochanaan""",0,"Richard Strauss,Cheryl Studer,Horst Hiestermann,Orchester der Deutschen Oper Berlin,Giuseppe Sinopoli",Richard Strauss: Salome (2 CDs),0.942,0.121,275528,0.0943,0.408,1,0.241,-15.267,1,0.0427,85.095,0.0314
classical,Opera 100: Spotify Picks,37i9dQZF1DWVfS4Cdd3PNf,2Z088O7SZC87DBKZvChCFi,spotify:track:2Z088O7SZC87DBKZvChCFi,https://p.scdn.co/mp3-preview/fc837357f653eaf97c8eb39c385f60ac045a3667?cid=63a77ff40e794a12ae216a18befde98c,"Idomeneo: Atto II, sc.2. No.11 Aria Ilia ""Se il padre perdei""",24,"Wolfgang Amadeus Mozart,Freiburger Barockorchester,René Jacobs,Sunhae Im",Mozart: Idomeneo,0.98,0.27,293067,0.0614,0.00434,3,0.148,-23.329,1,0.0449,98.592,0.0861
classical,Opera 100: Spotify Picks,37i9dQZF1DWVfS4Cdd3PNf,72WfkUI9gFPplj31KxHRfc,spotify:track:72WfkUI9gFPplj31KxHRfc,,Der fliegende Hollander: Act II Scene 4: Johohoe! Traft ihr das Schiff im Meere an (Senta),0,"Richard Wagner,Anja Kampe,Royal Concertgebouw Orchestra,Andris Nelsons",Wagner: Der fliegende Holländer,0.97,0.226,419573,0.111,0.000167,7,0.19,-25.836,0,0.0635,75.184,0.0377
classical,Opera 100: Spotify Picks,37i9dQZF1DWVfS4Cdd3PNf,4gSReSG7whtyRzI2pEHNeE,spotify:track:4gSReSG7whtyRzI2pEHNeE,,"Betrothal in a Monastery, Op. 86, Act I, Tableau 1, Scene 8: ""Друзья, уходите""",0,"Sergei Prokofiev,Anatoly Mishchevsky,Kemal Abdullayev,Orchestra of the Stanislavski and Nemirovich-Danchenko Music Theatre",Prokofiev: Betrothal in a Monastery,0.863,0.182,199160,0.0232,0.125,5,0.0923,-33.688,1,0.0355,139.557,0.0614
classical,Opera 100: Spotify Picks,37i9dQZF1DWVfS4Cdd3PNf,0ye6BcI9xR5fEVDiFVE77X,spotify:track:0ye6BcI9xR5fEVDiFVE77X,https://p.scdn.co/mp3-preview/98da91041b9bf11f1b5c9c88554d0f4a4d3f813d?cid=63a77ff40e794a12ae216a18befde98c,"Dead Man Walking, Act I: Scene 2 - The drive to Angola State Prison: This journey (Sister Helen)",22,"Jake Heggie,Terence McNally,Patrick Summers,Houston Grand Opera Orchestra",Heggie: Dead Man Walking,0.957,0.297,174453,0.32,0.000453,9,0.157,-11.805,0,0.0419,102.267,0.109
classical,Opera 100: Spotify Picks,37i9dQZF1DWVfS4Cdd3PNf,1FedEIGRWkQPmveLJLoLmO,spotify:track:1FedEIGRWkQPmveLJLoLmO,,Boris Godounov - Moussorgsky after Pushkin and Karamazin/Version 1872 - Prologue - Picture 2: Long live Tsar Boris Feodorovich,19,"Modest Mussorgsky,Konstantin Pluzhnikov,Mariinsky Chorus,Mariinsky Orchestra,Valery Gergiev",Mussorgsky: Boris Godunov,0.87,0.195,246333,0.41,0.092,7,0.0809,-15.794,1,0.0707,105.317,0.116
classical,Opera 100: Spotify Picks,37i9dQZF1DWVfS4Cdd3PNf,6RuqArvzxOB22IZk5IA086,spotify:track:6RuqArvzxOB22IZk5IA086,,"Die Meistersinger von Nürnberg, WWV 96 / Act 3: ""Selig, wie die Sonne""",0,"Richard Wagner,Norman Bailey,Hannelore Bode,René Kollo,Adolfo Dallapozza,Julia Hamari,Wiener Philharmoniker,Sir Georg Solti",Wagner: Die Meistersinger Von Nurnberg (4 CDs),0.971,0.191,299305,0.175,0.0234,6,0.401,-17.968,1,0.0388,86.613,0.0397
classical,Opera 100: Spotify Picks,37i9dQZF1DWVfS4Cdd3PNf,54CyOWtY4JUNB2OSNct0js,spotify:track:54CyOWtY4JUNB2OSNct0js,https://p.scdn.co/mp3-preview/574b98d18c7c2f355a34ba661fac3ad23c5839b8?cid=63a77ff40e794a12ae216a18befde98c,"Pique dame, Op. 68, TH 10, Act III: Act III Scene 6: Uzh polnoch blizitsya - Akh! Istomilas ya gorem (Lisa)",30,"Pyotr Ilyich Tchaikovsky,Tatiana Serjan,Bavarian Radio Symphony Orchestra,Mariss Jansons","Tchaikovsky: Pique dame, Op. 68 (Live)",0.985,0.258,349160,0.129,0.000178,9,0.682,-20.432,0,0.0557,78.61,0.0395
classical,Opera 100: Spotify Picks,37i9dQZF1DWVfS4Cdd3PNf,7zmvpWFzdzbsDBu8w3KD10,spotify:track:7zmvpWFzdzbsDBu8w3KD10,,"Rigoletto / Act 3: Bella figlia dell'amore (Duca, Maddalena, Gilda, Rigoletto)",0,"Giuseppe Verdi,Luciano Pavarotti,Denyce Graves,Cheryl Studer,Vladimir Chernov,Metropolitan Opera Orchestra,James Levine",Verdi: Rigoletto (2 CDs),0.962,0.228,233040,0.269,3.28e-05,1,0.0986,-14.584,1,0.05,78.117,0.237
classical,Opera 100: Spotify Picks,37i9dQZF1DWVfS4Cdd3PNf,5MoApPX2vNibcMz1LFZIhd,spotify:track:5MoApPX2vNibcMz1LFZIhd,https://p.scdn.co/mp3-preview/a4bf3681efe964676983582767f59e8d5c0294b8?cid=63a77ff40e794a12ae216a18befde98c,King Roger: A/Roxana! jej spiew! (King Roger/Roxana/Edrisi/Chorus),22,"Karol Szymanowski,Sir Simon Rattle,City Of Birmingham Symphony Orchestra",Szymanowski: Król Roger,0.945,0.265,258267,0.0593,0.000862,10,0.118,-23.9,0,0.0446,129.388,0.0346
classical,Opera 100: Spotify Picks,37i9dQZF1DWVfS4Cdd3PNf,0lFd90J9tvVKMtaRc0MIom,spotify:track:0lFd90J9tvVKMtaRc0MIom,https://p.scdn.co/mp3-preview/801ac8212ddf780fc21910e6cf569a5d4e4dd696?cid=63a77ff40e794a12ae216a18befde98c,"Monteverdi: L'Orfeo, SV 318, Act 2: ""Possente spirto"" (Orfeo)",26,"Alessandro Striggio,Claudio Monteverdi,Philippe Jaroussky,Bérengère Sardin,Diego Fasolis,I Barocchisti",La storia di Orfeo,0.98,0.226,522893,0.112,0.00264,1,0.12,-17.877,0,0.0511,67.945,0.0395
classical,Opera 100: Spotify Picks,37i9dQZF1DWVfS4Cdd3PNf,4NvyzMLVOh0wMdgBhoh3ri,spotify:track:4NvyzMLVOh0wMdgBhoh3ri,,"Parsifal: Act II, Scene X, ""Amfortas! Die Wunde! Die Wunde!""",0,"Richard Wagner,Violeta Urmana,Gary Lehman,Valery Gergiev,Mariinsky Orchestra",Wagner: Parsifal,0.967,0.166,516293,0.117,0.117,8,0.0849,-22.158,0,0.0439,77.147,0.037
classical,Opera 100: Spotify Picks,37i9dQZF1DWVfS4Cdd3PNf,3cwa2szlmPKqZe2V6ZQcGL,spotify:track:3cwa2szlmPKqZe2V6ZQcGL,https://p.scdn.co/mp3-preview/a42919fc7aa265ed042f41c50d8800c8cc547db0?cid=63a77ff40e794a12ae216a18befde98c,"Rossini: Guillaume Tell, Act 3 Scene 3: ""Sois immobile, et vers la terre"" (Guillaume)",22,"Gioachino Rossini,Gabriel Bacquier/Royal Philharmonic Orchestra/Lamberto Gardelli,Lamberto Gardelli,Royal Philharmonic Orchestra",Rossini: Guillaume Tell,0.991,0.251,187093,0.123,0.617,1,0.133,-21.134,1,0.0447,84.121,0.0885
classical,Opera 100: Spotify Picks,37i9dQZF1DWVfS4Cdd3PNf,1dkecHBEZgIJuUn7B3dv86,spotify:track:1dkecHBEZgIJuUn7B3dv86,https://p.scdn.co/mp3-preview/c0eb3c3677695e3797da5d7884787a87517858c4?cid=63a77ff40e794a12ae216a18befde98c,"Tjenerindens Fortaelling (The Handmaid's Tale): Act I Scene 8: Offred's Bedroom (Lydia, The Double, Luke, Offred)",20,"Susanne Resmark,Morten Kramp,Hanne Fischer,Elisabeth Halling,Annita Wadsholt,Aage Haugland,Bengt-Ola Morgny,Poul Elming,Kari Hamnoy,Ulla Kudsk-Jensen,Uffe Henriksen,Lise-Lotte Nielsen,Gert Henning-Jensen,Elsebeth Lund,Anne Margrethe Dahl,Pia Hansen,Royal Danish Opera Chorus,John Laursen,Royal Danish Orchestra,Djina Mai-Mai",Ruders: The Handmaid's Tale,0.886,0.255,222333,0.0523,0.000608,5,0.126,-29.621,0,0.0544,72.108,0.0702
classical,Opera 100: Spotify Picks,37i9dQZF1DWVfS4Cdd3PNf,6iO4Ax0TvdY0lxt56bcOAX,spotify:track:6iO4Ax0TvdY0lxt56bcOAX,https://p.scdn.co/mp3-preview/9e7efe7a6cba5616142fe78772902534b11b0c41?cid=63a77ff40e794a12ae216a18befde98c,"Weber : Der Freischütz : Act 1 ""O, diese Sonne"" [Max Kuno, Kaspar, Chorus]",23,"Carl Maria von Weber,Nikolaus Harnoncourt,Berliner Philharmoniker",Weber : Der Freischütz,0.977,0.234,456666,0.0778,0.00442,0,0.123,-22.991,1,0.0451,83.561,0.12
classical,Opera 100: Spotify Picks,37i9dQZF1DWVfS4Cdd3PNf,4WFi96e4uIj8vSbbhTnbYt,spotify:track:4WFi96e4uIj8vSbbhTnbYt,https://p.scdn.co/mp3-preview/8dfdcdff9c197b13feee5abe1b239c60c06e0a74?cid=63a77ff40e794a12ae216a18befde98c,"Resurrection, Act: Act: Hymn of Satisfaction (Quartet, 4 Surgeons)",20,"Peter Maxwell Davies,Lesley-Jane Rogers,Deborah Miles-Johnson,John Bowley,Mark Rowlinson,Martyn Hill,Henry Herford,Gerald Finley,Jonathan Best,BBC Philharmonic",Maxwell Davies: Resurrection,0.973,0.221,284000,0.191,6.11e-06,5,0.684,-18.885,0,0.0597,167.768,0.0756
classical,Opera 100: Spotify Picks,37i9dQZF1DWVfS4Cdd3PNf,4fIx0q4mrpO6Q2FVspeLCr,spotify:track:4fIx0q4mrpO6Q2FVspeLCr,https://p.scdn.co/mp3-preview/4b7654bbb4b94f2da94dd704270abff1e7dc2ce7?cid=63a77ff40e794a12ae216a18befde98c,Die lustige Witwe (The Merry Widow) (2000 - Remaster): XIV. Lippen schweigen (Danilo/Hanna),23,"Franz Lehár,Eberhard Waechter/Elisabeth Schwarzkopf/Philharmonia Orchestra/Lovro von Matacic,Lovro Von Matacic,Philharmonia Orchestra",Lehár: Die Lustige Witwe,0.983,0.206,148027,0.0759,0.0101,7,0.179,-20.477,1,0.0459,84.552,0.0648
classical,Opera 100: Spotify Picks,37i9dQZF1DWVfS4Cdd3PNf,5H7BnlojvfoYDTsaWGEsly,spotify:track:5H7BnlojvfoYDTsaWGEsly,https://p.scdn.co/mp3-preview/1f5d8d48580b26f71fb42b877eba7140466ef3f1?cid=63a77ff40e794a12ae216a18befde98c,Scene 6,20,Louis Andriessen,Louis Andriessen: Rosa - The Death Of A Composer,0.97,0.346,377200,0.218,0.114,2,0.0574,-17.68,0,0.0402,132.348,0.124
classical,Opera 100: Spotify Picks,37i9dQZF1DWVfS4Cdd3PNf,1ik2k8SmRDhagwZMmhc9YH,spotify:track:1ik2k8SmRDhagwZMmhc9YH,,"Pagliacci / Act 2: ""No, Pagliaccio non son""",0,"Ruggero Leoncavallo,Luciano Pavarotti,Westminster Symphonic Choir,Philadelphia Boys Choir,Paolo Coni,Daniela Dessi,Philadelphia Orchestra,Riccardo Muti",Leoncavallo: I Pagliacci,0.965,0.316,190173,0.341,0.000149,3,0.481,-13.664,1,0.0588,87.229,0.444
classical,Opera 100: Spotify Picks,37i9dQZF1DWVfS4Cdd3PNf,0o0pQcnYkgVZqOpysTAzl9,spotify:track:0o0pQcnYkgVZqOpysTAzl9,https://p.scdn.co/mp3-preview/e5c4265e7fe813d59387a6e99557c447af62ae32?cid=63a77ff40e794a12ae216a18befde98c,Don Carlo - Highlights (1986 Digital Remaster): Scena e romanza 'Fontainbleu! Foresta immensa e solitaria' (Carlo),24,"Giuseppe Verdi,Plácido Domingo,Orchestra of the Royal Opera House, Covent Garden,Carlo Maria Giulini,Orch.Of Royal Opera House Covent Garden",Verdi: Don Carlo - Highlights,0.988,0.189,265760,0.114,0.000786,0,0.17,-23.119,1,0.0565,73.602,0.04
classical,Opera 100: Spotify Picks,37i9dQZF1DWVfS4Cdd3PNf,5atN6rqRpto2ag16d5aq91,spotify:track:5atN6rqRpto2ag16d5aq91,https://p.scdn.co/mp3-preview/b35c6e6190e8150b9022d8abff6cad44b9ec85fb?cid=63a77ff40e794a12ae216a18befde98c,"Lear: Part II Scene 6: Mein lieber Vater! (Cordelia, Lear)",20,"Aribert Reimann,Wolfgang Koch,Magnus Baldvinsson,Dietrich Volle,Michael McCown,Hans-Jurgen Lazar,Johannes Martin Kränzle,Martin Wolfel,Frank van Aken,Jeanne-Michele Charbonnet,Caroline Whisnant,Britta Stallmeister,Graham Clark,Chad Graham,Nicolai Klawa,Frankfurt Opera Chorus,Frankfurt Opera and Museum Orchestra,Sebastian Weigle","Reimann, A.: Lear [Opera]",0.597,0.179,556907,0.0597,7.39e-05,2,0.56,-23.852,1,0.052,82.234,0.0383
classical,Opera 100: Spotify Picks,37i9dQZF1DWVfS4Cdd3PNf,3KQA5GR0LfjSnuw6pNvzDx,spotify:track:3KQA5GR0LfjSnuw6pNvzDx,,"Saint Francois D'Assise / Deuxième Acte: Dieu te donne sa paix, ô bon Frère! (l'Ange, Frère Bernard)",0,"Olivier Messiaen,Dawn Upshaw,Tom Krause,Hallé,Kent Nagano",Messiaen: Saint Francois D'Assise (4 CDs),0.974,0.23,502040,0.104,0.00107,8,0.146,-23.709,1,0.0651,178.235,0.0367
classical,Opera 100: Spotify Picks,37i9dQZF1DWVfS4Cdd3PNf,51OodH4xrBAOKtLZkiJ7wQ,spotify:track:51OodH4xrBAOKtLZkiJ7wQ,,Otello / Act 1: Già nella notte densa (Love Duet),0,"Giuseppe Verdi,Plácido Domingo,Cheryl Studer,Orchestre de l'Opéra Bastille,Myung-Whun Chung",Verdi: Otello,0.982,0.268,531250,0.0729,0.0024,1,0.131,-24.554,1,0.0448,131.507,0.0398
classical,Opera 100: Spotify Picks,37i9dQZF1DWVfS4Cdd3PNf,5krfEQEoWdLo78EvVzWslg,spotify:track:5krfEQEoWdLo78EvVzWslg,,"Elektra, Op.58, TrV 223: ""Allein! Weh, ganz allein.""",0,"Richard Strauss,Birgit Nilsson,Wiener Philharmoniker,Sir Georg Solti","Strauss, R.: Elektra",0.949,0.23,568240,0.235,0.000854,5,0.508,-16.011,0,0.0574,80.18,0.0436
classical,Opera 100: Spotify Picks,37i9dQZF1DWVfS4Cdd3PNf,1bqrhbmSzItIFGal27ErSU,spotify:track:1bqrhbmSzItIFGal27ErSU,,"Tosca / Act 2: ""Vissi d'arte, vissi d'amore""",0,"Giacomo Puccini,Leontyne Price,Giuseppe Taddei,Wiener Philharmoniker,Herbert von Karajan",Puccini: Tosca,0.988,0.246,285733,0.147,0.0148,8,0.425,-20.715,1,0.0454,75.109,0.0391
classical,Opera 100: Spotify Picks,37i9dQZF1DWVfS4Cdd3PNf,4WNhmBlOHP4IBieWlWLAVz,spotify:track:4WNhmBlOHP4IBieWlWLAVz,,"Wozzeck / Act 3: Scene 2: Forest Path By A Pool. ""Dort links geht's in die Stadt""",0,"Alban Berg,Hildegard Behrens,Franz Grundheber,Wiener Philharmoniker,Claudio Abbado",Berg: Wozzeck (2 CDs),0.576,0.161,300200,0.0353,4.38e-05,6,0.641,-24.558,1,0.0458,82.694,0.0393
classical,Opera 100: Spotify Picks,37i9dQZF1DWVfS4Cdd3PNf,7eo3RYT3Hn2G2L3lKwijua,spotify:track:7eo3RYT3Hn2G2L3lKwijua,,"L'heure espagnole, Comédie en un acte, M.52 - Poème de Franc-Nohain: Oh! la pitoyable aventure! (Scenes XVII-XIX)",0,"Maurice Ravel,Jane Berbié,Michel Sénéchal,R.T.F. National Orchestre,Lorin Maazel",Ravel: L'Enfant Et Les Sortilèges; L'Heure Espagnole (2 CDs),0.968,0.285,171200,0.135,0.00923,2,0.21,-19.17,0,0.0651,147.095,0.135
classical,Opera 100: Spotify Picks,37i9dQZF1DWVfS4Cdd3PNf,1Add5yTZ7CGHRX1vxuj6EQ,spotify:track:1Add5yTZ7CGHRX1vxuj6EQ,,Atto secondo: Scena VII,0,"Salvatore Sciarrino,Ensemble Algoritmo,Marco Angius",Sciarrino: Luci mie traditrici,0.959,0.304,316987,0.182,2.95e-05,11,0.674,-27.861,1,0.551,98.448,0.0644
classical,Opera 100: Spotify Picks,37i9dQZF1DWVfS4Cdd3PNf,21xDAmPAhhz47uKqOwZUBP,spotify:track:21xDAmPAhhz47uKqOwZUBP,https://p.scdn.co/mp3-preview/1fb19875e27fbdec10b5a3787e01450a8061bacf?cid=63a77ff40e794a12ae216a18befde98c,"A Village Romeo and Juliet - Music drama in six scenes from Gottfried Keller's novel, Scene IV. Interior of Marti's house: Ah, the darkness has come (Vrenchen, Sali)",23,"Frederick Delius,Robert Tear/Elizabeth Harwood/Royal Philharmonic Orchestra/Meredith Davies,Meredith Davies,Royal Philharmonic Orchestra",Delius: A Village Romeo and Juliet,0.976,0.234,180547,0.133,0.569,5,0.136,-15.602,0,0.0419,65.621,0.0394
classical,Opera 100: Spotify Picks,37i9dQZF1DWVfS4Cdd3PNf,3DzGacy3bpD2cu6RSkrzLj,spotify:track:3DzGacy3bpD2cu6RSkrzLj,https://p.scdn.co/mp3-preview/433f75e44d4154589aa99e9b9a0407b469eca3ce?cid=63a77ff40e794a12ae216a18befde98c,"War and Peace, Op. 91: Voyna i mir (War and Peace), Op. 91: Scene 1: Svetlaje vesenneje nebo",23,"Sergei Prokofiev,Dmitri Hvorostovsky,Asmik Grigorian,Irina Shishkova,State Academic Symphony Orchestra ""Evgeny Svetlanov"",Constantine Orbelian","War, Peace, Love & Sorrow",0.949,0.201,705824,0.194,0.00611,1,0.0929,-17.975,1,0.0475,168.757,0.0749
classical,Opera 100: Spotify Picks,37i9dQZF1DWVfS4Cdd3PNf,0NebEanbhd56GkXa50TR5E,spotify:track:0NebEanbhd56GkXa50TR5E,,Hary Janos: N°29 Air de Háry,0,"Zoltán Kodály,Bela Perencz,Orchestre National De Montpellier - L.R.,Friedemann Layer",Kodaly: Hary Janos,0.966,0.155,126160,0.0257,0.102,0,0.419,-28.712,1,0.0372,83.337,0.0396
classical,Opera 100: Spotify Picks,37i9dQZF1DWVfS4Cdd3PNf,0hpa9TlngvM5ODZDE2epdI,spotify:track:0hpa9TlngvM5ODZDE2epdI,,Aida / Act 2: Marcia,0,"Giuseppe Verdi,Wiener Philharmoniker,Herbert von Karajan",Verdi: Aida (2 CDs),0.868,0.369,379667,0.119,0.826,5,0.377,-20.305,0,0.0476,146.37,0.26
classical,Opera 100: Spotify Picks,37i9dQZF1DWVfS4Cdd3PNf,02IWJyjJCHXnd4ZBJzum6P,spotify:track:02IWJyjJCHXnd4ZBJzum6P,https://p.scdn.co/mp3-preview/186217726d128a45ba316933b53791fb6793ccbd?cid=63a77ff40e794a12ae216a18befde98c,Twice Through the Heart: No. 3. Love,20,"Mark-Anthony Turnage,Sarah Connolly,London Philharmonic Orchestra,Marin Alsop","Turnage, M.-A.: Twice Through the Heart / Torn Fields (The) / Hidden Love Song",0.95,0.213,231547,0.0603,0.00108,7,0.0929,-23.161,1,0.0481,171.28,0.0395
classical,Opera 100: Spotify Picks,37i9dQZF1DWVfS4Cdd3PNf,54cfPjBAIjMcbTNhamfBty,spotify:track:54cfPjBAIjMcbTNhamfBty,https://p.scdn.co/mp3-preview/83955defb5591ed041d64267933e210b4a38f981?cid=63a77ff40e794a12ae216a18befde98c,"La serva padrona: Intermezzo I: Aria: Stizzoso, mio stizzoso, voi fate il borioso (Serpina)",23,"Giovanni Battista Pergolesi,I Solisti Liriensi,Angela Nisi,Flavio Emilio Scogna",Pergolesi: La Serva Padrona & Salve Regina,0.947,0.644,215066,0.0495,0.0,9,0.177,-20.5,1,0.054,116.443,0.645
classical,Opera 100: Spotify Picks,37i9dQZF1DWVfS4Cdd3PNf,36NPYwniSKwjf04hVDKcS7,spotify:track:36NPYwniSKwjf04hVDKcS7,https://p.scdn.co/mp3-preview/ab1b60b49f23a44ce31ebdeeca6eed52f24c3978?cid=63a77ff40e794a12ae216a18befde98c,"Intolleranza 1960 (Sung in German): Act I Scene 5: Die Folterung (Tortured Emigrants, Voice of Sartre)",20,"Luigi Nono,Wolfgang Neumann,Maria Kowollik,Judy Berry,Ina Schlingensiepen,Armin Kolarczyk,Bart Driessen,Anne-Katrin Auch,Wolfgang von Borries,Heinrich Brockerhoff,Achim Rikus,Bremen Theatre Chorus,Bremen Theatre Extra Chorus,Bremen Philharmonic Orchestra,Gabriel Feltz",Nono: Intolleranza 1960,0.971,0.161,256827,0.068,0.373,5,0.101,-24.34,0,0.0416,72.683,0.0318
classical,Opera 100: Spotify Picks,37i9dQZF1DWVfS4Cdd3PNf,6bnDla4VOr2JBtyK3AeZEJ,spotify:track:6bnDla4VOr2JBtyK3AeZEJ,,Fidelio op.72 - Edited Helga Lühning & Robert Didio / Act 1: O welche Lust,1,"Ludwig van Beethoven,Juan Sebastian Acosta,Levente Pall,Arnold Schoenberg Chor,Lucerne Festival Orchestra,Mahler Chamber Orchestra,Claudio Abbado",Beethoven: Fidelio,0.938,0.166,416173,0.0144,0.00192,10,0.0793,-28.753,1,0.0421,99.771,0.0402
classical,Opera 100: Spotify Picks,37i9dQZF1DWVfS4Cdd3PNf,0YE9LKaMhIt7qeMjk9oDbB,spotify:track:0YE9LKaMhIt7qeMjk9oDbB,,Lulu: Act I: Uber die liesse sich freilich eine interessante Oper schreibe,0,"Alban Berg,Anat Efraty,Doris Soffel,Monica Minarelli,Adalbert Waller,Claude Pia,Jurgen Linn,Ian Storey,Theo Adam,Roderick Kennedy,Ezio Di Cesare,Bodo Schwanbeck,Palermo Orchestra Sinfonica del Teatro Massimo,Stefan Anton Reck",Berg: Lulu,0.975,0.294,293400,0.282,6.45e-06,8,0.704,-14.912,1,0.0678,86.862,0.182
classical,Opera 100: Spotify Picks,37i9dQZF1DWVfS4Cdd3PNf,3bnsBfPcpsCT60fs7R2M02,spotify:track:3bnsBfPcpsCT60fs7R2M02,,"La Bohème / Act 1: ""Sì. Mi chiamano Mimì"" - Live",35,"Giacomo Puccini,Anna Netrebko,Bavarian Radio Symphony Orchestra,Bertrand de Billy",Puccini: La Bohème,0.972,0.191,318653,0.0766,7.87e-05,2,0.138,-22.998,1,0.0548,84.64,0.0358
classical,Opera 100: Spotify Picks,37i9dQZF1DWVfS4Cdd3PNf,6eGrI7OrtT1JJPRTM08ppo,spotify:track:6eGrI7OrtT1JJPRTM08ppo,https://p.scdn.co/mp3-preview/06cb1e5bbe01e6ec6f73e884eccc8e6efa17f0d8?cid=63a77ff40e794a12ae216a18befde98c,Act 1 sc iv: Strohmian!,20,"Christopher Ventris,Orchestra of English National Opera,Sian Edwards,Nicholas Folwell,Anne-Marie Owens",Judith Weir: Blond Eckbert/ Ancora,0.979,0.416,322760,0.134,0.00113,2,0.0992,-21.133,0,0.0732,85.125,0.105
classical,Opera 100: Spotify Picks,37i9dQZF1DWVfS4Cdd3PNf,4uxvvTbmuTKJky7w2LVXTW,spotify:track:4uxvvTbmuTKJky7w2LVXTW,,"Don Giovanni, ossia Il dissoluto punito, K.527 / Act 2: ""Don Giovanni, a cenar teco m'invitasti""",31,"Wolfgang Amadeus Mozart,Vitalij Kowaljow,Ildebrando D'Arcangelo,Luca Pisaroni,Mahler Chamber Orchestra,Yannick Nézet-Séguin,Vocalensemble Rastatt",Mozart: Don Giovanni,0.976,0.215,391747,0.262,0.445,7,0.288,-13.525,0,0.0425,75.554,0.0922
classical,Opera 100: Spotify Picks,37i9dQZF1DWVfS4Cdd3PNf,5EP9j9Ap5JpTSHoA1lcOJx,spotify:track:5EP9j9Ap5JpTSHoA1lcOJx,https://p.scdn.co/mp3-preview/fc8cb42fa5b5a73ac7a66539c95584ca06678fc4?cid=63a77ff40e794a12ae216a18befde98c,"The Consul: Act I Scene 2: Next. Yes … What can I do for you? (Secretary, Mr Kofner)",20,"Gian Carlo Menotti,Susan Bullock,Louis Otey,Jacalyn Kreitzer,Charles Robert Austin,Victoria Livengood,Herbert Eckhoff,Giovanna Manci,Robin Blitch Wiper,Malin Fritz,John Horton Murray,Graeme Broadbent,Spoleto Festival Orchestra,Richard Hickox",Menotti: Consul (The),0.894,0.309,201733,0.0562,0.000124,5,0.126,-31.473,0,0.0868,172.214,0.281
classical,Opera 100: Spotify Picks,37i9dQZF1DWVfS4Cdd3PNf,3Q2lFY6TyuBibeWPfpliw0,spotify:track:3Q2lFY6TyuBibeWPfpliw0,,"Le Grand Macabre: Akt I - Dies irae, dies illa",0,"György Ligeti,Elgar Howarth / ORF SO / ORF Chor",György Ligeti: Le Grand Macabre (GA),0.972,0.311,396333,0.103,3.89e-05,10,0.412,-22.747,1,0.049,76.541,0.0386
classical,Opera 100: Spotify Picks,37i9dQZF1DWVfS4Cdd3PNf,2W7o0LVM6OYWbBaPriviTJ,spotify:track:2W7o0LVM6OYWbBaPriviTJ,,Greek - Act 2: Scene 1b (Love Aria),0,"Mark-Anthony Turnage,Fiona Kimm,The Greek Ensemble,Richard Bernas",Turnage: Greek,0.945,0.216,241840,0.0309,9.18e-05,8,0.542,-28.32,1,0.0528,173.874,0.0567
classical,Opera 100: Spotify Picks,37i9dQZF1DWVfS4Cdd3PNf,4JPRJHDWLftS6n3u4Zcpf6,spotify:track:4JPRJHDWLftS6n3u4Zcpf6,https://p.scdn.co/mp3-preview/0f1dd4ef95b963be00d1829165b10f2d561031b3?cid=63a77ff40e794a12ae216a18befde98c,Punch and Judy: Toccata I B,19,"Harrison Birtwistle,Jan DeGaetani,Philip Langridge,Stephen Roberts,David Wilson-Johnson,John Tomlinson,London Sinfonietta,David Atherton",Harrison Birtwistle: Punch and Judy,0.951,0.292,319867,0.0406,0.00151,7,0.487,-28.674,1,0.0417,114.267,0.0401
classical,Opera 100: Spotify Picks,37i9dQZF1DWVfS4Cdd3PNf,3QUShBbj1UqfpwElf4C2Ol,spotify:track:3QUShBbj1UqfpwElf4C2Ol,https://p.scdn.co/mp3-preview/e7793534e24d23332d59d182ed5b586fc09739a9?cid=63a77ff40e794a12ae216a18befde98c,Troilus and Cressida: Act II Scene 2: The Storm,19,"William Walton,Judith Howarth,Yvonne Howard,Arthur Davies,Nigel Robson,Brian Cookson,Peter Bodenham,Keith Mills,Alan Opie,James Thornton,Clive Bayley,Bruce Budd,Stephen Dowson,David Owen-Lewis,Opera North Chorus,English Northern Philharmonia,Richard Hickox",Walton: Troilus and Cressida,0.905,0.188,181440,0.456,0.912,2,0.146,-14.81,0,0.0523,139.503,0.0372
classical,Opera 100: Spotify Picks,37i9dQZF1DWVfS4Cdd3PNf,7lJWM5iDwWvRS3sACcQSO5,spotify:track:7lJWM5iDwWvRS3sACcQSO5,https://p.scdn.co/mp3-preview/e988c4e020986254887642bf0da9063a3e0db739?cid=63a77ff40e794a12ae216a18befde98c,"Moses und Aron, Act I Scene 2: Act I Scene 2: Du Sohn meiner Vater … (Son of my fathers … ) (Aaron, Moses)",20,"Arnold Schoenberg,Andreas Conrad,SWR Symphony Orchestra,Franz Grundheber,Sylvain Cambreling",Schönberg: Moses und Aron,0.948,0.327,452080,0.137,0.000343,0,0.0727,-21.151,0,0.0497,134.308,0.0666
classical,Opera 100: Spotify Picks,37i9dQZF1DWVfS4Cdd3PNf,54KB2z5zVDiC4U6Nn7L1OX,spotify:track:54KB2z5zVDiC4U6Nn7L1OX,https://p.scdn.co/mp3-preview/ea5cd3473036222e6b2d2c1e438f726999c12a00?cid=63a77ff40e794a12ae216a18befde98c,"Powder Her Face (an Opera in two acts) Op.14, ACT I, Scene 5: Nineteen fifty-three: Is Daddy squiffy?",19,Thomas Adès,Adès: Powder Her Face,0.937,0.418,343360,0.119,1.42e-05,9,0.5,-23.568,0,0.19,97.893,0.14
classical,Opera 100: Spotify Picks,37i9dQZF1DWVfS4Cdd3PNf,4ug5ayQ3HypdIZ93uALBOp,spotify:track:4ug5ayQ3HypdIZ93uALBOp,,"Cavalleria rusticana: ""Voi lo sapete, o mamma""",0,"Pietro Mascagni,Elina Garanca,Orquestra de la Comunitat Valenciana,Roberto Abbado",Revive,0.982,0.207,218400,0.181,0.000332,4,0.167,-17.19,0,0.0483,167.621,0.0395
classical,Opera 100: Spotify Picks,37i9dQZF1DWVfS4Cdd3PNf,32FTr9lFTv5fj4ITjJYkiF,spotify:track:32FTr9lFTv5fj4ITjJYkiF,,"Scenes From ""Elegy For Young Lovers"" - German Version By L. Landgraf With The Collaboration Of W. Schachteli & H.W. Henze: Ah! Schnee fällt aufs Blütenmeer",0,"Hans Werner Henze,Liane Dubin,Catherine Gayer,Martha Mödl,Dietrich Fischer-Dieskau,Thomas Hemsley,Loren Driscoll,Berlin Radio Symphony Orchestra, members,Members of the Orchestra of the Deutsche Oper, Berlin","Henze: Scenes from ""Elegy for Young Lovers""",0.97,0.218,570000,0.0492,0.000838,9,0.272,-23.062,0,0.0541,75.375,0.0386
classical,Opera 100: Spotify Picks,37i9dQZF1DWVfS4Cdd3PNf,1P4KspWzI9n8LhhpOxqZju,spotify:track:1P4KspWzI9n8LhhpOxqZju,,Die Dreigroschenoper: Moritat von Mackie Messer,0,"Kurt Weill,Rolf Boysen,Rias-Sinfonietta Berlin,John Mauceri",Weill: The Threepenny Opera,0.943,0.422,177533,0.121,6.19e-05,2,0.323,-21.779,0,0.0553,151.786,0.492
