category_id,playlist_name,playlist_id,track_id,track_uri,track_preview_url,track_name,track_popularity,artist_name,album_name,acousticness,danceability,duration_ms,energy,instrumentalness,key,liveness,loudness,mode,speechiness,tempo,valence
afro,This Is Sarkodie,37i9dQZF1DZ06evNZWvDTe,4EMOdqB2ALVMtd7vUWMjGZ,spotify:track:4EMOdqB2ALVMtd7vUWMjGZ,https://p.scdn.co/mp3-preview/90e9f8fbd3f71a97fbfae9967401c4d2160bf98f?cid=63a77ff40e794a12ae216a18befde98c,Adonai,49,"Sarkodie,Castro","Sarkodie, Vol. 2",0.342,0.843,291782,0.675,0.0,3,0.0462,-4.099,0,0.0669,109.974,0.909
afro,This Is Sarkodie,37i9dQZF1DZ06evNZWvDTe,5UvmENfyhzYVzKskDyWeoR,spotify:track:5UvmENfyhzYVzKskDyWeoR,https://p.scdn.co/mp3-preview/cab6f73ed0dba809fa8c22a897876fa219f60d68?cid=63a77ff40e794a12ae216a18befde98c,Can't Let You Go,45,"Sarkodie,King Promise",Can't Let You Go,0.389,0.874,216059,0.772,4.03e-05,6,0.223,-5.716,1,0.0447,107.059,0.7
afro,This Is Sarkodie,37i9dQZF1DZ06evNZWvDTe,2jDsxJzo2Trdr6aGRMhqG1,spotify:track:2jDsxJzo2Trdr6aGRMhqG1,https://p.scdn.co/mp3-preview/b15719876f378b96edd020d5750abda81585736b?cid=63a77ff40e794a12ae216a18befde98c,Pain Killer (feat. RunTown),44,"Sarkodie,Runtown",Pain Killer (feat. RunTown),0.522,0.853,219272,0.775,0.00348,4,0.0684,-4.111,0,0.0581,101.999,0.963
afro,This Is Sarkodie,37i9dQZF1DZ06evNZWvDTe,0aUfOf3FhEd8IKCjCHJDky,spotify:track:0aUfOf3FhEd8IKCjCHJDky,,No Kissing Baby,44,"Patoranking,Sarkodie",God Over Everything,0.132,0.766,221600,0.731,4.5e-06,9,0.0276,-6.629,0,0.0806,104.983,0.9
afro,This Is Sarkodie,37i9dQZF1DZ06evNZWvDTe,2uhNP5JVU6OVoL5lOvH1tR,spotify:track:2uhNP5JVU6OVoL5lOvH1tR,https://p.scdn.co/mp3-preview/4a6bd3736831ba16e5055b04e54d0fa7a6bcb952?cid=63a77ff40e794a12ae216a18befde98c,One Shot (feat. Shatta Wale & Sarkodie),37,"R2Bees,Shatta Wale,Sarkodie",One Shot (feat. Shatta Wale & Sarkodie),0.208,0.876,220421,0.841,0.0,0,0.147,-2.293,1,0.0443,114.988,0.875
afro,This Is Sarkodie,37i9dQZF1DZ06evNZWvDTe,5gq81BUsGIyURFpFhmPeG3,spotify:track:5gq81BUsGIyURFpFhmPeG3,https://p.scdn.co/mp3-preview/89b99f5fe35b294bd8394e886e0652b5d471dc62?cid=63a77ff40e794a12ae216a18befde98c,Anointing (feat. Sarkodie),38,"Mr Eazi,Sarkodie",Anointing (feat. Sarkodie),0.199,0.61,216547,0.367,2.07e-06,1,0.0684,-10.952,1,0.335,100.698,0.498
afro,This Is Sarkodie,37i9dQZF1DZ06evNZWvDTe,1GJ8gHHYkSGAVT97uYoESO,spotify:track:1GJ8gHHYkSGAVT97uYoESO,https://p.scdn.co/mp3-preview/fd8bcfacc238997892cc7949c91aa3a9d6360dc7?cid=63a77ff40e794a12ae216a18befde98c,Sake Of Love,35,"Flavour,Sarkodie",Ijele The Traveler,0.226,0.551,237740,0.498,0.0,0,0.0923,-7.885,1,0.428,65.916,0.901
afro,This Is Sarkodie,37i9dQZF1DZ06evNZWvDTe,3LGxtVHQEP4V71CMO6bWG6,spotify:track:3LGxtVHQEP4V71CMO6bWG6,https://p.scdn.co/mp3-preview/363bdbd5674db3371039ad5c7eb66b0f4477f7bf?cid=63a77ff40e794a12ae216a18befde98c,Your Waist,35,"Sarkodie,Flavour",Highest,0.118,0.842,213333,0.716,0.0,11,0.0667,-6.112,0,0.084,107.996,0.829
afro,This Is Sarkodie,37i9dQZF1DZ06evNZWvDTe,4Ql8dfmVkKEVz0ZMnvw8xi,spotify:track:4Ql8dfmVkKEVz0ZMnvw8xi,https://p.scdn.co/mp3-preview/9c406e24971caf34c0475651128491eda5c44c90?cid=63a77ff40e794a12ae216a18befde98c,Chingam (feat. Bisa Kdei),31,"Sarkodie,Bisa Kdei",Chingam (feat. Bisa Kdei),0.311,0.768,214014,0.851,0.0,0,0.386,-4.947,0,0.144,107.981,0.701
afro,This Is Sarkodie,37i9dQZF1DZ06evNZWvDTe,3elGAya8lU9d2dC1J4QYuh,spotify:track:3elGAya8lU9d2dC1J4QYuh,https://p.scdn.co/mp3-preview/2e23f2d3ea61ec47d3aec77862315c86016c96b8?cid=63a77ff40e794a12ae216a18befde98c,Down on One (feat. Fuse Odg),32,"Sarkodie,Fuse ODG",Sarkology,0.115,0.841,227030,0.894,3.66e-06,9,0.0394,-3.696,0,0.105,128.983,0.967
afro,This Is Sarkodie,37i9dQZF1DZ06evNZWvDTe,1N0wl7Tnt71suc5maETBxM,spotify:track:1N0wl7Tnt71suc5maETBxM,https://p.scdn.co/mp3-preview/904a76ca5b44d8d303e459e22df7ebdb21fc3c2b?cid=63a77ff40e794a12ae216a18befde98c,Kill'N me Softly,35,"Naeto C,Sarkodie",Kill'N me Softly,0.125,0.801,228754,0.656,8.8e-05,2,0.118,-7.968,0,0.133,106.071,0.882
afro,This Is Sarkodie,37i9dQZF1DZ06evNZWvDTe,0UyqB29vUuveKq8ftX7tLD,spotify:track:0UyqB29vUuveKq8ftX7tLD,https://p.scdn.co/mp3-preview/ec2bdf18aa11ba97cac08f87c4f64cdda7bbdd2a?cid=63a77ff40e794a12ae216a18befde98c,I Know,31,"Sarkodie,Reekado Banks",I Know,0.643,0.763,187925,0.772,0.0,8,0.12,-4.264,1,0.127,105.955,0.9
afro,This Is Sarkodie,37i9dQZF1DZ06evNZWvDTe,7ceisg9MpCeJoLaoPfyu0V,spotify:track:7ceisg9MpCeJoLaoPfyu0V,https://p.scdn.co/mp3-preview/24d98d10bd29572662508b5f1d233a46f2b772b5?cid=63a77ff40e794a12ae216a18befde98c,Tonga,36,"Joey B,Sarkodie",Tonga,0.13,0.901,202346,0.645,7.64e-06,1,0.0969,-4.987,1,0.0589,108.04,0.538
afro,This Is Sarkodie,37i9dQZF1DZ06evNZWvDTe,7E51qlKkIS4DJEoieDDM2A,spotify:track:7E51qlKkIS4DJEoieDDM2A,https://p.scdn.co/mp3-preview/b4949d06bcf53682b06c2658592dd7f23f349c24?cid=63a77ff40e794a12ae216a18befde98c,One Chance (feat. Timaya),30,"Sarkodie,Timaya",Sarkology,0.261,0.851,244052,0.954,0.0,5,0.0921,-3.074,0,0.0758,129.976,0.903
afro,This Is Sarkodie,37i9dQZF1DZ06evNZWvDTe,1J2utUpdQuOg4FkFl0zNSD,spotify:track:1J2utUpdQuOg4FkFl0zNSD,https://p.scdn.co/mp3-preview/e2e4c224a541507fe1de865cf7dfd85d2a531698?cid=63a77ff40e794a12ae216a18befde98c,Psalm 35,32,"Wendy Shay,Kuami Eugene,Sarkodie",Psalm 35,0.242,0.799,212376,0.686,0.0,6,0.0692,-7.525,1,0.0616,103.984,0.951
afro,This Is Sarkodie,37i9dQZF1DZ06evNZWvDTe,3tB904xJ8c06z3QR26QJNi,spotify:track:3tB904xJ8c06z3QR26QJNi,https://p.scdn.co/mp3-preview/2f13b270c82528dab2a05e786a441371d9c6211d?cid=63a77ff40e794a12ae216a18befde98c,M3gye Wo Girl,27,"Sarkodie,Shatta Wale","Sarkodie, Vol. 4",0.325,0.869,211540,0.87,0.0,2,0.0434,-5.787,0,0.0803,115.994,0.935
afro,This Is Sarkodie,37i9dQZF1DZ06evNZWvDTe,0jVd212WpucXRGRR6m5Quc,spotify:track:0jVd212WpucXRGRR6m5Quc,https://p.scdn.co/mp3-preview/0774c80dc74fc235c3e1e916d0ffd00906fcf19d?cid=63a77ff40e794a12ae216a18befde98c,Didi (feat. Kelvynboy & Strongman),28,"Sarkodie,Kelvynboy,Strongman",Didi (feat. Kelvynboy & Strongman),0.072,0.936,230426,0.853,0.0,1,0.0439,-3.621,1,0.248,103.982,0.805
afro,This Is Sarkodie,37i9dQZF1DZ06evNZWvDTe,0jFGFUFKNuTTRE2j2gSI8Y,spotify:track:0jFGFUFKNuTTRE2j2gSI8Y,https://p.scdn.co/mp3-preview/2b362ea4ba8bcf499e8a16b91bf382b1b1a29132?cid=63a77ff40e794a12ae216a18befde98c,Bambi Too,41,"Jidenna,Maleek Berry,Quavo,Sarkodie",Boomerang,0.186,0.54,275440,0.659,0.0,5,0.148,-4.708,1,0.0417,104.966,0.087
afro,This Is Sarkodie,37i9dQZF1DZ06evNZWvDTe,4XVPHQOQlIPYsX8D2GW8uu,spotify:track:4XVPHQOQlIPYsX8D2GW8uu,https://p.scdn.co/mp3-preview/0f6d7c6cb1d0de0351db4dfdd0f48886c047ca94?cid=63a77ff40e794a12ae216a18befde98c,Mary,24,Sarkodie,Mary,0.643,0.786,261009,0.734,0.0,7,0.436,-5.437,1,0.0579,99.996,0.752
afro,This Is Sarkodie,37i9dQZF1DZ06evNZWvDTe,666Ss7MxUYdNbi2OZaLb6s,spotify:track:666Ss7MxUYdNbi2OZaLb6s,https://p.scdn.co/mp3-preview/b81b85ca01aed8851629e380477603e8c0190ff5?cid=63a77ff40e794a12ae216a18befde98c,You Go Kill Me (feat. El),28,Sarkodie,You Go Kill Me (feat. El) - Single,0.0943,0.868,225693,0.877,0.0,9,0.0546,-3.719,0,0.063,118.967,0.775
afro,This Is Sarkodie,37i9dQZF1DZ06evNZWvDTe,724PdlrgSmBpqUvuGtzksA,spotify:track:724PdlrgSmBpqUvuGtzksA,https://p.scdn.co/mp3-preview/d1335350f1d2d5b93bfa5259fe7d7cc8def6c697?cid=63a77ff40e794a12ae216a18befde98c,Far Away,28,"Sarkodie,Korede Bello",Highest,0.3,0.783,276401,0.494,0.0,7,0.0733,-9.29,1,0.0385,109.028,0.736
afro,This Is Sarkodie,37i9dQZF1DZ06evNZWvDTe,0z5D77moSgBkYr529VORmi,spotify:track:0z5D77moSgBkYr529VORmi,https://p.scdn.co/mp3-preview/3f57dba07e22decd5651e5ad6637b731e1208d11?cid=63a77ff40e794a12ae216a18befde98c,Vybe,32,"Cuppy,Sarkodie",Vybe,0.00909,0.824,204617,0.749,0.00523,4,0.0597,-5.244,0,0.11,104.993,0.626
afro,This Is Sarkodie,37i9dQZF1DZ06evNZWvDTe,7E0KDOByWpvZBX83SJua0e,spotify:track:7E0KDOByWpvZBX83SJua0e,https://p.scdn.co/mp3-preview/42fbff15b8dfec4c1e73f330990847ffcc486cd8?cid=63a77ff40e794a12ae216a18befde98c,Hope (Brighter Day),27,"Sarkodie,Obrafour",Hope (Brighter Day),0.401,0.517,316421,0.725,0.0,7,0.12,-5.589,1,0.259,84.295,0.357
afro,This Is Sarkodie,37i9dQZF1DZ06evNZWvDTe,6Zb7dUqj1DyGgJu90TMerQ,spotify:track:6Zb7dUqj1DyGgJu90TMerQ,https://p.scdn.co/mp3-preview/3d7cf6c33016ded1295bf69a28dda849af6edb19?cid=63a77ff40e794a12ae216a18befde98c,Pon D Ting (feat. Banky W),26,"Sarkodie,Banky W.",Sarkology,0.0783,0.618,251847,0.831,0.0,11,0.0847,-5.041,0,0.272,128.328,0.626
afro,This Is Sarkodie,37i9dQZF1DZ06evNZWvDTe,4kdK6PSM5u7jQAwmOQFO2u,spotify:track:4kdK6PSM5u7jQAwmOQFO2u,https://p.scdn.co/mp3-preview/39c2f53c2d9273c1379d528d2fecf6beb88aa4c1?cid=63a77ff40e794a12ae216a18befde98c,Love Yourself,27,"Sarkodie,Moelogo",Highest,0.358,0.835,180000,0.644,1.54e-06,8,0.105,-8.362,0,0.145,103.954,0.642
afro,This Is Sarkodie,37i9dQZF1DZ06evNZWvDTe,36CI9e78x0yeoOAOKH5hXr,spotify:track:36CI9e78x0yeoOAOKH5hXr,,Chalice - Africa Remix,37,"Donae'o,Sarkodie,Patoranking",Chalice (Remixes),0.141,0.733,199250,0.813,0.0,7,0.0995,-2.132,1,0.36,101.158,0.902
afro,This Is Sarkodie,37i9dQZF1DZ06evNZWvDTe,0TRwbnQJECyqhioDRdnq9E,spotify:track:0TRwbnQJECyqhioDRdnq9E,https://p.scdn.co/mp3-preview/8f36394f458208dae20e59073ebd07941e4dfb39?cid=63a77ff40e794a12ae216a18befde98c,Biibi Ba,29,"Sarkodie,Frequency,Yeyo,Amerado,Cj Biggerman,Tulenkey,Kofi Mole,Lyrical Joe,Toy Boi,2 Fyngers,OBkay",Biibi Ba,0.634,0.822,457143,0.928,0.0,1,0.119,-4.912,1,0.262,126.084,0.489
afro,This Is Sarkodie,37i9dQZF1DZ06evNZWvDTe,1EbemMlDXF9Bpm400QUiZ4,spotify:track:1EbemMlDXF9Bpm400QUiZ4,https://p.scdn.co/mp3-preview/682b65b2ed72c8fa24989c6c19efe3bd6fa44eb1?cid=63a77ff40e794a12ae216a18befde98c,Friends to Enemies,27,"Sarkodie,Yung L",Friends to Enemies,0.174,0.673,229825,0.744,0.0,11,0.155,-7.876,1,0.346,88.372,0.404
afro,This Is Sarkodie,37i9dQZF1DZ06evNZWvDTe,2EhKLmmOarzJtzmZv7IuTi,spotify:track:2EhKLmmOarzJtzmZv7IuTi,https://p.scdn.co/mp3-preview/dabe877990c0d33fee5b768e2e128dd5f3351856?cid=63a77ff40e794a12ae216a18befde98c,Gboza,25,Sarkodie,Gboza,0.123,0.939,199340,0.819,0.0,2,0.0891,-4.764,1,0.0914,113.01,0.368
afro,This Is Sarkodie,37i9dQZF1DZ06evNZWvDTe,55vXTF5Pv3UoyaixvbBkQp,spotify:track:55vXTF5Pv3UoyaixvbBkQp,https://p.scdn.co/mp3-preview/c8fecc35f581438ee7fd155f6a5699db053653a3?cid=63a77ff40e794a12ae216a18befde98c,Always on My Mind (feat. Obrafour),23,"Sarkodie,Obrafour",Mary,0.434,0.68,287261,0.63,0.0,9,0.0812,-4.584,1,0.114,82.489,0.45
afro,This Is Sarkodie,37i9dQZF1DZ06evNZWvDTe,1xwKaIzLvZ0UlVYr5Opll7,spotify:track:1xwKaIzLvZ0UlVYr5Opll7,https://p.scdn.co/mp3-preview/aa2057bb09b04669144f1c7f83f40359e7945c5b?cid=63a77ff40e794a12ae216a18befde98c,Love Rocks (feat. Samini),23,"Sarkodie,Samini",Love Rocks (feat. Samini),0.294,0.709,204984,0.745,0.0,7,0.0752,-5.594,0,0.243,75.956,0.631
afro,This Is Sarkodie,37i9dQZF1DZ06evNZWvDTe,74aoOTxo4VCVagdwBw7A3R,spotify:track:74aoOTxo4VCVagdwBw7A3R,,Ma Paki Mé Niéma,35,"Gradur,Sarkodie",ShegueyVara 2,0.173,0.853,139827,0.779,0.0,9,0.448,-5.784,1,0.262,131.005,0.498
afro,This Is Sarkodie,37i9dQZF1DZ06evNZWvDTe,6UXt4vMNKIFTr2nPbhnEv1,spotify:track:6UXt4vMNKIFTr2nPbhnEv1,https://p.scdn.co/mp3-preview/a8ab03617d7254e741a06ed22ea2fa3ee8b274a6?cid=63a77ff40e794a12ae216a18befde98c,Glory,25,"Sarkodie,Yung L",Highest,0.507,0.455,201750,0.817,0.0,5,0.0973,-5.501,1,0.178,193.985,0.52
afro,This Is Sarkodie,37i9dQZF1DZ06evNZWvDTe,5eW0EsC17JzdGZiBiXzffU,spotify:track:5eW0EsC17JzdGZiBiXzffU,https://p.scdn.co/mp3-preview/dcb49a6c0a0fc09bafaa6b8a97523eee83734b44?cid=63a77ff40e794a12ae216a18befde98c,Moesha,27,"Obrafour,Sarkodie",Moesha,0.305,0.851,242243,0.839,7.89e-06,5,0.0706,-2.782,1,0.243,107.003,0.964
afro,This Is Sarkodie,37i9dQZF1DZ06evNZWvDTe,4vKO4U7OCu9lcWnW7NkZmp,spotify:track:4vKO4U7OCu9lcWnW7NkZmp,https://p.scdn.co/mp3-preview/bc79dac03fff8a774e381b19d7fc1b427365255f?cid=63a77ff40e794a12ae216a18befde98c,Rns Rich Nigga Shit,22,Sarkodie,Rns Rich Nigga Shit,0.122,0.967,202224,0.85,0.0,11,0.0348,-2.94,0,0.082,107.991,0.533
afro,This Is Sarkodie,37i9dQZF1DZ06evNZWvDTe,6gWrC3vfJmWANgwuoHbYDF,spotify:track:6gWrC3vfJmWANgwuoHbYDF,https://p.scdn.co/mp3-preview/34c78a12cc951194e970814b158b748e1f593101?cid=63a77ff40e794a12ae216a18befde98c,Give It to Me (feat. Mugeez),25,"Sarkodie,Mugeez",Rapperholic,0.329,0.871,274537,0.801,0.0,10,0.0559,-4.369,1,0.0776,115.986,0.872
afro,This Is Sarkodie,37i9dQZF1DZ06evNZWvDTe,7h7OsLwmYBSGHjGZsdXtOI,spotify:track:7h7OsLwmYBSGHjGZsdXtOI,https://p.scdn.co/mp3-preview/d9215c5502b19ba3749cf96aa16f7a32585ccf55?cid=63a77ff40e794a12ae216a18befde98c,Mewu (feat. Akwaboah),20,"Sarkodie,Akwaboah",Mary,0.691,0.475,205579,0.882,0.0,9,0.387,-4.597,1,0.106,95.019,0.808
afro,This Is Sarkodie,37i9dQZF1DZ06evNZWvDTe,6iIj9H4etlEnferYjvwyos,spotify:track:6iIj9H4etlEnferYjvwyos,https://p.scdn.co/mp3-preview/9fb81f3ba7a3e2359fdb50aa9728688343e18921?cid=63a77ff40e794a12ae216a18befde98c,Special Someone,22,"Sarkodie,Burna Boy,AKA","Sarkodie, Vol. 2",0.204,0.71,259475,0.861,1.87e-06,3,0.0706,-6.643,1,0.0454,122.003,0.71
afro,This Is Sarkodie,37i9dQZF1DZ06evNZWvDTe,32bqELZaZ4z8c4O6D9WMmE,spotify:track:32bqELZaZ4z8c4O6D9WMmE,https://p.scdn.co/mp3-preview/97f8797030e0136d8df4c1bb8d41bf2e9748d501?cid=63a77ff40e794a12ae216a18befde98c,Overdose,21,"Sarkodie,Jesse Jagz",Highest,0.612,0.801,204000,0.696,0.0252,8,0.0892,-8.562,1,0.151,107.068,0.377
afro,This Is Sarkodie,37i9dQZF1DZ06evNZWvDTe,0Jh1hvqYJso0kybA7tKazK,spotify:track:0Jh1hvqYJso0kybA7tKazK,https://p.scdn.co/mp3-preview/0ed0f7fd57be15c8065945c2f37149449deb6535?cid=63a77ff40e794a12ae216a18befde98c,Wash It,32,"Victoria Kimani,Sarkodie",Wash It,0.0995,0.867,211801,0.863,7.59e-05,8,0.334,-6.195,0,0.0982,110.047,0.747
afro,This Is Sarkodie,37i9dQZF1DZ06evNZWvDTe,55gLrEzwxy9dNfospB2qQ1,spotify:track:55gLrEzwxy9dNfospB2qQ1,https://p.scdn.co/mp3-preview/4ecc348c2fa338609c96bb4f9b5b383f292e4d91?cid=63a77ff40e794a12ae216a18befde98c,Edwom Te S3n,21,Sarkodie,Mary,0.3,0.905,215203,0.796,0.0,7,0.136,-7.057,1,0.172,120.057,0.675
afro,This Is Sarkodie,37i9dQZF1DZ06evNZWvDTe,7iwOlLnaysT2Z92dx3PTio,spotify:track:7iwOlLnaysT2Z92dx3PTio,https://p.scdn.co/mp3-preview/dd91731830f3af07fc22891ab471343fa51dd759?cid=63a77ff40e794a12ae216a18befde98c,Special Sumone (feat. Burna Boy n Aka),21,"Sarkodie,Burna Boy N Aka",Sarkology,0.173,0.47,258964,0.869,1.95e-06,3,0.0952,-6.257,1,0.0577,122.028,0.706
afro,This Is Sarkodie,37i9dQZF1DZ06evNZWvDTe,78WYqUuEeom9v7VfaUw7vd,spotify:track:78WYqUuEeom9v7VfaUw7vd,https://p.scdn.co/mp3-preview/f3c523e46b91989ad13d503d734ae411404dc458?cid=63a77ff40e794a12ae216a18befde98c,Come To Me,23,"Sarkodie,Bobii Lewis",Highest,0.437,0.61,246500,0.51,3.27e-05,2,0.0763,-8.409,1,0.238,99.105,0.561
afro,This Is Sarkodie,37i9dQZF1DZ06evNZWvDTe,216YULEAPFqGpco9dgXuTm,spotify:track:216YULEAPFqGpco9dgXuTm,https://p.scdn.co/mp3-preview/5d4f23f9814e26554009d2e1eccbf613899fd70d?cid=63a77ff40e794a12ae216a18befde98c,It's My Life,23,"Shatta Wale,Sarkodie",It's My Life,0.244,0.706,225307,0.826,0.0,5,0.375,-2.653,1,0.449,104.558,0.889
afro,This Is Sarkodie,37i9dQZF1DZ06evNZWvDTe,4kiJ3d3tJ71oOVQXNvrEGm,spotify:track:4kiJ3d3tJ71oOVQXNvrEGm,https://p.scdn.co/mp3-preview/cea9555880fe6c3a60ca2c3f8432ae36df3a99e8?cid=63a77ff40e794a12ae216a18befde98c,Rich Nigga Shit,19,Sarkodie,John Vuitton: Wichita to Ghana Mixtape,0.231,0.965,180428,0.838,0.0,11,0.0357,-2.701,0,0.138,108.068,0.602
afro,This Is Sarkodie,37i9dQZF1DZ06evNZWvDTe,2jV6OhWJZNMz6xqjmjfPt6,spotify:track:2jV6OhWJZNMz6xqjmjfPt6,https://p.scdn.co/mp3-preview/8a9974a7551f7106dbe6edf455b73176662a2650?cid=63a77ff40e794a12ae216a18befde98c,Alewa,25,"Ofori Amponsah,Sarkodie",Songs of Solomon,0.245,0.817,303920,0.864,0.0,0,0.136,-3.535,1,0.102,110.02,0.899
afro,This Is Sarkodie,37i9dQZF1DZ06evNZWvDTe,7apx56XH17e6lBtG2bJ7Mt,spotify:track:7apx56XH17e6lBtG2bJ7Mt,https://p.scdn.co/mp3-preview/461f1a5b47830b58c082112edec965a6a1e7b6e1?cid=63a77ff40e794a12ae216a18befde98c,Homicide,23,"Sarkodie,La Meme Gang",Homicide,0.294,0.717,183477,0.689,0.0,5,0.118,-5.895,0,0.316,110.118,0.0631
afro,This Is Sarkodie,37i9dQZF1DZ06evNZWvDTe,0sf1NraobD0kqzsn0qxirw,spotify:track:0sf1NraobD0kqzsn0qxirw,https://p.scdn.co/mp3-preview/68ce6b4452b29b0f5b645935fae37750457c812b?cid=63a77ff40e794a12ae216a18befde98c,Ye Be Pa Wo,23,Sarkodie,Ye Be Pa Wo,0.0544,0.947,183667,0.852,1.01e-06,10,0.0834,-4.39,0,0.279,117.033,0.624
afro,This Is Sarkodie,37i9dQZF1DZ06evNZWvDTe,3WjEic1q55kYgDndXTu5ty,spotify:track:3WjEic1q55kYgDndXTu5ty,https://p.scdn.co/mp3-preview/8c03887abf302051e0fd0ecd5939ed0a20ce55de?cid=63a77ff40e794a12ae216a18befde98c,All Is You (feat. Mugeez),20,"Sarkodie,Mugeez",Mary,0.381,0.763,243962,0.849,0.0,7,0.0593,-4.037,1,0.112,109.98,0.687
afro,This Is Sarkodie,37i9dQZF1DZ06evNZWvDTe,4Q33HiVThLk7DDDAfyu8S2,spotify:track:4Q33HiVThLk7DDDAfyu8S2,https://p.scdn.co/mp3-preview/565d24c037d92672756b19affc7a16f0177b71ba?cid=63a77ff40e794a12ae216a18befde98c,Onyame eyhira(produced By Kaywa) (feat. Castro),22,"Sarkodie,Castro",Rapperholic,0.514,0.69,264410,0.856,0.0,4,0.0369,-3.088,0,0.084,117.951,0.511
