category_id,playlist_name,playlist_id,track_id,track_uri,track_preview_url,track_name,track_popularity,artist_name,album_name,acousticness,danceability,duration_ms,energy,instrumentalness,key,liveness,loudness,mode,speechiness,tempo,valence
classical,Classical World: Canada,37i9dQZF1DX77PFyUDrf10,3aPzRHLZybzw014Pnnl8u2,spotify:track:3aPzRHLZybzw014Pnnl8u2,https://p.scdn.co/mp3-preview/54d427cdc9ed1961efec4f80d67b261ee0294587?cid=63a77ff40e794a12ae216a18befde98c,Sérénade et Danse,8,"Srul Irving Glick,Angèle Dubeau,Pierre Lebeau",Solo,0.988,0.17,371027,0.0623,0.615,4,0.21,-21.681,1,0.0584,65.76,0.0738
classical,Classical World: Canada,37i9dQZF1DX77PFyUDrf10,6DigDKRxM6nIw1o17xUe3R,spotify:track:6DigDKRxM6nIw1o17xUe3R,https://p.scdn.co/mp3-preview/4e9c477014b03a3561c3bde1df1430d5d098d7af?cid=63a77ff40e794a12ae216a18befde98c,Catania,20,"Lang Lang,Howard Shore",A Palace Upon the Ruins (Selected Works),0.987,0.413,170646,0.133,0.91,2,0.0867,-18.078,1,0.0522,67.071,0.0368
classical,Classical World: Canada,37i9dQZF1DX77PFyUDrf10,42aHvPABiBgHHSuWaMlAJx,spotify:track:42aHvPABiBgHHSuWaMlAJx,https://p.scdn.co/mp3-preview/38df7ef350a10c027ddd10d0eda2365d78d7f129?cid=63a77ff40e794a12ae216a18befde98c,Sepia Fragments,22,"Derek Charke,St. Lawrence String Quartet",Sea to Sea,0.969,0.207,797707,0.132,0.438,7,0.253,-21.249,1,0.0481,86.495,0.0703
classical,Classical World: Canada,37i9dQZF1DX77PFyUDrf10,7rfjApcrnZexSek3sWQxaB,spotify:track:7rfjApcrnZexSek3sWQxaB,https://p.scdn.co/mp3-preview/f42bf46863dfec470b9a3c47dbbaa139ae2439f8?cid=63a77ff40e794a12ae216a18befde98c,Glass Houses (Ed. C. Petrowska-Quilico): No. 1. —,7,"Christina Petrowska-Quilico,Ann Southam",Glass Houses Revisited: Music of Ann Southam,0.995,0.283,207320,0.201,0.863,9,0.134,-22.136,1,0.0379,133.906,0.18
classical,Classical World: Canada,37i9dQZF1DX77PFyUDrf10,0Bey51goISPhszZtMhzRfU,spotify:track:0Bey51goISPhszZtMhzRfU,https://p.scdn.co/mp3-preview/3d0d87d076180b103a8f81b65c22e9f91c030bca?cid=63a77ff40e794a12ae216a18befde98c,"Violin Concerto ""Affairs of the Heart""",30,"Marjan Mozetich,Juliette Kang,CBC Vancouver Orchestra,Mario Bernardi",Marjan Mozetich: Affairs of the Heart,0.615,0.267,1383400,0.0878,0.423,11,0.112,-23.382,0,0.0439,122.122,0.108
classical,Classical World: Canada,37i9dQZF1DX77PFyUDrf10,7AuJB6hpuULqp9LyaHU7ki,spotify:track:7AuJB6hpuULqp9LyaHU7ki,https://p.scdn.co/mp3-preview/8412242f0b801f0c8d771759f3541c12d74ce681?cid=63a77ff40e794a12ae216a18befde98c,When Music Sounds,5,"Jean Coulthard,Joan Harrison,Elaine Keillor",When Music Sounds,0.972,0.158,216267,0.02,0.886,7,0.0664,-30.239,1,0.0531,167.877,0.0491
classical,Classical World: Canada,37i9dQZF1DX77PFyUDrf10,25gsL3YsfwfnWcfJXREvjp,spotify:track:25gsL3YsfwfnWcfJXREvjp,https://p.scdn.co/mp3-preview/d9b9c077c24ab811c4bc32853a2e027e734a7ed3?cid=63a77ff40e794a12ae216a18befde98c,"Adagio and Rondo, Op. 3 No. 1a: Adagio",5,"Jacques Hétu,New Orford String Quartet",Hétu: Complete Chamber Works for Strings,0.864,0.112,291547,0.0433,0.761,10,0.112,-26.192,0,0.0485,91.658,0.0301
classical,Classical World: Canada,37i9dQZF1DX77PFyUDrf10,4Om2R9YGw2dLCLrTXVSuUM,spotify:track:4Om2R9YGw2dLCLrTXVSuUM,https://p.scdn.co/mp3-preview/08523cb1d928dfd3c911ea4390a4214cc29f2c8f?cid=63a77ff40e794a12ae216a18befde98c,Tabuh-tabuhan: I. Ostinatos,7,"Colin McPhee,Elizabeth Burley,John Alley,BBC Symphony Orchestra,Leonard Slatkin",Mcphee: Balinese Ceremonial Music / Tabuh-Tabuhan / Britten: Prince of the Pagodas: Suite,0.966,0.287,425520,0.185,0.941,7,0.0946,-17.796,0,0.0344,105.145,0.0499
classical,Classical World: Canada,37i9dQZF1DX77PFyUDrf10,6mlTCA1ks4vznxqFNoKC5F,spotify:track:6mlTCA1ks4vznxqFNoKC5F,https://p.scdn.co/mp3-preview/c2a9c6dfbe7eb18f736b067d3ebfdedcbe3fcc5e?cid=63a77ff40e794a12ae216a18befde98c,North Country: I. Lento maestoso,4,"Harry Somers,Canadian National Arts Centre Orchestra,Victor Feldbrill","Somers, H.: Canadian Composers Portraits",0.868,0.189,371387,0.304,0.764,7,0.0829,-15.783,0,0.0422,146.887,0.0344
classical,Classical World: Canada,37i9dQZF1DX77PFyUDrf10,3YFFvR5y64aH6g8RkfkjZA,spotify:track:3YFFvR5y64aH6g8RkfkjZA,https://p.scdn.co/mp3-preview/bf9711a1ceb10e973911ca304eca2c413153a961?cid=63a77ff40e794a12ae216a18befde98c,"Rise up, my love, my fair one, Op. 314",15,"Healey Willan,Matthew Larkin,Elora Festival Singers,Noel Edison",Willan: In the Heavenly Kingdom,0.981,0.149,142440,0.00646,0.466,1,0.07,-37.162,1,0.0422,137.229,0.0345
classical,Classical World: Canada,37i9dQZF1DX77PFyUDrf10,4FlGWTGkJfCSKNBwCh9Nwe,spotify:track:4FlGWTGkJfCSKNBwCh9Nwe,https://p.scdn.co/mp3-preview/3f8e93d73729fe5207bb497484f72f87a3afb6cc?cid=63a77ff40e794a12ae216a18befde98c,Oiseaux bleus et sauvages,6,"Jocelyn Morlock,Vancouver Symphony Orchestra",Jocelyn Morlock: Cobalt,0.962,0.286,652280,0.0542,0.926,7,0.27,-23.461,1,0.0361,138.761,0.117
classical,Classical World: Canada,37i9dQZF1DX77PFyUDrf10,3KFAamtJkoyw3qFARyrZhG,spotify:track:3KFAamtJkoyw3qFARyrZhG,https://p.scdn.co/mp3-preview/2e8d8ae3a028550f539a89e3384384ee6b843983?cid=63a77ff40e794a12ae216a18befde98c,Jesus erbarme dich,5,"Claude Vivier,musica intima",Into Light,0.992,0.175,170840,0.0092,0.0263,6,0.0588,-29.246,1,0.0482,76.513,0.0265
classical,Classical World: Canada,37i9dQZF1DX77PFyUDrf10,4my5xpzQ8v8Fc0BVMtqYfV,spotify:track:4my5xpzQ8v8Fc0BVMtqYfV,https://p.scdn.co/mp3-preview/23f84a635722967079dcbe55f5407ca87f86ecfc?cid=63a77ff40e794a12ae216a18befde98c,Old Photographs,15,"Christos Hatzis,Various Artists",20 Ans d'Excellence,0.981,0.339,642218,0.0703,0.379,0,0.104,-24.04,0,0.0418,146.085,0.112
classical,Classical World: Canada,37i9dQZF1DX77PFyUDrf10,6gkHYADrcLWwBJoPbJ68pS,spotify:track:6gkHYADrcLWwBJoPbJ68pS,https://p.scdn.co/mp3-preview/e7cb6d8e9a55d387ff7804ee562b16f323d2ec3c?cid=63a77ff40e794a12ae216a18befde98c,Bookburners,4,"Nicole Lizée,Stéphane Tétreault,DJ P Love",Nicole Lizée: Bookburners,0.974,0.203,874698,0.413,0.74,8,0.11,-10.475,1,0.0523,77.472,0.0788
classical,Classical World: Canada,37i9dQZF1DX77PFyUDrf10,58vdyWfOIkQpdsQLVypg8R,spotify:track:58vdyWfOIkQpdsQLVypg8R,https://p.scdn.co/mp3-preview/b8ddb23747db2ecf1fd1dd36fe85d267b9a79314?cid=63a77ff40e794a12ae216a18befde98c,Violin Concerto,5,"Vivian Fung,Kristin Lee,Metropolis Ensemble,Andrew Cyr",Vivian Fung: Dreamscapes,0.852,0.258,1254067,0.123,0.426,2,0.408,-23.771,1,0.0596,74.769,0.0709
classical,Classical World: Canada,37i9dQZF1DX77PFyUDrf10,0n7XtxHbdCzuRQU3FWLDt6,spotify:track:0n7XtxHbdCzuRQU3FWLDt6,https://p.scdn.co/mp3-preview/fb6e7e01c2f1b4887974566fecc8231ee7cf3ca6?cid=63a77ff40e794a12ae216a18befde98c,Equilateral: II. Points of Contact,3,"Jeffrey Ryan,Gryphon Trio,Vancouver Symphony Orchestra,Bramwell Tovey",Ryan: Fugitive Colours,0.94,0.125,708453,0.0311,0.289,8,0.127,-30.225,1,0.0451,166.955,0.0342
classical,Classical World: Canada,37i9dQZF1DX77PFyUDrf10,4GNtaCTABPZN6rVyNUuyIh,spotify:track:4GNtaCTABPZN6rVyNUuyIh,https://p.scdn.co/mp3-preview/496f325f8d7a0a521ff16e5a5ea068ac3692169d?cid=63a77ff40e794a12ae216a18befde98c,Music from Night's Edge: IV. Quicksilver Light,3,"Alexina Louie,Lydia Wong,Accordes String Quartet","Louie, A.: Music for a Thousand Autumns",0.961,0.33,235507,0.135,0.696,7,0.138,-22.912,1,0.0427,77.952,0.14
classical,Classical World: Canada,37i9dQZF1DX77PFyUDrf10,32j6nx1Ev7bvylgYEHUa8H,spotify:track:32j6nx1Ev7bvylgYEHUa8H,https://p.scdn.co/mp3-preview/b5136b5c279e681879311234d348c0e0e5ad33b2?cid=63a77ff40e794a12ae216a18befde98c,"Patria 5, The Crown of Ariadne: V. Ariadne's Dream",3,"R. Murray Schafer,Judy Loman",Ariadne's Legacy,0.95,0.278,199533,0.0245,0.903,5,0.0873,-29.444,0,0.0627,80.841,0.0339
classical,Classical World: Canada,37i9dQZF1DX77PFyUDrf10,6npSyaUtSlCmXcjOV8t6dK,spotify:track:6npSyaUtSlCmXcjOV8t6dK,https://p.scdn.co/mp3-preview/bff4121df94af0667084d9024d5c8d888f64b2f9?cid=63a77ff40e794a12ae216a18befde98c,Cave of the Winds,3,"Robert Nathaniel Dett,Clipper Erickson",My Cup Runneth Over: The Complete Piano Works of R. Nathaniel Dett,0.983,0.508,180920,0.193,0.852,7,0.0799,-20.7,1,0.0506,116.446,0.571
classical,Classical World: Canada,37i9dQZF1DX77PFyUDrf10,1djJ1tt0SLCtTfHLv2zy7e,spotify:track:1djJ1tt0SLCtTfHLv2zy7e,https://p.scdn.co/mp3-preview/e2155fd6cde285c56062cd1d84ad46ae73306846?cid=63a77ff40e794a12ae216a18befde98c,Carnival of Venice,19,"Howard Cable,Canadian Brass",Takes Flight,0.993,0.52,235427,0.247,0.904,3,0.108,-13.037,1,0.0489,112.792,0.373
classical,Classical World: Canada,37i9dQZF1DX77PFyUDrf10,2ewkacyzKSuKAyYP8tyqcg,spotify:track:2ewkacyzKSuKAyYP8tyqcg,https://p.scdn.co/mp3-preview/01227f52cd2e3724c1bf8d6f5de850ea0d11dc1d?cid=63a77ff40e794a12ae216a18befde98c,Piano Concerto No. 1: II. Adagio molto,3,"Violet Archer,Christina Petrowska-Quilico,CBC Vancouver Orchestra,John Eliot Gardiner","Louie, Archer & Kuzmenko: 3 Concerti",0.909,0.24,462200,0.0229,0.564,1,0.0611,-27.64,1,0.0416,128.356,0.0359
classical,Classical World: Canada,37i9dQZF1DX77PFyUDrf10,6Oqgc2Dy7amnhVn7rxFa1o,spotify:track:6Oqgc2Dy7amnhVn7rxFa1o,https://p.scdn.co/mp3-preview/9cf1ec9a6c3510818b6e5bd17f981611103fc853?cid=63a77ff40e794a12ae216a18befde98c,Piano Sonata: I. Freely and Lyrically,2,"Jean Coulthard,Mary Kenedi","Motions & Emotions: Mary Kenedi Plays Canadian Piano Music, Vol. 3",0.994,0.328,522507,0.0291,0.907,4,0.0747,-26.505,1,0.0391,64.131,0.037
classical,Classical World: Canada,37i9dQZF1DX77PFyUDrf10,0damwCVk1dF8JrJJt0omX2,spotify:track:0damwCVk1dF8JrJJt0omX2,https://p.scdn.co/mp3-preview/9ae289a701bdc5ac2f4092f1f3ed4393e8308235?cid=63a77ff40e794a12ae216a18befde98c,Shadows,3,"Barbara Pentland,Glenn Gould",Glenn Gould Plays Contemporary Music,0.963,0.551,292427,0.00263,0.341,0,0.0988,-26.453,1,0.156,79.386,0.128
classical,Classical World: Canada,37i9dQZF1DX77PFyUDrf10,6UPmNUY3yzyepK5GuIYRH5,spotify:track:6UPmNUY3yzyepK5GuIYRH5,https://p.scdn.co/mp3-preview/c0d417a9170509153889dce80c69b9ef04286043?cid=63a77ff40e794a12ae216a18befde98c,Laurentian Moods,3,"Harry Freedman,Toronto Wind Orchestra,Tony Gomes","Colgrass, M.: Dream Dancer / Messiaen, O.: Oiseaux Exotiques / Kucharzyk, H.: Some Assembly Required (Northern Winds)",0.97,0.199,484293,0.048,0.858,3,0.0797,-23.86,1,0.0381,86.428,0.039
classical,Classical World: Canada,37i9dQZF1DX77PFyUDrf10,5A5IoVZAyZwSNSIzlmsFsF,spotify:track:5A5IoVZAyZwSNSIzlmsFsF,https://p.scdn.co/mp3-preview/668142e159d56ef5438cea72a1a70144651c3ffe?cid=63a77ff40e794a12ae216a18befde98c,2 Sketches based on French Canadian Airs: No. 1. Notre Seigneur en Pauvre,3,"Ernest Macmillan,Quatuor Alcan",Gould & MacMillan: String Quartets,0.964,0.175,298627,0.0176,0.521,9,0.0933,-28.359,0,0.0538,119.814,0.0481
classical,Classical World: Canada,37i9dQZF1DX77PFyUDrf10,7bv0c6HMk3Fq34E54oHVwN,spotify:track:7bv0c6HMk3Fq34E54oHVwN,https://p.scdn.co/mp3-preview/c7b0b8ca5ce515abaccadda0cf775ea8e2c1349f?cid=63a77ff40e794a12ae216a18befde98c,Time Pieces: No. 3. I Saw Eternity,4,"Stephen Chatman,Joan Blackman,Vancouver Chamber Choir,Jon Washburn","Chatman, S.: Due East",0.985,0.198,171320,0.0421,9.51e-05,5,0.0676,-29.425,1,0.0398,77.489,0.0494
classical,Classical World: Canada,37i9dQZF1DX77PFyUDrf10,2ymfHbyL2oelY7jZaQolTO,spotify:track:2ymfHbyL2oelY7jZaQolTO,https://p.scdn.co/mp3-preview/00c41ed3e4e2690581d386d6593f9583496ebcfa?cid=63a77ff40e794a12ae216a18befde98c,Cool Mountain Water,3,"Ka Nin Chan,Duo Concertante",Chan / Daniel / Lesage / Macdonald / Murphy: Contemporary Works for Violin and Piano,0.965,0.201,434373,0.0425,0.0193,7,0.0897,-20.046,0,0.0477,77.277,0.0442
classical,Classical World: Canada,37i9dQZF1DX77PFyUDrf10,74H1Kax4w9p2jTh2UgViTO,spotify:track:74H1Kax4w9p2jTh2UgViTO,https://p.scdn.co/mp3-preview/4470e792fb7efa926d25ade3319456c1efe9825c?cid=63a77ff40e794a12ae216a18befde98c,Requiem: In Remembrance,3,"Eleanor Daley,Ensemble Vocal Ganymede,Yvan Sabourin",O vos omnes,0.979,0.178,198147,0.135,0.854,8,0.0963,-22.667,1,0.0398,112.799,0.045
classical,Classical World: Canada,37i9dQZF1DX77PFyUDrf10,07iDD2FgskyUJ1JivFVmJN,spotify:track:07iDD2FgskyUJ1JivFVmJN,https://p.scdn.co/mp3-preview/34c66700d316b163f233deb1a1d6609dd653ed59?cid=63a77ff40e794a12ae216a18befde98c,"Piano Sonata No. 4, E68, ""Befreite"": III. La corrida de ratas del campo: Prestissimo e molto preciso",3,"Sophie-Carmen Eckhardt-Gramatté,Marc-André Hamelin",Eckhardt-Gramatte: The Six Piano Sonatas,0.983,0.226,183880,0.121,0.895,6,0.0981,-21.563,1,0.0339,82.393,0.239
classical,Classical World: Canada,37i9dQZF1DX77PFyUDrf10,6g887dOGDKJRF4qnofY5Sb,spotify:track:6g887dOGDKJRF4qnofY5Sb,https://p.scdn.co/mp3-preview/77a630f7450e84f36b15b0ff23b7f20ea5d6db4c?cid=63a77ff40e794a12ae216a18befde98c,Suite for Piano: I. Prelude,2,"Oskar Morawetz,Angela Hewitt","Morawetz, O.: Canadian Composers Portraits",0.977,0.345,171267,0.152,0.899,11,0.118,-20.027,1,0.0335,70.353,0.103
