category_id,playlist_name,playlist_id,track_id,track_uri,track_preview_url,track_name,track_popularity,artist_name,album_name,acousticness,danceability,duration_ms,energy,instrumentalness,key,liveness,loudness,mode,speechiness,tempo,valence
afro,Phenomenal Woman,37i9dQZF1DX35vibahyjHG,6KSRlzHjxjm2owDJIku5Xf,spotify:track:6KSRlzHjxjm2owDJIku5Xf,https://p.scdn.co/mp3-preview/8477319c0ac7e0623660b7d1c48923857dbe5f92?cid=63a77ff40e794a12ae216a18befde98c,Without You,19,Omawumi,Without You,0.273,0.77,191000,0.77,1.79e-06,10,0.0792,-5.229,0,0.368,95.952,0.84
afro,Phenomenal Woman,37i9dQZF1DX35vibahyjHG,6wNWxYdoTKuypUxnBh9Eah,spotify:track:6wNWxYdoTKuypUxnBh9Eah,https://p.scdn.co/mp3-preview/0cb54b0cdfc7b78f5f24210a8bc5c5a6bd08c9cc?cid=63a77ff40e794a12ae216a18befde98c,Artificial Heart,21,Yanga,Promised Land,0.339,0.477,185143,0.467,0.0,9,0.133,-7.846,1,0.087,139.766,0.335
afro,Phenomenal Woman,37i9dQZF1DX35vibahyjHG,0NMfKNtRnvyF9QjlRvnv0I,spotify:track:0NMfKNtRnvyF9QjlRvnv0I,https://p.scdn.co/mp3-preview/bc136ce698c1b1fb85bf74850f7b1a0dd02a1de3?cid=63a77ff40e794a12ae216a18befde98c,Spend Some Time,39,"Amaarae,Wande Coal",Spend Some Time,0.195,0.836,168333,0.419,0.00301,0,0.104,-13.102,0,0.103,101.025,0.257
afro,Phenomenal Woman,37i9dQZF1DX35vibahyjHG,0eeIwG0vTlzUpkpeKA4MuK,spotify:track:0eeIwG0vTlzUpkpeKA4MuK,https://p.scdn.co/mp3-preview/0e5e861a48d4327ea63c232fa49707838f510560?cid=63a77ff40e794a12ae216a18befde98c,The Beginning,45,Aṣa,The Beginning - Single,0.305,0.428,224147,0.506,0.000183,6,0.0503,-6.648,1,0.0288,158.025,0.349
afro,Phenomenal Woman,37i9dQZF1DX35vibahyjHG,2FIECkWDoS7xEGcYbI6UhN,spotify:track:2FIECkWDoS7xEGcYbI6UhN,https://p.scdn.co/mp3-preview/45e8604571b50b4e466c617ee0b52f815d5f2120?cid=63a77ff40e794a12ae216a18befde98c,Ng'yesaba,17,Tabia,The Journey,0.404,0.599,234333,0.802,0.000775,6,0.148,-6.81,0,0.0466,88.021,0.714
afro,Phenomenal Woman,37i9dQZF1DX35vibahyjHG,6p6qMdoReQ6tfBgidP4S4x,spotify:track:6p6qMdoReQ6tfBgidP4S4x,https://p.scdn.co/mp3-preview/a56e3ea663f39c454421b02b510e819b09c75734?cid=63a77ff40e794a12ae216a18befde98c,Hallelujah,33,"Nandy,Willy Paul",Hallelujah,0.169,0.7,194780,0.864,3.75e-05,5,0.123,-4.73,0,0.309,179.896,0.856
afro,Phenomenal Woman,37i9dQZF1DX35vibahyjHG,5u91yhBCFvQZIbGE1WcpOv,spotify:track:5u91yhBCFvQZIbGE1WcpOv,https://p.scdn.co/mp3-preview/cbaba0dacac66df0d72bf4dc371cb22192b3d0d8?cid=63a77ff40e794a12ae216a18befde98c,Tonight,32,Zonke,L.O.V.E,0.0731,0.713,274094,0.678,0.0157,11,0.0865,-8.119,0,0.0361,108.021,0.759
afro,Phenomenal Woman,37i9dQZF1DX35vibahyjHG,55FUyeQXFaRn1Pz3LEMTmx,spotify:track:55FUyeQXFaRn1Pz3LEMTmx,https://p.scdn.co/mp3-preview/edd8fa2f282ff08d82de207403de879f5fc9ab43?cid=63a77ff40e794a12ae216a18befde98c,No Evil,34,Mpho Sebina,Neo,0.889,0.441,261780,0.288,0.0494,11,0.103,-17.537,1,0.0774,74.688,0.0736
afro,Phenomenal Woman,37i9dQZF1DX35vibahyjHG,1bnwYLjmKP0rp4WPHy8xIV,spotify:track:1bnwYLjmKP0rp4WPHy8xIV,https://p.scdn.co/mp3-preview/a6ad49000330202f5b8a092fd7767938160cdb5e?cid=63a77ff40e794a12ae216a18befde98c,Taabu (Taboo),24,phy,Phylosophy,0.645,0.547,227226,0.651,0.0,9,0.389,-4.857,1,0.048,77.405,0.322
afro,Phenomenal Woman,37i9dQZF1DX35vibahyjHG,6UtH3SiEYioaGPZ6A6Rjfs,spotify:track:6UtH3SiEYioaGPZ6A6Rjfs,https://p.scdn.co/mp3-preview/afd5c589798874968e16d6938765f8533d1b06d6?cid=63a77ff40e794a12ae216a18befde98c,Stranded Love,36,Hamzaa,First Signs Of Me,0.48,0.491,211800,0.643,0.0,0,0.0939,-5.728,0,0.24,75.353,0.38
afro,Phenomenal Woman,37i9dQZF1DX35vibahyjHG,713vhcww9d5fZbv6YlnUH9,spotify:track:713vhcww9d5fZbv6YlnUH9,https://p.scdn.co/mp3-preview/993fcfb9e9ece58eb0de03c1b5c3b12a046a992f?cid=63a77ff40e794a12ae216a18befde98c,Yaji,50,"Yemi Alade,Slimcase,Brainee",Yaji (feat. Slimcase & Brainee),0.0504,0.869,242857,0.807,0.000508,7,0.118,-3.23,1,0.227,122.005,0.519
afro,Phenomenal Woman,37i9dQZF1DX35vibahyjHG,78sW8r6lquTRbGxvq37VLq,spotify:track:78sW8r6lquTRbGxvq37VLq,https://p.scdn.co/mp3-preview/9bdf19eb2d058d2e80a33a9e8986bf7984e8fcee?cid=63a77ff40e794a12ae216a18befde98c,Let You Know - French Braids Remix,37,"Sketchy Bongo,Shekhinah,French Braids",Let You Know (French Braids Remix),0.0854,0.742,224126,0.633,0.000857,9,0.148,-5.726,0,0.261,99.988,0.544
afro,Phenomenal Woman,37i9dQZF1DX35vibahyjHG,6xBOaaZotfyc9421YiRIrB,spotify:track:6xBOaaZotfyc9421YiRIrB,,Not What I Thought,46,Amaal,Not What I Thought,0.507,0.592,180707,0.393,0.029,1,0.0912,-9.934,1,0.0844,172.021,0.144
afro,Phenomenal Woman,37i9dQZF1DX35vibahyjHG,2Yuj1SCFn0KsghHOseqJi0,spotify:track:2Yuj1SCFn0KsghHOseqJi0,https://p.scdn.co/mp3-preview/98703c2f5ee6bb8b45d4ae07747e008adf234cdf?cid=63a77ff40e794a12ae216a18befde98c,Ba Mi Lo,35,"Tolani,Reekado Banks",Ba Mi Lo,0.0142,0.822,165283,0.649,0.000321,11,0.105,-4.933,1,0.0763,106.005,0.44
afro,Phenomenal Woman,37i9dQZF1DX35vibahyjHG,0j5Xlr70X3OrtU2NTCUv8E,spotify:track:0j5Xlr70X3OrtU2NTCUv8E,https://p.scdn.co/mp3-preview/868ac47d1fb14af274d7c9b6291fc359b81c6235?cid=63a77ff40e794a12ae216a18befde98c,Yolo Yolo,26,Seyi Shay,Summer Vibe,0.0985,0.781,206658,0.972,7.96e-06,2,0.212,-3.117,1,0.178,106.009,0.77
afro,Phenomenal Woman,37i9dQZF1DX35vibahyjHG,3iQ0XU4x9HKdmmMjkG2Tsw,spotify:track:3iQ0XU4x9HKdmmMjkG2Tsw,https://p.scdn.co/mp3-preview/3d1b24a5166f4ab680c6c414a917f1bfe907c0fb?cid=63a77ff40e794a12ae216a18befde98c,Umahlalela,41,Simmy,Tugela Fairy,0.024,0.771,321552,0.714,0.0168,10,0.0843,-7.485,0,0.0501,121.017,0.654
afro,Phenomenal Woman,37i9dQZF1DX35vibahyjHG,0cVh4uYYu2sTsh3BlFr6D4,spotify:track:0cVh4uYYu2sTsh3BlFr6D4,https://p.scdn.co/mp3-preview/ac933496af0ffb5923c5593a65ccbcf450b20b6c?cid=63a77ff40e794a12ae216a18befde98c,Love (Yahweh),23,Zoe Modiga,Yellow the Novel,0.229,0.519,350345,0.673,0.0808,11,0.326,-8.032,1,0.0381,90.987,0.236
afro,Phenomenal Woman,37i9dQZF1DX35vibahyjHG,0oa97GtO132TE6cHRS6jjB,spotify:track:0oa97GtO132TE6cHRS6jjB,https://p.scdn.co/mp3-preview/fb0351851b3ba19341fbfd2fc34a61daf6059159?cid=63a77ff40e794a12ae216a18befde98c,Chale Wote,26,"Bella Alubo,Efya",re-Bella,0.479,0.804,170013,0.685,0.00204,3,0.0949,-4.701,0,0.116,104.939,0.593
afro,Phenomenal Woman,37i9dQZF1DX35vibahyjHG,3JLzTwLuKBTcxrua5PeLfV,spotify:track:3JLzTwLuKBTcxrua5PeLfV,,Grace,6,RIMON,Grace,0.211,0.745,205714,0.521,0.0,5,0.105,-9.244,0,0.141,98.036,0.668
afro,Phenomenal Woman,37i9dQZF1DX35vibahyjHG,3oBduQTdb5hTfUsBBuCBkE,spotify:track:3oBduQTdb5hTfUsBBuCBkE,https://p.scdn.co/mp3-preview/a9ca1f75c9c574172a5955bc6a7c2df773bff7d6?cid=63a77ff40e794a12ae216a18befde98c,Love Me Right,31,"Bucie,Mobi Dixon",Rebirth,0.051,0.739,338887,0.644,0.464,9,0.392,-5.418,1,0.058,124.998,0.861
afro,Phenomenal Woman,37i9dQZF1DX35vibahyjHG,79UDifqhJeK5KUKIfFOA54,spotify:track:79UDifqhJeK5KUKIfFOA54,,Bazoyenza,37,"Busiswa,DJ Maphorisa",Highly Flavoured,0.000695,0.909,291547,0.803,0.003,9,0.119,-6.238,1,0.0483,127.042,0.304
afro,Phenomenal Woman,37i9dQZF1DX35vibahyjHG,5W4iLxBJknbKAjNAUSH2L5,spotify:track:5W4iLxBJknbKAjNAUSH2L5,https://p.scdn.co/mp3-preview/c43a8843f365efcc70c63ed1517298362ad4012a?cid=63a77ff40e794a12ae216a18befde98c,Come and See My Moda (feat. Yemi Alade),37,"MzVee,Yemi Alade",Come and See My Moda (feat. Yemi Alade),0.361,0.818,220320,0.749,8.52e-06,11,0.0751,-3.313,0,0.0559,124.982,0.837
afro,Phenomenal Woman,37i9dQZF1DX35vibahyjHG,35cq4hpEziaZeR278Z0l3m,spotify:track:35cq4hpEziaZeR278Z0l3m,,Collide,44,Lady Zamar,King Zamar,0.451,0.696,392080,0.525,1.57e-05,6,0.0615,-14.17,0,0.0892,120.01,0.458
afro,Phenomenal Woman,37i9dQZF1DX35vibahyjHG,7uyYeMaULWzxKLqm915YIp,spotify:track:7uyYeMaULWzxKLqm915YIp,,"That's For Me (feat. Distruction Boyz, DJ Tira & Prince Bulo)",42,"Vanessa Mdee,Distruction Boyz,DJ Tira,Prince Bulo",That's For Me,0.0119,0.847,186440,0.946,0.0,2,0.0518,-3.488,1,0.038,125.009,0.733
afro,Phenomenal Woman,37i9dQZF1DX35vibahyjHG,6MG2wRqClZh0JZ6i8hNMIV,spotify:track:6MG2wRqClZh0JZ6i8hNMIV,,Ultimatum,51,"Disclosure,Fatoumata Diawara",Ultimatum,0.144,0.85,328101,0.677,0.687,7,0.0468,-8.095,0,0.0678,118.028,0.774
afro,Phenomenal Woman,37i9dQZF1DX35vibahyjHG,4HOD4u3AWqF9MRNXLzGDbC,spotify:track:4HOD4u3AWqF9MRNXLzGDbC,https://p.scdn.co/mp3-preview/6e35666cc3200eaa2c8306009d7238c3e41841f8?cid=63a77ff40e794a12ae216a18befde98c,Astalavista,33,Wendy Shay,Astalavista,0.106,0.831,191373,0.762,0.00324,1,0.131,-4.823,1,0.0422,107.924,0.876
afro,Phenomenal Woman,37i9dQZF1DX35vibahyjHG,4lUb490n24lpk7UCHU5QT2,spotify:track:4lUb490n24lpk7UCHU5QT2,https://p.scdn.co/mp3-preview/ee0a6897eda63acf87392c1787ad9c4405e28aba?cid=63a77ff40e794a12ae216a18befde98c,Number One,34,"Victoria Kimani,Stella Mwangi",Number One,0.0261,0.808,173584,0.723,0.00406,1,0.132,-6.198,0,0.209,106.498,0.896
afro,Phenomenal Woman,37i9dQZF1DX35vibahyjHG,0YyYb1xfQyQaEfFn49Wv86,spotify:track:0YyYb1xfQyQaEfFn49Wv86,https://p.scdn.co/mp3-preview/1de3d8df908bc16efade3e3aa1855b34c7fe9082?cid=63a77ff40e794a12ae216a18befde98c,Magic (feat. Ycee),28,"Becca,Ycee",Magic (feat. Ycee),0.303,0.701,225600,0.559,0.0,5,0.0886,-5.841,1,0.283,63.584,0.738
afro,Phenomenal Woman,37i9dQZF1DX35vibahyjHG,32pk5gGMDsSqpoHpw7vJdu,spotify:track:32pk5gGMDsSqpoHpw7vJdu,https://p.scdn.co/mp3-preview/d594d9d51e62531879046765b3eb23bd1283b294?cid=63a77ff40e794a12ae216a18befde98c,Ride or Die,29,Falana,Ride or Die,0.12,0.524,211440,0.432,1.06e-06,2,0.103,-11.004,0,0.0803,96.194,0.59
afro,Phenomenal Woman,37i9dQZF1DX35vibahyjHG,6mvraVcJO17D4sBEQPBx1u,spotify:track:6mvraVcJO17D4sBEQPBx1u,https://p.scdn.co/mp3-preview/05a84d424143b2f1065d032a97911ce255330572?cid=63a77ff40e794a12ae216a18befde98c,Text Me,33,T'neeya,Text Me,0.678,0.8,192941,0.671,9.23e-05,0,0.123,-5.894,1,0.105,101.872,0.798
afro,Phenomenal Woman,37i9dQZF1DX35vibahyjHG,2LzPH4AEiPYXT2xQoRpHde,spotify:track:2LzPH4AEiPYXT2xQoRpHde,,Sandstorm (feat. JID),27,"Mereba,JID",Sandstorm (feat. JID),0.59,0.637,179027,0.512,0.000464,2,0.0712,-10.027,1,0.0978,109.492,0.33
afro,Phenomenal Woman,37i9dQZF1DX35vibahyjHG,7sKDftgGirHWTVFMtJoDoh,spotify:track:7sKDftgGirHWTVFMtJoDoh,https://p.scdn.co/mp3-preview/8fbd9374f35d9f509a5f7c1c8e4993dd81e3c6a3?cid=63a77ff40e794a12ae216a18befde98c,Djadja,74,Aya Nakamura,NAKAMURA,0.0612,0.829,171133,0.796,0.0,5,0.111,-5.428,1,0.11,97.976,0.551
afro,Phenomenal Woman,37i9dQZF1DX35vibahyjHG,35JiG3JoDoNv1H8Wsola6j,spotify:track:35JiG3JoDoNv1H8Wsola6j,https://p.scdn.co/mp3-preview/b531b900952f9d58531441079e5acad453f8e0cd?cid=63a77ff40e794a12ae216a18befde98c,La Sauce,29,Reniss,Tendon,0.403,0.805,277895,0.894,0.119,1,0.128,-5.367,1,0.186,151.989,0.247
afro,Phenomenal Woman,37i9dQZF1DX35vibahyjHG,1qDzO8GcZf58AWZ7p949iP,spotify:track:1qDzO8GcZf58AWZ7p949iP,https://p.scdn.co/mp3-preview/de49e2ab5e19566cc2031ce6f8bd5e4421fc27fb?cid=63a77ff40e794a12ae216a18befde98c,Ayo,40,Simi,Ayo,0.704,0.716,224000,0.561,2.9e-05,8,0.11,-7.661,1,0.112,94.986,0.345
afro,Phenomenal Woman,37i9dQZF1DX35vibahyjHG,2CSey8futg1RyPI2Gx9kVv,spotify:track:2CSey8futg1RyPI2Gx9kVv,https://p.scdn.co/mp3-preview/8076b4c3714a684e01060ebf6d1471909e5654c3?cid=63a77ff40e794a12ae216a18befde98c,Classic,35,"Lady Donli,Kida Kudz",Classic,0.313,0.721,216296,0.782,0.0,10,0.0791,-9.297,0,0.071,161.971,0.798
afro,Phenomenal Woman,37i9dQZF1DX35vibahyjHG,12Il2V2ZeK0wq85VjlJ96e,spotify:track:12Il2V2ZeK0wq85VjlJ96e,https://p.scdn.co/mp3-preview/eb72ba494f241c52c2ccb7f8f0b61a5b48881421?cid=63a77ff40e794a12ae216a18befde98c,Picture Box,23,Yugen Blakrok,Anima Mysterium,0.373,0.528,219782,0.621,2.2e-06,7,0.111,-11.494,1,0.324,82.929,0.551
afro,Phenomenal Woman,37i9dQZF1DX35vibahyjHG,6riIEW0AehnzuJ3Tmbqnpg,spotify:track:6riIEW0AehnzuJ3Tmbqnpg,https://p.scdn.co/mp3-preview/a827806bbc1fadd6c43f395c028cbf79b3098a21?cid=63a77ff40e794a12ae216a18befde98c,Designer,48,"Niniola,Sarz",Designer,0.197,0.804,210000,0.763,0.0118,2,0.108,-2.79,0,0.065,120.016,0.388
afro,Phenomenal Woman,37i9dQZF1DX35vibahyjHG,6Jl2q2iQ3mhXfFqY3kWomm,spotify:track:6Jl2q2iQ3mhXfFqY3kWomm,https://p.scdn.co/mp3-preview/80522969a279153c094e776c9244abfca13ad83f?cid=63a77ff40e794a12ae216a18befde98c,Orkant/Balance Pon It (feat. Babes Wodumo & Taranchyla),28,"Major Lazer,Babes Wodumo,Taranchyla",Orkant/Balance Pon It...All My Life,0.014,0.857,280000,0.93,1.03e-05,8,0.477,-4.291,0,0.103,126.028,0.706
afro,Phenomenal Woman,37i9dQZF1DX35vibahyjHG,3vAJlGxRNNYYMBJdnhxynu,spotify:track:3vAJlGxRNNYYMBJdnhxynu,https://p.scdn.co/mp3-preview/638eca698aaa67449a003ce0522a195b181295ba?cid=63a77ff40e794a12ae216a18befde98c,Sai Bai,24,Chelina,"Chelina, Vol. 1",0.0364,0.695,201875,0.677,0.00643,1,0.181,-4.925,0,0.0656,176.174,0.394
afro,Phenomenal Woman,37i9dQZF1DX35vibahyjHG,2qdtvsv64W3XBV1TN4jZpw,spotify:track:2qdtvsv64W3XBV1TN4jZpw,https://p.scdn.co/mp3-preview/f6a1f4ea254560ca967890b8065f9074ed9f61d9?cid=63a77ff40e794a12ae216a18befde98c,Ca va aller,27,Nabila,Ca va aller,0.0283,0.638,222589,0.824,1.52e-05,3,0.101,-4.529,1,0.0351,109.913,0.645
afro,Phenomenal Woman,37i9dQZF1DX35vibahyjHG,2pbnsa24l0jRJbcPYoKQby,spotify:track:2pbnsa24l0jRJbcPYoKQby,,Weh Mameh,26,Moonchild Sanelly,Weh Mameh,0.0227,0.769,309682,0.651,0.00122,10,0.207,-8.055,0,0.061,125.961,0.291
afro,Phenomenal Woman,37i9dQZF1DX35vibahyjHG,0XYrKE29NOZwQNNnJI0BF4,spotify:track:0XYrKE29NOZwQNNnJI0BF4,https://p.scdn.co/mp3-preview/a64f26295a5e018bd5c4909cd8a1cc20fffb8bf0?cid=63a77ff40e794a12ae216a18befde98c,Diamond Time,22,Zaki Ibrahim,The Secret Life of Planets,0.287,0.768,260788,0.418,0.0,2,0.116,-7.817,1,0.0966,92.023,0.291
afro,Phenomenal Woman,37i9dQZF1DX35vibahyjHG,3YlzwX35t00YUVlXUR8jBI,spotify:track:3YlzwX35t00YUVlXUR8jBI,https://p.scdn.co/mp3-preview/66d9bf8c5edaa9f0ac345c2373c616540de3b3a2?cid=63a77ff40e794a12ae216a18befde98c,We Tried,24,"Lady Jay,Ria Boss",We Tried,0.0409,0.372,240000,0.515,9.91e-05,5,0.106,-6.954,0,0.0533,129.931,0.186
afro,Phenomenal Woman,37i9dQZF1DX35vibahyjHG,6sDNQrYnxoDZbJMJqOL8Db,spotify:track:6sDNQrYnxoDZbJMJqOL8Db,https://p.scdn.co/mp3-preview/2c496cce9287d6504905cd60bc11dd36318ef609?cid=63a77ff40e794a12ae216a18befde98c,Coming Home,30,Shingai,Coming Home,0.29,0.68,292313,0.631,0.21,1,0.119,-9.789,1,0.0368,134.037,0.22
afro,Phenomenal Woman,37i9dQZF1DX35vibahyjHG,6wh7wLf6eLGEvf0m0T6r1x,spotify:track:6wh7wLf6eLGEvf0m0T6r1x,,This Is Love - Radio Edit,38,Lady Zamar,This Is Love,0.122,0.772,259433,0.791,0.0,6,0.114,-6.31,1,0.278,123.521,0.586
afro,Phenomenal Woman,37i9dQZF1DX35vibahyjHG,5NIBAsH0EEiBXF8EnvW4nY,spotify:track:5NIBAsH0EEiBXF8EnvW4nY,,Bakae,32,Boity,Bakae,0.0363,0.799,216889,0.767,2.78e-05,11,0.117,-6.922,0,0.3,135.084,0.296
afro,Phenomenal Woman,37i9dQZF1DX35vibahyjHG,3renF2gJdJPDKIWwPPZQu6,spotify:track:3renF2gJdJPDKIWwPPZQu6,https://p.scdn.co/mp3-preview/0a036b5220bcb10e92a31237d46479c901c88387?cid=63a77ff40e794a12ae216a18befde98c,Fluid,31,Amaarae,Passionfruit Summers,0.815,0.514,145507,0.436,0.0744,6,0.207,-10.811,0,0.0608,94.026,0.362
afro,Phenomenal Woman,37i9dQZF1DX35vibahyjHG,7FYfxitrsIOdLOITs95j1i,spotify:track:7FYfxitrsIOdLOITs95j1i,https://p.scdn.co/mp3-preview/678e28a72705ad1e4d5a469670220d4f99b920b6?cid=63a77ff40e794a12ae216a18befde98c,Thandwa Ndim,28,Amanda Black,Thandwa Ndim,0.111,0.446,277565,0.608,2.7e-06,11,0.361,-5.387,1,0.0499,115.248,0.0804
afro,Phenomenal Woman,37i9dQZF1DX35vibahyjHG,54ONW92SLNmHsqmMOslHmj,spotify:track:54ONW92SLNmHsqmMOslHmj,https://p.scdn.co/mp3-preview/549bf75c52968cceccfbd94664d3cb575a2cfbab?cid=63a77ff40e794a12ae216a18befde98c,My Town,25,Gemma Griffiths,My Town,0.77,0.451,230000,0.474,0.0,3,0.208,-5.869,1,0.042,136.338,0.204
afro,Phenomenal Woman,37i9dQZF1DX35vibahyjHG,3G1sasFULjLGpGU09dKve4,spotify:track:3G1sasFULjLGpGU09dKve4,https://p.scdn.co/mp3-preview/c5903d4af36547730f6422bf1764cda55229411c?cid=63a77ff40e794a12ae216a18befde98c,Kakalika Love,25,"Sister Deborah,Efo Chameleon",Kakalika Love,0.113,0.868,211636,0.706,0.375,4,0.0728,-5.903,0,0.0713,109.969,0.58
afro,Phenomenal Woman,37i9dQZF1DX35vibahyjHG,6Bk8R1OLzWNkILnwez0n59,spotify:track:6Bk8R1OLzWNkILnwez0n59,,Roots,17,Wanja Wohoro,Matriarch,0.925,0.705,189229,0.459,0.0172,6,0.121,-11.354,1,0.0365,103.991,0.208
afro,Phenomenal Woman,37i9dQZF1DX35vibahyjHG,4vj9BpGgie48vQj9gtbdrk,spotify:track:4vj9BpGgie48vQj9gtbdrk,https://p.scdn.co/mp3-preview/d8cff576c8c20f8267c8c3d99693d1b6cc802117?cid=63a77ff40e794a12ae216a18befde98c,Maame Hw3,36,Ebony,Bonyfied,0.188,0.796,198950,0.511,0.0,9,0.487,-6.114,1,0.117,111.971,0.807
afro,Phenomenal Woman,37i9dQZF1DX35vibahyjHG,5cofxfRLsozZ5aenaoXlJI,spotify:track:5cofxfRLsozZ5aenaoXlJI,https://p.scdn.co/mp3-preview/93bbcc598f7a7070f1771f8765b05de161207014?cid=63a77ff40e794a12ae216a18befde98c,Yass Bitch,22,Nadia Nakai,Yass Bitch,0.00689,0.903,202817,0.669,4.01e-05,2,0.134,-5.098,1,0.124,142.055,0.662
afro,Phenomenal Woman,37i9dQZF1DX35vibahyjHG,0CQFHQKmw0gEywJrVhpnY1,spotify:track:0CQFHQKmw0gEywJrVhpnY1,https://p.scdn.co/mp3-preview/37a7e102f8caeb125a0aa974d1d73c522beed68e?cid=63a77ff40e794a12ae216a18befde98c,Love Me,28,Chidinma,Love Me,0.35,0.73,222500,0.726,0.000939,10,0.103,-6.713,1,0.0749,96.067,0.573
afro,Phenomenal Woman,37i9dQZF1DX35vibahyjHG,6MwrdRuLan4tsA1geTiIcr,spotify:track:6MwrdRuLan4tsA1geTiIcr,,Ngiyaz'thandela,27,Kelly Khumalo,Ngiyaz'thandela,0.262,0.365,230413,0.746,0.0,8,0.128,-5.65,1,0.106,90.666,0.595
afro,Phenomenal Woman,37i9dQZF1DX35vibahyjHG,1hz6dG1B8cyDwlm7dw2blm,spotify:track:1hz6dG1B8cyDwlm7dw2blm,,Bla bla bla,21,Nafasi,Bla bla bla,0.644,0.693,216216,0.666,0.000791,10,0.255,-7.99,0,0.0463,109.06,0.755
afro,Phenomenal Woman,37i9dQZF1DX35vibahyjHG,54MONNKu7yBK7w9LBVQ7vx,spotify:track:54MONNKu7yBK7w9LBVQ7vx,https://p.scdn.co/mp3-preview/8b0b3229678d5c9d963d9a4bff03c795070c6047?cid=63a77ff40e794a12ae216a18befde98c,Askamaya,56,Teni,Askamaya,0.0652,0.802,175987,0.783,1.85e-05,9,0.0842,-2.677,0,0.0643,116.009,0.698
afro,Phenomenal Woman,37i9dQZF1DX35vibahyjHG,6Bl5ov7N6sw7MetxdtafFT,spotify:track:6Bl5ov7N6sw7MetxdtafFT,https://p.scdn.co/mp3-preview/03775d287b63285f0f195d9128b97ff5b1bb77c1?cid=63a77ff40e794a12ae216a18befde98c,Lova Lova (feat. Duncan Mighty),52,"Tiwa Savage,Duncan Mighty",Lova Lova (feat. Duncan Mighty),0.37,0.741,218253,0.725,1.65e-05,2,0.101,-4.436,0,0.0543,98.916,0.611
afro,Phenomenal Woman,37i9dQZF1DX35vibahyjHG,4F0e4hx3bASeaqLqSopcwA,spotify:track:4F0e4hx3bASeaqLqSopcwA,https://p.scdn.co/mp3-preview/e98fc0642913cab54ff69aad7589e3eded4fe73d?cid=63a77ff40e794a12ae216a18befde98c,I'm Feeling It,30,"Blinky Bill,Muthoni Drummer Queen,Mayonde",Rafiki (Original Motion Picture Soundtrack),0.149,0.612,266769,0.611,0.00055,5,0.159,-8.831,0,0.361,101.318,0.181
afro,Phenomenal Woman,37i9dQZF1DX35vibahyjHG,0d1j4VxKYbeXaP1WTiafWL,spotify:track:0d1j4VxKYbeXaP1WTiafWL,https://p.scdn.co/mp3-preview/424a6378dcc18c0dfdc3709163ff286ea23b517c?cid=63a77ff40e794a12ae216a18befde98c,Sista,33,"Charlotte Dipanda,Yemi Alade",Un jour dans ma vie,0.184,0.829,239196,0.568,0.000535,5,0.0623,-6.078,1,0.0911,120.125,0.828
afro,Phenomenal Woman,37i9dQZF1DX35vibahyjHG,09zl1Tb8QaW64mMAo3dZOU,spotify:track:09zl1Tb8QaW64mMAo3dZOU,https://p.scdn.co/mp3-preview/88659ee9da6035164ec4a019ced068768e731a65?cid=63a77ff40e794a12ae216a18befde98c,Huku,40,Sho Madjozi,Limpopo Champions League,0.00331,0.864,213750,0.785,2.08e-05,1,0.0469,-6.985,1,0.0393,128.0,0.911
afro,Phenomenal Woman,37i9dQZF1DX35vibahyjHG,29lNjiF1YhmL5DKPPZam1M,spotify:track:29lNjiF1YhmL5DKPPZam1M,https://p.scdn.co/mp3-preview/791eb3b1d0da10bafddd03c92a6535eff72ddd32?cid=63a77ff40e794a12ae216a18befde98c,Holding Hands in Public,30,Ria Boss,Underwater,0.855,0.419,206942,0.136,0.152,10,0.0947,-22.457,1,0.0632,117.921,0.0379
afro,Phenomenal Woman,37i9dQZF1DX35vibahyjHG,3XdaJ8ZYmFgIWC1OSA7I1Z,spotify:track:3XdaJ8ZYmFgIWC1OSA7I1Z,https://p.scdn.co/mp3-preview/1e6f7b16687a21f5a7d112d2d0bde8a0c2ed4663?cid=63a77ff40e794a12ae216a18befde98c,Whoman Woman,24,Efya,Whoman Woman,0.437,0.784,222734,0.678,0.000947,8,0.0951,-1.387,1,0.0468,96.995,0.633
