category_id,playlist_name,playlist_id,track_id,track_uri,track_preview_url,track_name,track_popularity,artist_name,album_name,acousticness,danceability,duration_ms,energy,instrumentalness,key,liveness,loudness,mode,speechiness,tempo,valence
afro,Soukous Stars,37i9dQZF1DX76L9P7wUf6A,6OXKnCZ4gEjF9746PSY2En,spotify:track:6OXKnCZ4gEjF9746PSY2En,https://p.scdn.co/mp3-preview/d74bb6c2bffdfc2b66de4aa9714d78a3b9948aae?cid=63a77ff40e794a12ae216a18befde98c,Freddy Nelson,28,Extra Musica,Les nouveaux missiles,0.0155,0.513,570347,0.612,0.0577,2,0.0467,-11.198,1,0.0612,124.098,0.837
afro,Soukous Stars,37i9dQZF1DX76L9P7wUf6A,0U9UAaKRmBwrtIkBUzKtOv,spotify:track:0U9UAaKRmBwrtIkBUzKtOv,https://p.scdn.co/mp3-preview/803aed3f821813f3384e89ede63a065808d587d8?cid=63a77ff40e794a12ae216a18befde98c,Pa Auguy,21,Pompom Kuleta,Soukouss Vibration Vol.4,0.0134,0.613,275827,0.942,0.401,2,0.362,-6.386,1,0.032,127.929,0.963
afro,Soukous Stars,37i9dQZF1DX76L9P7wUf6A,6w79vCDXEPvLRixFW9H3Qm,spotify:track:6w79vCDXEPvLRixFW9H3Qm,https://p.scdn.co/mp3-preview/7d600a446d39b8155df596ce16bf533c013d1a1b?cid=63a77ff40e794a12ae216a18befde98c,Pur Soukous,22,"Soukous Stars,Shimita Et Lokassa",Face To Face,0.0159,0.727,296507,0.769,0.000247,11,0.085,-6.971,0,0.0383,125.31,0.91
afro,Soukous Stars,37i9dQZF1DX76L9P7wUf6A,4NPrSvuXOTyjfqU840gvT8,spotify:track:4NPrSvuXOTyjfqU840gvT8,https://p.scdn.co/mp3-preview/f6746dbf76d242c15e51ffa5047dc2a49668f825?cid=63a77ff40e794a12ae216a18befde98c,Likelele,19,Soukous Stars,Gozando,0.0625,0.712,304000,0.536,0.144,7,0.23,-14.145,1,0.0357,128.054,0.9
afro,Soukous Stars,37i9dQZF1DX76L9P7wUf6A,6qxl5PiBj9jGXjhAmt9a9A,spotify:track:6qxl5PiBj9jGXjhAmt9a9A,https://p.scdn.co/mp3-preview/bfa6540de210a07a5ab0ef892db75ec6e0f27a2e?cid=63a77ff40e794a12ae216a18befde98c,Face à face,18,King Kester Emeneya,Le jour le plus long,0.19,0.58,685040,0.977,0.0,7,0.56,-1.013,1,0.0698,114.156,0.839
afro,Soukous Stars,37i9dQZF1DX76L9P7wUf6A,1j25mjXBEqOVRJO7KrXpPK,spotify:track:1j25mjXBEqOVRJO7KrXpPK,https://p.scdn.co/mp3-preview/31f3fa7946a08e6996b1cc569edb21c5d064d7ec?cid=63a77ff40e794a12ae216a18befde98c,N Zingzong,16,Tex & Niaw,"Soukouss Vibration, Vol. 5",0.0393,0.764,332787,0.9,0.0662,0,0.165,-4.571,1,0.0466,124.053,0.962
afro,Soukous Stars,37i9dQZF1DX76L9P7wUf6A,2kLA5g6xwMAEAPM7tKsMS3,spotify:track:2kLA5g6xwMAEAPM7tKsMS3,https://p.scdn.co/mp3-preview/99eb956f5109d65b6cfc02d8b9ce7d558a467cb0?cid=63a77ff40e794a12ae216a18befde98c,Medley 7,17,Dally Kimoko,Bon vent,0.513,0.693,433800,0.882,0.0,11,0.66,-4.142,0,0.0608,127.956,0.89
afro,Soukous Stars,37i9dQZF1DX76L9P7wUf6A,7CDdf5DJpBtKTQJk01PM5V,spotify:track:7CDdf5DJpBtKTQJk01PM5V,https://p.scdn.co/mp3-preview/452d80837f335d700c43653297f9e849f377a40a?cid=63a77ff40e794a12ae216a18befde98c,I kembe,16,Gangs du Soukouss,"Best of Gangs du Soukouss to Bina, vol. 2",0.391,0.673,277840,0.949,0.54,2,0.126,-6.967,1,0.0586,140.884,0.957
afro,Soukous Stars,37i9dQZF1DX76L9P7wUf6A,0C9VkSjuxj6Jb3MfsuUF6C,spotify:track:0C9VkSjuxj6Jb3MfsuUF6C,https://p.scdn.co/mp3-preview/bdff5e92d1be648a327067aa1edb4f2ec54a8088?cid=63a77ff40e794a12ae216a18befde98c,Julie,14,Lokassa,Ya m'bongo,0.296,0.729,315107,0.719,0.00675,9,0.0397,-13.79,1,0.0434,125.001,0.963
afro,Soukous Stars,37i9dQZF1DX76L9P7wUf6A,4wD1mPv3OMUGtjrhtx4rsT,spotify:track:4wD1mPv3OMUGtjrhtx4rsT,https://p.scdn.co/mp3-preview/121f160a9d6be3cc53c295da6cb8a13c7bef1699?cid=63a77ff40e794a12ae216a18befde98c,Le scorpion,14,Petit Makambo,Le scorpion,0.167,0.703,410761,0.953,0.0,0,0.0474,-3.124,0,0.094,125.915,0.96
afro,Soukous Stars,37i9dQZF1DX76L9P7wUf6A,3UT8JTjf4ntWWIH3jjTsgu,spotify:track:3UT8JTjf4ntWWIH3jjTsgu,https://p.scdn.co/mp3-preview/a69d374e2866680511f3efc61ebf89c8111c53bc?cid=63a77ff40e794a12ae216a18befde98c,Solola Bien,31,Wenge Musica Maison Mère,Solola Bien !,0.141,0.676,425067,0.805,0.0,7,0.129,-8.568,1,0.109,115.693,0.96
afro,Soukous Stars,37i9dQZF1DX76L9P7wUf6A,6Gv4zwHHL2N9ob2QoAHDd6,spotify:track:6Gv4zwHHL2N9ob2QoAHDd6,https://p.scdn.co/mp3-preview/e2b0878d9e5eef17ec9bdb89e5614fa13321c72a?cid=63a77ff40e794a12ae216a18befde98c,Etat Major,15,"Eric Doguier,Pharaon N Shora",Soukouss Vibration (Best of Vols. 6 & 7),0.0303,0.647,184000,0.951,0.192,3,0.44,-3.279,1,0.0499,120.042,0.894
afro,Soukous Stars,37i9dQZF1DX76L9P7wUf6A,7ghS6UQjnFJAzhtm1uFTUj,spotify:track:7ghS6UQjnFJAzhtm1uFTUj,https://p.scdn.co/mp3-preview/3e9c8b7f78e59fb9f3b75ba8b4ea0828a5c5f659?cid=63a77ff40e794a12ae216a18befde98c,Comme un...,14,"Jean Baron,Loketo",Comme un...,0.504,0.786,321533,0.727,0.0135,4,0.196,-12.293,1,0.0453,131.378,0.944
afro,Soukous Stars,37i9dQZF1DX76L9P7wUf6A,2obelLmW2BqU2wGXJrEVTu,spotify:track:2obelLmW2BqU2wGXJrEVTu,https://p.scdn.co/mp3-preview/a410043ceb789eaf3f2858d6d76943f230c0bbcf?cid=63a77ff40e794a12ae216a18befde98c,Cyndi,16,Loketo,Extra Ball,0.235,0.727,308093,0.799,0.01,0,0.0742,-11.512,1,0.0371,133.955,0.967
afro,Soukous Stars,37i9dQZF1DX76L9P7wUf6A,1RUjPxRYLmUxaBGnitgOLp,spotify:track:1RUjPxRYLmUxaBGnitgOLp,https://p.scdn.co/mp3-preview/625cbc87de45d13117713a101cc8de5ec048b365?cid=63a77ff40e794a12ae216a18befde98c,Show,12,Sakis,Tropical 2,0.271,0.716,214480,0.822,0.0,2,0.127,-6.532,1,0.0387,140.163,0.817
afro,Soukous Stars,37i9dQZF1DX76L9P7wUf6A,3xZIT871p9ksFend4Pn07G,spotify:track:3xZIT871p9ksFend4Pn07G,https://p.scdn.co/mp3-preview/9198537522674ea9f6c1a604daf6ee475d739fa2?cid=63a77ff40e794a12ae216a18befde98c,Eve matoko,17,"Pepe Kalle,Nyboma",Moyibi,0.766,0.71,402600,0.528,0.0693,9,0.165,-14.424,1,0.037,125.785,0.959
afro,Soukous Stars,37i9dQZF1DX76L9P7wUf6A,7pTiSq2aeOGF1h0fWUm5jX,spotify:track:7pTiSq2aeOGF1h0fWUm5jX,https://p.scdn.co/mp3-preview/9a591de16b5a478b207ffeb80ac39b2fbcb2c35a?cid=63a77ff40e794a12ae216a18befde98c,Ambiance Night,16,Soukouss Express,Best of Soukouss express,0.0366,0.777,304333,0.941,0.000351,7,0.0626,-1.608,1,0.0702,131.601,0.94
afro,Soukous Stars,37i9dQZF1DX76L9P7wUf6A,60ild5pUYSJfbOYiTHZa0n,spotify:track:60ild5pUYSJfbOYiTHZa0n,https://p.scdn.co/mp3-preview/a57d495fceea49ada2accde3c81c54e42ca423a4?cid=63a77ff40e794a12ae216a18befde98c,Priorite Soukous,13,Wenge Musica Aile Paris,Soukous Koumbela,0.119,0.704,144853,0.844,0.00696,9,0.0552,-9.41,0,0.0531,132.636,0.961
afro,Soukous Stars,37i9dQZF1DX76L9P7wUf6A,2KPIhk81UaKokQ7L5Hdwb5,spotify:track:2KPIhk81UaKokQ7L5Hdwb5,https://p.scdn.co/mp3-preview/ba494b3b28c288e5e3f55067d35515039c1582a5?cid=63a77ff40e794a12ae216a18befde98c,Dr F. Okemba,17,"Roga Roga,Extra Musica",242,0.608,0.495,473351,0.924,0.0,0,0.186,-2.649,1,0.173,117.92,0.876
afro,Soukous Stars,37i9dQZF1DX76L9P7wUf6A,5kPFGrFpDUrsfgu3rfmsPf,spotify:track:5kPFGrFpDUrsfgu3rfmsPf,https://p.scdn.co/mp3-preview/c28d99c40c639f1032e4ef2b80d079453b43fb0a?cid=63a77ff40e794a12ae216a18befde98c,Moyen te,23,Awilo Longomba,Moto pamba,0.388,0.73,278827,0.93,1.48e-06,5,0.0736,-4.969,1,0.0483,126.384,0.963
afro,Soukous Stars,37i9dQZF1DX76L9P7wUf6A,0aZWnWXyQn31bMDTuEzw7i,spotify:track:0aZWnWXyQn31bMDTuEzw7i,,Tokei,15,Kanda Bongo Man,Sana,0.394,0.697,312120,0.883,0.00471,11,0.0953,-8.787,1,0.0389,128.015,0.961
afro,Soukous Stars,37i9dQZF1DX76L9P7wUf6A,619WlXu7sciAQxsRpczIi3,spotify:track:619WlXu7sciAQxsRpczIi3,https://p.scdn.co/mp3-preview/20781ce770e2a110c2383a6613b50fed67121426?cid=63a77ff40e794a12ae216a18befde98c,Special DJ,12,Damien Aziwa,La terre promise,0.201,0.651,236107,0.924,0.776,11,0.0396,-7.543,0,0.0511,127.805,0.967
afro,Soukous Stars,37i9dQZF1DX76L9P7wUf6A,5VBP6OvMnsQMc2sHEcD2XE,spotify:track:5VBP6OvMnsQMc2sHEcD2XE,https://p.scdn.co/mp3-preview/0dc13385d481bd262ad5c2431b9fbc5577f5c735?cid=63a77ff40e794a12ae216a18befde98c,Bon appétit,13,Soukouss Express,Best of Soukouss express,0.0175,0.816,255560,0.961,0.068,2,0.295,-1.867,1,0.0576,131.553,0.967
afro,Soukous Stars,37i9dQZF1DX76L9P7wUf6A,192sj6SutzzUB22ZBEwEo9,spotify:track:192sj6SutzzUB22ZBEwEo9,https://p.scdn.co/mp3-preview/1ff139d5a337edf8d195647b61bd0c1f4ba2fa54?cid=63a77ff40e794a12ae216a18befde98c,Top Millenium,13,Alain Kounkou,Hot Soukouss,0.219,0.68,297400,0.847,3.44e-06,6,0.064,-7.553,0,0.0472,117.417,0.963
afro,Soukous Stars,37i9dQZF1DX76L9P7wUf6A,0bUfr3efR970v82hiRTthT,spotify:track:0bUfr3efR970v82hiRTthT,https://p.scdn.co/mp3-preview/ec6cbe78e2cfebda27dd6fad3d998636a457e2be?cid=63a77ff40e794a12ae216a18befde98c,Jeu,21,Fabregas Le Metis Noir,Je Pense « Poison »,0.09,0.422,274160,0.982,5.15e-05,1,0.331,-1.568,0,0.217,125.699,0.826
afro,Soukous Stars,37i9dQZF1DX76L9P7wUf6A,1MfIY0ujpRJI4MgHHUx7ue,spotify:track:1MfIY0ujpRJI4MgHHUx7ue,https://p.scdn.co/mp3-preview/b86a47f62cc60a541df2a58be57714e2e11aa524?cid=63a77ff40e794a12ae216a18befde98c,Ma we,13,Lutchiana Mobulu,Foulalé,0.0123,0.755,362133,0.694,0.0909,6,0.0561,-12.128,0,0.0555,130.276,0.952
afro,Soukous Stars,37i9dQZF1DX76L9P7wUf6A,79Sp7JNx35L9Mz5M8ByElW,spotify:track:79Sp7JNx35L9Mz5M8ByElW,https://p.scdn.co/mp3-preview/2095698db928b15a9f8595182090b683f1397b8d?cid=63a77ff40e794a12ae216a18befde98c,La fête continue,13,Freddy de Majunga,Cool ! Cool !,0.0439,0.715,303893,0.88,0.257,7,0.212,-9.847,1,0.0362,133.658,0.976
afro,Soukous Stars,37i9dQZF1DX76L9P7wUf6A,2nZOi8KeOFM6jBVNKuScpc,spotify:track:2nZOi8KeOFM6jBVNKuScpc,https://p.scdn.co/mp3-preview/3bd43d283a4422a0a4537b64aa487ca5b0a79b4e?cid=63a77ff40e794a12ae216a18befde98c,Kala-Yi-Boeing,28,Wenge Musica,Kala Yi Boeing,0.424,0.656,586133,0.908,1.6e-06,11,0.223,-4.52,1,0.057,122.05,0.921
afro,Soukous Stars,37i9dQZF1DX76L9P7wUf6A,3qRDEbRyR5L3ZffKKlD6DZ,spotify:track:3qRDEbRyR5L3ZffKKlD6DZ,https://p.scdn.co/mp3-preview/522a12baca4c41b79932dff0875d6fc706a86905?cid=63a77ff40e794a12ae216a18befde98c,Moyibi,21,"Pepe Kalle,Nyboma",Moyibi,0.477,0.7,373467,0.558,0.00953,2,0.288,-13.434,1,0.0335,127.823,0.971
afro,Soukous Stars,37i9dQZF1DX76L9P7wUf6A,3sUnuJU7GM3ADvnWxyrguc,spotify:track:3sUnuJU7GM3ADvnWxyrguc,https://p.scdn.co/mp3-preview/9c092e40e6ec3f45a0422864741fee1281c27103?cid=63a77ff40e794a12ae216a18befde98c,Cosa Nostra,18,Héritier Watanabe,Carrière d'Honneur - Retirada Vol.1,0.262,0.376,298973,0.939,0.0,4,0.651,-3.207,0,0.223,92.827,0.672
afro,Soukous Stars,37i9dQZF1DX76L9P7wUf6A,3RT57kUt2TW8VdFqKOYk33,spotify:track:3RT57kUt2TW8VdFqKOYk33,https://p.scdn.co/mp3-preview/f8b0fc72f9724eebd1c229a81c213bf47819e5d4?cid=63a77ff40e794a12ae216a18befde98c,Tengama,15,Fabregas Le Metis Noir,Tengama,0.47,0.698,234154,0.954,0.00982,4,0.414,-3.398,1,0.261,121.867,0.756
afro,Soukous Stars,37i9dQZF1DX76L9P7wUf6A,0FpBZwx29Zj3v655aeTfoP,spotify:track:0FpBZwx29Zj3v655aeTfoP,https://p.scdn.co/mp3-preview/0122e6659682c1da0f27bfb455dd8605e8274118?cid=63a77ff40e794a12ae216a18befde98c,"Rama, pt. 1",13,Sahlomon,Sah'Lomon,0.245,0.718,339950,0.861,0.745,7,0.278,-7.708,1,0.0357,136.288,0.972
afro,Soukous Stars,37i9dQZF1DX76L9P7wUf6A,38aSw6ZLbcP0Qxin8DEaeD,spotify:track:38aSw6ZLbcP0Qxin8DEaeD,,Palpitations,0,Bozi Boziana,"Génération ndombolo, vol. 1 (Maxxi Dance)",0.0856,0.684,369760,0.938,7.12e-06,8,0.338,-2.757,1,0.152,118.227,0.8
afro,Soukous Stars,37i9dQZF1DX76L9P7wUf6A,0ddSm2ZcqAPE4HPIWDwV6S,spotify:track:0ddSm2ZcqAPE4HPIWDwV6S,https://p.scdn.co/mp3-preview/f94850009e06459adf7ab781bdd1abf4e03004d7?cid=63a77ff40e794a12ae216a18befde98c,Laissez-passer - Dub Version,15,Diblo Dibala,Laissez-passer,0.253,0.697,264240,0.87,0.371,2,0.0362,-8.732,1,0.0496,136.818,0.941
afro,Soukous Stars,37i9dQZF1DX76L9P7wUf6A,43CWDLWcwQPkBtpLcuX3KB,spotify:track:43CWDLWcwQPkBtpLcuX3KB,https://p.scdn.co/mp3-preview/e40b0c060775a1cd27ac4c4ad9970c5b4cd48d3a?cid=63a77ff40e794a12ae216a18befde98c,It's Mine,12,Tex & Niaw,"Soukouss Vibration, Vol. 5",0.0204,0.621,299093,0.892,0.000202,4,0.058,-5.733,1,0.0327,122.004,0.966
afro,Soukous Stars,37i9dQZF1DX76L9P7wUf6A,6MRKU8r9jFcpQ5aCP7Qiu8,spotify:track:6MRKU8r9jFcpQ5aCP7Qiu8,https://p.scdn.co/mp3-preview/68e097cfdf9e1955541d267bbf25bbf4eef9e85f?cid=63a77ff40e794a12ae216a18befde98c,Shereen,11,Ngouma Lokito,The Best of Ngouma Lokito,0.348,0.68,357827,0.948,7.65e-06,9,0.347,-4.254,1,0.0408,124.258,0.936
afro,Soukous Stars,37i9dQZF1DX76L9P7wUf6A,4VLZwlmHXvXGRm15PjcBvv,spotify:track:4VLZwlmHXvXGRm15PjcBvv,https://p.scdn.co/mp3-preview/482f7a3c075348d42c83fbceba204457747edcb9?cid=63a77ff40e794a12ae216a18befde98c,Kapangala,12,Pompom Kuleta,Soukouss Vibration Vol.4,0.0131,0.614,114467,0.931,0.0844,0,0.672,-6.286,1,0.0313,127.891,0.961
afro,Soukous Stars,37i9dQZF1DX76L9P7wUf6A,5ewoJqYCowP1pWcDaGnvEd,spotify:track:5ewoJqYCowP1pWcDaGnvEd,https://p.scdn.co/mp3-preview/d7160bba59eba75dbf78684de99f789621923f5e?cid=63a77ff40e794a12ae216a18befde98c,Bibala bala,11,Nimon Toki Lala,Consécration,0.346,0.492,360133,0.751,6.67e-05,2,0.0651,-8.484,1,0.0536,119.46,0.78
afro,Soukous Stars,37i9dQZF1DX76L9P7wUf6A,2HIN1pRXaFjlS1MGXkCBHG,spotify:track:2HIN1pRXaFjlS1MGXkCBHG,,Ultimatum,0,"Quartier Latin,Koffi Olomide",Ultimatum,0.633,0.466,460533,0.792,0.0117,6,0.372,-5.965,0,0.122,178.455,0.902
afro,Soukous Stars,37i9dQZF1DX76L9P7wUf6A,4UJJN2njnnuBWS914NXvaw,spotify:track:4UJJN2njnnuBWS914NXvaw,https://p.scdn.co/mp3-preview/63a79df16213bda98dce7e52b7e82a83c7ce52ef?cid=63a77ff40e794a12ae216a18befde98c,Echantillon yapampa,12,Pompom Kuleta,"Soukouss Vibration, vol. 3",0.216,0.693,172828,0.883,0.808,0,0.0972,-8.499,1,0.0399,127.928,0.983
afro,Soukous Stars,37i9dQZF1DX76L9P7wUf6A,1WHp6DRSAf5bnc64PVmjwj,spotify:track:1WHp6DRSAf5bnc64PVmjwj,https://p.scdn.co/mp3-preview/8971d0467f430607c21a9502db7117ab9c8d6bd0?cid=63a77ff40e794a12ae216a18befde98c,S'il te plaît,26,Héritier Watanabe,S'il te plaît,0.0249,0.468,474631,0.964,6.6e-06,0,0.289,-2.5,1,0.078,118.399,0.846
afro,Soukous Stars,37i9dQZF1DX76L9P7wUf6A,1Nc5XRrtHjrS30kWHsz8gz,spotify:track:1Nc5XRrtHjrS30kWHsz8gz,https://p.scdn.co/mp3-preview/eef1ba29540dbfe8d2c6d81acbfe22990542281a?cid=63a77ff40e794a12ae216a18befde98c,Lutter lutter,12,"Jean Baron,Loketo",Comme un...,0.378,0.795,303707,0.759,0.00101,11,0.0384,-12.526,0,0.0402,128.415,0.969
afro,Soukous Stars,37i9dQZF1DX76L9P7wUf6A,2UN8ooihAWjUJjadeqdkQV,spotify:track:2UN8ooihAWjUJjadeqdkQV,https://p.scdn.co/mp3-preview/945b8d5f6309e6df7dc70180cc7f9886c24f6074?cid=63a77ff40e794a12ae216a18befde98c,Instrumental,12,Pompom Kuleta,Soukouss Vibration Vol.4,0.0212,0.691,942093,0.914,0.841,11,0.414,-9.235,0,0.038,127.925,0.975
afro,Soukous Stars,37i9dQZF1DX76L9P7wUf6A,0zmZllmRWHfjJ0q6de4ro6,spotify:track:0zmZllmRWHfjJ0q6de4ro6,https://p.scdn.co/mp3-preview/8f84192bbdee375e937247e0236b52ddba059cf4?cid=63a77ff40e794a12ae216a18befde98c,Mosala tokosalaka / Lokoko / Le folk,11,Pompom Kuleta,"Soukouss Vibration, vol. 3",0.0932,0.61,280688,0.871,0.772,9,0.0759,-8.989,1,0.0322,127.964,0.977
afro,Soukous Stars,37i9dQZF1DX76L9P7wUf6A,2Lm0to7sEGaorVQGFTVdJI,spotify:track:2Lm0to7sEGaorVQGFTVdJI,https://p.scdn.co/mp3-preview/9c9711c0d751fba469d7128d9c1c9844b8d46cf4?cid=63a77ff40e794a12ae216a18befde98c,Millicent,10,Soukouss Force One,Soukouss Force One,0.368,0.753,312667,0.845,1.15e-05,0,0.118,-6.89,1,0.0353,123.009,0.961
afro,Soukous Stars,37i9dQZF1DX76L9P7wUf6A,3wUwwGqDDJjJr7CVRBkXkY,spotify:track:3wUwwGqDDJjJr7CVRBkXkY,https://p.scdn.co/mp3-preview/d8cd3c095665a906fcdba69580630fae9b23b286?cid=63a77ff40e794a12ae216a18befde98c,Malou,15,Loketo,Extra Ball,0.23,0.722,323267,0.855,0.0358,4,0.399,-11.564,1,0.0355,129.952,0.967
afro,Soukous Stars,37i9dQZF1DX76L9P7wUf6A,6k0z8BXPOJL7DRoSfa4ccW,spotify:track:6k0z8BXPOJL7DRoSfa4ccW,https://p.scdn.co/mp3-preview/609b295b5dedd701130b68e59d2dd3a5487b8ad1?cid=63a77ff40e794a12ae216a18befde98c,Doly,12,Quatre Etoiles Du Zaire,Live In London,0.449,0.737,414733,0.861,0.00363,7,0.739,-8.562,1,0.034,130.176,0.932
afro,Soukous Stars,37i9dQZF1DX76L9P7wUf6A,0Lt7yivCuNvrJKAxHVspSP,spotify:track:0Lt7yivCuNvrJKAxHVspSP,https://p.scdn.co/mp3-preview/46290db3a050fc64047c4051e3348d722918b40d?cid=63a77ff40e794a12ae216a18befde98c,Zot lé en pointe,12,Soukouss Express,Soukouss Express,0.315,0.846,310707,0.74,0.0201,0,0.094,-9.844,1,0.037,131.793,0.967
afro,Soukous Stars,37i9dQZF1DX76L9P7wUf6A,6Kuz9kI0s78PCzqDJuGLUG,spotify:track:6Kuz9kI0s78PCzqDJuGLUG,https://p.scdn.co/mp3-preview/2c22970f311af9d5fe30691022e97bef8b940060?cid=63a77ff40e794a12ae216a18befde98c,Jona,12,Sahlomon,Sah'Lomon,0.639,0.699,319758,0.795,0.358,0,0.0587,-8.241,1,0.0403,134.559,0.968
afro,Soukous Stars,37i9dQZF1DX76L9P7wUf6A,5NWvVaMEyMrT1cizRi4uhs,spotify:track:5NWvVaMEyMrT1cizRi4uhs,https://p.scdn.co/mp3-preview/5d274bb6d90b2cf1d261dc9668090c612e3c99a9?cid=63a77ff40e794a12ae216a18befde98c,Moprete lendila,16,"Koffi Olomide,Quartier Latin",Force de frappe,0.243,0.574,415587,0.779,6.86e-06,0,0.189,-7.154,1,0.145,119.94,0.829
afro,Soukous Stars,37i9dQZF1DX76L9P7wUf6A,4Y7g3VZtESUShGAXdLjrcK,spotify:track:4Y7g3VZtESUShGAXdLjrcK,https://p.scdn.co/mp3-preview/2fa546a04d118ada6d84f0e0ebc404fbba9ae4e7?cid=63a77ff40e794a12ae216a18befde98c,Souvenir de Kinshasa,12,Damien Aziwa,La terre promise,0.241,0.7,450107,0.864,0.536,0,0.331,-7.322,1,0.046,127.679,0.972
afro,Soukous Stars,37i9dQZF1DX76L9P7wUf6A,7JwMYisgPeWOY2i6bCkoO4,spotify:track:7JwMYisgPeWOY2i6bCkoO4,https://p.scdn.co/mp3-preview/71e82d34556d7de263ad8b040243ac62b970fbd0?cid=63a77ff40e794a12ae216a18befde98c,Gâté le coin,33,Awilo Longomba,Coupé bibamba,0.0678,0.696,396227,0.742,0.0,7,0.551,-8.749,1,0.0413,115.072,0.915
