category_id,playlist_name,playlist_id,track_id,track_uri,track_preview_url,track_name,track_popularity,artist_name,album_name,acousticness,danceability,duration_ms,energy,instrumentalness,key,liveness,loudness,mode,speechiness,tempo,valence
blues,Scratchy Back Porch Blues,37i9dQZF1DWXbxDw7wBcIC,4cEzHktMaGrNAw36GbNhwr,spotify:track:4cEzHktMaGrNAw36GbNhwr,https://p.scdn.co/mp3-preview/7fd8533dc12b000cf837b617b7b224d9cf68f7d3?cid=63a77ff40e794a12ae216a18befde98c,Blues As I Can Be,36,Tommy McClennan,"Tommy McClennan Vol. 2 ""Cross Cut Saw""",0.91,0.707,163944,0.275,7.6e-06,9,0.112,-14.026,0,0.163,108.657,0.619
blues,Scratchy Back Porch Blues,37i9dQZF1DWXbxDw7wBcIC,1WE055A5d1019EAx79Rg8Q,spotify:track:1WE055A5d1019EAx79Rg8Q,https://p.scdn.co/mp3-preview/e72469b28a01f5c7ac86bd5ab5f1eca47d3c46b5?cid=63a77ff40e794a12ae216a18befde98c,Mojo Hand,44,Lightnin' Hopkins,The Roots Of Led Zeppelin,0.656,0.567,182509,0.56,0.000102,11,0.127,-8.356,0,0.147,147.008,0.766
blues,Scratchy Back Porch Blues,37i9dQZF1DWXbxDw7wBcIC,2XtrInrRVz6JY3ydZ6yyvO,spotify:track:2XtrInrRVz6JY3ydZ6yyvO,https://p.scdn.co/mp3-preview/3a2af59f35d26837fac79c54dcc929a09c3cf5c0?cid=63a77ff40e794a12ae216a18befde98c,You Gotta Move,38,Mississippi Fred McDowell,You Got To Move,0.697,0.623,200667,0.151,0.000354,9,0.102,-16.275,1,0.0626,75.082,0.309
blues,Scratchy Back Porch Blues,37i9dQZF1DWXbxDw7wBcIC,5w3davI2J6IeUfBZ4cE2qq,spotify:track:5w3davI2J6IeUfBZ4cE2qq,https://p.scdn.co/mp3-preview/7c401e01a2c426def792ecb2aaec4388d9f6a64e?cid=63a77ff40e794a12ae216a18befde98c,Mr. McTell Got the Blues - 2003 Remastered,34,Blind Willie McTell,Statesboro Blues - When The Sun Goes Down Series,0.913,0.614,137693,0.136,3.01e-06,10,0.0891,-14.095,1,0.038,113.967,0.527
blues,Scratchy Back Porch Blues,37i9dQZF1DWXbxDw7wBcIC,0AyuXBS2btC46SOUgnOZ2N,spotify:track:0AyuXBS2btC46SOUgnOZ2N,https://p.scdn.co/mp3-preview/affab2e5bba6a6f17a107a405a065a63d2a4362d?cid=63a77ff40e794a12ae216a18befde98c,Boogie Chillun,39,John Lee Hooker,Absolutely the Best of the Blues,0.42,0.622,158053,0.417,0.0121,4,0.0785,-11.793,1,0.299,158.103,0.597
blues,Scratchy Back Porch Blues,37i9dQZF1DWXbxDw7wBcIC,05Fqtv0hpBriJj803R6x8i,spotify:track:05Fqtv0hpBriJj803R6x8i,https://p.scdn.co/mp3-preview/528573e37b06116b38c19805d1d58be656d91d09?cid=63a77ff40e794a12ae216a18befde98c,Statesboro Blues,36,Blind Willie McTell,Blind Willie McTell -Statesboro Blues - The Early Years 1927-1935,0.973,0.573,152853,0.267,0.000388,6,0.106,-9.051,1,0.0547,90.522,0.437
blues,Scratchy Back Porch Blues,37i9dQZF1DWXbxDw7wBcIC,5ZUxxja3WzBZUFF6P9M9HN,spotify:track:5ZUxxja3WzBZUFF6P9M9HN,https://p.scdn.co/mp3-preview/202566f39c8457307afb247ad00f5c3d4256ab6c?cid=63a77ff40e794a12ae216a18befde98c,Someday (Electric),40,Otis Spann,Someday,0.944,0.581,206800,0.333,0.472,0,0.332,-14.209,1,0.032,94.197,0.488
blues,Scratchy Back Porch Blues,37i9dQZF1DWXbxDw7wBcIC,1guIEbEw6v69ubNOuH9Aug,spotify:track:1guIEbEw6v69ubNOuH9Aug,https://p.scdn.co/mp3-preview/ff28b65f891d50fdbb09037c22c567cb4c6609de?cid=63a77ff40e794a12ae216a18befde98c,Sweet Home Chicago,47,Robert Johnson,King Of The Delta Blues Singers (Volume 2),0.966,0.658,179293,0.121,1.69e-05,6,0.0808,-12.142,1,0.0928,97.831,0.383
blues,Scratchy Back Porch Blues,37i9dQZF1DWXbxDw7wBcIC,12wcfe9zw4uu3Rceg8rAbj,spotify:track:12wcfe9zw4uu3Rceg8rAbj,,I Can't Be Satisfied,1,Muddy Waters,I Can't Be Satisfied,0.971,0.699,162547,0.21,0.0402,2,0.0864,-15.36,0,0.0728,105.424,0.667
blues,Scratchy Back Porch Blues,37i9dQZF1DWXbxDw7wBcIC,04O45djDgdvw08HOkouSKW,spotify:track:04O45djDgdvw08HOkouSKW,https://p.scdn.co/mp3-preview/d9e00d73b3254ff7b10b6b54d08f7fbffd4b627d?cid=63a77ff40e794a12ae216a18befde98c,All Around Man,46,Bo Carter,Banana In Your Fruit Basket,0.979,0.579,180093,0.18,0.0403,5,0.0948,-15.873,1,0.0642,145.128,0.414
blues,Scratchy Back Porch Blues,37i9dQZF1DWXbxDw7wBcIC,7805xqNqvpRO1LzranXpty,spotify:track:7805xqNqvpRO1LzranXpty,https://p.scdn.co/mp3-preview/8e4d66ca5c47cbea922cb1be4955e7fd6e2c82e2?cid=63a77ff40e794a12ae216a18befde98c,"Empty Bed Blues, Pt. 1",33,Bessie Smith,"The Complete Recordings, Vol. 4",0.995,0.666,180840,0.0613,0.00252,5,0.114,-12.191,1,0.044,84.798,0.621
blues,Scratchy Back Porch Blues,37i9dQZF1DWXbxDw7wBcIC,7bWhtFDDMgcA6DmFGGlS0C,spotify:track:7bWhtFDDMgcA6DmFGGlS0C,https://p.scdn.co/mp3-preview/5e9df4d1a7c667a9a7ea9df808086383444c6bdc?cid=63a77ff40e794a12ae216a18befde98c,Grinnin' In Your Face,44,Son House,Son House Revisited Vol. 1,0.956,0.487,116840,0.651,4.08e-06,10,0.833,-10.824,0,0.741,101.651,0.652
blues,Scratchy Back Porch Blues,37i9dQZF1DWXbxDw7wBcIC,2SN7hLyPSHyBKwykU0k0No,spotify:track:2SN7hLyPSHyBKwykU0k0No,https://p.scdn.co/mp3-preview/f8c7fcf40837291bb556ef29a099d45bc5f3ba08?cid=63a77ff40e794a12ae216a18befde98c,Mean Old World (Tk. 1),42,Big Bill Broonzy,Big Bill Broonzy Vol. 6 1937,0.962,0.561,183432,0.195,0.000126,0,0.337,-17.093,1,0.195,80.771,0.516
blues,Scratchy Back Porch Blues,37i9dQZF1DWXbxDw7wBcIC,2W0BjJUp2uhRRsiJRRBPQv,spotify:track:2W0BjJUp2uhRRsiJRRBPQv,https://p.scdn.co/mp3-preview/5247bdd897c4e417291716f6b4c183173b67e287?cid=63a77ff40e794a12ae216a18befde98c,Anna Lou Blues,29,Tampa Red,His Blues,0.961,0.499,170108,0.674,0.0228,10,0.141,-5.914,1,0.0276,104.894,0.775
blues,Scratchy Back Porch Blues,37i9dQZF1DWXbxDw7wBcIC,7n4zQp0b3vnsmcjmEfLo2r,spotify:track:7n4zQp0b3vnsmcjmEfLo2r,https://p.scdn.co/mp3-preview/23a724e9ef89a9e63920ad0555a4aa17c1a21b0f?cid=63a77ff40e794a12ae216a18befde98c,Further Up on the Road,34,"David ""Honeyboy"" Edwards",Honeyboy Edwards: Missisippi Delta Bluesman,0.858,0.73,260040,0.195,0.0107,9,0.112,-15.073,1,0.0553,111.874,0.699
blues,Scratchy Back Porch Blues,37i9dQZF1DWXbxDw7wBcIC,59K1uNydY6K2z1HEGBJ4WH,spotify:track:59K1uNydY6K2z1HEGBJ4WH,https://p.scdn.co/mp3-preview/4ec7ea797ae1c8f9c2e8e6c82a6ebd414519ca2f?cid=63a77ff40e794a12ae216a18befde98c,Sugar Babe,30,Mance Lipscomb,Texas Songster,0.979,0.54,126760,0.192,0.485,3,0.127,-21.185,1,0.0647,103.167,0.492
blues,Scratchy Back Porch Blues,37i9dQZF1DWXbxDw7wBcIC,71D4KuZap7aSf05yzc5ZIG,spotify:track:71D4KuZap7aSf05yzc5ZIG,,Parchman Farm Blues,1,Bukka White,Broadcasting the Blues: Black Blues in the Segregation Era (Compiled and Edited by Paul Oliver),0.851,0.511,162427,0.428,0.841,2,0.177,-6.59,1,0.0327,98.857,0.689
blues,Scratchy Back Porch Blues,37i9dQZF1DWXbxDw7wBcIC,6LYtBOkkTUNQ6RTHAyFflL,spotify:track:6LYtBOkkTUNQ6RTHAyFflL,https://p.scdn.co/mp3-preview/312cd99cbc8cd8686f3e57ce9fd5213abd7debcd?cid=63a77ff40e794a12ae216a18befde98c,"No More, My Lawd",31,Alan Lomax,Negro Prison Blues And Songs,0.958,0.569,129400,0.0171,0.00185,9,0.173,-13.325,0,0.0388,136.807,0.269
blues,Scratchy Back Porch Blues,37i9dQZF1DWXbxDw7wBcIC,3DjwjAUPT4zvIu6ZzcgLGJ,spotify:track:3DjwjAUPT4zvIu6ZzcgLGJ,https://p.scdn.co/mp3-preview/debd52b355651f69cb0f56a9a3fddf9d82d9939d?cid=63a77ff40e794a12ae216a18befde98c,T-Bone Blues,46,T-Bone Walker,T-Bone Blues,0.805,0.541,228627,0.283,0.0367,0,0.0736,-13.659,1,0.0527,76.828,0.564
blues,Scratchy Back Porch Blues,37i9dQZF1DWXbxDw7wBcIC,4behsNa8x0dwysWBn6gUHS,spotify:track:4behsNa8x0dwysWBn6gUHS,https://p.scdn.co/mp3-preview/cdae7fb358bf10831ecc54d5d503de29b940402b?cid=63a77ff40e794a12ae216a18befde98c,Black Snake Moan,30,Blind Lemon Jefferson,Great Blues Guitarsists: String Dazzlers,0.989,0.581,170173,0.159,0.0295,11,0.129,-15.841,1,0.0685,73.435,0.411
blues,Scratchy Back Porch Blues,37i9dQZF1DWXbxDw7wBcIC,0msDgzMahuwWdekda2H4VO,spotify:track:0msDgzMahuwWdekda2H4VO,,Juke - Single Version,1,Little Walter,Blues Greats: Little Walter,0.768,0.569,164280,0.66,0.892,4,0.0792,-9.442,1,0.0792,145.914,0.613
blues,Scratchy Back Porch Blues,37i9dQZF1DWXbxDw7wBcIC,4RUCMtsSMsPQlt08nwmix8,spotify:track:4RUCMtsSMsPQlt08nwmix8,https://p.scdn.co/mp3-preview/f797b98d5750a81183f3617e0b0403975e0a5eda?cid=63a77ff40e794a12ae216a18befde98c,Whoopee Blues,31,King Solomon Hill,Mississippi Masters: Early American Blues Classics 1927 - 35,0.977,0.61,191133,0.221,0.224,6,0.114,-13.947,0,0.0518,98.818,0.617
blues,Scratchy Back Porch Blues,37i9dQZF1DWXbxDw7wBcIC,3e6iNiUs10CbGZCaQ5v2Zp,spotify:track:3e6iNiUs10CbGZCaQ5v2Zp,https://p.scdn.co/mp3-preview/0269216106ed8381e3c650b9de87d722e55d0c3e?cid=63a77ff40e794a12ae216a18befde98c,Worried About My Baby,30,J.B. Lenoir,His Job Recordings 1951-1954,0.935,0.513,164146,0.26,0.00843,9,0.154,-13.115,1,0.0607,80.537,0.74
blues,Scratchy Back Porch Blues,37i9dQZF1DWXbxDw7wBcIC,4yyUQQ8M2AEVY8h7CyEAlX,spotify:track:4yyUQQ8M2AEVY8h7CyEAlX,https://p.scdn.co/mp3-preview/f1555d6a58c3c7b517d74f51893416d6ac1a6f3f?cid=63a77ff40e794a12ae216a18befde98c,Judge Harsh Blues (Alternate Take),33,Furry Lewis,In His Prime 1927-1928,0.989,0.496,185360,0.141,1.34e-05,2,0.157,-13.497,1,0.0436,110.707,0.367
blues,Scratchy Back Porch Blues,37i9dQZF1DWXbxDw7wBcIC,7KZ6eGK7OuLXUzTVGdc7cL,spotify:track:7KZ6eGK7OuLXUzTVGdc7cL,,Runaway Blues,43,Ma Rainey,Ma Rainey,0.982,0.81,146227,0.233,0.00242,0,0.135,-15.004,0,0.0627,86.739,0.657
blues,Scratchy Back Porch Blues,37i9dQZF1DWXbxDw7wBcIC,2P9nh9pTK96dE0b6NBbTSs,spotify:track:2P9nh9pTK96dE0b6NBbTSs,https://p.scdn.co/mp3-preview/2770e385953e473dfe6919cd421ca56355398587?cid=63a77ff40e794a12ae216a18befde98c,"Dark Was the Night, Cold Was the Ground",46,Blind Willie Johnson,Dark Was The Night (Mojo Workin'- Blues For The Next Generation),0.968,0.394,198560,0.0406,0.0453,9,0.0976,-23.179,1,0.044,116.117,0.2
blues,Scratchy Back Porch Blues,37i9dQZF1DWXbxDw7wBcIC,1bWh9hOkQGahfQ0rEqvaGR,spotify:track:1bWh9hOkQGahfQ0rEqvaGR,https://p.scdn.co/mp3-preview/1fc308b805d249788e7c73c27d10e3bea2eac10b?cid=63a77ff40e794a12ae216a18befde98c,Devil Got My Woman,47,Skip James,Legends Of Country Blues: The Complete Pre-War Recordings Of Skip James (Disc A),0.986,0.508,181787,0.151,0.0465,2,0.172,-14.984,1,0.0324,85.128,0.523
blues,Scratchy Back Porch Blues,37i9dQZF1DWXbxDw7wBcIC,2GM7Q376O8D1L5egNPjwTY,spotify:track:2GM7Q376O8D1L5egNPjwTY,https://p.scdn.co/mp3-preview/be6f07718f3d62b79721bb721bf64fe9bf8cbf33?cid=63a77ff40e794a12ae216a18befde98c,Fixin' To Die Blues,27,Bukka White,Aberdeeen Mississippi Blues - Sounds Of The 30s,0.857,0.575,170266,0.425,0.588,11,0.1,-7.611,1,0.0336,109.45,0.573
blues,Scratchy Back Porch Blues,37i9dQZF1DWXbxDw7wBcIC,3XdnNX0cPynrR7KdRoyjwa,spotify:track:3XdnNX0cPynrR7KdRoyjwa,https://p.scdn.co/mp3-preview/d5bc724112597011bf0b49da23f9a9d100b14379?cid=63a77ff40e794a12ae216a18befde98c,Where Did You Sleep Last Night,47,Lead Belly,Absolutely The Best,0.948,0.57,181893,0.241,0.0224,4,0.111,-12.138,1,0.0473,115.352,0.543
blues,Scratchy Back Porch Blues,37i9dQZF1DWXbxDw7wBcIC,2tum92BT0cSwZBChb5evfK,spotify:track:2tum92BT0cSwZBChb5evfK,,Church Bells Blues,0,Luke Jordan,Essential Blues Masters,0.995,0.738,197373,0.0878,0.434,9,0.106,-17.617,1,0.0546,129.444,0.568
blues,Scratchy Back Porch Blues,37i9dQZF1DWXbxDw7wBcIC,45oSPt7wSPRhCOORW4Im7S,spotify:track:45oSPt7wSPRhCOORW4Im7S,https://p.scdn.co/mp3-preview/2681269b91cf201810682ada83f19a76773c6147?cid=63a77ff40e794a12ae216a18befde98c,Blue Guitar,24,Earl Hooker,Wild Moments - Essential Blues,0.98,0.273,165747,0.427,0.821,9,0.145,-10.249,1,0.0359,81.246,0.466
blues,Scratchy Back Porch Blues,37i9dQZF1DWXbxDw7wBcIC,2A110W6j3xAbTDsOXu4uN0,spotify:track:2A110W6j3xAbTDsOXu4uN0,https://p.scdn.co/mp3-preview/979ec567d1ea404389c7428b44916b4169e4800b?cid=63a77ff40e794a12ae216a18befde98c,Mean Old Twister - Remastered,26,Kokomo Arnold,Beans And Rice,0.995,0.628,178525,0.156,0.234,2,0.109,-15.72,1,0.096,135.022,0.366
blues,Scratchy Back Porch Blues,37i9dQZF1DWXbxDw7wBcIC,5vG3tamFBlafnmorXMEsot,spotify:track:5vG3tamFBlafnmorXMEsot,https://p.scdn.co/mp3-preview/db2b93b6e4688476275aa234e122132e99138488?cid=63a77ff40e794a12ae216a18befde98c,Where Did You Sleep Last Night,32,Lead Belly,Tradition Masters Series: Lead Belly,0.994,0.576,181533,0.234,0.169,4,0.106,-9.38,1,0.0341,111.778,0.474
blues,Scratchy Back Porch Blues,37i9dQZF1DWXbxDw7wBcIC,12MFtyrU4ZPJqClBcjYFIA,spotify:track:12MFtyrU4ZPJqClBcjYFIA,https://p.scdn.co/mp3-preview/b4ef1cf17a7e50524b77df09827a8d77598d8c9b?cid=63a77ff40e794a12ae216a18befde98c,Some Day Baby,43,Lonnie Johnson,Lonnie Johnson Vol. 3 (1944-1947),0.964,0.647,188291,0.204,0.00351,3,0.123,-15.263,1,0.0454,83.102,0.686
blues,Scratchy Back Porch Blues,37i9dQZF1DWXbxDw7wBcIC,3QxCNZv6qhFd9vL3wrfSp8,spotify:track:3QxCNZv6qhFd9vL3wrfSp8,,Milkcow's Calf Blues - Version 2,0,Robert Johnson,Robert Johnson,0.984,0.566,139831,0.121,0.129,3,0.083,-16.83,1,0.0632,177.526,0.631
blues,Scratchy Back Porch Blues,37i9dQZF1DWXbxDw7wBcIC,0m4cEL8cwcRwqdQIDzgzUt,spotify:track:0m4cEL8cwcRwqdQIDzgzUt,,It Hurts Me Too,0,Elmore James,The Very Best of Elmore James,0.92,0.682,199787,0.331,0.162,2,0.119,-16.697,1,0.0469,88.93,0.565
blues,Scratchy Back Porch Blues,37i9dQZF1DWXbxDw7wBcIC,1TrGdXSgiBm8W68D2K1COG,spotify:track:1TrGdXSgiBm8W68D2K1COG,https://p.scdn.co/mp3-preview/15f4fb795c08eaded1a326baa0e72cfc05ad1ddf?cid=63a77ff40e794a12ae216a18befde98c,Cross Road Blues,57,Robert Johnson,King Of The Delta Blues Singers,0.93,0.675,149560,0.311,0.000261,9,0.102,-11.959,1,0.0525,97.159,0.638
blues,Scratchy Back Porch Blues,37i9dQZF1DWXbxDw7wBcIC,77xNKAq581eD62ipzK81yc,spotify:track:77xNKAq581eD62ipzK81yc,https://p.scdn.co/mp3-preview/d71518bc574f9961dbe9e49f3b2795636a1ef3d2?cid=63a77ff40e794a12ae216a18befde98c,Hard Time Killin' Floor Blues,33,Skip James,Skip James 1931,0.986,0.51,170475,0.203,0.501,0,0.181,-14.755,1,0.0401,77.743,0.482
blues,Scratchy Back Porch Blues,37i9dQZF1DWXbxDw7wBcIC,4sCCIP8eG3HVizWnm1SQ0G,spotify:track:4sCCIP8eG3HVizWnm1SQ0G,https://p.scdn.co/mp3-preview/d94d6472f5f5c7b84816f703a0451374e8508e33?cid=63a77ff40e794a12ae216a18befde98c,Down The Dirt Road Blues,43,Charley Patton,Charley Patton Vol. 1 (1929),0.97,0.473,174576,0.281,0.0936,1,0.11,-11.337,1,0.0354,119.161,0.523
blues,Scratchy Back Porch Blues,37i9dQZF1DWXbxDw7wBcIC,1Uk2MppskA0wnHUj8JwYfC,spotify:track:1Uk2MppskA0wnHUj8JwYfC,https://p.scdn.co/mp3-preview/89c73752b4d6bc5bb6cb96a53cf468e7823b59c5?cid=63a77ff40e794a12ae216a18befde98c,Canned Heat Blues,31,Tommy Johnson,Tommy Johnson 1928 - 1929,0.964,0.747,219141,0.162,0.000291,2,0.132,-16.498,1,0.031,93.09,0.716
blues,Scratchy Back Porch Blues,37i9dQZF1DWXbxDw7wBcIC,70MpR0jSVh7s01JSmRt8Mu,spotify:track:70MpR0jSVh7s01JSmRt8Mu,https://p.scdn.co/mp3-preview/cb460bb2d7c6cf2007b4a39eaa6cf2c33e1f95d9?cid=63a77ff40e794a12ae216a18befde98c,When the Levee Breaks,23,Kansas Joe McCoy & Memphis Minnie,When the Levee Breaks - Greatest Blues Masters,0.939,0.657,190373,0.048,6.85e-05,5,0.135,-27.142,0,0.0527,96.536,0.491
blues,Scratchy Back Porch Blues,37i9dQZF1DWXbxDw7wBcIC,7iILVc0DSgB37UYqxrbfRO,spotify:track:7iILVc0DSgB37UYqxrbfRO,https://p.scdn.co/mp3-preview/27c4f7face0cb1db5f9663a5cbe8dd6e3a96d7fe?cid=63a77ff40e794a12ae216a18befde98c,Good Morning Little Schoolgirl,40,Mississippi Fred McDowell,Good Morning Little School Girl,0.668,0.51,201600,0.433,0.002,8,0.167,-14.619,0,0.0341,105.413,0.563
blues,Scratchy Back Porch Blues,37i9dQZF1DWXbxDw7wBcIC,1Fae2EbIMVEu14Qmb3fg41,spotify:track:1Fae2EbIMVEu14Qmb3fg41,https://p.scdn.co/mp3-preview/ed2bb1e59aab88ea738b164328bc9ee76f577893?cid=63a77ff40e794a12ae216a18befde98c,Match Box Blues,22,Blind Lemon Jefferson,"Essential Blind Lemon Jefferson, Vol. 2",0.978,0.659,175721,0.229,4.97e-05,8,0.082,-14.925,1,0.0499,73.304,0.636
blues,Scratchy Back Porch Blues,37i9dQZF1DWXbxDw7wBcIC,3yrwfhXO0dX3skTgWex7rF,spotify:track:3yrwfhXO0dX3skTgWex7rF,https://p.scdn.co/mp3-preview/0c5e1c726e4ef1d8e7366ba0f9aba4c8e52d3546?cid=63a77ff40e794a12ae216a18befde98c,You Missed A Good Man,23,Tampa Red,Guitar Blues,0.994,0.756,215946,0.221,0.0273,8,0.132,-15.834,1,0.0358,87.369,0.759
blues,Scratchy Back Porch Blues,37i9dQZF1DWXbxDw7wBcIC,46BA5xsc2MFgFef2wgT8G2,spotify:track:46BA5xsc2MFgFef2wgT8G2,https://p.scdn.co/mp3-preview/9a63f852da08ac23aeb7003783b7942f8a8d3493?cid=63a77ff40e794a12ae216a18befde98c,Saturday Blues,30,Ishman Bracey,Suitcase Full of Blues 1928-1929,0.993,0.643,209267,0.0574,8.76e-06,0,0.113,-17.999,0,0.0462,112.408,0.572
blues,Scratchy Back Porch Blues,37i9dQZF1DWXbxDw7wBcIC,4AE2k4Ng7W6Yj5tD9xqVo2,spotify:track:4AE2k4Ng7W6Yj5tD9xqVo2,https://p.scdn.co/mp3-preview/f10e30905232fdae0719c5ba1a6d6703043a08a5?cid=63a77ff40e794a12ae216a18befde98c,Rock Daniel (VD129),31,Sister Rosetta Tharpe,Sister Rosetta Tharpe Vol. 2 1942-1944,0.887,0.523,160731,0.462,0.118,10,0.68,-11.471,1,0.073,173.331,0.961
blues,Scratchy Back Porch Blues,37i9dQZF1DWXbxDw7wBcIC,5Ys4D2UDLSO1WrH6x3JYKd,spotify:track:5Ys4D2UDLSO1WrH6x3JYKd,https://p.scdn.co/mp3-preview/2829f36b985f777c8afc14becd4fcb40148d287b?cid=63a77ff40e794a12ae216a18befde98c,Cool Drink Of Water,29,Houston Stackhouse,The Devil's Music Vol. 1,0.989,0.538,196827,0.0814,0.000334,5,0.0935,-18.022,1,0.0788,174.765,0.26
blues,Scratchy Back Porch Blues,37i9dQZF1DWXbxDw7wBcIC,0QLGHswYCY4j0IAfqleuNw,spotify:track:0QLGHswYCY4j0IAfqleuNw,https://p.scdn.co/mp3-preview/2b2f253633a784fec20b789dc411a04ae60cdc9d?cid=63a77ff40e794a12ae216a18befde98c,Levee Camp Blues,32,"Son House,Willie Brown,Fiddlin’ Joe Martin,Leroy Williams",Son House Library of Congress Recordings 1941-1942,0.993,0.398,222889,0.494,0.792,10,0.211,-8.487,1,0.0469,140.235,0.582
blues,Scratchy Back Porch Blues,37i9dQZF1DWXbxDw7wBcIC,51pOZACVv195eLRsIRVEx6,spotify:track:51pOZACVv195eLRsIRVEx6,https://p.scdn.co/mp3-preview/2f29a34c308bac1f77f869b51999b8c93ea38011?cid=63a77ff40e794a12ae216a18befde98c,A Spoonful Blues,26,Charley Patton,"The Complete Recordings 1929-34, Vol. 1",0.984,0.558,190800,0.335,0.862,11,0.252,-11.002,1,0.0375,107.438,0.731
blues,Scratchy Back Porch Blues,37i9dQZF1DWXbxDw7wBcIC,31wgUugjOIjBTzpQgHdij5,spotify:track:31wgUugjOIjBTzpQgHdij5,,Double Trouble,0,Otis Rush,Chicago Boss Guitars,0.758,0.51,214773,0.452,0.000871,0,0.115,-11.953,1,0.0302,101.777,0.817
