category_id,playlist_name,playlist_id,track_id,track_uri,track_preview_url,track_name,track_popularity,artist_name,album_name,acousticness,danceability,duration_ms,energy,instrumentalness,key,liveness,loudness,mode,speechiness,tempo,valence
arab,Global X,37i9dQZF1DWUxHPh2rEiHr,5KawlOMHjWeUjQtnuRs22c,spotify:track:5KawlOMHjWeUjQtnuRs22c,https://p.scdn.co/mp3-preview/d16797fb391fb909f3c46454d7cf89a2718f8171?cid=63a77ff40e794a12ae216a18befde98c,Boy With Luv (feat. Halsey),93,"BTS,Halsey",MAP OF THE SOUL : PERSONA,0.0923,0.645,229773,0.862,0.0,11,0.192,-4.757,0,0.0965,119.991,0.798
arab,Global X,37i9dQZF1DWUxHPh2rEiHr,6JqpFboOH2bq9pzaYbkKBn,spotify:track:6JqpFboOH2bq9pzaYbkKBn,https://p.scdn.co/mp3-preview/2613c3e23661682d68a3e8eee0281c8a0bb5c917?cid=63a77ff40e794a12ae216a18befde98c,R.I.P. (feat. Rita Ora & Anitta),83,"Sofia Reyes,Rita Ora,Anitta",R.I.P. (feat. Rita Ora & Anitta),0.18,0.764,187200,0.752,0.0,8,0.0701,-3.713,0,0.0711,100.066,0.698
arab,Global X,37i9dQZF1DWUxHPh2rEiHr,0M98PvIvx7vZ8LDpzMw1hB,spotify:track:0M98PvIvx7vZ8LDpzMw1hB,https://p.scdn.co/mp3-preview/554bf24c1e0cccc09000c6fce75f08d30dc91967?cid=63a77ff40e794a12ae216a18befde98c,Kill This Love,84,BLACKPINK,KILL THIS LOVE,0.32,0.738,189052,0.861,0.00175,2,0.325,-4.141,1,0.237,131.974,0.58
arab,Global X,37i9dQZF1DWUxHPh2rEiHr,3JjaofJ0lCeEsFSZqppzOp,spotify:track:3JjaofJ0lCeEsFSZqppzOp,,Contra La Pared,79,"Sean Paul,J Balvin",Contra La Pared,0.0156,0.828,224681,0.588,0.0,2,0.124,-7.14,1,0.118,94.052,0.598
arab,Global X,37i9dQZF1DWUxHPh2rEiHr,5w9c2J52mkdntKOmRLeM2m,spotify:track:5w9c2J52mkdntKOmRLeM2m,,Con Calma,95,"Daddy Yankee,Snow",Con Calma,0.11,0.737,193227,0.86,1.94e-06,8,0.0574,-2.652,0,0.0593,93.989,0.656
arab,Global X,37i9dQZF1DWUxHPh2rEiHr,13L4184XlA7KaHQdMJx6br,spotify:track:13L4184XlA7KaHQdMJx6br,https://p.scdn.co/mp3-preview/09e878fa6a338f9afb5755fa04b0e63823f35fcd?cid=63a77ff40e794a12ae216a18befde98c,Just Us (feat. SZA),71,"DJ Khaled,SZA",Father Of Asahd,0.135,0.639,221379,0.859,0.0,9,0.129,-2.758,0,0.147,93.132,0.566
arab,Global X,37i9dQZF1DWUxHPh2rEiHr,3ZjmloY4fJkfs9qYH82Oau,spotify:track:3ZjmloY4fJkfs9qYH82Oau,https://p.scdn.co/mp3-preview/9b591112c04569bbd0872c6677cdf25800480885?cid=63a77ff40e794a12ae216a18befde98c,Poquito,58,"Anitta,Swae Lee",Kisses,0.509,0.701,175671,0.852,0.0,0,0.309,-4.03,1,0.126,144.837,0.607
arab,Global X,37i9dQZF1DWUxHPh2rEiHr,7KbF6AdprOXEEHlsq11Z6d,spotify:track:7KbF6AdprOXEEHlsq11Z6d,https://p.scdn.co/mp3-preview/2993254fae01c3abd401c55d9d30937a8b130c9e?cid=63a77ff40e794a12ae216a18befde98c,11 PM,85,Maluma,11:11,0.217,0.777,175733,0.712,0.0,10,0.091,-4.84,1,0.277,95.692,0.68
arab,Global X,37i9dQZF1DWUxHPh2rEiHr,2qG5sZ7Si6sdK74qLxedYM,spotify:track:2qG5sZ7Si6sdK74qLxedYM,https://p.scdn.co/mp3-preview/db95e1fba1c9df7e2f6966ba91347df3c36a9630?cid=63a77ff40e794a12ae216a18befde98c,Con Altura,90,"ROSALÍA,J Balvin,El Guincho",Con Altura,0.39,0.882,161627,0.689,0.00325,6,0.0501,-4.027,1,0.124,97.963,0.746
arab,Global X,37i9dQZF1DWUxHPh2rEiHr,1c0hsvHLELX6y8qymnpLKL,spotify:track:1c0hsvHLELX6y8qymnpLKL,https://p.scdn.co/mp3-preview/dd6fc3e183f2643f0f4a3d650fa4f923c2a46040?cid=63a77ff40e794a12ae216a18befde98c,Soltera - Remix,91,"Lunay,Daddy Yankee,Bad Bunny",Soltera (Remix),0.361,0.795,266087,0.783,0.0,5,0.437,-4.271,1,0.0432,92.016,0.8
arab,Global X,37i9dQZF1DWUxHPh2rEiHr,5QyOjKJhR1iyF0DHQM2IvW,spotify:track:5QyOjKJhR1iyF0DHQM2IvW,https://p.scdn.co/mp3-preview/54fca885a6ebeeb006d5050a740178aefccabbc3?cid=63a77ff40e794a12ae216a18befde98c,Tareefan,61,"Badshah,Sonam Kapoor,Kareena Kapoor,Shikha Talsania,Swara Bhaskar",Veere Di Wedding,0.0942,0.829,186122,0.654,5.01e-06,5,0.2,-6.26,0,0.0685,98.012,0.335
arab,Global X,37i9dQZF1DWUxHPh2rEiHr,1Ej96GIBCTvgH7tNX1r3qr,spotify:track:1Ej96GIBCTvgH7tNX1r3qr,https://p.scdn.co/mp3-preview/c57342df8f5a3c2265eb6c22f6c75d7929b5b59b?cid=63a77ff40e794a12ae216a18befde98c,Otro Trago,94,"Sech,Darell",Sueños,0.136,0.747,225933,0.7,0.000167,0,0.11,-4.669,1,0.341,176.036,0.62
arab,Global X,37i9dQZF1DWUxHPh2rEiHr,0mdTvlebd5dVjieu6Hezq6,spotify:track:0mdTvlebd5dVjieu6Hezq6,https://p.scdn.co/mp3-preview/b763ae8ce6b400b5ae782ec88d7fc3483742dd9e?cid=63a77ff40e794a12ae216a18befde98c,Peace of Mind,67,"Sean Kingston,Tory Lanez,DaVido",Peace of Mind,0.106,0.744,265899,0.875,0.0,5,0.243,-4.224,0,0.159,121.993,0.326
arab,Global X,37i9dQZF1DWUxHPh2rEiHr,00yinrzqPZKA2vbnwnn3hS,spotify:track:00yinrzqPZKA2vbnwnn3hS,https://p.scdn.co/mp3-preview/5812de4a9925f8ad9b059dd8bfeec2b432a8155d?cid=63a77ff40e794a12ae216a18befde98c,Next To You Part II (feat. Rvssian & Davido),55,"Becky G,Digital Farm Animals,Rvssian,DaVido",Next To You Part II (feat. Rvssian & Davido),0.284,0.674,179258,0.713,3.78e-06,4,0.152,-4.921,0,0.0781,104.786,0.264
arab,Global X,37i9dQZF1DWUxHPh2rEiHr,4gqMVEJSaL5nNeKj5WmVoT,spotify:track:4gqMVEJSaL5nNeKj5WmVoT,https://p.scdn.co/mp3-preview/728d1032b35d9b31f2b079c83fc20ad315b5b2e5?cid=63a77ff40e794a12ae216a18befde98c,No Lo Trates,81,"Pitbull,Daddy Yankee,Natti Natasha",No Lo Trates,0.0569,0.834,198453,0.808,0.00052,11,0.222,-2.597,1,0.0542,104.026,0.829
arab,Global X,37i9dQZF1DWUxHPh2rEiHr,352wEkChkiClswqwDoM0nj,spotify:track:352wEkChkiClswqwDoM0nj,https://p.scdn.co/mp3-preview/34eb5f1d0ed02f7322c10a8558f05517b4d97085?cid=63a77ff40e794a12ae216a18befde98c,"Coca Cola (From ""Luka Chuppi"")",63,"Tony Kakkar,Neha Kakkar,Young Desi,Tanishk Bagchi","Coca Cola (From ""Luka Chuppi"")",0.121,0.722,179225,0.867,0.0052,0,0.123,-3.652,0,0.0904,102.009,0.893
arab,Global X,37i9dQZF1DWUxHPh2rEiHr,2x8TNY9KwNvD19gVGs4WOP,spotify:track:2x8TNY9KwNvD19gVGs4WOP,https://p.scdn.co/mp3-preview/7a1fa5f0d4a555e69418c3d7180f7fe38a49e59a?cid=63a77ff40e794a12ae216a18befde98c,Ela É do Tipo,82,MC Kevin o Chris,Ela É do Tipo,0.945,0.632,204931,0.398,0.0,6,0.228,-6.615,1,0.373,90.695,0.633
arab,Global X,37i9dQZF1DWUxHPh2rEiHr,45P9g6kUb7itdonjjGjDdS,spotify:track:45P9g6kUb7itdonjjGjDdS,https://p.scdn.co/mp3-preview/67e29038b944ef73d9dc6162eefc24264e527f78?cid=63a77ff40e794a12ae216a18befde98c,Lamberghini,59,"The Doorbeen,Ragini",Lamberghini - Single,0.543,0.953,216999,0.584,0.0,11,0.0786,-7.57,1,0.0518,104.007,0.861
arab,Global X,37i9dQZF1DWUxHPh2rEiHr,1MBtNXoT6cXrrSstG07Lf7,spotify:track:1MBtNXoT6cXrrSstG07Lf7,https://p.scdn.co/mp3-preview/15f8762b982db567a61184a0de08d9060e302b38?cid=63a77ff40e794a12ae216a18befde98c,Can't Take It From Me (feat. Skip Marley),50,"Major Lazer,Skip Marley",Can't Take It From Me (feat. Skip Marley),0.0377,0.606,175867,0.847,7.95e-06,11,0.14,-6.292,1,0.0975,144.936,0.503
arab,Global X,37i9dQZF1DWUxHPh2rEiHr,2tjWCe2W7sgvS3C8NHcdtI,spotify:track:2tjWCe2W7sgvS3C8NHcdtI,https://p.scdn.co/mp3-preview/4efd033217aa13f4625d37f95efa676fb02d4778?cid=63a77ff40e794a12ae216a18befde98c,"Duniyaa (From ""Luka Chuppi"")",67,"Akhil,Dhvani Bhanushali,Abhijit Vaghani,Bob","Duniyaa (From ""Luka Chuppi"")",0.699,0.435,222501,0.658,0.0,7,0.125,-5.949,0,0.0368,77.17,0.524
arab,Global X,37i9dQZF1DWUxHPh2rEiHr,554Jv8PaaIVAwOOpoJ4YCm,spotify:track:554Jv8PaaIVAwOOpoJ4YCm,https://p.scdn.co/mp3-preview/32efe7dc69810476f1239a3e60b870060f805075?cid=63a77ff40e794a12ae216a18befde98c,"Akh Lad Jaave (From ""Loveyatri"")",61,"Badshah,Asees Kaur,Jubin Nautiyal,Tanishk Bagchi,Aayush Sharma,Warina Hussain,Ronit Roy,Ram Kapoor,Manoj Joshi,Arbaaz Khan,Sohail Khan","Akh Lad Jaave (From ""Loveyatri"")",0.00452,0.867,180176,0.705,0.0,10,0.0868,-3.893,0,0.0522,94.985,0.285
arab,Global X,37i9dQZF1DWUxHPh2rEiHr,6F9DPkjP6Tbz9FLgLyYgX6,spotify:track:6F9DPkjP6Tbz9FLgLyYgX6,,Love With A Quality,70,"Karol G,Damian Marley",OCEAN,0.0646,0.849,223760,0.752,3.15e-06,4,0.106,-3.756,0,0.146,101.018,0.586
arab,Global X,37i9dQZF1DWUxHPh2rEiHr,1oQppEGTHYN53xfEaTz4ua,spotify:track:1oQppEGTHYN53xfEaTz4ua,https://p.scdn.co/mp3-preview/1cabf2afb86cc7fe6b897a4db451bdacb1e3a307?cid=63a77ff40e794a12ae216a18befde98c,Vai menina,75,Pedro Sampaio,Vai menina,0.413,0.795,122435,0.878,0.0,1,0.0968,-3.261,0,0.278,149.971,0.963
arab,Global X,37i9dQZF1DWUxHPh2rEiHr,59zN1921ag2pVv80Oz3sWz,spotify:track:59zN1921ag2pVv80Oz3sWz,https://p.scdn.co/mp3-preview/4646809ddf9bffed8dda7f2367064785a50a2a65?cid=63a77ff40e794a12ae216a18befde98c,Love Riddim,63,Rotimi,Love Riddim,0.311,0.781,219482,0.633,7.27e-06,4,0.0964,-5.616,0,0.0351,107.074,0.795
arab,Global X,37i9dQZF1DWUxHPh2rEiHr,0Ms1V2flsPzr2bVqImelCB,spotify:track:0Ms1V2flsPzr2bVqImelCB,https://p.scdn.co/mp3-preview/76324ff7d665472f5f0979853b26c4db2fe1559c?cid=63a77ff40e794a12ae216a18befde98c,Dilbar,58,"Neha Kakkar,Dhvani Bhanushali,Ikka,John Abraham,Manoj Bajpayee,Aisha Sharma,Amruta Khanvilkar",Satyameva Jayate,0.155,0.725,184433,0.912,7.68e-05,9,0.107,-3.665,0,0.0851,104.054,0.674
arab,Global X,37i9dQZF1DWUxHPh2rEiHr,4U6ubKsTd8RBDP5tPPhh7I,spotify:track:4U6ubKsTd8RBDP5tPPhh7I,https://p.scdn.co/mp3-preview/638ce4655be59b30d1d19299ba09b7afbf4d2567?cid=63a77ff40e794a12ae216a18befde98c,"You Stay (feat. Meek Mill, J Balvin, Lil Baby & Jeremih)",75,"DJ Khaled,Meek Mill,J Balvin,Lil Baby,Jeremih",Father Of Asahd,0.0314,0.479,275276,0.63,0.0,7,0.073,-5.628,0,0.133,117.988,0.227
arab,Global X,37i9dQZF1DWUxHPh2rEiHr,1ZaeaGLhFSckG8sv1y7AWk,spotify:track:1ZaeaGLhFSckG8sv1y7AWk,https://p.scdn.co/mp3-preview/d2239a87a61b242794b71fd97a6299d23c17ea68?cid=63a77ff40e794a12ae216a18befde98c,Kya Baat Ay,60,"Harrdy Sandhu,Carolina Moura",Kya Baat Ay,0.632,0.849,179444,0.592,2.39e-06,6,0.108,-4.309,0,0.102,89.966,0.652
arab,Global X,37i9dQZF1DWUxHPh2rEiHr,60zxdAqWtdDu0vYsbXViA7,spotify:track:60zxdAqWtdDu0vYsbXViA7,https://p.scdn.co/mp3-preview/8396dd381cd01facaa81952db1d78ea24fc8e7cc?cid=63a77ff40e794a12ae216a18befde98c,FANCY,82,TWICE,FANCY YOU,0.0132,0.699,213886,0.866,0.0,5,0.648,-2.138,0,0.0446,132.023,0.795
arab,Global X,37i9dQZF1DWUxHPh2rEiHr,4XbyRgWe6yU4wE6WShdTEs,spotify:track:4XbyRgWe6yU4wE6WShdTEs,https://p.scdn.co/mp3-preview/903239ece2d4a01074665959cc6931305f269305?cid=63a77ff40e794a12ae216a18befde98c,BREATHE,64,AB6IX,B:COMPLETE,0.0641,0.818,217824,0.849,0.0,9,0.0839,-4.399,0,0.206,124.954,0.605
arab,Global X,37i9dQZF1DWUxHPh2rEiHr,2WDhYlm5gBepkMZHBk0LN7,spotify:track:2WDhYlm5gBepkMZHBk0LN7,https://p.scdn.co/mp3-preview/a58c11266564e0034f181749363a0685fe98815a?cid=63a77ff40e794a12ae216a18befde98c,AH YEAH,70,WINNER,WE,0.356,0.797,176906,0.722,0.0,7,0.177,-5.051,1,0.0388,128.01,0.878
arab,Global X,37i9dQZF1DWUxHPh2rEiHr,0nkDm27DGppCSk8dnGtvPa,spotify:track:0nkDm27DGppCSk8dnGtvPa,https://p.scdn.co/mp3-preview/63f4c7369d6ee4e92f547531362b024180c4ca06?cid=63a77ff40e794a12ae216a18befde98c,Não sou obrigada,76,Mc Pocahontas,Não sou obrigada,0.356,0.819,148340,0.951,0.0,6,0.145,-2.896,0,0.141,153.963,0.963
arab,Global X,37i9dQZF1DWUxHPh2rEiHr,5wdlz4N7s1Xyr4y4RXhZJM,spotify:track:5wdlz4N7s1Xyr4y4RXhZJM,https://p.scdn.co/mp3-preview/d1cd1ed2259e34310331c3fe13c48160846fbc76?cid=63a77ff40e794a12ae216a18befde98c,"Photo (From ""Luka Chuppi"")",62,"Karan Sehmbi,Tanishk Bagchi,Goldboy","Photo (From ""Luka Chuppi"")",0.103,0.739,177159,0.644,0.0,0,0.189,-5.881,0,0.0503,94.996,0.315
arab,Global X,37i9dQZF1DWUxHPh2rEiHr,3RQYtMBnCujzcDQRUAXAw6,spotify:track:3RQYtMBnCujzcDQRUAXAw6,,PELIGROSA,1,"Lartiste,Karol G",QUARTIER LATIN VOL.1,0.111,0.659,217891,0.645,0.0,11,0.0721,-5.615,0,0.105,180.062,0.572
arab,Global X,37i9dQZF1DWUxHPh2rEiHr,6eeHTpdfGjZcS1UYUDkXfF,spotify:track:6eeHTpdfGjZcS1UYUDkXfF,,Undo (with Calum Scott & Shenseea) - Shaan Remix,53,"Naughty Boy,Calum Scott,Shenseea,Shaan",Undo (Shaan Remix),0.0662,0.631,203000,0.88,0.0,11,0.405,-4.783,0,0.128,123.888,0.291
arab,Global X,37i9dQZF1DWUxHPh2rEiHr,1sBX7EfLOgP3u6gHJBSqQg,spotify:track:1sBX7EfLOgP3u6gHJBSqQg,https://p.scdn.co/mp3-preview/d6a2106a940cccf1d448e5645f931ccfd4ed88e7?cid=63a77ff40e794a12ae216a18befde98c,Dumebi,62,Rema,Rema,0.202,0.922,179775,0.666,0.00386,3,0.105,-4.97,0,0.0609,110.015,0.7
arab,Global X,37i9dQZF1DWUxHPh2rEiHr,3YFgx7VyDcHHBi3m1S8Tjs,spotify:track:3YFgx7VyDcHHBi3m1S8Tjs,https://p.scdn.co/mp3-preview/a5c92c4146a2f7b2a950dc7ecdd097399ddff09a?cid=63a77ff40e794a12ae216a18befde98c,What They Said,38,The Lost & Found,Alternate Ending,0.0246,0.737,216816,0.561,2.06e-06,7,0.22,-9.784,1,0.102,80.033,0.304
arab,Global X,37i9dQZF1DWUxHPh2rEiHr,4H0HGP8efMCpSmJCHxLYpd,spotify:track:4H0HGP8efMCpSmJCHxLYpd,https://p.scdn.co/mp3-preview/980f6e3855f79c5949af47b6e1d7db3c227fc051?cid=63a77ff40e794a12ae216a18befde98c,Dancando,40,Zach Matari,Dancando,0.171,0.761,241920,0.846,0.0,1,0.0903,-6.382,0,0.163,111.985,0.793
arab,Global X,37i9dQZF1DWUxHPh2rEiHr,3dLpsJE4T1xIt4FGyTzSun,spotify:track:3dLpsJE4T1xIt4FGyTzSun,https://p.scdn.co/mp3-preview/be906f1198d177cf582172473ee6a5450e90b3d4?cid=63a77ff40e794a12ae216a18befde98c,Oh Maria,37,"Diplo,Soolking",Europa,0.0446,0.729,168123,0.666,2.8e-06,0,0.348,-6.547,0,0.0796,139.97,0.684
arab,Global X,37i9dQZF1DWUxHPh2rEiHr,1g2Z2lOrwayOzDqOc8EfbR,spotify:track:1g2Z2lOrwayOzDqOc8EfbR,https://p.scdn.co/mp3-preview/e6e9be365f3c7efcafd1bf608faf979f9855d3d0?cid=63a77ff40e794a12ae216a18befde98c,La Cartera,80,"Farruko,Bad Bunny",Gangalee,0.0385,0.771,289907,0.796,9.35e-06,10,0.218,-4.106,0,0.0798,87.985,0.636
arab,Global X,37i9dQZF1DWUxHPh2rEiHr,60XrRbNjDMAGUZ2xLkU9W3,spotify:track:60XrRbNjDMAGUZ2xLkU9W3,https://p.scdn.co/mp3-preview/5b9ebff38bb01d33b8bb2ec0716500e14ff164e7?cid=63a77ff40e794a12ae216a18befde98c,"Hauli Hauli (From ""De De Pyaar De"")",60,"Garry Sandhu,Neha Kakkar,Mellowd,Tanishk Bagchi,Ajay Devgan,Tabu,Rakul Preet Singh","Hauli Hauli (From ""De De Pyaar De"")",0.0212,0.705,209393,0.982,3.18e-05,1,0.337,-3.376,1,0.0788,94.99,0.571
arab,Global X,37i9dQZF1DWUxHPh2rEiHr,3tTV4DYlhkiXRNiiXwIAPf,spotify:track:3tTV4DYlhkiXRNiiXwIAPf,,Medellín (with Maluma),78,"Madonna,Maluma",Medellín (with Maluma),0.0603,0.82,298164,0.685,1.82e-05,1,0.671,-7.093,1,0.288,91.98,0.462
arab,Global X,37i9dQZF1DWUxHPh2rEiHr,3FoiMgXMrO3D5FeJuotKyZ,spotify:track:3FoiMgXMrO3D5FeJuotKyZ,https://p.scdn.co/mp3-preview/4d7b43be099ce1729ee1ac3d5859c1391b4567be?cid=63a77ff40e794a12ae216a18befde98c,ECLIPSE,69,GOT7,SPINNING TOP : BETWEEN SECURITY & INSECURITY,0.0417,0.596,209519,0.893,0.0,1,0.315,-3.43,0,0.16,79.889,0.526
arab,Global X,37i9dQZF1DWUxHPh2rEiHr,0fjhFAN4zpVQ1xBG6JuSpB,spotify:track:0fjhFAN4zpVQ1xBG6JuSpB,https://p.scdn.co/mp3-preview/01f831f1c0850758d9df49fdabae62f17bd5c203?cid=63a77ff40e794a12ae216a18befde98c,Good Times,45,Kagwe Mungai,Spectrum,0.0604,0.843,188936,0.654,0.00211,11,0.0746,-7.268,0,0.0937,93.877,0.908
arab,Global X,37i9dQZF1DWUxHPh2rEiHr,5TdqGN4zMeOeiWdOUNHIwK,spotify:track:5TdqGN4zMeOeiWdOUNHIwK,https://p.scdn.co/mp3-preview/4d25e01e7990a0aa60312a6d541169e6763e07a7?cid=63a77ff40e794a12ae216a18befde98c,Cha Cha,51,"Ramriddlz,Jaegen,C. Tangana",Ramreaper,0.419,0.712,186861,0.635,0.00452,4,0.359,-7.341,0,0.158,95.92,0.667
arab,Global X,37i9dQZF1DWUxHPh2rEiHr,0qeGjhiTk5xg4OcRUejXPs,spotify:track:0qeGjhiTk5xg4OcRUejXPs,https://p.scdn.co/mp3-preview/cf87848905b9bd02e44b94f63aa01b7b296b4617?cid=63a77ff40e794a12ae216a18befde98c,Ishare Tere,56,"Guru Randhawa,Dhvani Bhanushali",Ishare Tere,0.0173,0.707,189152,0.941,3.65e-05,1,0.134,-2.606,0,0.041,99.013,0.337
arab,Global X,37i9dQZF1DWUxHPh2rEiHr,634D1c41ljuEDbJn5HyuDb,spotify:track:634D1c41ljuEDbJn5HyuDb,https://p.scdn.co/mp3-preview/863f7755211bb580e87d8b35d04e0cca656b171d?cid=63a77ff40e794a12ae216a18befde98c,Tempo,50,Edin,Tempo,0.151,0.815,166680,0.746,0.0,1,0.263,-3.583,0,0.169,105.957,0.55
arab,Global X,37i9dQZF1DWUxHPh2rEiHr,3NpRkAnxexTh4TklAZNjag,spotify:track:3NpRkAnxexTh4TklAZNjag,https://p.scdn.co/mp3-preview/54e22faf8f28276e7d3f12b73f8f260384bf641a?cid=63a77ff40e794a12ae216a18befde98c,Bye Bye,74,"Mc Don Juan,Mc Davi",Bye Bye,0.332,0.655,184615,0.34,8.73e-05,10,0.106,-6.834,1,0.358,90.67,0.24
arab,Global X,37i9dQZF1DWUxHPh2rEiHr,6rqTxrlx0TuaNMyVkDcxqh,spotify:track:6rqTxrlx0TuaNMyVkDcxqh,https://p.scdn.co/mp3-preview/8807d81a26f080c724f45bb831e0db6a871796bc?cid=63a77ff40e794a12ae216a18befde98c,"Aithey Aa (From ""Bharat"")",53,"Akasa Singh,Neeti Mohan,Kamaal Khan,Vishal-Shekhar,Salman Khan,Tabu,Katrina Kaif","Aithey Aa (From ""Bharat"")",0.019,0.901,219491,0.75,6.58e-05,1,0.0528,-4.147,1,0.201,90.0,0.42
arab,Global X,37i9dQZF1DWUxHPh2rEiHr,7nMc2YzPnnZFaHAS3qSyqf,spotify:track:7nMc2YzPnnZFaHAS3qSyqf,,Highway to Heaven,60,NCT 127,Highway to Heaven,0.0297,0.642,200573,0.729,0.0,6,0.102,-5.005,1,0.056,112.966,0.536
arab,Global X,37i9dQZF1DWUxHPh2rEiHr,2mwBSO58y92EYmEFpDfmS7,spotify:track:2mwBSO58y92EYmEFpDfmS7,https://p.scdn.co/mp3-preview/e98307f9a721bbcd85d2b22d196ea4cada42e480?cid=63a77ff40e794a12ae216a18befde98c,Suit Suit,56,"Guru Randhawa,Arjun",Hits Of Guru Randhawa,0.14,0.767,190132,0.869,0.0,2,0.221,-3.381,0,0.0908,98.208,0.751
