category_id,playlist_name,playlist_id,track_id,track_uri,track_preview_url,track_name,track_popularity,artist_name,album_name,acousticness,danceability,duration_ms,energy,instrumentalness,key,liveness,loudness,mode,speechiness,tempo,valence
decades,All Out 70s,37i9dQZF1DWTJ7xPn4vNaz,3gdewACMIVMEWVbyb8O9sY,spotify:track:3gdewACMIVMEWVbyb8O9sY,,"Rocket Man (I Think It's Going To Be A Long, Long Time)",81,Elton John,Honky Chateau,0.386,0.602,281613,0.522,1.44e-05,10,0.0941,-9.031,1,0.0285,136.637,0.36
decades,All Out 70s,37i9dQZF1DWTJ7xPn4vNaz,5CQ30WqJwcep0pYcV4AMNc,spotify:track:5CQ30WqJwcep0pYcV4AMNc,https://p.scdn.co/mp3-preview/8226164717312bc411f8635580562d67e191a754?cid=63a77ff40e794a12ae216a18befde98c,Stairway to Heaven - Remaster,77,Led Zeppelin,Led Zeppelin IV (Deluxe Edition),0.58,0.338,482830,0.34,0.0032,9,0.116,-12.049,0,0.0339,82.433,0.197
decades,All Out 70s,37i9dQZF1DWTJ7xPn4vNaz,4rDbp1vnvEhieiccprPMdI,spotify:track:4rDbp1vnvEhieiccprPMdI,,Somebody To Love - Remastered 2011,76,Queen,A Day At The Races (Deluxe Edition 2011 Remaster),0.192,0.399,296480,0.702,1.24e-06,8,0.219,-6.826,1,0.0627,109.722,0.393
decades,All Out 70s,37i9dQZF1DWTJ7xPn4vNaz,7Ar4G7Ci11gpt6sfH9Cgz5,spotify:track:7Ar4G7Ci11gpt6sfH9Cgz5,https://p.scdn.co/mp3-preview/d67c39d43fa6704748a9958746699cf7a9b11e01?cid=63a77ff40e794a12ae216a18befde98c,Listen to the Music,74,The Doobie Brothers,Toulouse Street,0.221,0.645,227267,0.598,3.53e-06,1,0.0721,-13.18,0,0.0335,105.929,0.913
decades,All Out 70s,37i9dQZF1DWTJ7xPn4vNaz,2DnJjbjNTV9Nd5NOa1KGba,spotify:track:2DnJjbjNTV9Nd5NOa1KGba,https://p.scdn.co/mp3-preview/0cd60ee4a92a3af5f87eae5485ff622daed4135f?cid=63a77ff40e794a12ae216a18befde98c,You're so Vain,74,Carly Simon,No Secrets,0.157,0.659,258411,0.678,6.69e-06,0,0.0784,-8.18,1,0.0313,106.186,0.647
decades,All Out 70s,37i9dQZF1DWTJ7xPn4vNaz,7HW5WIw7ZgZORCzUxv5gW5,spotify:track:7HW5WIw7ZgZORCzUxv5gW5,,Don't Go Breaking My Heart,75,"Elton John,Kiki Dee",Rock Of The Westies,0.177,0.728,275440,0.824,1.48e-06,5,0.06,-8.632,1,0.0353,131.468,0.787
decades,All Out 70s,37i9dQZF1DWTJ7xPn4vNaz,4yugZvBYaoREkJKtbG08Qr,spotify:track:4yugZvBYaoREkJKtbG08Qr,https://p.scdn.co/mp3-preview/1dde876336ceab70ad0bbf832a3feff49783c3ea?cid=63a77ff40e794a12ae216a18befde98c,Take It Easy - 2013 Remaster,75,Eagles,Eagles (2013 Remaster),0.343,0.575,211578,0.67,4.95e-06,7,0.129,-10.39,1,0.0318,139.191,0.74
decades,All Out 70s,37i9dQZF1DWTJ7xPn4vNaz,1JQ6Xm1JrvHfvAqhl5pwaA,spotify:track:1JQ6Xm1JrvHfvAqhl5pwaA,,Easy,75,Commodores,Commodores,0.147,0.598,256427,0.353,3.91e-05,10,0.0592,-15.06,0,0.0343,132.457,0.342
decades,All Out 70s,37i9dQZF1DWTJ7xPn4vNaz,0ofHAoxe9vBkTCp2UQIavz,spotify:track:0ofHAoxe9vBkTCp2UQIavz,https://p.scdn.co/mp3-preview/40d1f6d82f16b05b62aae47e8e130de04b407fc8?cid=63a77ff40e794a12ae216a18befde98c,Dreams - 2004 Remaster,78,Fleetwood Mac,Rumours (Super Deluxe),0.0644,0.828,257800,0.492,0.00428,0,0.128,-9.744,1,0.0276,120.151,0.789
decades,All Out 70s,37i9dQZF1DWTJ7xPn4vNaz,1fDsrQ23eTAVFElUMaf38X,spotify:track:1fDsrQ23eTAVFElUMaf38X,,American Pie,70,Don McLean,American Pie,0.699,0.531,516893,0.481,0.0,4,0.0842,-11.709,0,0.06,138.45,0.491
decades,All Out 70s,37i9dQZF1DWTJ7xPn4vNaz,2TVxnKdb3tqe1nhQWwwZCO,spotify:track:2TVxnKdb3tqe1nhQWwwZCO,,Tiny Dancer,79,Elton John,Madman Across The Water,0.382,0.414,377093,0.428,0.000243,0,0.148,-11.097,1,0.0278,145.075,0.282
decades,All Out 70s,37i9dQZF1DWTJ7xPn4vNaz,4nuPrKithHbRJXuA9spwu4,spotify:track:4nuPrKithHbRJXuA9spwu4,https://p.scdn.co/mp3-preview/1ba1e7dde9132cb895cddd5cb280c8858a20a496?cid=63a77ff40e794a12ae216a18befde98c,"December, 1963 [Oh What A Night!] (45 Version)",62,Frankie Valli & The Four Seasons,"December, 1963 [Oh What A Night] / Slip Away [Digital 45]",0.0663,0.729,201093,0.6,7.86e-06,1,0.0382,-9.527,1,0.0255,104.414,0.964
decades,All Out 70s,37i9dQZF1DWTJ7xPn4vNaz,064SVQsmWl5EF0zahmzkQk,spotify:track:064SVQsmWl5EF0zahmzkQk,https://p.scdn.co/mp3-preview/c86fab79bd5fcb0dd0eb1786aa88d039a1f1293f?cid=63a77ff40e794a12ae216a18befde98c,Let Your Love Flow,64,The Bellamy Brothers,Bellamy Brothers,0.0611,0.679,198760,0.553,7.16e-06,3,0.139,-14.687,1,0.0316,109.071,0.946
decades,All Out 70s,37i9dQZF1DWTJ7xPn4vNaz,55GxhCTq6SY3tFTVh7z1nR,spotify:track:55GxhCTq6SY3tFTVh7z1nR,,Dancing In The Moonlight,55,King Harvest,Dancing In The Moonlight,0.685,0.655,178046,0.709,0.0,10,0.307,-5.246,1,0.0375,136.149,0.68
decades,All Out 70s,37i9dQZF1DWTJ7xPn4vNaz,0nlVsRpZgsOZi0BFfzHSL9,spotify:track:0nlVsRpZgsOZi0BFfzHSL9,https://p.scdn.co/mp3-preview/6e2e3ffc72858f1fb854b3c3251e2216617dab5e?cid=63a77ff40e794a12ae216a18befde98c,Love Really Hurts Without You,65,Billy Ocean,Here You Are: The Best of Billy Ocean,0.00201,0.518,178933,0.904,4.7e-06,5,0.095,-3.844,1,0.0342,140.989,0.96
decades,All Out 70s,37i9dQZF1DWTJ7xPn4vNaz,0dBatXn1vVUl0jLgXRClwD,spotify:track:0dBatXn1vVUl0jLgXRClwD,,Bennie And The Jets - Remastered 2014,71,Elton John,Goodbye Yellow Brick Road (Remastered / Deluxe Edition),0.259,0.665,322549,0.673,7.62e-06,0,0.497,-7.95,1,0.0493,132.642,0.779
decades,All Out 70s,37i9dQZF1DWTJ7xPn4vNaz,2ATDkfqprlNNe9mYWodgdc,spotify:track:2ATDkfqprlNNe9mYWodgdc,,Dancing Queen,66,ABBA,ABBA Gold,0.168,0.512,231093,0.93,0.00119,9,0.561,-4.344,1,0.0508,100.542,0.677
decades,All Out 70s,37i9dQZF1DWTJ7xPn4vNaz,5E3P9e1hvjyIOlFyqNB5eD,spotify:track:5E3P9e1hvjyIOlFyqNB5eD,https://p.scdn.co/mp3-preview/f44fb0e7334daef3df4faacf3b1e18d02b509165?cid=63a77ff40e794a12ae216a18befde98c,Rich Girl - Remastered,70,Daryl Hall & John Oates,The Essential Daryl Hall & John Oates,0.5,0.597,144333,0.643,0.0,5,0.0435,-6.303,1,0.134,167.963,0.823
decades,All Out 70s,37i9dQZF1DWTJ7xPn4vNaz,2hdNya0b6Cc2YJ8IyaQIWp,spotify:track:2hdNya0b6Cc2YJ8IyaQIWp,https://p.scdn.co/mp3-preview/1148a52afb3ed6374d57be3b2b7849cdbe41a627?cid=63a77ff40e794a12ae216a18befde98c,Livin' Thing,69,Electric Light Orchestra,A New World Record,0.583,0.549,212307,0.651,0.0,0,0.121,-7.097,1,0.0323,122.818,0.368
decades,All Out 70s,37i9dQZF1DWTJ7xPn4vNaz,4Vn7TykT27PIygBiZjTR2s,spotify:track:4Vn7TykT27PIygBiZjTR2s,https://p.scdn.co/mp3-preview/50e82c99c20ffa4223e82250605bbd8500cb3928?cid=63a77ff40e794a12ae216a18befde98c,Hotel California - 2013 Remaster,57,Eagles,The Very Best Of The Eagles (Remastered),0.00574,0.579,391376,0.508,0.000494,2,0.0575,-9.484,1,0.027,147.125,0.609
decades,All Out 70s,37i9dQZF1DWTJ7xPn4vNaz,38zsOOcu31XbbYj9BIPUF1,spotify:track:38zsOOcu31XbbYj9BIPUF1,,Your Song,75,Elton John,Elton John,0.825,0.561,240750,0.302,5.21e-06,3,0.131,-10.986,1,0.0319,128.172,0.278
decades,All Out 70s,37i9dQZF1DWTJ7xPn4vNaz,46ou4l4zvrZMada0TgoVH9,spotify:track:46ou4l4zvrZMada0TgoVH9,,"Knowing Me, Knowing You",55,ABBA,Arrival,0.0426,0.55,243893,0.741,3.72e-06,2,0.235,-7.109,1,0.0299,107.327,0.903
decades,All Out 70s,37i9dQZF1DWTJ7xPn4vNaz,7iN1s7xHE4ifF5povM6A48,spotify:track:7iN1s7xHE4ifF5povM6A48,,Let It Be - Remastered 2009,77,The Beatles,Let It Be (Remastered),0.631,0.443,243027,0.403,0.0,0,0.111,-8.339,1,0.0322,143.462,0.41
decades,All Out 70s,37i9dQZF1DWTJ7xPn4vNaz,2RlgNHKcydI9sayD2Df2xp,spotify:track:2RlgNHKcydI9sayD2Df2xp,https://p.scdn.co/mp3-preview/bb98f258a01d52c9b1c86ae82c67132bd52f29af?cid=63a77ff40e794a12ae216a18befde98c,Mr. Blue Sky,81,Electric Light Orchestra,Out of the Blue,0.652,0.388,303373,0.338,3.72e-06,10,0.248,-10.054,1,0.0328,177.784,0.477
decades,All Out 70s,37i9dQZF1DWTJ7xPn4vNaz,5LV3AJZ7KOKCpoou8kny79,spotify:track:5LV3AJZ7KOKCpoou8kny79,,"Take Me Home, Country Roads",31,John Denver,The Essential John Denver,0.715,0.456,190040,0.383,0.0,9,0.127,-9.516,1,0.0263,82.026,0.67
decades,All Out 70s,37i9dQZF1DWTJ7xPn4vNaz,6Rvlwah55rEmg1ufhBz022,spotify:track:6Rvlwah55rEmg1ufhBz022,,Goodbye Yellow Brick Road - Remastered 2014,65,Elton John,Goodbye Yellow Brick Road (Remastered / Deluxe Edition),0.446,0.559,192827,0.473,0.00141,5,0.154,-7.712,1,0.0279,121.227,0.397
decades,All Out 70s,37i9dQZF1DWTJ7xPn4vNaz,6UkMcAA19lTdjs22jtB7o2,spotify:track:6UkMcAA19lTdjs22jtB7o2,https://p.scdn.co/mp3-preview/48c0b1294058b0006ceb0cdaf84958cb51da45a7?cid=63a77ff40e794a12ae216a18befde98c,Big Yellow Taxi,67,Joni Mitchell,Ladies Of The Canyon,0.579,0.611,134800,0.47,0.0,4,0.581,-9.135,1,0.0356,85.527,0.97
decades,All Out 70s,37i9dQZF1DWTJ7xPn4vNaz,2SpEHTbUuebeLkgs9QB7Ue,spotify:track:2SpEHTbUuebeLkgs9QB7Ue,https://p.scdn.co/mp3-preview/3efb774956957eedf4ffff94e80d5f63dc2518cf?cid=63a77ff40e794a12ae216a18befde98c,Jolene,75,Dolly Parton,Jolene,0.566,0.674,161533,0.537,0.0,1,0.131,-10.971,0,0.0363,110.578,0.809
decades,All Out 70s,37i9dQZF1DWTJ7xPn4vNaz,6gTrbqZnyljwXdYQTyBkSx,spotify:track:6gTrbqZnyljwXdYQTyBkSx,https://p.scdn.co/mp3-preview/7dfdabaabc1337e41ce7c2a9493e74f0b1e71514?cid=63a77ff40e794a12ae216a18befde98c,You Make Me Feel Like Dancing - Remastered,53,Leo Sayer,Endless Flight,0.0848,0.728,219467,0.718,0.0,8,0.0579,-5.281,0,0.0501,95.922,0.733
decades,All Out 70s,37i9dQZF1DWTJ7xPn4vNaz,7tFiyTwD0nx5a1eklYtX2J,spotify:track:7tFiyTwD0nx5a1eklYtX2J,,Bohemian Rhapsody - Remastered 2011,78,Queen,A Night At The Opera (Deluxe Remastered Version),0.254,0.397,354320,0.396,0.0,3,0.268,-9.91,1,0.05,142.913,0.227
decades,All Out 70s,37i9dQZF1DWTJ7xPn4vNaz,3D15FZXmjfna7aFfKmEajd,spotify:track:3D15FZXmjfna7aFfKmEajd,,Are You Ready For Love? - Remastered,67,Elton John,Diamonds (Deluxe),0.254,0.803,212440,0.748,0.00212,2,0.113,-5.221,1,0.0314,116.532,0.752
decades,All Out 70s,37i9dQZF1DWTJ7xPn4vNaz,2BY7ALEWdloFHgQZG6VMLA,spotify:track:2BY7ALEWdloFHgQZG6VMLA,https://p.scdn.co/mp3-preview/889895ad3fdbc3a9ba436aa04966af32c33a7c85?cid=63a77ff40e794a12ae216a18befde98c,Brandy (You're a Fine Girl),73,Looking Glass,Looking Glass,0.54,0.719,186947,0.768,1.59e-05,1,0.146,-7.528,0,0.0766,125.315,0.772
decades,All Out 70s,37i9dQZF1DWTJ7xPn4vNaz,1H4idkmruFoJBg1DvUv2tY,spotify:track:1H4idkmruFoJBg1DvUv2tY,,Band On The Run - Remastered 2010,68,"Paul McCartney,Wings",Band On The Run (Standard),0.0832,0.479,313027,0.601,0.00142,7,0.11,-8.806,1,0.0318,124.966,0.669
decades,All Out 70s,37i9dQZF1DWTJ7xPn4vNaz,5ihS6UUlyQAfmp48eSkxuQ,spotify:track:5ihS6UUlyQAfmp48eSkxuQ,https://p.scdn.co/mp3-preview/8f5c821de4d47066ac5e68d58fd180975c86530d?cid=63a77ff40e794a12ae216a18befde98c,Landslide,76,Fleetwood Mac,Fleetwood Mac,0.883,0.414,199493,0.161,0.000223,7,0.117,-22.32,0,0.0318,159.375,0.423
decades,All Out 70s,37i9dQZF1DWTJ7xPn4vNaz,3vqlZUIT3rEmLaYKDBfb4Q,spotify:track:3vqlZUIT3rEmLaYKDBfb4Q,,Isn't She Lovely,48,Stevie Wonder,Songs In The Key Of Life,0.18,0.485,394267,0.82,0.00411,1,0.328,-6.887,0,0.0953,118.643,0.817
decades,All Out 70s,37i9dQZF1DWTJ7xPn4vNaz,6Qb7gtV6Q4MnUjSbkFcopl,spotify:track:6Qb7gtV6Q4MnUjSbkFcopl,https://p.scdn.co/mp3-preview/b82d798743c8fae13ce9ba649805a39375569222?cid=63a77ff40e794a12ae216a18befde98c,50 Ways to Leave Your Lover,66,Paul Simon,Still Crazy After All These Years,0.166,0.815,217347,0.372,0.000116,7,0.0767,-12.814,1,0.0752,101.684,0.293
decades,All Out 70s,37i9dQZF1DWTJ7xPn4vNaz,2yBVeksU2EtrPJbTu4ZslK,spotify:track:2yBVeksU2EtrPJbTu4ZslK,https://p.scdn.co/mp3-preview/38dcede79a2e68d904f1729f2342c24e206a759a?cid=63a77ff40e794a12ae216a18befde98c,What a Fool Believes,68,The Doobie Brothers,Minute By Minute,0.284,0.758,223867,0.378,0.0,8,0.049,-15.308,0,0.0449,120.736,0.985
decades,All Out 70s,37i9dQZF1DWTJ7xPn4vNaz,6H7nDglS6xWpRidbhMwI2L,spotify:track:6H7nDglS6xWpRidbhMwI2L,https://p.scdn.co/mp3-preview/04385790f9a2a10a6f4fdcf52a2cb0d18ee1a6ba?cid=63a77ff40e794a12ae216a18befde98c,Here You Come Again,65,Dolly Parton,Here You Come Again,0.647,0.529,179491,0.511,0.00724,1,0.0391,-9.37,1,0.0418,106.491,0.559
decades,All Out 70s,37i9dQZF1DWTJ7xPn4vNaz,3LcYYV9ozePfgYYmXv0P3r,spotify:track:3LcYYV9ozePfgYYmXv0P3r,https://p.scdn.co/mp3-preview/facca1f85f4ef20afa376f91ca8e2276b157d421?cid=63a77ff40e794a12ae216a18befde98c,Fire and Rain,70,James Taylor,Sweet Baby James,0.499,0.611,200579,0.35,7.84e-06,5,0.0844,-14.48,1,0.0356,76.064,0.36
decades,All Out 70s,37i9dQZF1DWTJ7xPn4vNaz,52VIdyKqp1pJRSyUQaxKUA,spotify:track:52VIdyKqp1pJRSyUQaxKUA,https://p.scdn.co/mp3-preview/96820573e3b922133b37949d9369b164e81ed2bf?cid=63a77ff40e794a12ae216a18befde98c,Everything I Own,67,Bread,Baby I'm-a Want You,0.735,0.365,187000,0.338,0.0,2,0.104,-13.406,1,0.0322,79.241,0.446
decades,All Out 70s,37i9dQZF1DWTJ7xPn4vNaz,1I7zHEdDx8Ny5RxzYPqsU2,spotify:track:1I7zHEdDx8Ny5RxzYPqsU2,,Reelin' In The Years,70,Steely Dan,Can't Buy A Thrill,0.133,0.523,277267,0.758,0.0,2,0.0952,-9.81,1,0.0403,135.437,0.766
decades,All Out 70s,37i9dQZF1DWTJ7xPn4vNaz,4nXkbcTj3nyww1cHkw5RAP,spotify:track:4nXkbcTj3nyww1cHkw5RAP,https://p.scdn.co/mp3-preview/ab86af73d22ea24e920c1fe59abf5c51d8823aaf?cid=63a77ff40e794a12ae216a18befde98c,Long Train Runnin',71,The Doobie Brothers,The Captain And Me,0.0916,0.575,207267,0.912,0.00211,7,0.0562,-7.275,0,0.0393,117.399,0.843
decades,All Out 70s,37i9dQZF1DWTJ7xPn4vNaz,2LawezPeJhN4AWuSB0GtAU,spotify:track:2LawezPeJhN4AWuSB0GtAU,,Have You Ever Seen The Rain,76,Creedence Clearwater Revival,Pendulum (40th Anniversary Edition),0.0664,0.741,160133,0.697,2.28e-05,0,0.133,-7.028,1,0.0277,116.109,0.774
decades,All Out 70s,37i9dQZF1DWTJ7xPn4vNaz,7e89621JPkKaeDSTQ3avtg,spotify:track:7e89621JPkKaeDSTQ3avtg,,Sweet Home Alabama,81,Lynyrd Skynyrd,Second Helping,0.181,0.596,283800,0.605,0.000331,7,0.0863,-12.145,1,0.0255,97.798,0.886
decades,All Out 70s,37i9dQZF1DWTJ7xPn4vNaz,19slC7k8bsPOAKDjHYLU2W,spotify:track:19slC7k8bsPOAKDjHYLU2W,,Father And Son,75,Yusuf / Cat Stevens,Tea for the Tillerman,0.61,0.495,221000,0.343,9.45e-05,7,0.101,-11.549,1,0.0355,135.882,0.453
decades,All Out 70s,37i9dQZF1DWTJ7xPn4vNaz,4etJ8NpS7YJ6vViV2UEJit,spotify:track:4etJ8NpS7YJ6vViV2UEJit,https://p.scdn.co/mp3-preview/08f10cb1699e3dbf5d00dce88502df44a5165645?cid=63a77ff40e794a12ae216a18befde98c,It's Too Late,48,Carole King,The Essential Carole King,0.496,0.699,233187,0.446,0.0054,9,0.177,-12.719,0,0.0284,104.243,0.788
decades,All Out 70s,37i9dQZF1DWTJ7xPn4vNaz,0oCT5rVvMdPPUm0bxG7yzT,spotify:track:0oCT5rVvMdPPUm0bxG7yzT,https://p.scdn.co/mp3-preview/cb2ac8119e19b9552d54e0fb7f615bd834bc07ad?cid=63a77ff40e794a12ae216a18befde98c,I Can See Clearly Now,51,Johnny Nash,Radio Hits Of the '70s,0.41,0.683,162653,0.53,7.43e-05,2,0.06,-8.542,1,0.0601,124.392,0.579
decades,All Out 70s,37i9dQZF1DWTJ7xPn4vNaz,4IU1RL4BKvFyXtbTwaHAvW,spotify:track:4IU1RL4BKvFyXtbTwaHAvW,https://p.scdn.co/mp3-preview/1dbcc6d5eef4864f7a50d59128099455d4c21e2e?cid=63a77ff40e794a12ae216a18befde98c,Ventura Highway,69,America,Homecoming,0.223,0.673,211387,0.581,0.000206,2,0.063,-10.205,1,0.029,130.771,0.818
decades,All Out 70s,37i9dQZF1DWTJ7xPn4vNaz,1bp2IO61zbQrbWNmKKxg3f,spotify:track:1bp2IO61zbQrbWNmKKxg3f,,The Joker,75,Steve Miller Band,The Joker,0.394,0.424,264504,0.446,3.78e-06,5,0.16,-9.618,1,0.0525,165.158,0.794
decades,All Out 70s,37i9dQZF1DWTJ7xPn4vNaz,4RQgqR09VmHn345vRhKQ6T,spotify:track:4RQgqR09VmHn345vRhKQ6T,,Sir Duke,52,Stevie Wonder,Songs In The Key Of Life,0.16,0.576,234093,0.579,0.0,6,0.0777,-9.628,1,0.0769,106.978,0.947
decades,All Out 70s,37i9dQZF1DWTJ7xPn4vNaz,3FmAUR4SPWa3P1KyDf21Fu,spotify:track:3FmAUR4SPWa3P1KyDf21Fu,,Roxanne - Remastered 2003,53,The Police,Outlandos D'Amour (Remastered),0.0384,0.618,191500,0.748,4.1e-06,0,0.0477,-8.905,1,0.361,134.001,0.662
decades,All Out 70s,37i9dQZF1DWTJ7xPn4vNaz,77oU2rjC5XbjQfNe3bD6so,spotify:track:77oU2rjC5XbjQfNe3bD6so,,Beast Of Burden - Remastered,72,The Rolling Stones,Some Girls,0.387,0.787,265173,0.877,0.00065,1,0.0387,-3.822,0,0.032,100.61,0.837
decades,All Out 70s,37i9dQZF1DWTJ7xPn4vNaz,3lh3iiiJeiBXHSZw6u0kh6,spotify:track:3lh3iiiJeiBXHSZw6u0kh6,https://p.scdn.co/mp3-preview/e80d5c0efd271bd14f752d6c7ef11202e89d29f1?cid=63a77ff40e794a12ae216a18befde98c,Into the Mystic - 2013 Remaster,70,Van Morrison,Moondance,0.367,0.608,205613,0.524,0.00254,8,0.115,-10.266,1,0.0309,86.204,0.797
decades,All Out 70s,37i9dQZF1DWTJ7xPn4vNaz,5qxFudz7A6PGptviHsz4Yd,spotify:track:5qxFudz7A6PGptviHsz4Yd,,Annie's Song,40,John Denver,Back Home Again,0.92,0.325,178267,0.308,0.00603,2,0.441,-11.503,1,0.0297,147.117,0.447
decades,All Out 70s,37i9dQZF1DWTJ7xPn4vNaz,3M5eeHXgG4VplKNcsBC8Dj,spotify:track:3M5eeHXgG4VplKNcsBC8Dj,,"Signed, Sealed, Delivered (I'm Yours)",52,Stevie Wonder,Signed Sealed And Delivered,0.0514,0.67,160500,0.619,0.0,0,0.0492,-10.365,0,0.0323,108.826,0.807
decades,All Out 70s,37i9dQZF1DWTJ7xPn4vNaz,2EC9IJj7g0mN1Q5VrZkiYY,spotify:track:2EC9IJj7g0mN1Q5VrZkiYY,https://p.scdn.co/mp3-preview/392a6a4c64a5129a088460dc6257c1ef740b54ab?cid=63a77ff40e794a12ae216a18befde98c,Rebel Rebel - 2016 Remastered Version,72,David Bowie,Diamond Dogs (2016 Remastered Version),0.209,0.635,274747,0.686,0.0176,9,0.282,-15.648,1,0.053,125.988,0.464
decades,All Out 70s,37i9dQZF1DWTJ7xPn4vNaz,7pKfPomDEeI4TPT6EOYjn9,spotify:track:7pKfPomDEeI4TPT6EOYjn9,,Imagine - Remastered,76,John Lennon,Imagine,0.907,0.547,187867,0.257,0.183,0,0.0935,-12.358,1,0.0252,75.752,0.169
decades,All Out 70s,37i9dQZF1DWTJ7xPn4vNaz,1QEEqeFIZktqIpPI4jSVSF,spotify:track:1QEEqeFIZktqIpPI4jSVSF,https://p.scdn.co/mp3-preview/97aaefeb43d0e2368526778487c7097607d5d78d?cid=63a77ff40e794a12ae216a18befde98c,More Than a Feeling,77,Boston,Boston,0.000894,0.377,285133,0.682,0.00217,7,0.0504,-8.039,1,0.0299,108.736,0.288
decades,All Out 70s,37i9dQZF1DWTJ7xPn4vNaz,714hERk9U1W8FMYkoC83CO,spotify:track:714hERk9U1W8FMYkoC83CO,https://p.scdn.co/mp3-preview/7017e809f2d2961c456122b625dbb0ad7792998c?cid=63a77ff40e794a12ae216a18befde98c,You Sexy Thing,71,Hot Chocolate,Hot Chocolate,0.522,0.791,244920,0.734,0.00165,5,0.167,-5.464,1,0.0629,105.854,0.962
decades,All Out 70s,37i9dQZF1DWTJ7xPn4vNaz,1HOMkjp0nHMaTnfAkslCQj,spotify:track:1HOMkjp0nHMaTnfAkslCQj,,My Sharona,73,The Knack,Get The Knack,0.0589,0.586,295400,0.7,0.00125,0,0.0318,-9.558,1,0.0363,147.245,0.897
decades,All Out 70s,37i9dQZF1DWTJ7xPn4vNaz,3hJLKtTpgct9Y9wKww0BiR,spotify:track:3hJLKtTpgct9Y9wKww0BiR,,Miss You - Remastered,65,The Rolling Stones,Some Girls,0.462,0.803,288667,0.725,0.0137,9,0.46,-4.726,0,0.0432,109.7,0.785
decades,All Out 70s,37i9dQZF1DWTJ7xPn4vNaz,6HSXNV0b4M4cLJ7ljgVVeh,spotify:track:6HSXNV0b4M4cLJ7ljgVVeh,https://p.scdn.co/mp3-preview/5d590e2139ce4eb119238968a8b398e8510a6251?cid=63a77ff40e794a12ae216a18befde98c,Knockin' On Heaven's Door - Remastered,71,Bob Dylan,Pat Garrett & Billy The Kid [Soundtrack From The Motion Picture) (Remastered],0.251,0.513,149880,0.396,0.177,7,0.11,-13.061,1,0.0299,140.208,0.229
decades,All Out 70s,37i9dQZF1DWTJ7xPn4vNaz,5p3JunprHCxClJjOmcLV8G,spotify:track:5p3JunprHCxClJjOmcLV8G,https://p.scdn.co/mp3-preview/ba3b4fe65d5198801dc5853e1d9f26f3dc47e8a9?cid=63a77ff40e794a12ae216a18befde98c,Walk On the Wild Side,73,Lou Reed,Transformer,0.683,0.575,254173,0.318,0.000202,0,0.0934,-16.729,1,0.109,104.522,0.385
decades,All Out 70s,37i9dQZF1DWTJ7xPn4vNaz,37Tmv4NnfQeb0ZgUC4fOJj,spotify:track:37Tmv4NnfQeb0ZgUC4fOJj,,Sultans Of Swing,78,Dire Straits,Dire Straits,0.0614,0.733,348624,0.794,0.0367,5,0.33,-10.023,1,0.0307,148.174,0.931
decades,All Out 70s,37i9dQZF1DWTJ7xPn4vNaz,3wpLkju0bJy89kjgdRys0j,spotify:track:3wpLkju0bJy89kjgdRys0j,https://p.scdn.co/mp3-preview/ae4aa51502978e1a866375fd9c397007c546d12a?cid=63a77ff40e794a12ae216a18befde98c,September,59,"Earth, Wind & Fire","The Essential Earth, Wind & Fire",0.165,0.694,215080,0.831,0.000892,9,0.25,-7.288,1,0.0301,125.901,0.98
decades,All Out 70s,37i9dQZF1DWTJ7xPn4vNaz,0bRXwKfigvpKZUurwqAlEh,spotify:track:0bRXwKfigvpKZUurwqAlEh,https://p.scdn.co/mp3-preview/300afa67fbdef1d924d3ac8730f308e7fae85823?cid=63a77ff40e794a12ae216a18befde98c,Lovely Day,72,Bill Withers,Menagerie,0.292,0.69,254560,0.651,0.00241,9,0.105,-8.267,1,0.0324,97.918,0.706
decades,All Out 70s,37i9dQZF1DWTJ7xPn4vNaz,7MRyJPksH3G2cXHN8UKYzP,spotify:track:7MRyJPksH3G2cXHN8UKYzP,https://p.scdn.co/mp3-preview/36d69a9c5b7a78b378f349e319ca49075993717b?cid=63a77ff40e794a12ae216a18befde98c,American Girl,71,Tom Petty and the Heartbreakers,Tom Petty & The Heartbreakers,0.448,0.55,214733,0.824,0.000127,2,0.366,-5.988,1,0.0334,114.512,0.777
decades,All Out 70s,37i9dQZF1DWTJ7xPn4vNaz,6l8EbYRtQMgKOyc1gcDHF9,spotify:track:6l8EbYRtQMgKOyc1gcDHF9,https://p.scdn.co/mp3-preview/235629aa4e2ef4c3c8cc623b348b646d31c26412?cid=63a77ff40e794a12ae216a18befde98c,Bridge Over Troubled Water,68,Simon & Garfunkel,Bridge Over Troubled Water,0.822,0.149,293120,0.206,0.000649,3,0.115,-13.888,1,0.0323,79.764,0.264
decades,All Out 70s,37i9dQZF1DWTJ7xPn4vNaz,3TQOqBFEKUEab8CO1pi5A8,spotify:track:3TQOqBFEKUEab8CO1pi5A8,,Afternoon Delight,55,Starland Vocal Band,Starland Vocal Band,0.529,0.491,193040,0.439,0.0,5,0.102,-11.67,1,0.0301,147.062,0.808
decades,All Out 70s,37i9dQZF1DWTJ7xPn4vNaz,0EA8k9iH93YEJFaBuRt7Tc,spotify:track:0EA8k9iH93YEJFaBuRt7Tc,https://p.scdn.co/mp3-preview/3bcbaa5801f15cd101035d14b2e0007cd96863be?cid=63a77ff40e794a12ae216a18befde98c,Stumblin' In - 2017 Remaster,59,Suzi Quatro,If You Knew Suzi… (2017 Remaster),0.126,0.761,239529,0.723,0.000292,7,0.345,-10.549,1,0.0313,129.269,0.923
decades,All Out 70s,37i9dQZF1DWTJ7xPn4vNaz,1dYimSgEq46lJ30MKQP9l6,spotify:track:1dYimSgEq46lJ30MKQP9l6,,Love Comes To Everyone - Remastered 2004,55,George Harrison,George Harrison,0.0735,0.716,276213,0.679,0.00106,11,0.0506,-9.088,0,0.0405,107.169,0.505
decades,All Out 70s,37i9dQZF1DWTJ7xPn4vNaz,1k1Bqnv2R0uJXQN4u6LKYt,spotify:track:1k1Bqnv2R0uJXQN4u6LKYt,https://p.scdn.co/mp3-preview/2f56920743ab7da6d3d6331868dd23bbe72cd063?cid=63a77ff40e794a12ae216a18befde98c,Ain't No Sunshine,75,Bill Withers,Just As I Am,0.457,0.479,125093,0.416,1.72e-05,4,0.118,-11.451,0,0.124,79.593,0.514
decades,All Out 70s,37i9dQZF1DWTJ7xPn4vNaz,0n2pjCIMKwHSXoYfEbYMfX,spotify:track:0n2pjCIMKwHSXoYfEbYMfX,,You Are The Sunshine Of My Life,65,Stevie Wonder,Talking Book,0.823,0.519,178200,0.46,5.97e-05,11,0.243,-14.53,1,0.0688,132.082,0.675
decades,All Out 70s,37i9dQZF1DWTJ7xPn4vNaz,4uCbetXW9LStYPUjCpBVp9,spotify:track:4uCbetXW9LStYPUjCpBVp9,https://p.scdn.co/mp3-preview/cfe5331a57f9bd5c6424b3b076879e4f2370406d?cid=63a77ff40e794a12ae216a18befde98c,Son of a Preacher Man,63,Aretha Franklin,This Girl's in Love with You,0.545,0.474,199267,0.473,1.25e-06,2,0.0356,-11.454,1,0.0601,77.583,0.561
decades,All Out 70s,37i9dQZF1DWTJ7xPn4vNaz,5HQEmiV2lKnSO6qa2fsR7x,spotify:track:5HQEmiV2lKnSO6qa2fsR7x,,I'm Not In Love,69,10cc,The Original Soundtrack,0.748,0.401,366640,0.527,0.00305,4,0.359,-15.632,1,0.0615,133.749,0.208
decades,All Out 70s,37i9dQZF1DWTJ7xPn4vNaz,0z1MCtPlHy0x1g0XojaduR,spotify:track:0z1MCtPlHy0x1g0XojaduR,https://p.scdn.co/mp3-preview/c68fdd392f6f8f0486652d6b7a8d54d827f48ba5?cid=63a77ff40e794a12ae216a18befde98c,Your Smiling Face,52,James Taylor,The Essential James Taylor,0.146,0.682,164920,0.509,5.02e-06,1,0.0886,-11.887,1,0.0784,88.934,0.605
decades,All Out 70s,37i9dQZF1DWTJ7xPn4vNaz,2TxCwUlqaOH3TIyJqGgR91,spotify:track:2TxCwUlqaOH3TIyJqGgR91,,Mamma Mia,70,ABBA,Abba,0.295,0.749,213267,0.748,0.000443,2,0.469,-7.011,1,0.0323,137.547,0.827
decades,All Out 70s,37i9dQZF1DWTJ7xPn4vNaz,01UYpHuzHi4eB9PAbDoPY2,spotify:track:01UYpHuzHi4eB9PAbDoPY2,https://p.scdn.co/mp3-preview/5c64316cf5c7bbf26a47987810b864723be6a02d?cid=63a77ff40e794a12ae216a18befde98c,Summer Breeze,68,Seals and Crofts,Seals & Crofts' Greatest Hits,0.611,0.501,203967,0.474,0.0298,5,0.0667,-10.041,1,0.0386,88.609,0.35
decades,All Out 70s,37i9dQZF1DWTJ7xPn4vNaz,6iXQrhhgBisdfvS34EMTZ3,spotify:track:6iXQrhhgBisdfvS34EMTZ3,https://p.scdn.co/mp3-preview/500a597451239f9de41cc5b1d8b3305712fdff1f?cid=63a77ff40e794a12ae216a18befde98c,Mandy,66,Barry Manilow,Barry Manilow II,0.418,0.308,213333,0.464,2.49e-06,10,0.143,-9.032,1,0.0279,103.734,0.318
decades,All Out 70s,37i9dQZF1DWTJ7xPn4vNaz,6RMo3zv9VjmcGi4V5O3cOL,spotify:track:6RMo3zv9VjmcGi4V5O3cOL,,Please Mr. Postman,42,Carpenters,Horizon,0.157,0.669,172733,0.514,6.97e-06,9,0.095,-11.503,1,0.0293,132.955,0.966
decades,All Out 70s,37i9dQZF1DWTJ7xPn4vNaz,7cv28LXcjAC3GsXbUvXKbX,spotify:track:7cv28LXcjAC3GsXbUvXKbX,,I Will Survive - Extended Version,65,Gloria Gaynor,20th Century Masters: The Millennium Collection: Best Of Gloria Gaynor,0.0181,0.775,198066,0.731,0.00952,0,0.253,-8.715,1,0.0536,116.66,0.558
decades,All Out 70s,37i9dQZF1DWTJ7xPn4vNaz,2Y8i6ntDzXIhCO4UJPl5Qv,spotify:track:2Y8i6ntDzXIhCO4UJPl5Qv,,Superstition - Single Version,42,Stevie Wonder,The Definitive Collection,0.0443,0.643,245493,0.628,0.00613,10,0.0359,-12.075,0,0.0748,100.392,0.894
decades,All Out 70s,37i9dQZF1DWTJ7xPn4vNaz,61UuPxxYUvacEH6SHIK3sU,spotify:track:61UuPxxYUvacEH6SHIK3sU,,Brown Sugar - Remastered,68,The Rolling Stones,Sticky Fingers (Remastered),0.215,0.641,228667,0.927,0.00029,0,0.045,-3.532,1,0.0351,128.606,0.966
decades,All Out 70s,37i9dQZF1DWTJ7xPn4vNaz,6hTcuIQa0sxrrByu9wTD7s,spotify:track:6hTcuIQa0sxrrByu9wTD7s,https://p.scdn.co/mp3-preview/bac7b351bb2f85c715f66be9b36b8a1922081404?cid=63a77ff40e794a12ae216a18befde98c,Born to Run,72,Bruce Springsteen,Born To Run,0.00501,0.27,269920,0.944,2.05e-05,4,0.116,-4.199,1,0.0975,146.347,0.606
decades,All Out 70s,37i9dQZF1DWTJ7xPn4vNaz,1JkZg3eMQTmTn93E8Yd3UL,spotify:track:1JkZg3eMQTmTn93E8Yd3UL,https://p.scdn.co/mp3-preview/1c55371ac6dc7f4553e0f0ce75edf9b84d263ef1?cid=63a77ff40e794a12ae216a18befde98c,I Want You to Want Me,68,Cheap Trick,In Color,0.78,0.806,191227,0.462,0.0134,2,0.15,-12.778,1,0.0298,92.726,0.736
decades,All Out 70s,37i9dQZF1DWTJ7xPn4vNaz,2BstRQGodshjGpeDGQiNgo,spotify:track:2BstRQGodshjGpeDGQiNgo,,Do It Again,69,Steely Dan,Can't Buy A Thrill,0.247,0.683,356600,0.551,2.12e-05,2,0.0471,-10.164,0,0.0315,124.585,0.962
decades,All Out 70s,37i9dQZF1DWTJ7xPn4vNaz,6tunhVGD8C05MZNjSVIsjw,spotify:track:6tunhVGD8C05MZNjSVIsjw,https://p.scdn.co/mp3-preview/4cd438ec83cb3b52762997ad7aec3cd861b845cf?cid=63a77ff40e794a12ae216a18befde98c,It Never Rains in Southern California,61,Albert Hammond,It Never Rains In Southern California,0.124,0.626,233507,0.565,0.0,9,0.0811,-10.027,1,0.0271,116.61,0.924
decades,All Out 70s,37i9dQZF1DWTJ7xPn4vNaz,54eZmuggBFJbV7k248bTTt,spotify:track:54eZmuggBFJbV7k248bTTt,https://p.scdn.co/mp3-preview/39160b959b9c3ef5eb82314160eb168af167ac3b?cid=63a77ff40e794a12ae216a18befde98c,A Horse with No Name,75,America,America,0.686,0.654,252240,0.506,0.0155,11,0.155,-17.18,0,0.0535,123.179,0.831
decades,All Out 70s,37i9dQZF1DWTJ7xPn4vNaz,3adQpYatYOsgAKr853t4mZ,spotify:track:3adQpYatYOsgAKr853t4mZ,,Baby Come Back,58,Player,'70s Pop #1's,0.051,0.648,214067,0.574,0.0,5,0.12,-11.12,0,0.106,156.73,0.557
decades,All Out 70s,37i9dQZF1DWTJ7xPn4vNaz,76TZCvJ8GitQ2FA1q5dKu0,spotify:track:76TZCvJ8GitQ2FA1q5dKu0,https://p.scdn.co/mp3-preview/ba833158dd80b316a9a108b1578fe1113b931132?cid=63a77ff40e794a12ae216a18befde98c,The Boxer,69,Simon & Garfunkel,Bridge Over Troubled Water,0.702,0.439,308520,0.488,0.000339,11,0.16,-14.464,1,0.0615,93.017,0.629
decades,All Out 70s,37i9dQZF1DWTJ7xPn4vNaz,3qiyyUfYe7CRYLucrPmulD,spotify:track:3qiyyUfYe7CRYLucrPmulD,,Baba O'Riley,76,The Who,Who's Next,0.287,0.494,300000,0.722,0.186,5,0.283,-8.373,1,0.0347,117.312,0.156
decades,All Out 70s,37i9dQZF1DWTJ7xPn4vNaz,3FGcQkWQlkeB82RdZwlw8V,spotify:track:3FGcQkWQlkeB82RdZwlw8V,https://p.scdn.co/mp3-preview/342dc0d1320304e76075e95c931af6cdef1792c0?cid=63a77ff40e794a12ae216a18befde98c,Kiss You All Over,55,Exile,Greatest Hits,0.253,0.741,214400,0.267,0.000447,0,0.0987,-17.204,1,0.0285,102.428,0.497
decades,All Out 70s,37i9dQZF1DWTJ7xPn4vNaz,2Xb6wJYGi0QXwURw5WWvI5,spotify:track:2Xb6wJYGi0QXwURw5WWvI5,https://p.scdn.co/mp3-preview/26b8e97389021252942ca5a53889c48c87756517?cid=63a77ff40e794a12ae216a18befde98c,Right Down the Line,65,Gerry Rafferty,City To City,0.213,0.783,267773,0.322,0.00243,0,0.114,-15.091,1,0.0343,128.226,0.77
decades,All Out 70s,37i9dQZF1DWTJ7xPn4vNaz,3D9iV6cYkYJRAPFO6DRKIE,spotify:track:3D9iV6cYkYJRAPFO6DRKIE,,Jealous Guy - Remastered 2010,65,"John Lennon,The Plastic Ono Band,The Flux Fiddlers",Imagine,0.877,0.489,257787,0.389,0.32,4,0.105,-11.653,0,0.0284,131.366,0.254
decades,All Out 70s,37i9dQZF1DWTJ7xPn4vNaz,0klZpFX0a84jdkqzPNrLQs,spotify:track:0klZpFX0a84jdkqzPNrLQs,https://p.scdn.co/mp3-preview/7041bef963736ee69e1ed5bc7d31b5ee061c9819?cid=63a77ff40e794a12ae216a18befde98c,You To Me Are Everything,63,The Real Thing,Children of the Ghetto: The Pye Anthology,0.233,0.643,209733,0.909,0.0,11,0.081,-8.467,0,0.0958,102.203,0.819
decades,All Out 70s,37i9dQZF1DWTJ7xPn4vNaz,1f4iVGDitHYMVBaoc9GXO2,spotify:track:1f4iVGDitHYMVBaoc9GXO2,,Love Will Keep Us Together,51,Captain & Tennille,Greatest Hits,0.329,0.676,206800,0.486,0.0,4,0.137,-13.656,1,0.0358,129.753,0.918
decades,All Out 70s,37i9dQZF1DWTJ7xPn4vNaz,0HOrDVS349XFcpCYsO2hAP,spotify:track:0HOrDVS349XFcpCYsO2hAP,,You Ain't Seen Nothing Yet,68,Bachman-Turner Overdrive,Not Fragile,0.000172,0.474,237507,0.448,0.000159,11,0.204,-14.95,0,0.0424,118.33,0.786
decades,All Out 70s,37i9dQZF1DWTJ7xPn4vNaz,5gOd6zDC8vhlYjqbQdJVWP,spotify:track:5gOd6zDC8vhlYjqbQdJVWP,https://p.scdn.co/mp3-preview/44a14bd01aee71770b24d91f871a00ccc23568d5?cid=63a77ff40e794a12ae216a18befde98c,Baker Street,66,Gerry Rafferty,City To City,0.0929,0.497,365627,0.349,0.028,7,0.259,-14.0,1,0.0297,113.762,0.421
decades,All Out 70s,37i9dQZF1DWTJ7xPn4vNaz,3BqqF8suAIzW8655yJfcvh,spotify:track:3BqqF8suAIzW8655yJfcvh,,Morning Has Broken,65,Yusuf / Cat Stevens,Teaser And The Firecat,0.614,0.443,200000,0.324,0.00568,7,0.0919,-13.135,1,0.0312,133.102,0.386
decades,All Out 70s,37i9dQZF1DWTJ7xPn4vNaz,63xdwScd1Ai1GigAwQxE8y,spotify:track:63xdwScd1Ai1GigAwQxE8y,https://p.scdn.co/mp3-preview/5374059cb5947b59dfb255bd44bc8f2ad2f481d0?cid=63a77ff40e794a12ae216a18befde98c,Let's Stay Together,74,Al Green,Let's Stay Together,0.57,0.756,199396,0.397,0.0115,7,0.0542,-10.701,0,0.0522,101.985,0.507
decades,All Out 70s,37i9dQZF1DWTJ7xPn4vNaz,5IKLwqBQG6KU6MP2zP80Nu,spotify:track:5IKLwqBQG6KU6MP2zP80Nu,https://p.scdn.co/mp3-preview/26f5886af9af728d758a84ff045baab992878692?cid=63a77ff40e794a12ae216a18befde98c,We Are Family,69,Sister Sledge,We Are Family [Expanded],0.3,0.784,216733,0.893,1.57e-05,7,0.272,-5.153,0,0.0923,118.738,0.819
decades,All Out 70s,37i9dQZF1DWTJ7xPn4vNaz,3c4OULLWwgRqBfA2dJtRuY,spotify:track:3c4OULLWwgRqBfA2dJtRuY,https://p.scdn.co/mp3-preview/a4731e73ed55f1c6a12b0a2c140fddf0ca89864b?cid=63a77ff40e794a12ae216a18befde98c,Love Is In The Air,59,John Paul Young,I Hate the Music,0.0254,0.557,210293,0.791,0.000264,0,0.0605,-7.201,1,0.0389,122.34,0.895
decades,All Out 70s,37i9dQZF1DWTJ7xPn4vNaz,2M2WJ7gBlcKNxdhyfPp9zY,spotify:track:2M2WJ7gBlcKNxdhyfPp9zY,https://p.scdn.co/mp3-preview/2e10aa9858cf472f06cf3d283cb66241430277e8?cid=63a77ff40e794a12ae216a18befde98c,Best of My Love,64,The Emotions,Rejoice,0.447,0.784,220560,0.713,0.14,0,0.0904,-6.865,1,0.0339,115.443,0.97
decades,All Out 70s,37i9dQZF1DWTJ7xPn4vNaz,1VZ04sZSpTet7wVMyZphA8,spotify:track:1VZ04sZSpTet7wVMyZphA8,,Joy To The World,58,Three Dog Night,The Collection,0.0384,0.591,214960,0.726,2.49e-06,2,0.119,-13.545,1,0.0315,129.057,0.968
