category_id,playlist_name,playlist_id,track_id,track_uri,track_preview_url,track_name,track_popularity,artist_name,album_name,acousticness,danceability,duration_ms,energy,instrumentalness,key,liveness,loudness,mode,speechiness,tempo,valence
blues,Women of the Blues,37i9dQZF1DX8QB9Ys2nV17,42O2R9NmHyZqN6CvGcwzrl,spotify:track:42O2R9NmHyZqN6CvGcwzrl,,Save Me,41,Danielle Nicole,Cry No More,0.0253,0.589,275800,0.679,0.00584,5,0.167,-5.628,0,0.0336,85.865,0.716
blues,Women of the Blues,37i9dQZF1DX8QB9Ys2nV17,5v6dtKoPkH8wJVqfOROJqD,spotify:track:5v6dtKoPkH8wJVqfOROJqD,https://p.scdn.co/mp3-preview/eac62928116e3e19d397166bd52da55bcbcd9a6e?cid=63a77ff40e794a12ae216a18befde98c,Johnnie Ray,40,Ana Popovic,"Trilogy, Vol. 2",0.644,0.515,224640,0.5,2.24e-06,11,0.119,-8.986,0,0.0607,155.383,0.634
blues,Women of the Blues,37i9dQZF1DX8QB9Ys2nV17,0HPazJXESVCimRyMggplg5,spotify:track:0HPazJXESVCimRyMggplg5,https://p.scdn.co/mp3-preview/51f5d69e2bf6cae7c221c64c9e370a3fe0043521?cid=63a77ff40e794a12ae216a18befde98c,I'm A Woman,38,Deborah Coleman,Soft Place To Fall,0.00495,0.676,291840,0.661,0.000871,5,0.201,-5.432,1,0.0384,107.589,0.533
blues,Women of the Blues,37i9dQZF1DX8QB9Ys2nV17,3hdx96ToWSDdbJWzi0saAF,spotify:track:3hdx96ToWSDdbJWzi0saAF,https://p.scdn.co/mp3-preview/9966aa7a8ba80228a182643b54593260c858c711?cid=63a77ff40e794a12ae216a18befde98c,Gone for Good,39,Samantha Fish,Belle of the West,0.0806,0.703,237557,0.809,0.00877,0,0.33,-8.873,1,0.0729,114.138,0.523
blues,Women of the Blues,37i9dQZF1DX8QB9Ys2nV17,7d1ZzOIyACB64aEibmWfH7,spotify:track:7d1ZzOIyACB64aEibmWfH7,https://p.scdn.co/mp3-preview/83c8b24bb8d499e55b982608fbe16279ad77787a?cid=63a77ff40e794a12ae216a18befde98c,Release and Be Free,35,Kelley Hunt,The Beautiful Bones,0.808,0.546,264253,0.419,0.00337,3,0.167,-6.988,1,0.0304,136.899,0.393
blues,Women of the Blues,37i9dQZF1DX8QB9Ys2nV17,7n5vTqlOB56a7kLQrGvPO4,spotify:track:7n5vTqlOB56a7kLQrGvPO4,https://p.scdn.co/mp3-preview/073b240a0dc447d0dba7e707488ed7ac2899fd62?cid=63a77ff40e794a12ae216a18befde98c,Quit Me On a Voice Mail (feat. Eddie Shaw),34,"Liz Mandeville,Eddie Shaw",Heart 'o' Chicago,0.128,0.537,284715,0.5,0.00401,7,0.114,-6.798,1,0.0346,125.596,0.476
blues,Women of the Blues,37i9dQZF1DX8QB9Ys2nV17,4Dd1ZiwUMdaxirVebAldJR,spotify:track:4Dd1ZiwUMdaxirVebAldJR,https://p.scdn.co/mp3-preview/b5cb2f1718e83f639fccdda7a02ff3684d09481f?cid=63a77ff40e794a12ae216a18befde98c,Juke Joint on Moses Lane,36,Fiona Boyes,Box & Dice,0.665,0.729,212573,0.683,0.0172,0,0.0786,-6.646,1,0.037,129.103,0.798
blues,Women of the Blues,37i9dQZF1DX8QB9Ys2nV17,2RXIoXvCL53UKnsEjMRxl7,spotify:track:2RXIoXvCL53UKnsEjMRxl7,https://p.scdn.co/mp3-preview/83c53d7cb6827e43d578f525d0c64ec8b571a3a3?cid=63a77ff40e794a12ae216a18befde98c,Time Has Come,42,Joanne Shaw Taylor,White Sugar,0.0496,0.569,351960,0.564,0.0138,8,0.304,-7.34,1,0.0337,96.112,0.526
blues,Women of the Blues,37i9dQZF1DX8QB9Ys2nV17,43e8Q7rSuX10XkBNzAXsnG,spotify:track:43e8Q7rSuX10XkBNzAXsnG,https://p.scdn.co/mp3-preview/fe222a049e18b33e2d342e39e62338d53bba83e4?cid=63a77ff40e794a12ae216a18befde98c,Give You My Love,34,Lisa Mann,Move On,0.618,0.652,385453,0.599,4.24e-06,5,0.131,-5.353,1,0.0359,122.029,0.413
blues,Women of the Blues,37i9dQZF1DX8QB9Ys2nV17,062xegh1dDwl3JutgSY5EI,spotify:track:062xegh1dDwl3JutgSY5EI,https://p.scdn.co/mp3-preview/d0a44d60031fc001c387a1589b3b64055da3ffac?cid=63a77ff40e794a12ae216a18befde98c,Outskirts Of Memphis,33,Shakura S'Aida,Brown Sugar,0.306,0.685,307267,0.787,3.39e-05,8,0.282,-5.139,1,0.0952,124.537,0.697
blues,Women of the Blues,37i9dQZF1DX8QB9Ys2nV17,7lYWr6C3mvaj8jMUPAhABP,spotify:track:7lYWr6C3mvaj8jMUPAhABP,https://p.scdn.co/mp3-preview/3a0e0ca49b16e8c4e83c59ceba8f5caa02a31cd0?cid=63a77ff40e794a12ae216a18befde98c,Spare Some Love,27,Cassie Taylor,Out Of My Mind,0.845,0.653,311480,0.16,0.000778,5,0.109,-14.793,0,0.039,62.504,0.247
blues,Women of the Blues,37i9dQZF1DX8QB9Ys2nV17,27Hps0EsBwR2ImKIiJfC95,spotify:track:27Hps0EsBwR2ImKIiJfC95,https://p.scdn.co/mp3-preview/424656a9edc93b14b76499ee7f03e4ed9c3476e7?cid=63a77ff40e794a12ae216a18befde98c,Open Eyes,34,Carolyn Wonderland,Moon Goes Missing,0.228,0.482,321494,0.402,0.133,4,0.0742,-11.261,1,0.0472,173.302,0.314
blues,Women of the Blues,37i9dQZF1DX8QB9Ys2nV17,5zptfX3tZMcCcM4VXaCPLZ,spotify:track:5zptfX3tZMcCcM4VXaCPLZ,,Back to Blue,2,Janiva Magness,Love Is an Army,0.173,0.608,226747,0.592,0.0,2,0.349,-6.312,1,0.0493,174.094,0.642
blues,Women of the Blues,37i9dQZF1DX8QB9Ys2nV17,0otTCVBZRpLduHl1ogOJ0y,spotify:track:0otTCVBZRpLduHl1ogOJ0y,https://p.scdn.co/mp3-preview/b3df78fe53faa29a1cd016597ebf2d3cc99d8d08?cid=63a77ff40e794a12ae216a18befde98c,Fish Outta Water,33,Karen Lovely,Fish Outta Water,0.534,0.761,230533,0.465,0.331,4,0.129,-7.967,0,0.0347,114.004,0.652
blues,Women of the Blues,37i9dQZF1DX8QB9Ys2nV17,5dd769kGy644G8xYkdJJZt,spotify:track:5dd769kGy644G8xYkdJJZt,https://p.scdn.co/mp3-preview/baf0b0e32a346c99236c7ee13f481983b451971b?cid=63a77ff40e794a12ae216a18befde98c,Now You Want Me Back,34,Ina Forsman,Ina Forsman,0.374,0.396,249760,0.463,0.0,9,0.339,-5.554,1,0.0282,167.32,0.442
blues,Women of the Blues,37i9dQZF1DX8QB9Ys2nV17,3ZFwoOTjcVzVOcFM08NsjG,spotify:track:3ZFwoOTjcVzVOcFM08NsjG,https://p.scdn.co/mp3-preview/6e0b8eb75abd05de9a1dcb79975955933fe5f0c0?cid=63a77ff40e794a12ae216a18befde98c,Stay with Me,32,Laurie Morvan,Gravity,0.182,0.27,269333,0.7,7.64e-06,9,0.0924,-4.855,0,0.0454,188.996,0.619
blues,Women of the Blues,37i9dQZF1DX8QB9Ys2nV17,30h268bCKmGWxFleXGYATy,spotify:track:30h268bCKmGWxFleXGYATy,https://p.scdn.co/mp3-preview/8c8f6e3d636c4ada67fbb87d62e043b0d9c368b2?cid=63a77ff40e794a12ae216a18befde98c,Falling,34,Dani Wilde,Juice Me Up,0.481,0.441,303600,0.503,2.15e-06,8,0.085,-5.706,1,0.0325,134.134,0.385
blues,Women of the Blues,37i9dQZF1DX8QB9Ys2nV17,3gP6wL0DFyrJr4DzGgLhBq,spotify:track:3gP6wL0DFyrJr4DzGgLhBq,https://p.scdn.co/mp3-preview/864b753d8cf676c6a03e74bdc6322fa150eb3982?cid=63a77ff40e794a12ae216a18befde98c,Gemini Heart,34,Layla Zoe,The Lily,0.682,0.469,370760,0.445,0.000716,10,0.119,-8.452,1,0.0286,107.865,0.237
blues,Women of the Blues,37i9dQZF1DX8QB9Ys2nV17,4I7exgZnKPQeLgzRAsx77r,spotify:track:4I7exgZnKPQeLgzRAsx77r,,They Never Pay Me,2,Gina Sicilia,Tug of War,0.571,0.488,213888,0.614,4.6e-06,4,0.306,-3.66,0,0.0358,160.107,0.322
blues,Women of the Blues,37i9dQZF1DX8QB9Ys2nV17,0NHW16lrKx7ra3ix9xKqxh,spotify:track:0NHW16lrKx7ra3ix9xKqxh,https://p.scdn.co/mp3-preview/e3f456f1a9cfac2e2a112b9cff028a6685ed40b0?cid=63a77ff40e794a12ae216a18befde98c,No Riders,32,Shannon Curfman,"Loud Guitars, Big Suspicions",0.108,0.642,209867,0.814,0.00129,0,0.141,-5.641,1,0.0281,107.062,0.824
blues,Women of the Blues,37i9dQZF1DX8QB9Ys2nV17,24aLYdNnFAmHVDxlKxLTbW,spotify:track:24aLYdNnFAmHVDxlKxLTbW,https://p.scdn.co/mp3-preview/4f0de5d502d361588e1edeecc1ddca405466919a?cid=63a77ff40e794a12ae216a18befde98c,Heart Of The Blues,33,Joanna Connor,Big Girl Blues,0.00812,0.269,361400,0.516,7.39e-05,9,0.114,-8.792,0,0.0293,75.432,0.262
blues,Women of the Blues,37i9dQZF1DX8QB9Ys2nV17,6wILqRslB1r6SWtEj4senP,spotify:track:6wILqRslB1r6SWtEj4senP,https://p.scdn.co/mp3-preview/b0dfaca41c1ff1de3eb1a2304e5030eab8419718?cid=63a77ff40e794a12ae216a18befde98c,Life Of The Party,33,Debbie Davies,Love Spin,0.217,0.749,231080,0.732,0.000469,11,0.0981,-7.897,0,0.0389,102.063,0.952
blues,Women of the Blues,37i9dQZF1DX8QB9Ys2nV17,2M7woNFwYlW6EnSAREYKoC,spotify:track:2M7woNFwYlW6EnSAREYKoC,,The Ice Queen,2,Sue Foley,The Ice Queen,0.756,0.488,383133,0.408,0.00125,4,0.198,-8.373,0,0.0432,151.196,0.445
blues,Women of the Blues,37i9dQZF1DX8QB9Ys2nV17,4VNNhbYDAt5SjXN5RERGiC,spotify:track:4VNNhbYDAt5SjXN5RERGiC,https://p.scdn.co/mp3-preview/5bc289f9f42319d1da816e473e92c739aff56814?cid=63a77ff40e794a12ae216a18befde98c,Heavy Hearts Hard Fists,32,Nikki Hill,Heavy Hearts Hard Fists,0.383,0.759,197640,0.573,6.13e-06,6,0.116,-5.924,1,0.0276,117.551,0.864
blues,Women of the Blues,37i9dQZF1DX8QB9Ys2nV17,0fnALehX0CnAZYD6Lerc8a,spotify:track:0fnALehX0CnAZYD6Lerc8a,,Salt In My Wounds,33,Shemekia Copeland,Turn The Heat Up,0.513,0.718,253067,0.347,0.00941,11,0.282,-9.359,0,0.0311,107.076,0.15
blues,Women of the Blues,37i9dQZF1DX8QB9Ys2nV17,4I5G1RoD0LbJ8q5VG5YdIs,spotify:track:4I5G1RoD0LbJ8q5VG5YdIs,https://p.scdn.co/mp3-preview/07d84d3fa0c32e15de68260b4215830c40f65dad?cid=63a77ff40e794a12ae216a18befde98c,You Need Love,31,"Candye Kane,Stephen Hodges",Superhero,0.0458,0.57,246293,0.567,0.000407,4,0.205,-7.958,0,0.0595,155.153,0.806
blues,Women of the Blues,37i9dQZF1DX8QB9Ys2nV17,08aZMbV00fxoxzosGLr3cq,spotify:track:08aZMbV00fxoxzosGLr3cq,,Things Have Changed,30,Bettye LaVette,Things Have Changed,0.128,0.716,416560,0.667,4.97e-06,11,0.0826,-4.624,0,0.0349,110.61,0.686
blues,Women of the Blues,37i9dQZF1DX8QB9Ys2nV17,7HzWmedWsusc3bpWKZYbu5,spotify:track:7HzWmedWsusc3bpWKZYbu5,https://p.scdn.co/mp3-preview/012cfd9cb23bc05416db764305e8d34c4400271d?cid=63a77ff40e794a12ae216a18befde98c,Love Gangster,26,Beth Hart,Fire on the Floor,0.0874,0.65,249720,0.645,0.00171,0,0.251,-4.733,0,0.0286,112.953,0.368
blues,Women of the Blues,37i9dQZF1DX8QB9Ys2nV17,5jddjli3YTIxueb3xFdLaA,spotify:track:5jddjli3YTIxueb3xFdLaA,,Down To The Bottom,55,Dorothy,Down To The Bottom,0.0147,0.613,152468,0.608,0.0,11,0.245,-5.429,0,0.0263,87.467,0.523
blues,Women of the Blues,37i9dQZF1DX8QB9Ys2nV17,6LOo0imVNkr9CFr6Cg6dkD,spotify:track:6LOo0imVNkr9CFr6Cg6dkD,https://p.scdn.co/mp3-preview/dc82b785666e3cae8fff60c2bf763e0789f8316c?cid=63a77ff40e794a12ae216a18befde98c,This Is My Will,30,Meena,Tell Me,0.553,0.444,311800,0.326,1.27e-05,4,0.113,-7.673,1,0.0339,131.352,0.232
blues,Women of the Blues,37i9dQZF1DX8QB9Ys2nV17,2DMnCy43xnMVX2eglYtn6R,spotify:track:2DMnCy43xnMVX2eglYtn6R,,Back To The River,35,Susan Tedeschi,Back To The River,0.43,0.666,235440,0.754,1.24e-06,11,0.159,-6.813,0,0.0781,92.41,0.7
blues,Women of the Blues,37i9dQZF1DX8QB9Ys2nV17,6S2WRQBK9uKW2J6RTJXY6N,spotify:track:6S2WRQBK9uKW2J6RTJXY6N,https://p.scdn.co/mp3-preview/cec9f3c7cbde7182e4a5a898c413703625321c40?cid=63a77ff40e794a12ae216a18befde98c,Call On God,36,Sharon Jones & The Dap-Kings,Call on God - Single,0.657,0.47,217920,0.492,0.0,5,0.199,-7.204,1,0.0317,120.311,0.478
blues,Women of the Blues,37i9dQZF1DX8QB9Ys2nV17,7vCfPnxfZstgS5QUlWV7aY,spotify:track:7vCfPnxfZstgS5QUlWV7aY,,Seems I’m Never Tired Lovin’ You,3,Lizz Wright,Seems I’m Never Tired Lovin’ You,0.868,0.424,283893,0.319,4.85e-06,3,0.107,-9.193,1,0.0272,110.584,0.187
blues,Women of the Blues,37i9dQZF1DX8QB9Ys2nV17,7bpJJDFOR7CQMA2Ssm1yka,spotify:track:7bpJJDFOR7CQMA2Ssm1yka,https://p.scdn.co/mp3-preview/699d1896ff8cb665014f2568c8216eca332ee9b5?cid=63a77ff40e794a12ae216a18befde98c,Tricky Thing,32,Jessy Martens and Band,Tricky Thing,0.49,0.645,271733,0.455,7.54e-06,1,0.165,-8.484,0,0.0322,149.971,0.339
blues,Women of the Blues,37i9dQZF1DX8QB9Ys2nV17,4pvtn6rUZEL9hranwiaZ5d,spotify:track:4pvtn6rUZEL9hranwiaZ5d,https://p.scdn.co/mp3-preview/3e2d2c701dcfa15fba93ded57b6e1f36feddcc8f?cid=63a77ff40e794a12ae216a18befde98c,Leave Me Alone,29,Eden Brent,Ain't Got No Troubles,0.942,0.414,232600,0.305,0.00832,10,0.147,-9.711,1,0.0266,141.024,0.304
blues,Women of the Blues,37i9dQZF1DX8QB9Ys2nV17,054MF2HfHcqygtR0ikyOPq,spotify:track:054MF2HfHcqygtR0ikyOPq,https://p.scdn.co/mp3-preview/99cabcb0637f0953667878c55f7118a08061be8d?cid=63a77ff40e794a12ae216a18befde98c,You Ain't My Dog No More,30,Eliza Neals,"10,000 Feet Below",0.00462,0.527,264522,0.735,0.211,9,0.32,-6.576,0,0.0352,115.446,0.448
blues,Women of the Blues,37i9dQZF1DX8QB9Ys2nV17,2e58JCJzmWLtlLt0320MVp,spotify:track:2e58JCJzmWLtlLt0320MVp,https://p.scdn.co/mp3-preview/969dc28729975c0f2d1855ba1ea9e2ce5177be99?cid=63a77ff40e794a12ae216a18befde98c,It Ain't Easy,33,Muddy Magnolias,Broken People,0.209,0.594,251613,0.398,0.000311,6,0.309,-8.294,0,0.0286,119.949,0.529
blues,Women of the Blues,37i9dQZF1DX8QB9Ys2nV17,0DSob5ze3sstCI5FFpCRwj,spotify:track:0DSob5ze3sstCI5FFpCRwj,https://p.scdn.co/mp3-preview/b477ebe8b633b73ca1d9baf1ca3a41edcd764b67?cid=63a77ff40e794a12ae216a18befde98c,Unintended Consequence Of Love,40,Bonnie Raitt,Dig In Deep,0.273,0.708,289027,0.565,0.000316,11,0.0367,-5.505,0,0.0465,93.806,0.837
blues,Women of the Blues,37i9dQZF1DX8QB9Ys2nV17,069SjLinBiqtpSzTeAoJMx,spotify:track:069SjLinBiqtpSzTeAoJMx,,John the Revelator,35,Larkin Poe,Peach,0.902,0.365,199827,0.553,4.95e-06,5,0.138,-4.773,1,0.0535,103.667,0.258
blues,Women of the Blues,37i9dQZF1DX8QB9Ys2nV17,5gdWCjZpDODJduaw5agwSf,spotify:track:5gdWCjZpDODJduaw5agwSf,https://p.scdn.co/mp3-preview/44a8a6e1772ad9da9992c7bbeea3faf12e3e2126?cid=63a77ff40e794a12ae216a18befde98c,Gonna Be a Storm,28,Heather Gillis Band,Heather Gillis Band - EP,0.0182,0.673,304893,0.459,0.152,11,0.117,-14.17,0,0.0684,152.036,0.482
blues,Women of the Blues,37i9dQZF1DX8QB9Ys2nV17,1RDlm1UEyvBynCXBmbGsgM,spotify:track:1RDlm1UEyvBynCXBmbGsgM,,Don't Give Up,40,Southern Avenue,Southern Avenue,0.191,0.639,282493,0.693,3.18e-05,2,0.145,-4.549,1,0.0392,112.245,0.537
blues,Women of the Blues,37i9dQZF1DX8QB9Ys2nV17,6IevgQPwNyD73SMi8nLWb1,spotify:track:6IevgQPwNyD73SMi8nLWb1,https://p.scdn.co/mp3-preview/ae58cfafbd3a9493ae6dc480232381a730a8a3bb?cid=63a77ff40e794a12ae216a18befde98c,Singing the Blues,33,"Ruthie Foster,Meshell Ndegeocello",Promise of a Brand New Day,0.208,0.488,225027,0.66,3.71e-06,5,0.111,-6.994,1,0.0881,173.804,0.655
blues,Women of the Blues,37i9dQZF1DX8QB9Ys2nV17,6tUaoQubP95G9YseowN2Fc,spotify:track:6tUaoQubP95G9YseowN2Fc,https://p.scdn.co/mp3-preview/de6db8949971ddeb21ac871f73c8f98e93766d2c?cid=63a77ff40e794a12ae216a18befde98c,Blood Red Blues,29,Cee Cee James,Blood Red Blues,0.18,0.629,234520,0.697,0.00307,5,0.2,-5.493,1,0.029,110.905,0.621
blues,Women of the Blues,37i9dQZF1DX8QB9Ys2nV17,7EFUJYLscAMh62ZkSUhZyc,spotify:track:7EFUJYLscAMh62ZkSUhZyc,https://p.scdn.co/mp3-preview/32fc8292f5e582342f58fcfd0435e6a293719f1e?cid=63a77ff40e794a12ae216a18befde98c,It Hurts Me Too,30,Erja Lyytinen,The Sky Is Crying,0.0123,0.155,306680,0.733,0.0315,2,0.0714,-6.018,1,0.0386,199.298,0.646
blues,Women of the Blues,37i9dQZF1DX8QB9Ys2nV17,1nPXV1tU2TwxWCcGEI2NR3,spotify:track:1nPXV1tU2TwxWCcGEI2NR3,https://p.scdn.co/mp3-preview/3a00c70ec1284ce87098e6a287b8a374977c47e2?cid=63a77ff40e794a12ae216a18befde98c,If You See Him,29,Kyla Brox,Throw Away Your Blues,0.804,0.604,298173,0.289,0.00416,9,0.221,-11.734,0,0.0785,73.989,0.159
blues,Women of the Blues,37i9dQZF1DX8QB9Ys2nV17,3waUNDqqEcv8GFLr6w3YNz,spotify:track:3waUNDqqEcv8GFLr6w3YNz,https://p.scdn.co/mp3-preview/eb26afc1ade295a81c9c9d339c4dfcaa4c8cf8f8?cid=63a77ff40e794a12ae216a18befde98c,Good Love Had To Die,29,Gráinne Duffy,Out Of The Dark,0.319,0.509,215947,0.405,0.0059,2,0.123,-8.779,0,0.036,141.509,0.274
blues,Women of the Blues,37i9dQZF1DX8QB9Ys2nV17,5C7R3FWg4eG04eAdmu5XNv,spotify:track:5C7R3FWg4eG04eAdmu5XNv,https://p.scdn.co/mp3-preview/01e06a235ad7d6ddcc2b10ab39e04f873de82971?cid=63a77ff40e794a12ae216a18befde98c,If Trouble Was Money,29,Sena Ehrhardt,Live My Life,0.262,0.355,349067,0.541,0.021,7,0.0929,-6.715,0,0.0358,179.436,0.386
blues,Women of the Blues,37i9dQZF1DX8QB9Ys2nV17,6Sm45PLFiplvxlQuLnMUMC,spotify:track:6Sm45PLFiplvxlQuLnMUMC,https://p.scdn.co/mp3-preview/d4efdd4b39b3ee5d9dbdb627efb1cb6455070881?cid=63a77ff40e794a12ae216a18befde98c,Love's Truly Blind,30,Anni Piper,Texas Hold 'Em,0.272,0.639,207640,0.422,9.98e-05,11,0.124,-9.385,1,0.0263,105.015,0.321
blues,Women of the Blues,37i9dQZF1DX8QB9Ys2nV17,2FqLyyGqLM5KWRkWs4c39D,spotify:track:2FqLyyGqLM5KWRkWs4c39D,https://p.scdn.co/mp3-preview/a1b012e7ef09cc8cb5a6ad019f419f321a96d104?cid=63a77ff40e794a12ae216a18befde98c,My Man Called Me,29,Heather Crosse,Groovin' at the Crosse Roads,0.101,0.655,214050,0.802,1.06e-05,11,0.0904,-5.17,0,0.0439,136.82,0.663
blues,Women of the Blues,37i9dQZF1DX8QB9Ys2nV17,2GnsJUt8AcHJDrt0zxcQAk,spotify:track:2GnsJUt8AcHJDrt0zxcQAk,https://p.scdn.co/mp3-preview/38cf58c516139adbd25ca3087db0a4de63b6c362?cid=63a77ff40e794a12ae216a18befde98c,Later On,28,Jane Lee Hooker,Spiritus,0.293,0.401,338587,0.693,0.000805,9,0.0983,-3.9,1,0.0318,122.678,0.346
