category_id,playlist_name,playlist_id,track_id,track_uri,track_preview_url,track_name,track_popularity,artist_name,album_name,acousticness,danceability,duration_ms,energy,instrumentalness,key,liveness,loudness,mode,speechiness,tempo,valence
country,Chillin' on a Dirt Road,37i9dQZF1DWTkxQvqMy4WW,5AnSllIrgGsCZzZJkVnApx,spotify:track:5AnSllIrgGsCZzZJkVnApx,https://p.scdn.co/mp3-preview/6dc0462e080ae70994ee0a475cabff8489a9c3d8?cid=63a77ff40e794a12ae216a18befde98c,Eyes On You,78,Chase Rice,Lambs & Lions,0.323,0.606,182493,0.652,0.0,9,0.201,-6.982,1,0.0281,97.155,0.476
country,Chillin' on a Dirt Road,37i9dQZF1DWTkxQvqMy4WW,7Il2yWQmsqKgSkLQvHTPUI,spotify:track:7Il2yWQmsqKgSkLQvHTPUI,https://p.scdn.co/mp3-preview/87979ad13f81aa7496536702ebf5635dad20bec9?cid=63a77ff40e794a12ae216a18befde98c,Tequila,78,Dan + Shay,Tequila,0.0292,0.474,195987,0.594,0.0,11,0.133,-5.756,1,0.0289,86.131,0.503
country,Chillin' on a Dirt Road,37i9dQZF1DWTkxQvqMy4WW,4Qx06Fzsepmdz2NGSWfZck,spotify:track:4Qx06Fzsepmdz2NGSWfZck,,Beautiful Crazy,19,Luke Combs,Beautiful Crazy,0.676,0.552,193200,0.402,0.0,11,0.0928,-7.431,1,0.0262,103.313,0.382
country,Chillin' on a Dirt Road,37i9dQZF1DWTkxQvqMy4WW,3hcuw44nHQY18cmidrDadf,spotify:track:3hcuw44nHQY18cmidrDadf,,Whiskey Glasses,15,Morgan Wallen,If I Know Me,0.364,0.615,234347,0.68,1.75e-06,6,0.115,-4.582,1,0.0286,149.992,0.702
country,Chillin' on a Dirt Road,37i9dQZF1DWTkxQvqMy4WW,4P92FrvmYQSAfOpp4cpFEi,spotify:track:4P92FrvmYQSAfOpp4cpFEi,,Simple,20,Florida Georgia Line,Florida Georgia Line,0.0848,0.375,185200,0.889,0.0,3,0.136,-3.704,1,0.0991,199.669,0.881
country,Chillin' on a Dirt Road,37i9dQZF1DWTkxQvqMy4WW,3N2AIfVOq6NiTcWHIP4Oco,spotify:track:3N2AIfVOq6NiTcWHIP4Oco,,Drunk Me,41,Mitchell Tenpenny,Mitchell Tenpenny - EP,0.201,0.386,213024,0.799,0.0,2,0.103,-3.789,1,0.0555,86.333,0.391
country,Chillin' on a Dirt Road,37i9dQZF1DWTkxQvqMy4WW,4EpLU30bi1KNWkBTfgZkoK,spotify:track:4EpLU30bi1KNWkBTfgZkoK,https://p.scdn.co/mp3-preview/3fdad7441441aef94a3c87b14719f70cc47d88a3?cid=63a77ff40e794a12ae216a18befde98c,Every Little Thing,68,Russell Dickerson,Yours,0.216,0.638,190640,0.854,0.0,1,0.0357,-4.664,1,0.11,93.869,0.859
country,Chillin' on a Dirt Road,37i9dQZF1DWTkxQvqMy4WW,3dCZm5HrG0jIXAHfNkg2H0,spotify:track:3dCZm5HrG0jIXAHfNkg2H0,,Take It From Me,72,Jordan Davis,Home State,0.0267,0.592,174255,0.891,0.0,10,0.352,-3.144,1,0.0512,99.983,0.674
country,Chillin' on a Dirt Road,37i9dQZF1DWTkxQvqMy4WW,34DFpyq5NJJ79GnGbbJH3p,spotify:track:34DFpyq5NJJ79GnGbbJH3p,https://p.scdn.co/mp3-preview/8c84229518688cf9801b35046f3f4f61bee6efb2?cid=63a77ff40e794a12ae216a18befde98c,This Is It,72,Scotty McCreery,Seasons Change,0.254,0.557,230973,0.511,0.0,8,0.099,-6.788,1,0.0291,156.042,0.602
country,Chillin' on a Dirt Road,37i9dQZF1DWTkxQvqMy4WW,4kKgn11J60MHCrfS4AfbIm,spotify:track:4kKgn11J60MHCrfS4AfbIm,,Talk You Out Of It,19,Florida Georgia Line,Florida Georgia Line,0.596,0.652,202920,0.712,0.0,4,0.0814,-4.588,1,0.0388,120.063,0.553
country,Chillin' on a Dirt Road,37i9dQZF1DWTkxQvqMy4WW,77a5Eu7lC3tG0Sukt2O91U,spotify:track:77a5Eu7lC3tG0Sukt2O91U,https://p.scdn.co/mp3-preview/ec84810eae9729e21b9e831ba314cbb061d6ce36?cid=63a77ff40e794a12ae216a18befde98c,Born to Love You,69,LANCO,Hallelujah Nights,0.13,0.659,230013,0.902,9.45e-05,7,0.0574,-6.192,1,0.0296,124.985,0.809
country,Chillin' on a Dirt Road,37i9dQZF1DWTkxQvqMy4WW,2oPCR02nduYVpj7CTfsA0d,spotify:track:2oPCR02nduYVpj7CTfsA0d,https://p.scdn.co/mp3-preview/4008f553b44522b070c7114f8be93f3d748e8667?cid=63a77ff40e794a12ae216a18befde98c,Blue Tacoma,74,Russell Dickerson,Yours,0.0183,0.455,212067,0.897,0.0,9,0.174,-4.879,1,0.0403,160.139,0.728
country,Chillin' on a Dirt Road,37i9dQZF1DWTkxQvqMy4WW,2ZYbPXhx4OCmdTsMThbSEW,spotify:track:2ZYbPXhx4OCmdTsMThbSEW,,Best Shot,15,Jimmie Allen,Jimmie Allen,0.75,0.629,195053,0.464,0.0,4,0.0853,-8.72,1,0.0334,156.051,0.523
country,Chillin' on a Dirt Road,37i9dQZF1DWTkxQvqMy4WW,5HnXcJJbNXQQ7tRlQ9VN1v,spotify:track:5HnXcJJbNXQQ7tRlQ9VN1v,https://p.scdn.co/mp3-preview/647697881b61baf7d4a93bb4ea9121bfa42b7b67?cid=63a77ff40e794a12ae216a18befde98c,Good Girl,72,Dustin Lynch,Good Girl,0.16,0.711,189533,0.696,0.0,7,0.17,-5.05,1,0.0871,80.512,0.694
country,Chillin' on a Dirt Road,37i9dQZF1DWTkxQvqMy4WW,6IqUm14MgoKbwt6jdGBikH,spotify:track:6IqUm14MgoKbwt6jdGBikH,https://p.scdn.co/mp3-preview/314a65b4eba6b21b7dc45b324b9fddfad65c4096?cid=63a77ff40e794a12ae216a18befde98c,Better Off Gone,70,Logan Mize,Come Back Road,0.117,0.672,182084,0.622,0.0,5,0.113,-7.421,0,0.176,100.016,0.561
country,Chillin' on a Dirt Road,37i9dQZF1DWTkxQvqMy4WW,1HXy5I3HTWq8OvxCn0z7G7,spotify:track:1HXy5I3HTWq8OvxCn0z7G7,https://p.scdn.co/mp3-preview/6bdb8646df7ad70bfeb5a5f98910fc4daf998234?cid=63a77ff40e794a12ae216a18befde98c,Heaven,78,Kane Brown,Kane Brown (Deluxe Edition),0.263,0.677,179507,0.556,0.0,9,0.105,-6.544,1,0.0306,80.009,0.521
country,Chillin' on a Dirt Road,37i9dQZF1DWTkxQvqMy4WW,1mMLMZYXkMueg65jRRWG1l,spotify:track:1mMLMZYXkMueg65jRRWG1l,https://p.scdn.co/mp3-preview/0a2f1abdc6a4b5e7112320dd098aa910ff0d1207?cid=63a77ff40e794a12ae216a18befde98c,When It Rains It Pours,77,Luke Combs,This One's for You,0.013,0.551,240760,0.801,6.03e-06,6,0.265,-5.069,1,0.0303,128.027,0.625
country,Chillin' on a Dirt Road,37i9dQZF1DWTkxQvqMy4WW,4LiMQ6G9n84rDUBs9wtwz6,spotify:track:4LiMQ6G9n84rDUBs9wtwz6,,Singles You Up,72,Jordan Davis,Home State,0.0491,0.491,182667,0.907,0.0,7,0.242,-3.594,1,0.0481,199.943,0.631
country,Chillin' on a Dirt Road,37i9dQZF1DWTkxQvqMy4WW,3hiInJVk1CpxELmEJiU0uP,spotify:track:3hiInJVk1CpxELmEJiU0uP,,The Difference,14,Tyler Rich,The Difference,0.12,0.538,187867,0.764,1.41e-06,9,0.111,-5.235,1,0.0556,169.919,0.699
country,Chillin' on a Dirt Road,37i9dQZF1DWTkxQvqMy4WW,0bPnT6i9H1p8Vd85GS6Z7I,spotify:track:0bPnT6i9H1p8Vd85GS6Z7I,,Night Shift,76,Jon Pardi,California Sunrise,0.113,0.628,172253,0.757,0.0,7,0.263,-3.561,1,0.0281,96.016,0.727
country,Chillin' on a Dirt Road,37i9dQZF1DWTkxQvqMy4WW,0OWZFobGSIW9GrSlQ9C5pc,spotify:track:0OWZFobGSIW9GrSlQ9C5pc,,Marry Me,74,Thomas Rhett,Life Changes,0.113,0.588,205453,0.408,0.0,3,0.13,-8.662,1,0.0237,85.008,0.484
country,Chillin' on a Dirt Road,37i9dQZF1DWTkxQvqMy4WW,2ZxTjs4EdJl4Y9YByIiNoo,spotify:track:2ZxTjs4EdJl4Y9YByIiNoo,https://p.scdn.co/mp3-preview/d67c5f6071e4ee833392128032272a53e7651f4a?cid=63a77ff40e794a12ae216a18befde98c,You Make It Easy,73,Jason Aldean,You Make It Easy,0.143,0.375,196800,0.574,0.0,7,0.11,-5.305,1,0.0315,132.025,0.406
country,Chillin' on a Dirt Road,37i9dQZF1DWTkxQvqMy4WW,2A69wys3S9uiPSmn6UZWJn,spotify:track:2A69wys3S9uiPSmn6UZWJn,https://p.scdn.co/mp3-preview/359e57ee6223012c21e12eeb5ad310a72cfb8cd3?cid=63a77ff40e794a12ae216a18befde98c,Written in the Sand,74,Old Dominion,Happy Endings,0.593,0.725,184080,0.437,0.0,6,0.0842,-9.602,1,0.0575,83.985,0.759
country,Chillin' on a Dirt Road,37i9dQZF1DWTkxQvqMy4WW,4gB7HrYHbJVJ5RFOjxmoq4,spotify:track:4gB7HrYHbJVJ5RFOjxmoq4,https://p.scdn.co/mp3-preview/c9f13707182659ce58320adea275513e010debfe?cid=63a77ff40e794a12ae216a18befde98c,One Number Away,76,Luke Combs,This One's for You,0.00585,0.544,221800,0.781,0.0,6,0.191,-6.16,0,0.0311,144.075,0.527
country,Chillin' on a Dirt Road,37i9dQZF1DWTkxQvqMy4WW,2BgunkkepMPFpArQj1Dx5s,spotify:track:2BgunkkepMPFpArQj1Dx5s,https://p.scdn.co/mp3-preview/ad13c8d3780999182ebf0e38a09d502be4c3165a?cid=63a77ff40e794a12ae216a18befde98c,Caught Up In The Country,76,"Rodney Atkins,The Fisk Jubilee Singers",Caught Up In The Country,0.00719,0.564,160991,0.904,0.0,7,0.528,-3.808,1,0.0582,124.102,0.637
country,Chillin' on a Dirt Road,37i9dQZF1DWTkxQvqMy4WW,1mJMD1VIQ7jWTP9DK2zmY0,spotify:track:1mJMD1VIQ7jWTP9DK2zmY0,https://p.scdn.co/mp3-preview/d66c7765fe45acfe1288eaf1baaa6be7da8a9463?cid=63a77ff40e794a12ae216a18befde98c,Kiss Somebody,60,Morgan Evans,Kiss Somebody,0.143,0.492,212445,0.681,0.0,6,0.199,-7.038,1,0.075,178.01,0.511
country,Chillin' on a Dirt Road,37i9dQZF1DWTkxQvqMy4WW,6GBndDk0OEpDkmKoSBJyyK,spotify:track:6GBndDk0OEpDkmKoSBJyyK,,Lose It,53,Kane Brown,Lose It,0.00261,0.549,178733,0.869,1.77e-06,4,0.29,-4.905,0,0.0289,91.988,0.433
country,Chillin' on a Dirt Road,37i9dQZF1DWTkxQvqMy4WW,6viHvc13l9A6Ua6xugpeX6,spotify:track:6viHvc13l9A6Ua6xugpeX6,,Last Shot,67,Kip Moore,SLOWHEART,0.00204,0.487,228480,0.859,0.0,4,0.322,-4.403,1,0.0488,148.037,0.377
country,Chillin' on a Dirt Road,37i9dQZF1DWTkxQvqMy4WW,52K3RIVDetSuZPzcTmIVoY,spotify:track:52K3RIVDetSuZPzcTmIVoY,,I Was Jack (You Were Diane),10,Jake Owen,Jake Owen,0.102,0.603,188013,0.872,0.0,6,0.0505,-3.563,1,0.0487,94.008,0.594
country,Chillin' on a Dirt Road,37i9dQZF1DWTkxQvqMy4WW,2gVBXeTjwL0ZEh9gjsQjk0,spotify:track:2gVBXeTjwL0ZEh9gjsQjk0,,Take Back Home Girl (Feat. Tori Kelly),7,"Chris Lane,Tori Kelly",Take Back Home Girl (Feat. Tori Kelly),0.368,0.494,211427,0.78,0.0,11,0.0921,-3.825,1,0.064,159.708,0.664
country,Chillin' on a Dirt Road,37i9dQZF1DWTkxQvqMy4WW,6MBUUSIWCzaXW4q58Ktrv9,spotify:track:6MBUUSIWCzaXW4q58Ktrv9,,Slow Dance In A Parking Lot,63,Jordan Davis,Home State,0.301,0.523,193929,0.837,0.0,7,0.172,-4.494,1,0.0335,82.006,0.523
country,Chillin' on a Dirt Road,37i9dQZF1DWTkxQvqMy4WW,5tMViyamkwQmHjMm1OajDi,spotify:track:5tMViyamkwQmHjMm1OajDi,https://p.scdn.co/mp3-preview/c79a65bbd318af9593dc9a7dc4da036646136b1f?cid=63a77ff40e794a12ae216a18befde98c,How Does It Sound,69,Dylan Schneider,How Does It Sound,0.0141,0.536,162400,0.761,0.0,7,0.133,-5.532,1,0.0287,82.007,0.495
country,Chillin' on a Dirt Road,37i9dQZF1DWTkxQvqMy4WW,3nBXOlFTADNvG9nkqy2O2W,spotify:track:3nBXOlFTADNvG9nkqy2O2W,,"Woman, Amen",67,Dierks Bentley,The Mountain,0.000837,0.484,179827,0.804,9.29e-06,5,0.17,-5.889,1,0.0912,119.838,0.391
country,Chillin' on a Dirt Road,37i9dQZF1DWTkxQvqMy4WW,7fRruZ12gXGwBs0zXQ6e5V,spotify:track:7fRruZ12gXGwBs0zXQ6e5V,,Babe,63,"Sugarland,Taylor Swift",Bigger,0.0187,0.535,215107,0.777,1.62e-06,4,0.136,-3.292,1,0.207,171.72,0.664
country,Chillin' on a Dirt Road,37i9dQZF1DWTkxQvqMy4WW,2VdKelTyQHxQKyeTbimoHS,spotify:track:2VdKelTyQHxQKyeTbimoHS,https://p.scdn.co/mp3-preview/11bacfbce592f47b1cee5ec01ad4c15b35d3589a?cid=63a77ff40e794a12ae216a18befde98c,Something 'Bout You,57,Sir Rosevelt,Sir Rosevelt,0.189,0.692,160107,0.692,0.0,2,0.0884,-6.065,1,0.0818,153.255,0.75
country,Chillin' on a Dirt Road,37i9dQZF1DWTkxQvqMy4WW,7iDa6hUg2VgEL1o1HjmfBn,spotify:track:7iDa6hUg2VgEL1o1HjmfBn,https://p.scdn.co/mp3-preview/8965aca26c5af239f57cb6ec1570db1fd8be00f1?cid=63a77ff40e794a12ae216a18befde98c,Meant to Be (feat. Florida Georgia Line),83,"Bebe Rexha,Florida Georgia Line",All Your Fault: Pt. 2,0.047,0.643,163870,0.783,0.0,10,0.083,-6.458,1,0.0856,154.084,0.579
country,Chillin' on a Dirt Road,37i9dQZF1DWTkxQvqMy4WW,1fcuD2t3q9QZi8IjBSB48E,spotify:track:1fcuD2t3q9QZi8IjBSB48E,https://p.scdn.co/mp3-preview/6370f57d1edb598de4db14739bd692574d4ad2ef?cid=63a77ff40e794a12ae216a18befde98c,Top Down,56,BROWN & GRAY,Top Down,0.0266,0.633,181594,0.782,0.0,2,0.139,-4.311,1,0.0345,127.991,0.542
country,Chillin' on a Dirt Road,37i9dQZF1DWTkxQvqMy4WW,4u6eRWSXvzVZtRP6m48Psx,spotify:track:4u6eRWSXvzVZtRP6m48Psx,,Young Forever,64,Eric Paslay,Young Forever,0.0255,0.553,197933,0.89,1.02e-06,0,0.241,-5.394,1,0.0349,162.049,0.582
country,Chillin' on a Dirt Road,37i9dQZF1DWTkxQvqMy4WW,5vuMtXS5kQ7F0o9V9rG1dG,spotify:track:5vuMtXS5kQ7F0o9V9rG1dG,https://p.scdn.co/mp3-preview/6a7d0ccb60cde7584b07be3743f4d86d03428201?cid=63a77ff40e794a12ae216a18befde98c,The Long Way,68,Brett Eldredge,Brett Eldredge,0.265,0.488,208720,0.637,0.0,10,0.106,-7.63,1,0.0401,88.865,0.23
country,Chillin' on a Dirt Road,37i9dQZF1DWTkxQvqMy4WW,7AK5vh1cRnO3YxAjOjL4Yy,spotify:track:7AK5vh1cRnO3YxAjOjL4Yy,https://p.scdn.co/mp3-preview/e4ddf20950a13b7593b2587bf848954251a81e2d?cid=63a77ff40e794a12ae216a18befde98c,Look At You,66,Seth Ennis,Mabelle - EP,0.042,0.687,195418,0.625,0.0,1,0.151,-6.942,0,0.0284,104.027,0.866
country,Chillin' on a Dirt Road,37i9dQZF1DWTkxQvqMy4WW,7zVCrzzEJU7u24sbJPXA5W,spotify:track:7zVCrzzEJU7u24sbJPXA5W,https://p.scdn.co/mp3-preview/9a1bc6de88d686138b641e6022a4b30c6e75de74?cid=63a77ff40e794a12ae216a18befde98c,What Ifs,76,"Kane Brown,Lauren Alaina",Kane Brown,0.00898,0.612,188253,0.799,0.0,10,0.172,-4.603,1,0.0275,125.976,0.687
country,Chillin' on a Dirt Road,37i9dQZF1DWTkxQvqMy4WW,3UZ9aPaYlBBlAvpdh3kK0U,spotify:track:3UZ9aPaYlBBlAvpdh3kK0U,,Hurricane,14,Luke Combs,This One's for You,0.0165,0.443,223800,0.804,2.89e-06,10,0.181,-6.432,1,0.0406,151.928,0.438
country,Chillin' on a Dirt Road,37i9dQZF1DWTkxQvqMy4WW,6tn2Atd1S4DVoQnls5x4SR,spotify:track:6tn2Atd1S4DVoQnls5x4SR,https://p.scdn.co/mp3-preview/f3969e657ce81523dfc964b3f60ca8e248626140?cid=63a77ff40e794a12ae216a18befde98c,Shut Up Kenny,61,Walker Hayes,boom.,0.492,0.657,180600,0.625,0.0,4,0.155,-8.097,1,0.0527,73.999,0.504
country,Chillin' on a Dirt Road,37i9dQZF1DWTkxQvqMy4WW,3o37M5aX3HVbbVBkacJlXj,spotify:track:3o37M5aX3HVbbVBkacJlXj,https://p.scdn.co/mp3-preview/9cfd2386b9b3ec5912bb91cec5ae561a6020e4be?cid=63a77ff40e794a12ae216a18befde98c,This Girl,62,Hunter Hayes,This Girl,0.0214,0.547,180815,0.79,0.0,4,0.0312,-5.001,1,0.0694,86.033,0.587
country,Chillin' on a Dirt Road,37i9dQZF1DWTkxQvqMy4WW,7sdXnxsqD2gMEit0drCY2r,spotify:track:7sdXnxsqD2gMEit0drCY2r,,If I Know Me,9,Morgan Wallen,If I Know Me,0.766,0.783,157693,0.605,7.42e-05,8,0.109,-5.792,1,0.098,100.004,0.674
country,Chillin' on a Dirt Road,37i9dQZF1DWTkxQvqMy4WW,4fT0lwTnwXN5Qg5vSPyq0u,spotify:track:4fT0lwTnwXN5Qg5vSPyq0u,,Chills,65,James Barker Band,Game On,0.164,0.658,188373,0.788,0.0,8,0.117,-5.944,0,0.0437,116.043,0.468
country,Chillin' on a Dirt Road,37i9dQZF1DWTkxQvqMy4WW,4pYd8dIohiqc3KsxSRqf0w,spotify:track:4pYd8dIohiqc3KsxSRqf0w,https://p.scdn.co/mp3-preview/10a58d5841ccfb4e12cb4651b0b7b7c65b5dfe86?cid=63a77ff40e794a12ae216a18befde98c,Hello Beautiful,64,Noah Schnacky,Hello Beautiful,0.54,0.504,216993,0.472,0.0,9,0.306,-6.925,1,0.0404,73.521,0.313
country,Chillin' on a Dirt Road,37i9dQZF1DWTkxQvqMy4WW,7mldq42yDuxiUNn08nvzHO,spotify:track:7mldq42yDuxiUNn08nvzHO,,Body Like A Back Road,78,Sam Hunt,Body Like A Back Road,0.463,0.731,165387,0.469,1.04e-06,5,0.103,-7.226,1,0.0326,98.963,0.631
country,Chillin' on a Dirt Road,37i9dQZF1DWTkxQvqMy4WW,4LlNoNZflek4hZyZigCxpW,spotify:track:4LlNoNZflek4hZyZigCxpW,https://p.scdn.co/mp3-preview/7ea7e58122d45ce70f26ed953e61075ecf7b0a28?cid=63a77ff40e794a12ae216a18befde98c,Just Another Day In Paradise,67,Phil Vassar,Phil Vassar,0.351,0.596,233880,0.706,0.0,2,0.36,-5.562,1,0.0262,146.088,0.704
country,Chillin' on a Dirt Road,37i9dQZF1DWTkxQvqMy4WW,6SkeXwlWEHhjSZPNVSpJae,spotify:track:6SkeXwlWEHhjSZPNVSpJae,,Up Down (feat. Florida Georgia Line),13,"Morgan Wallen,Florida Georgia Line",If I Know Me,0.0788,0.588,198120,0.885,0.0,6,0.175,-3.046,1,0.0346,129.933,0.786
country,Chillin' on a Dirt Road,37i9dQZF1DWTkxQvqMy4WW,7rdK9NSJIRBZAiXC0vuBS9,spotify:track:7rdK9NSJIRBZAiXC0vuBS9,https://p.scdn.co/mp3-preview/3508c22f814eacb70d4d8fc1a479a2d576636e4d?cid=63a77ff40e794a12ae216a18befde98c,I'd Be Jealous Too,69,Dustin Lynch,Current Mood,0.0896,0.716,185707,0.718,0.0,0,0.473,-5.355,1,0.0293,100.934,0.537
country,Chillin' on a Dirt Road,37i9dQZF1DWTkxQvqMy4WW,6jqTb1OLC379SqjjIB0Ukg,spotify:track:6jqTb1OLC379SqjjIB0Ukg,,Good Together,59,James Barker Band,Good Together,0.000171,0.641,199640,0.84,0.00179,0,0.109,-6.044,1,0.0279,112.99,0.545
country,Chillin' on a Dirt Road,37i9dQZF1DWTkxQvqMy4WW,4i03jcO0O06RWfddcDlQoO,spotify:track:4i03jcO0O06RWfddcDlQoO,https://p.scdn.co/mp3-preview/b921a779b861df525aa55c0bab8d78507f2ff6b2?cid=63a77ff40e794a12ae216a18befde98c,Mysteries of the World,65,Walker McGuire,Walker McGuire,0.108,0.548,219293,0.742,0.0,1,0.0852,-4.757,1,0.0287,143.966,0.352
country,Chillin' on a Dirt Road,37i9dQZF1DWTkxQvqMy4WW,5FyR0TL98UajTLRWwkKGBg,spotify:track:5FyR0TL98UajTLRWwkKGBg,https://p.scdn.co/mp3-preview/8bfd75a9d295a08332123f5ba7eed557756ec1d4?cid=63a77ff40e794a12ae216a18befde98c,I Got This,60,Jerrod Niemann,This Ride,0.178,0.803,181507,0.701,0.000106,11,0.2,-7.45,0,0.0367,115.006,0.799
