category_id,playlist_name,playlist_id,track_id,track_uri,track_preview_url,track_name,track_popularity,artist_name,album_name,acousticness,danceability,duration_ms,energy,instrumentalness,key,liveness,loudness,mode,speechiness,tempo,valence
afro,This Is: Fela Kuti,37i9dQZF1DXajE2Hhh3n7i,43ile6cBzr9uaC4bJf6J3N,spotify:track:43ile6cBzr9uaC4bJf6J3N,https://p.scdn.co/mp3-preview/89ea8e537d59c27e24be4cbe74b6ceea6395a6ff?cid=63a77ff40e794a12ae216a18befde98c,Water No Get Enemy - Edit,44,Fela Kuti,Best of The Black President,0.107,0.645,591707,0.924,0.0266,10,0.0982,-7.697,0,0.0569,90.852,0.89
afro,This Is: Fela Kuti,37i9dQZF1DXajE2Hhh3n7i,0rC0fuSuuj4maHJJtFDFj8,spotify:track:0rC0fuSuuj4maHJJtFDFj8,https://p.scdn.co/mp3-preview/7506402e2a33b938c2faabd1404d126be13cdc84?cid=63a77ff40e794a12ae216a18befde98c,Why Black Man Dey Suffer,26,Fela Kuti,Why Black Men Dey Suffer,0.601,0.651,915680,0.642,0.0344,5,0.0859,-9.854,0,0.0549,93.274,0.748
afro,This Is: Fela Kuti,37i9dQZF1DXajE2Hhh3n7i,50pr6cNY0hN3ptSCS90Bj6,spotify:track:50pr6cNY0hN3ptSCS90Bj6,https://p.scdn.co/mp3-preview/61b351a9d94e4737f84ba7868feb0e363e6cd4ee?cid=63a77ff40e794a12ae216a18befde98c,Fear Not For Man,28,Fela Kuti,Fear Not For Man,0.218,0.846,854333,0.409,0.833,0,0.116,-8.592,0,0.109,103.383,0.82
afro,This Is: Fela Kuti,37i9dQZF1DXajE2Hhh3n7i,6fsLjItlUmbpl16SGi2COD,spotify:track:6fsLjItlUmbpl16SGi2COD,https://p.scdn.co/mp3-preview/24f06584f2d363aa1f4f1190c51812d8c9bed438?cid=63a77ff40e794a12ae216a18befde98c,Lady,34,Fela Kuti,Best of The Black President,0.208,0.74,828360,0.871,0.000127,10,0.0917,-7.871,0,0.0507,106.694,0.541
afro,This Is: Fela Kuti,37i9dQZF1DXajE2Hhh3n7i,67Aggsxc1GqwEcApSvgutj,spotify:track:67Aggsxc1GqwEcApSvgutj,https://p.scdn.co/mp3-preview/3e380ddf834c4844f70a77ea4712162de5f8ed98?cid=63a77ff40e794a12ae216a18befde98c,No Agreement,27,Fela Kuti,No Agreement,0.163,0.767,931600,0.834,0.148,10,0.238,-5.406,0,0.107,99.239,0.841
afro,This Is: Fela Kuti,37i9dQZF1DXajE2Hhh3n7i,2nsQdjrZesTsFqVpYNBpUm,spotify:track:2nsQdjrZesTsFqVpYNBpUm,https://p.scdn.co/mp3-preview/bde6902ef8626d60134a649c610c6134c28857d9?cid=63a77ff40e794a12ae216a18befde98c,Opposite People,23,Fela Kuti,Opposite People,0.11,0.668,998280,0.897,0.0543,5,0.123,-5.167,0,0.177,117.973,0.904
afro,This Is: Fela Kuti,37i9dQZF1DXajE2Hhh3n7i,1HC6o3lTQvNmtH3ejYG4hs,spotify:track:1HC6o3lTQvNmtH3ejYG4hs,https://p.scdn.co/mp3-preview/505bb73435e5948ec4b2e357669bbe8fba808316?cid=63a77ff40e794a12ae216a18befde98c,Gentleman,33,Fela Kuti,Gentleman,0.171,0.591,881240,0.819,0.2,10,0.112,-6.975,0,0.0649,86.28,0.766
afro,This Is: Fela Kuti,37i9dQZF1DXajE2Hhh3n7i,4rhDr1ZLL1GW1iGfYBkH0P,spotify:track:4rhDr1ZLL1GW1iGfYBkH0P,https://p.scdn.co/mp3-preview/f0a419fa0c3cb369a782fd0dd0876bbbb566b3b6?cid=63a77ff40e794a12ae216a18befde98c,Black Man's Cry - feat. Ginger Baker,21,Fela Kuti,The Best Of The Black President 2,0.0982,0.578,698360,0.886,0.0377,10,0.927,-6.076,0,0.0969,169.74,0.96
afro,This Is: Fela Kuti,37i9dQZF1DXajE2Hhh3n7i,4tmwN5EgWlC8SSHMxzD7fo,spotify:track:4tmwN5EgWlC8SSHMxzD7fo,https://p.scdn.co/mp3-preview/88fe6de8d0896b1daaa2b1ab9c6ecc99a8561e2b?cid=63a77ff40e794a12ae216a18befde98c,Who're You,20,Fela Kuti,London Scene,0.0858,0.702,570280,0.63,0.078,8,0.191,-8.746,1,0.109,111.213,0.471
afro,This Is: Fela Kuti,37i9dQZF1DXajE2Hhh3n7i,7b1Sax2Go8uwu3IOyJPVTF,spotify:track:7b1Sax2Go8uwu3IOyJPVTF,https://p.scdn.co/mp3-preview/4a307874d43d0b3c7a2c1a0e734dcfd75dedb9f5?cid=63a77ff40e794a12ae216a18befde98c,It's Highlife Time,24,Fela Kuti,Highlife-Jazz and Afro-Soul (1963-1969),0.444,0.532,323400,0.759,4.52e-05,5,0.153,-3.587,0,0.035,105.332,0.925
afro,This Is: Fela Kuti,37i9dQZF1DXajE2Hhh3n7i,0RYReUfKd0QQP4wDamtHPy,spotify:track:0RYReUfKd0QQP4wDamtHPy,https://p.scdn.co/mp3-preview/a78a888e107105e44b140e833f2dad792e2cdfb7?cid=63a77ff40e794a12ae216a18befde98c,Alagbon Close,21,Fela Kuti & The Africa 70,Alagbon Close,0.369,0.615,1021840,0.832,0.008,5,0.0653,-10.607,0,0.201,118.228,0.635
afro,This Is: Fela Kuti,37i9dQZF1DXajE2Hhh3n7i,6rxb23dRGTo1AN5VibkKHL,spotify:track:6rxb23dRGTo1AN5VibkKHL,,Chop And Quench,0,Fela Kuti,Open & Close / Afrodisiac,0.331,0.773,434720,0.682,0.916,8,0.0768,-8.046,1,0.0817,106.394,0.584
afro,This Is: Fela Kuti,37i9dQZF1DXajE2Hhh3n7i,1GS6BM6upPsZcLK4hxrlJp,spotify:track:1GS6BM6upPsZcLK4hxrlJp,https://p.scdn.co/mp3-preview/a8b15d672e90032a82030846f9948c874bbe5010?cid=63a77ff40e794a12ae216a18befde98c,Fogo Fogo,26,Fela Kuti & The Africa 70,Afro Baby: The Evolution of the Afro-Sound in Nigeria 1970-79,0.286,0.723,538307,0.586,0.00043,10,0.352,-10.604,0,0.0701,108.749,0.67
afro,This Is: Fela Kuti,37i9dQZF1DXajE2Hhh3n7i,7hMKblQ8PFmACSulYElau6,spotify:track:7hMKblQ8PFmACSulYElau6,https://p.scdn.co/mp3-preview/5181c0e010206c4a83cbda8c664d05ebc3b8128b?cid=63a77ff40e794a12ae216a18befde98c,Igbe,22,Fela Kuti,Gentleman,0.549,0.662,486973,0.769,0.393,10,0.117,-8.521,0,0.0706,124.612,0.71
afro,This Is: Fela Kuti,37i9dQZF1DXajE2Hhh3n7i,1xMSKjKky5CXdDRLQzLlnv,spotify:track:1xMSKjKky5CXdDRLQzLlnv,https://p.scdn.co/mp3-preview/1939169fdf09d78f961c92aa076b2941f7df7c93?cid=63a77ff40e794a12ae216a18befde98c,Sorrow Tears and Blood,24,Fela Kuti,Best of The Black President,0.157,0.834,615907,0.803,0.00381,5,0.167,-5.551,0,0.205,101.368,0.825
afro,This Is: Fela Kuti,37i9dQZF1DXajE2Hhh3n7i,11GDQVqIEKAB4QKOcIVOvG,spotify:track:11GDQVqIEKAB4QKOcIVOvG,https://p.scdn.co/mp3-preview/8663d26e09de3abd94d0b3224489e9e71c297608?cid=63a77ff40e794a12ae216a18befde98c,Zombie,38,Fela Kuti,Zombie,0.388,0.704,745653,0.942,0.0147,2,0.302,-5.115,0,0.171,131.69,0.584
afro,This Is: Fela Kuti,37i9dQZF1DXajE2Hhh3n7i,39Iv2td1ee4BB21R5PY4xU,spotify:track:39Iv2td1ee4BB21R5PY4xU,https://p.scdn.co/mp3-preview/25e5bab30e818fcd73df6075d01ff970d2926702?cid=63a77ff40e794a12ae216a18befde98c,Shuffering And Shmiling (Part 1 & 2),19,Fela Kuti,Shuffering And Shmiling,0.289,0.803,1293307,0.879,0.00977,10,0.156,-5.92,0,0.0631,122.811,0.607
afro,This Is: Fela Kuti,37i9dQZF1DXajE2Hhh3n7i,7ahuB6eBMgz9jGm6AMLHuM,spotify:track:7ahuB6eBMgz9jGm6AMLHuM,https://p.scdn.co/mp3-preview/cf571d2513e4f86115b92d4fc047436b3fd16f5a?cid=63a77ff40e794a12ae216a18befde98c,Shakara,26,Fela Kuti,Best of The Black President,0.27,0.648,805733,0.713,0.0504,10,0.205,-6.622,0,0.0421,120.352,0.611
afro,This Is: Fela Kuti,37i9dQZF1DXajE2Hhh3n7i,7d8PADmEkMERzZ3b1EEnzO,spotify:track:7d8PADmEkMERzZ3b1EEnzO,https://p.scdn.co/mp3-preview/8a9070719c6d357ef80de35b89db8c71dbe32c0c?cid=63a77ff40e794a12ae216a18befde98c,Coffin For Head of State (Part 1 & 2),21,Fela Kuti,Coffin For Head of State,0.461,0.677,1362467,0.703,0.0149,0,0.0936,-8.52,0,0.0576,88.702,0.882
afro,This Is: Fela Kuti,37i9dQZF1DXajE2Hhh3n7i,3vcxnKHIDh99sUGyw9ioG1,spotify:track:3vcxnKHIDh99sUGyw9ioG1,https://p.scdn.co/mp3-preview/044302155a95bb68e8d3ce00813539c79452dce3?cid=63a77ff40e794a12ae216a18befde98c,Original Suffer Head,17,Fela Kuti,Original Suffer Head,0.392,0.606,1269520,0.873,7.6e-05,11,0.0942,-5.871,0,0.434,128.804,0.742
afro,This Is: Fela Kuti,37i9dQZF1DXajE2Hhh3n7i,2l4DCKVFvSasP0vHXXE8Kb,spotify:track:2l4DCKVFvSasP0vHXXE8Kb,https://p.scdn.co/mp3-preview/e838734b1d5071b821921176a4432b40d20cfc12?cid=63a77ff40e794a12ae216a18befde98c,He Miss Road,18,Fela Kuti,The Best Of The Black President 2,0.55,0.7,647467,0.573,0.0087,0,0.077,-8.868,0,0.171,98.633,0.464
afro,This Is: Fela Kuti,37i9dQZF1DXajE2Hhh3n7i,54A4kYIFcmxYNZ4Q3mSq0e,spotify:track:54A4kYIFcmxYNZ4Q3mSq0e,https://p.scdn.co/mp3-preview/d2854ab460333514380b228d4a35a1564896645e?cid=63a77ff40e794a12ae216a18befde98c,Go Slow (Edit),23,Fela Kuti & The Africa 70,Finding Fela - Original Motion Picture Soundtrack,0.0716,0.704,346582,0.922,0.854,8,0.312,-5.354,1,0.0585,98.804,0.849
afro,This Is: Fela Kuti,37i9dQZF1DXajE2Hhh3n7i,6wDPVs1Rh0n5mNuK2Kt3bV,spotify:track:6wDPVs1Rh0n5mNuK2Kt3bV,https://p.scdn.co/mp3-preview/68d3e48ec317935a101fb84dc86add4f4726d3ef?cid=63a77ff40e794a12ae216a18befde98c,Teacher Don't Teach Me Nonsense,20,Fela Kuti,Teacher Don't Teach Me Nonsense,0.256,0.727,1547947,0.638,0.00325,5,0.0844,-9.133,1,0.036,107.646,0.865
afro,This Is: Fela Kuti,37i9dQZF1DXajE2Hhh3n7i,1CNkQ7GxwhEi3SiyOneWuB,spotify:track:1CNkQ7GxwhEi3SiyOneWuB,https://p.scdn.co/mp3-preview/7c77b32b7f40b497aee2086072d5a1f75b8dc455?cid=63a77ff40e794a12ae216a18befde98c,Just Like That - Live,17,"Fela Kuti,Egypt 80",Live In Detroit 1986,0.242,0.285,1773627,0.921,0.459,10,0.978,-7.049,0,0.147,100.067,0.402
afro,This Is: Fela Kuti,37i9dQZF1DXajE2Hhh3n7i,48Qs11WwUFNM8BPunM9Xsu,spotify:track:48Qs11WwUFNM8BPunM9Xsu,https://p.scdn.co/mp3-preview/760a4c56c729400c296207eeb34b13bddebe1407?cid=63a77ff40e794a12ae216a18befde98c,Africa Center of the World,15,Fela Kuti,The Underground Spiritual Game,0.214,0.71,1041253,0.903,0.0124,10,0.0637,-5.587,0,0.0678,93.718,0.53
afro,This Is: Fela Kuti,37i9dQZF1DXajE2Hhh3n7i,2YedJttTnN8EEI9gLVuKJx,spotify:track:2YedJttTnN8EEI9gLVuKJx,https://p.scdn.co/mp3-preview/e799920d95e26d7a0947c3534ae973ff5e19e2a0?cid=63a77ff40e794a12ae216a18befde98c,Upside Down,19,Fela Kuti,Upside Down,0.0308,0.835,882547,0.859,0.603,2,0.0677,-7.684,0,0.0633,110.977,0.786
afro,This Is: Fela Kuti,37i9dQZF1DXajE2Hhh3n7i,5yDQCCZ2l5IvUY2DDpMWJn,spotify:track:5yDQCCZ2l5IvUY2DDpMWJn,https://p.scdn.co/mp3-preview/40a6aa739696cac99a845147dbe12903d9b7eea0?cid=63a77ff40e794a12ae216a18befde98c,Everything Scatter,23,Fela Kuti,The Best Of The Black President 2,0.127,0.712,633493,0.778,0.0927,1,0.231,-8.743,1,0.0968,116.184,0.896
afro,This Is: Fela Kuti,37i9dQZF1DXajE2Hhh3n7i,15tF3LR98qBD5p6zE41XAn,spotify:track:15tF3LR98qBD5p6zE41XAn,https://p.scdn.co/mp3-preview/1be368ea33e83327c44f19d0b48246d258d4fb48?cid=63a77ff40e794a12ae216a18befde98c,Colonial Mentality,21,Fela Kuti,The Best Of The Black President 2,0.112,0.67,821733,0.759,0.0928,1,0.142,-4.842,1,0.177,166.165,0.897
afro,This Is: Fela Kuti,37i9dQZF1DXajE2Hhh3n7i,1SLKMQCKiZSJGZDFPbbbR4,spotify:track:1SLKMQCKiZSJGZDFPbbbR4,https://p.scdn.co/mp3-preview/83db307aaf21420981477a3dc8cfb144255d5574?cid=63a77ff40e794a12ae216a18befde98c,V.I.P. (Part 1 & 2),14,Fela Kuti,V.I.P.,0.305,0.582,1209240,0.632,0.00688,1,0.893,-9.517,1,0.272,111.124,0.669
afro,This Is: Fela Kuti,37i9dQZF1DXajE2Hhh3n7i,2g72QoX5ZZlEqQpKfnOdrj,spotify:track:2g72QoX5ZZlEqQpKfnOdrj,https://p.scdn.co/mp3-preview/91e5466fb58a64f11cbbccc8d54c700462e40ab6?cid=63a77ff40e794a12ae216a18befde98c,Expensive Shit,37,Fela Kuti,The Best Of The Black President 2,0.212,0.614,793200,0.875,0.356,7,0.0843,-7.697,0,0.107,122.665,0.682
afro,This Is: Fela Kuti,37i9dQZF1DXajE2Hhh3n7i,1diWUkLwzud0zG2k1iZ8Qw,spotify:track:1diWUkLwzud0zG2k1iZ8Qw,https://p.scdn.co/mp3-preview/5921745494dd37ac83251809931e2ac39ba9d571?cid=63a77ff40e794a12ae216a18befde98c,I.T.T. (International Thief Thief) (Part 1 & 2),16,Fela Kuti,I.T.T. (International Thief Thief),0.105,0.784,1441853,0.669,0.00531,9,0.0794,-6.267,0,0.08,126.114,0.848
afro,This Is: Fela Kuti,37i9dQZF1DXajE2Hhh3n7i,6b5cOxxb9c1XQAfgmFzJGy,spotify:track:6b5cOxxb9c1XQAfgmFzJGy,https://p.scdn.co/mp3-preview/dd6ced9803db0c951e66a45f733d0a08ce06b040?cid=63a77ff40e794a12ae216a18befde98c,Je'nwi Temi (Don't Gag Me),17,Fela Kuti,Afrodisiac,0.187,0.56,795160,0.872,0.00378,5,0.0621,-5.619,1,0.0599,101.142,0.644
afro,This Is: Fela Kuti,37i9dQZF1DXajE2Hhh3n7i,6dKgDhGr2Me8OaWn4n3RQM,spotify:track:6dKgDhGr2Me8OaWn4n3RQM,https://p.scdn.co/mp3-preview/7cb648a4f95488d662ee8330a0a45babff80a1de?cid=63a77ff40e794a12ae216a18befde98c,Beasts of No Nation,22,Fela Kuti,Beasts of No Nation,0.451,0.829,1699893,0.564,0.0155,7,0.111,-8.801,0,0.111,95.494,0.868
afro,This Is: Fela Kuti,37i9dQZF1DXajE2Hhh3n7i,64zMovN4OokoGxT6mRYj8Y,spotify:track:64zMovN4OokoGxT6mRYj8Y,https://p.scdn.co/mp3-preview/558dab45d690ac2b358f5780f2e6e904999cec2d?cid=63a77ff40e794a12ae216a18befde98c,Roforofo Fight,21,Fela Kuti,Best of The Black President,0.0396,0.6,941107,0.923,0.00574,5,0.0567,-5.806,0,0.0778,123.936,0.727
afro,This Is: Fela Kuti,37i9dQZF1DXajE2Hhh3n7i,01M4pDUAFpAiuvtNSDRSlE,spotify:track:01M4pDUAFpAiuvtNSDRSlE,https://p.scdn.co/mp3-preview/b53f683ddba6c7044dcad065858be87b7a535f51?cid=63a77ff40e794a12ae216a18befde98c,Fefe Naa Efe,29,Fela Kuti,Gentleman,0.602,0.77,492293,0.734,0.0311,1,0.143,-8.029,1,0.135,93.08,0.686
afro,This Is: Fela Kuti,37i9dQZF1DXajE2Hhh3n7i,79YfldcLfELOhoP7SePGyw,spotify:track:79YfldcLfELOhoP7SePGyw,https://p.scdn.co/mp3-preview/ddad114118323fafac14538143abba758fd98a5c?cid=63a77ff40e794a12ae216a18befde98c,Overtake Don Overtake Overtake,17,Fela Kuti,O.D.O.O. (Overtake Don Overtake Overtake),0.368,0.828,1914187,0.628,0.00335,7,0.0897,-11.094,1,0.0911,114.884,0.602
afro,This Is: Fela Kuti,37i9dQZF1DXajE2Hhh3n7i,7BkEB9iVi5hso4Qjo1McIr,spotify:track:7BkEB9iVi5hso4Qjo1McIr,https://p.scdn.co/mp3-preview/51c701562dc24f900e6ec0b2dd78a6fa253cf513?cid=63a77ff40e794a12ae216a18befde98c,Yellow Fever,18,Fela Kuti,Yellow Fever,0.222,0.774,922120,0.893,0.106,1,0.0896,-7.11,1,0.163,103.711,0.686
afro,This Is: Fela Kuti,37i9dQZF1DXajE2Hhh3n7i,28tGjYm9jzt06lTTxJbKtz,spotify:track:28tGjYm9jzt06lTTxJbKtz,https://p.scdn.co/mp3-preview/50e5364683fa9c8384329e4676945723a9e295e9?cid=63a77ff40e794a12ae216a18befde98c,Open & Close,18,Fela Kuti,Open & Close,0.0795,0.702,893880,0.771,0.477,10,0.153,-8.618,0,0.0776,106.072,0.717
afro,This Is: Fela Kuti,37i9dQZF1DXajE2Hhh3n7i,69x8FDge3Va4RW5TTFmdrV,spotify:track:69x8FDge3Va4RW5TTFmdrV,https://p.scdn.co/mp3-preview/f79c0013d0f09f150ed3fe25145465a3782ef453?cid=63a77ff40e794a12ae216a18befde98c,Power Show,15,Fela Kuti,Original Suffer Head,0.321,0.732,888747,0.628,0.046,10,0.177,-7.018,1,0.115,119.287,0.533
afro,This Is: Fela Kuti,37i9dQZF1DXajE2Hhh3n7i,0hmGJlfLC2ybgIp2TeG9hC,spotify:track:0hmGJlfLC2ybgIp2TeG9hC,https://p.scdn.co/mp3-preview/5db5df1049e9f6810111338193ea3a983fe8e142?cid=63a77ff40e794a12ae216a18befde98c,2000 Blacks Got To Be Free (feat. Roy Ayers),18,"Fela Kuti,Roy Ayers",Music Of Many Colors,0.125,0.714,1118920,0.819,0.205,1,0.332,-7.032,1,0.043,126.27,0.596
afro,This Is: Fela Kuti,37i9dQZF1DXajE2Hhh3n7i,0YLZi7Sbk86LgsoIlhH6w4,spotify:track:0YLZi7Sbk86LgsoIlhH6w4,https://p.scdn.co/mp3-preview/2d99aa13b61c4861b853e0b9dfc4d5cb7d9a5cfb?cid=63a77ff40e794a12ae216a18befde98c,Alu Jon Jonki Jon,18,Fela Kuti,Afrodisiac,0.3,0.691,761467,0.869,0.0798,5,0.0739,-7.337,1,0.0934,112.432,0.75
afro,This Is: Fela Kuti,37i9dQZF1DXajE2Hhh3n7i,0VRPHLUhnbdoPvGUVRhsfL,spotify:track:0VRPHLUhnbdoPvGUVRhsfL,https://p.scdn.co/mp3-preview/38b9eb692077e2d94a82f11c44ef85e3ba9cbb85?cid=63a77ff40e794a12ae216a18befde98c,Eko Ile,25,Fela Kuti,Afrodisiac,0.228,0.738,401067,0.745,0.000268,7,0.391,-7.907,0,0.224,134.316,0.826
afro,This Is: Fela Kuti,37i9dQZF1DXajE2Hhh3n7i,38gAJy9nB4mQ20tkndwj17,spotify:track:38gAJy9nB4mQ20tkndwj17,https://p.scdn.co/mp3-preview/8ae246f9f002ff7124176d0bb753a4c761819d05?cid=63a77ff40e794a12ae216a18befde98c,Egbe Mi O (Carry Me) - feat. Ginger Baker,20,Fela Kuti & The Africa 70,Fela With Ginger Baker Live!,0.312,0.738,761507,0.891,0.0577,8,0.732,-8.912,0,0.0635,89.258,0.863
afro,This Is: Fela Kuti,37i9dQZF1DXajE2Hhh3n7i,3u9NyRr4xDg4GIXhV7GerH,spotify:track:3u9NyRr4xDg4GIXhV7GerH,https://p.scdn.co/mp3-preview/abc3d14fcdc95e98ff217b2d69165cac48a57db5?cid=63a77ff40e794a12ae216a18befde98c,Na Poi (Part 1 & 2),14,Fela Kuti,Na Poi,0.314,0.626,1517587,0.625,0.0531,1,0.23,-11.055,1,0.531,174.838,0.664
afro,This Is: Fela Kuti,37i9dQZF1DXajE2Hhh3n7i,6GHh6NIRLnlQsRvG5MtLRa,spotify:track:6GHh6NIRLnlQsRvG5MtLRa,https://p.scdn.co/mp3-preview/f7a1e441269fe93fea8b27ac65c143291cb1d40b?cid=63a77ff40e794a12ae216a18befde98c,Ikoyi Blindness,14,Fela Kuti,Ikoyi Blindness,0.087,0.741,907307,0.786,0.136,1,0.146,-6.85,1,0.12,123.215,0.919
afro,This Is: Fela Kuti,37i9dQZF1DXajE2Hhh3n7i,0KTGm5qZ02v8O8Mb6fGUvr,spotify:track:0KTGm5qZ02v8O8Mb6fGUvr,https://p.scdn.co/mp3-preview/b132b7592cae6ebc4ee06cb0a451d686f705a4f8?cid=63a77ff40e794a12ae216a18befde98c,No Buredi (No Bread),14,Fela Kuti,Unnecessary Begging,0.482,0.697,845547,0.873,0.207,1,0.0873,-6.333,1,0.254,144.898,0.857
afro,This Is: Fela Kuti,37i9dQZF1DXajE2Hhh3n7i,7lqpipwqhOFJUh9AOIL8g7,spotify:track:7lqpipwqhOFJUh9AOIL8g7,https://p.scdn.co/mp3-preview/5132ccdbf468d4bd4b2664b50a456107a1b67636?cid=63a77ff40e794a12ae216a18befde98c,Army Arrangement,16,Fela Kuti,Army Arrangement,0.468,0.737,1799347,0.849,0.00187,0,0.0862,-5.587,0,0.0688,98.162,0.686
afro,This Is: Fela Kuti,37i9dQZF1DXajE2Hhh3n7i,7GNDwqqBrgi9slc0TTQbGd,spotify:track:7GNDwqqBrgi9slc0TTQbGd,https://p.scdn.co/mp3-preview/28c8258e144ae4b8265ac67314cb2b432560799f?cid=63a77ff40e794a12ae216a18befde98c,Government Chicken Boy,14,Fela Kuti,Army Arrangement,0.297,0.748,1755307,0.584,0.0868,5,0.0882,-11.016,0,0.0356,118.021,0.958
afro,This Is: Fela Kuti,37i9dQZF1DXajE2Hhh3n7i,4UwH4jm2C6CjOEOoZfJyDh,spotify:track:4UwH4jm2C6CjOEOoZfJyDh,https://p.scdn.co/mp3-preview/fa51aa087e03e654cebcaa3581c129e5cd004372?cid=63a77ff40e794a12ae216a18befde98c,M.O.P (Movement of The People),14,Fela Kuti,Live In Amsterdam,0.101,0.741,2223827,0.877,0.0275,3,0.871,-7.213,0,0.0845,111.572,0.664
afro,This Is: Fela Kuti,37i9dQZF1DXajE2Hhh3n7i,25GEekAicD2hFWS0464CnM,spotify:track:25GEekAicD2hFWS0464CnM,https://p.scdn.co/mp3-preview/69e1415293cc80fdb7527cd8d35e824dbe962f9d?cid=63a77ff40e794a12ae216a18befde98c,Confusion (Parts 1 & 2),15,Fela Kuti,Confusion,0.597,0.479,1536320,0.759,0.306,1,0.165,-9.639,1,0.0562,110.453,0.387
