category_id,playlist_name,playlist_id,track_id,track_uri,track_preview_url,track_name,track_popularity,artist_name,album_name,acousticness,danceability,duration_ms,energy,instrumentalness,key,liveness,loudness,mode,speechiness,tempo,valence
afro,Classic Afropop,37i9dQZF1DXcIme26eJxid,2omcm8YdAMlVWcxhJo9tQG,spotify:track:2omcm8YdAMlVWcxhJo9tQG,https://p.scdn.co/mp3-preview/2e2acb2ca8ef021ff8fc797b9c233705ff825024?cid=63a77ff40e794a12ae216a18befde98c,Let Me Love You,40,Bunny Mack,Joey Negro and Sean P present The Best of Disco Spectrum,0.00836,0.759,469996,0.664,0.000367,11,0.0538,-9.139,0,0.0701,125.451,0.941
afro,Classic Afropop,37i9dQZF1DXcIme26eJxid,6rFHmnI9Vd2zUasDXuw59j,spotify:track:6rFHmnI9Vd2zUasDXuw59j,,Pata Pata,5,Miriam Makeba,Reflections,0.378,0.809,182227,0.882,0.0,3,0.0759,-3.544,1,0.0356,126.046,0.969
afro,Classic Afropop,37i9dQZF1DXcIme26eJxid,3XPOwqZH6WsBLn3uURmXQ4,spotify:track:3XPOwqZH6WsBLn3uURmXQ4,https://p.scdn.co/mp3-preview/ba7cc5cc9f129f0136878a6beab1ad3e32705d15?cid=63a77ff40e794a12ae216a18befde98c,Come On Home,43,Lijadu Sisters,Horizon Unlimted,0.0796,0.516,316867,0.547,0.000192,11,0.0808,-7.851,0,0.0834,96.864,0.909
afro,Classic Afropop,37i9dQZF1DXcIme26eJxid,5WyWNQZr7oiGoResxNSrj0,spotify:track:5WyWNQZr7oiGoResxNSrj0,https://p.scdn.co/mp3-preview/bcf0181d360186487b3ceb27f88fa2c35334d323?cid=63a77ff40e794a12ae216a18befde98c,Sawale,32,Cardinal Rex Jim Lawson,Rex Lawson's Greatest Hits,0.079,0.74,180387,0.437,2.83e-06,1,0.0961,-10.016,1,0.228,105.737,0.59
afro,Classic Afropop,37i9dQZF1DXcIme26eJxid,4JaOd0NUBTckYFZMguuY7M,spotify:track:4JaOd0NUBTckYFZMguuY7M,,Soul Makossa,6,Manu Dibango,Anthology,0.141,0.831,264307,0.826,0.00234,0,0.128,-3.8,1,0.149,115.014,0.775
afro,Classic Afropop,37i9dQZF1DXcIme26eJxid,6lx5aHjUesS2XEyLxXknLQ,spotify:track:6lx5aHjUesS2XEyLxXknLQ,https://p.scdn.co/mp3-preview/11af3331a23a8fb7182470d95be007b25ddb5292?cid=63a77ff40e794a12ae216a18befde98c,Heaven,43,Ebo Taylor,Life Stories,0.124,0.655,365693,0.771,0.509,9,0.0811,-7.321,0,0.0517,99.567,0.398
afro,Classic Afropop,37i9dQZF1DXcIme26eJxid,64XECoRdQMPInulJ9oiVfI,spotify:track:64XECoRdQMPInulJ9oiVfI,,Sweet Mother,2,"Prince Nico Mbarga & Rocafil Jazz International,Rocafil Jazz International","African Football Anthems, Vol. 1",0.622,0.712,602173,0.755,0.0162,5,0.168,-12.471,1,0.0947,124.42,0.84
afro,Classic Afropop,37i9dQZF1DXcIme26eJxid,47ZKAaOco4DebMlGRzcvUn,spotify:track:47ZKAaOco4DebMlGRzcvUn,,Ma Jaiye Oni,27,King Sunny Ade,Juju Music,0.266,0.497,307867,0.618,0.0983,11,0.0657,-13.172,1,0.0389,102.658,0.884
afro,Classic Afropop,37i9dQZF1DXcIme26eJxid,43ile6cBzr9uaC4bJf6J3N,spotify:track:43ile6cBzr9uaC4bJf6J3N,https://p.scdn.co/mp3-preview/89ea8e537d59c27e24be4cbe74b6ceea6395a6ff?cid=63a77ff40e794a12ae216a18befde98c,Water No Get Enemy - Edit,44,Fela Kuti,Best of The Black President,0.107,0.645,591707,0.924,0.0266,10,0.0982,-7.697,0,0.0569,90.852,0.89
afro,Classic Afropop,37i9dQZF1DXcIme26eJxid,1yRixw5ysrrgR8a2ZeU806,spotify:track:1yRixw5ysrrgR8a2ZeU806,https://p.scdn.co/mp3-preview/e12d5bfae11840c271929b18c498f8617c04bcf7?cid=63a77ff40e794a12ae216a18befde98c,The Warrior,23,Osibisa,Ojah Awake,0.0689,0.599,227467,0.568,0.0266,3,0.0782,-11.905,1,0.0465,128.734,0.926
afro,Classic Afropop,37i9dQZF1DXcIme26eJxid,726WAXh6DuDGYtQ63fDSix,spotify:track:726WAXh6DuDGYtQ63fDSix,https://p.scdn.co/mp3-preview/0734e2e91fe94b42fb834ee3b1e2456e648f7705?cid=63a77ff40e794a12ae216a18befde98c,Kita Kita,38,Gasper Lawal,Nigeria 70 - Funky Lagos,0.0627,0.612,360800,0.907,0.771,9,0.0936,-6.565,1,0.0472,118.37,0.842
afro,Classic Afropop,37i9dQZF1DXcIme26eJxid,2Sj8A8FS3wiv0B5pIFklg9,spotify:track:2Sj8A8FS3wiv0B5pIFklg9,https://p.scdn.co/mp3-preview/2eac7613c3edeb385ac6c8b806e8d3b9be1d004c?cid=63a77ff40e794a12ae216a18befde98c,Guitar Boy,28,"Sir Victor Uwaifo,His Titibitis","The Best Of Victor Uwaifo, Vol. 1",0.604,0.631,353107,0.679,0.111,8,0.294,-7.645,1,0.361,98.05,0.743
afro,Classic Afropop,37i9dQZF1DXcIme26eJxid,1np1H7mh6iUZhdBhkh3QIo,spotify:track:1np1H7mh6iUZhdBhkh3QIo,https://p.scdn.co/mp3-preview/6b6493519a7a89785d9df30c73770c7854afadf8?cid=63a77ff40e794a12ae216a18befde98c,Disco Dancer,52,Kiki Gyan,24 Hours in a Disco 1978-82,0.0317,0.699,416800,0.869,0.411,9,0.0368,-10.199,1,0.0456,115.273,0.963
afro,Classic Afropop,37i9dQZF1DXcIme26eJxid,6GkCK4jJhwQDOnGKXxmvmN,spotify:track:6GkCK4jJhwQDOnGKXxmvmN,https://p.scdn.co/mp3-preview/f819da13ffdc1333d6518ba5bea51ef690c410b0?cid=63a77ff40e794a12ae216a18befde98c,Happy Birthday,23,Evi-Edna Ogholi,Happy Birthday,0.159,0.713,339387,0.312,0.0,11,0.155,-12.51,1,0.163,160.282,0.817
afro,Classic Afropop,37i9dQZF1DXcIme26eJxid,7b0bir8Z4KyyBwQfBIjmYY,spotify:track:7b0bir8Z4KyyBwQfBIjmYY,https://p.scdn.co/mp3-preview/f0c9fea12887a6203a48ec80151f0c1cfcf10087?cid=63a77ff40e794a12ae216a18befde98c,I Like Your Style,31,Tony Wilson,I Like Your Style,0.0143,0.729,185933,0.658,0.00405,2,0.151,-14.196,1,0.0396,113.213,0.941
afro,Classic Afropop,37i9dQZF1DXcIme26eJxid,0PYDivZavH4ndRJB6E5iUu,spotify:track:0PYDivZavH4ndRJB6E5iUu,https://p.scdn.co/mp3-preview/b3660ca37841ce690fd9352c64e477c308d93523?cid=63a77ff40e794a12ae216a18befde98c,Baby Kilode,31,Dizzy K Falola,"Ivory Music Classics, Vol. 2",0.0916,0.777,265573,0.572,0.000476,1,0.0692,-14.2,1,0.098,111.649,0.575
afro,Classic Afropop,37i9dQZF1DXcIme26eJxid,1ETZhP9orTkDclKEyt0xqm,spotify:track:1ETZhP9orTkDclKEyt0xqm,https://p.scdn.co/mp3-preview/c3d4e3e165e5d27feeac66831c95e4d680398703?cid=63a77ff40e794a12ae216a18befde98c,Fantastic Man,43,William Onyeabor,World Psychedelic Classics 5: Who Is William Onyeabor?,0.00182,0.7,386160,0.756,0.711,2,0.0575,-10.714,1,0.0575,114.28,0.944
afro,Classic Afropop,37i9dQZF1DXcIme26eJxid,2B6kXQao1fw0ZOevX5fOA2,spotify:track:2B6kXQao1fw0ZOevX5fOA2,https://p.scdn.co/mp3-preview/02e41e479a890632e4e20395e3e1ba0529c8b4ac?cid=63a77ff40e794a12ae216a18befde98c,Invitation Highlife,29,Victor Olaiya,Three Decades Of Highlife - The Best Of...,0.468,0.679,202920,0.749,0.785,5,0.0986,-3.874,1,0.0827,107.56,0.736
afro,Classic Afropop,37i9dQZF1DXcIme26eJxid,5P79h7NLD3zIpkomzFaMWy,spotify:track:5P79h7NLD3zIpkomzFaMWy,https://p.scdn.co/mp3-preview/69b7d7f652cf105e21119c73876bc971037f756a?cid=63a77ff40e794a12ae216a18befde98c,Joromi,25,Sir Victor Uwaifo,Big Sound,0.281,0.709,187160,0.495,0.00416,10,0.0898,-7.68,1,0.066,104.907,0.802
afro,Classic Afropop,37i9dQZF1DXcIme26eJxid,5mpjIvDq4cgQFyZviKwSRP,spotify:track:5mpjIvDq4cgQFyZviKwSRP,https://p.scdn.co/mp3-preview/d3398db88e26081dbb7893b217a4ce7726a2f038?cid=63a77ff40e794a12ae216a18befde98c,Akula Owu Onyeara,43,The Funkees,"Dancing Time, the Best of Eastern Nigeria's Afro Rock Exponents 1973-77 (Soundway Records)",0.525,0.701,448914,0.701,0.047,5,0.235,-10.323,0,0.123,110.718,0.884
afro,Classic Afropop,37i9dQZF1DXcIme26eJxid,7COVviTaElmPDX7fX0FHGL,spotify:track:7COVviTaElmPDX7fX0FHGL,https://p.scdn.co/mp3-preview/d87e1d3033e1491cb3413c2b0e52302370a2e1a0?cid=63a77ff40e794a12ae216a18befde98c,Alo Mi Alo (Parts 1 & 2),36,"Orlando Julius,The Afro Sounders",Nigeria 70 - Funky Lagos,0.479,0.685,483987,0.53,0.046,4,0.119,-6.052,1,0.0358,101.516,0.601
afro,Classic Afropop,37i9dQZF1DXcIme26eJxid,6gq9ZlCF97t0v9z3wH7Kez,spotify:track:6gq9ZlCF97t0v9z3wH7Kez,https://p.scdn.co/mp3-preview/90442206095692c7bb7cb85aa4cd8880efd54821?cid=63a77ff40e794a12ae216a18befde98c,"Ohun Oju Ri Laye Medley, Pt. 1",23,Chief Commander Ebenezer Obey,51 Lex Presents Ohun Oju Ri Laye,0.0718,0.721,1026987,0.676,0.00333,0,0.109,-12.044,1,0.0559,124.461,0.878
afro,Classic Afropop,37i9dQZF1DXcIme26eJxid,3pFVnwh9vK7pUSiA2ZRlub,spotify:track:3pFVnwh9vK7pUSiA2ZRlub,https://p.scdn.co/mp3-preview/8225073d4b15de33ceb1c8c731310a6dccb3dd2d?cid=63a77ff40e794a12ae216a18befde98c,"Shinamania, Pt. 1",29,Sir Shina Peters,Shinamania,0.1,0.602,1002907,0.887,9.16e-05,9,0.0571,-10.127,1,0.254,158.236,0.866
afro,Classic Afropop,37i9dQZF1DXcIme26eJxid,6orRF4wapRI8DM9ty9yxld,spotify:track:6orRF4wapRI8DM9ty9yxld,https://p.scdn.co/mp3-preview/2fa3bb6f31116fbb207694c5037af133bcf030a5?cid=63a77ff40e794a12ae216a18befde98c,Mother & Child,23,")zzidi,Sonny Okosun","Ivory Music Classics, Vol. 2",0.392,0.765,410600,0.596,0.051,7,0.871,-11.722,1,0.0971,125.995,0.912
afro,Classic Afropop,37i9dQZF1DXcIme26eJxid,11GDQVqIEKAB4QKOcIVOvG,spotify:track:11GDQVqIEKAB4QKOcIVOvG,https://p.scdn.co/mp3-preview/8663d26e09de3abd94d0b3224489e9e71c297608?cid=63a77ff40e794a12ae216a18befde98c,Zombie,38,Fela Kuti,Zombie,0.388,0.704,745653,0.942,0.0147,2,0.302,-5.115,0,0.171,131.69,0.584
afro,Classic Afropop,37i9dQZF1DXcIme26eJxid,6NkDS793oPRpIAjrAsKNAa,spotify:track:6NkDS793oPRpIAjrAsKNAa,https://p.scdn.co/mp3-preview/8534b0207ddec364b9c9bd31e7237cb8c9ed8a17?cid=63a77ff40e794a12ae216a18befde98c,Say I Love You,28,Eddy Grant,This Is Eddy Grant,0.836,0.716,235800,0.396,0.156,2,0.236,-20.245,1,0.119,121.074,0.963
afro,Classic Afropop,37i9dQZF1DXcIme26eJxid,5kFPItOjyYqGrNnqsROU42,spotify:track:5kFPItOjyYqGrNnqsROU42,https://p.scdn.co/mp3-preview/d25d142958a4adc32019a12e94a1eea95b89449e?cid=63a77ff40e794a12ae216a18befde98c,Sugar Cnane Baby,31,Harry Mosco,"Ivory Music Classics, Vol. 2",0.297,0.786,331653,0.695,0.000933,8,0.088,-13.496,1,0.0618,118.456,0.962
afro,Classic Afropop,37i9dQZF1DXcIme26eJxid,6YJQB5lQWD4GrYZA1SFmB6,spotify:track:6YJQB5lQWD4GrYZA1SFmB6,https://p.scdn.co/mp3-preview/febe49e1001d9f2a1c2868b5b2473dc84c254cb6?cid=63a77ff40e794a12ae216a18befde98c,Theresa,26,Daddy Lumba,Daddy Lumba Essentials,0.0699,0.597,337607,0.84,7.57e-05,10,0.0792,-13.019,0,0.0724,118.089,0.619
afro,Classic Afropop,37i9dQZF1DXcIme26eJxid,5XRkdF0BOrqlN3jV0pYNhy,spotify:track:5XRkdF0BOrqlN3jV0pYNhy,https://p.scdn.co/mp3-preview/d3bd710f9767834e90d7a884ada28cd9ac610341?cid=63a77ff40e794a12ae216a18befde98c,Ojah Awake,28,Osibisa,Ojah Awake,0.03,0.581,294427,0.71,0.242,2,0.0734,-13.295,1,0.0408,132.101,0.808
afro,Classic Afropop,37i9dQZF1DXcIme26eJxid,5uHK9zXW1KGWnw9fRYLyq0,spotify:track:5uHK9zXW1KGWnw9fRYLyq0,https://p.scdn.co/mp3-preview/cf131ab8fad1a70ae445823a22737b91fa8fb282?cid=63a77ff40e794a12ae216a18befde98c,Tire Ni Oluwa,29,Sonny Okosun,3rd World,0.537,0.5,501133,0.902,5.4e-05,7,0.521,-5.481,1,0.0745,121.654,0.866
afro,Classic Afropop,37i9dQZF1DXcIme26eJxid,3ueQkRNSxBnX0NHpkolg3s,spotify:track:3ueQkRNSxBnX0NHpkolg3s,,Umqombothi,4,Yvonne Chaka Chaka,Hotel Rwanda,0.0811,0.872,293987,0.729,2.13e-06,8,0.288,-11.148,1,0.0707,105.515,0.958
afro,Classic Afropop,37i9dQZF1DXcIme26eJxid,04p7jtRJdhQUB1UeQsMGBx,spotify:track:04p7jtRJdhQUB1UeQsMGBx,,Vuli Ndlela - Original Album Version,30,Brenda Fassie,Legends,0.0487,0.776,261800,0.919,0.0423,5,0.098,-4.253,1,0.0632,105.973,0.704
afro,Classic Afropop,37i9dQZF1DXcIme26eJxid,2qgudkFpaRq2YcJDWhKW44,spotify:track:2qgudkFpaRq2YcJDWhKW44,https://p.scdn.co/mp3-preview/2c239f4b1e2f8daad95e50815b5fc8a62298a11a?cid=63a77ff40e794a12ae216a18befde98c,Love and Death,52,Ebo Taylor,Love & Death,0.135,0.742,415090,0.896,0.461,0,0.12,-7.208,1,0.0501,102.451,0.871
afro,Classic Afropop,37i9dQZF1DXcIme26eJxid,7LLyEy0GVYBpziR5O06ZZv,spotify:track:7LLyEy0GVYBpziR5O06ZZv,,Ja Funmi,27,King Sunny Ade,Juju Music,0.369,0.528,428800,0.456,0.000669,10,0.0675,-15.22,0,0.0552,106.109,0.82
afro,Classic Afropop,37i9dQZF1DXcIme26eJxid,6pOE4vLnWvzdR6AJ4Gl2Nk,spotify:track:6pOE4vLnWvzdR6AJ4Gl2Nk,https://p.scdn.co/mp3-preview/668138df6a562b6cd24a69bee46873cfc14c217a?cid=63a77ff40e794a12ae216a18befde98c,Wings Of A Dove,18,Yvonne Maha,"Ivory Music Classics, Vol. 2",0.135,0.836,221573,0.543,0.783,10,0.139,-11.376,0,0.107,132.908,0.62
afro,Classic Afropop,37i9dQZF1DXcIme26eJxid,3UiNahTo7xKY5qFY6Fgr0b,spotify:track:3UiNahTo7xKY5qFY6Fgr0b,,Africa,29,Salif Keita,"""Folon"".....The Past",0.275,0.745,359707,0.898,0.0476,7,0.342,-8.882,1,0.0448,110.944,0.943
afro,Classic Afropop,37i9dQZF1DXcIme26eJxid,0epThWIIEZZBBwDaHoMBBz,spotify:track:0epThWIIEZZBBwDaHoMBBz,,Agolo,37,Angelique Kidjo,Aye,0.0474,0.71,291933,0.814,0.106,0,0.221,-8.211,1,0.0437,93.96,0.806
afro,Classic Afropop,37i9dQZF1DXcIme26eJxid,5xH0qbaqtzc2onO0XC2Ywu,spotify:track:5xH0qbaqtzc2onO0XC2Ywu,https://p.scdn.co/mp3-preview/83b43278c2c1f3f6796288692bc3cd19a4946ce5?cid=63a77ff40e794a12ae216a18befde98c,Bonde,45,"Ali Farka Touré,Ry Cooder",Talking Timbuktu,0.712,0.514,328827,0.532,0.00523,2,0.0816,-17.026,1,0.0936,113.821,0.553
afro,Classic Afropop,37i9dQZF1DXcIme26eJxid,6GIBtvIijjv5EzlgEO04I7,spotify:track:6GIBtvIijjv5EzlgEO04I7,https://p.scdn.co/mp3-preview/632ada14907631e6ebf30b2e8fbd05d4ce8de284?cid=63a77ff40e794a12ae216a18befde98c,Dancing Time,23,The Funkees,"Dancing Time, the Best of Eastern Nigeria's Afro Rock Exponents 1973-77 (Soundway Records)",0.107,0.717,199067,0.586,1.13e-05,1,0.0757,-10.958,1,0.0598,117.315,0.846
afro,Classic Afropop,37i9dQZF1DXcIme26eJxid,2g72QoX5ZZlEqQpKfnOdrj,spotify:track:2g72QoX5ZZlEqQpKfnOdrj,https://p.scdn.co/mp3-preview/91e5466fb58a64f11cbbccc8d54c700462e40ab6?cid=63a77ff40e794a12ae216a18befde98c,Expensive Shit,37,Fela Kuti,The Best Of The Black President 2,0.212,0.614,793200,0.875,0.356,7,0.0843,-7.697,0,0.107,122.665,0.682
afro,Classic Afropop,37i9dQZF1DXcIme26eJxid,7lSNZV9U8D7BnzwTIM8zlG,spotify:track:7lSNZV9U8D7BnzwTIM8zlG,https://p.scdn.co/mp3-preview/cb236e0825cff0221873d0c336a4c78fa7e65c3c?cid=63a77ff40e794a12ae216a18befde98c,Greetings,40,Joni Haastrup,Nigeria 70 - Funky Lagos,0.0164,0.653,373333,0.875,0.0311,9,0.377,-5.232,1,0.125,116.956,0.789
afro,Classic Afropop,37i9dQZF1DXcIme26eJxid,43nHMCR6U4gw8sC4Q6JtK0,spotify:track:43nHMCR6U4gw8sC4Q6JtK0,https://p.scdn.co/mp3-preview/4cc76e0228ea186375a838158f696c4c661c5602?cid=63a77ff40e794a12ae216a18befde98c,I Need Someone,18,Kris Okotie,I Need Someone,0.525,0.69,271856,0.778,0.48,9,0.32,-11.675,1,0.0406,138.973,0.918
afro,Classic Afropop,37i9dQZF1DXcIme26eJxid,3MjmFVzp41XxLlKpkhfn4q,spotify:track:3MjmFVzp41XxLlKpkhfn4q,https://p.scdn.co/mp3-preview/36afcd335f1a63bdf32effb4a14dc2837c27eda5?cid=63a77ff40e794a12ae216a18befde98c,In Your Eyes,45,"Peter Gabriel,Youssou N'Dour",Fatteliku (Live in Athens 1987),0.0365,0.596,643023,0.785,0.00372,11,0.987,-7.659,0,0.0667,91.934,0.439
afro,Classic Afropop,37i9dQZF1DXcIme26eJxid,1C9XAjzr0pd1yE76TD3FM3,spotify:track:1C9XAjzr0pd1yE76TD3FM3,https://p.scdn.co/mp3-preview/226cef05cf9155852578f9bfe47c47087c6ba36c?cid=63a77ff40e794a12ae216a18befde98c,Jingo,36,Candido,"Discomania: Hits Dance 70-80, Vol. 6",0.000574,0.629,372733,0.732,0.553,10,0.322,-14.43,0,0.0367,115.69,0.68
afro,Classic Afropop,37i9dQZF1DXcIme26eJxid,7II6pBzmOKIwTWZA6EhHjH,spotify:track:7II6pBzmOKIwTWZA6EhHjH,https://p.scdn.co/mp3-preview/17952d30f93d27fb653f553cc0264fc61694d094?cid=63a77ff40e794a12ae216a18befde98c,Juliana,19,Tony Okoroji,"Ivory Music Classics, Vol. 2",0.12,0.657,535160,0.351,0.0791,7,0.302,-18.391,1,0.0778,123.077,0.582
afro,Classic Afropop,37i9dQZF1DXcIme26eJxid,63xoPxJFZUrgNKJtnmDPaZ,spotify:track:63xoPxJFZUrgNKJtnmDPaZ,https://p.scdn.co/mp3-preview/14ada1e25bc3a28c91d3859d1a58d4754d39fd62?cid=63a77ff40e794a12ae216a18befde98c,Kenimania,34,Monomono,Nigeria Rock Special: Psychedelic Afro-Rock & Fuzz Funk in 1970's Nigeria,0.0847,0.671,277787,0.86,0.834,11,0.154,-9.071,0,0.0432,96.674,0.901
afro,Classic Afropop,37i9dQZF1DXcIme26eJxid,2e8OoF7KghSpQ1MdsX7sJd,spotify:track:2e8OoF7KghSpQ1MdsX7sJd,https://p.scdn.co/mp3-preview/b6f1930c08d79e428f82bcbe18c509d051455cca?cid=63a77ff40e794a12ae216a18befde98c,Living Music,30,Onyeka Onwenu,"Ivory Music Classics, Vol. 2",0.349,0.763,364707,0.546,0.19,6,0.341,-16.873,1,0.0631,133.4,0.945
afro,Classic Afropop,37i9dQZF1DXcIme26eJxid,6S8BapmclM4NWh19SciQOj,spotify:track:6S8BapmclM4NWh19SciQOj,,Maajo,17,King Sunny Ade,Synchro System,0.588,0.555,206427,0.811,0.0131,0,0.155,-13.072,0,0.0664,124.505,0.889
afro,Classic Afropop,37i9dQZF1DXcIme26eJxid,4aMIL5JKiu1S4KwKbxRHsW,spotify:track:4aMIL5JKiu1S4KwKbxRHsW,https://p.scdn.co/mp3-preview/2de84178087c2f3d7d9908542b942a03f29e5986?cid=63a77ff40e794a12ae216a18befde98c,Nkosi Sikelel' iAfrika (Shosholoza Mix),34,Ladysmith Black Mambazo,In Harmony,0.771,0.632,210613,0.59,0.007,10,0.36,-9.61,1,0.0304,92.01,0.841
afro,Classic Afropop,37i9dQZF1DXcIme26eJxid,7Mi1P2r04F6iyOzrB3IOlR,spotify:track:7Mi1P2r04F6iyOzrB3IOlR,https://p.scdn.co/mp3-preview/f761daec76c17d73fa70a8f765db65e08455953e?cid=63a77ff40e794a12ae216a18befde98c,Orere-Elejigbo,27,Lijadu Sisters,Horizon Unlimted,0.55,0.643,256307,0.549,3.08e-05,11,0.366,-12.024,0,0.316,114.064,0.819
