category_id,playlist_name,playlist_id,track_id,track_uri,track_preview_url,track_name,track_popularity,artist_name,album_name,acousticness,danceability,duration_ms,energy,instrumentalness,key,liveness,loudness,mode,speechiness,tempo,valence
chill,Throwback Covers '70s & '80s,37i9dQZF1DX4nb8GbLLOhT,4b1hVHiZrltoXPDskF0mCp,spotify:track:4b1hVHiZrltoXPDskF0mCp,https://p.scdn.co/mp3-preview/0e80dacfd78a82c260293dfd8f3209e0575cf4ce?cid=63a77ff40e794a12ae216a18befde98c,Don't Dream It's Over,64,The Head and the Heart,Don't Dream It's Over,0.0824,0.433,219517,0.73,2.01e-06,8,0.105,-4.933,1,0.0315,84.138,0.346
chill,Throwback Covers '70s & '80s,37i9dQZF1DX4nb8GbLLOhT,1JiHcWvhF1CKccD8H3oiFm,spotify:track:1JiHcWvhF1CKccD8H3oiFm,,Everybody Wants To Rule The World,39,Joseph,Stay Awake,0.964,0.491,222742,0.343,0.0273,11,0.171,-9.178,0,0.0299,120.13,0.226
chill,Throwback Covers '70s & '80s,37i9dQZF1DX4nb8GbLLOhT,2AgqXfsn2W4lXjchlqRyz1,spotify:track:2AgqXfsn2W4lXjchlqRyz1,https://p.scdn.co/mp3-preview/2e236f203e8e67c5e964a1da74e2c382c2d681ea?cid=63a77ff40e794a12ae216a18befde98c,You Can Call Me Al - Recorded at Spotify Studios NYC,48,Vance Joy,Spotify Singles,0.165,0.796,188528,0.566,0.0291,0,0.0802,-8.484,1,0.0574,130.776,0.715
chill,Throwback Covers '70s & '80s,37i9dQZF1DX4nb8GbLLOhT,77mT8LF6gDOLZNOjUhmwfV,spotify:track:77mT8LF6gDOLZNOjUhmwfV,https://p.scdn.co/mp3-preview/de4dd9354c7dc41a1c21691487ee4f2ad4ae2773?cid=63a77ff40e794a12ae216a18befde98c,"Wicked Game - Live at Killkenny Arts Festival, Ireland/2011",54,James Vincent McMorrow,We Don't Eat EP,0.872,0.545,271800,0.181,0.0035,11,0.689,-14.698,1,0.0362,113.221,0.16
chill,Throwback Covers '70s & '80s,37i9dQZF1DX4nb8GbLLOhT,6NpJAVNK1XPEUoXm4TvK1x,spotify:track:6NpJAVNK1XPEUoXm4TvK1x,,Don't You Want Me,43,"Bahamas,The Weather Station",Das erstaunliche Leben des Walter Mitty (Original Motion Picture Soundtrack),0.913,0.668,199427,0.214,0.0157,0,0.122,-14.983,1,0.0437,111.2,0.348
chill,Throwback Covers '70s & '80s,37i9dQZF1DX4nb8GbLLOhT,4zzi2eD2cEPpQ3a307mPPj,spotify:track:4zzi2eD2cEPpQ3a307mPPj,https://p.scdn.co/mp3-preview/a6a03eb031d4c2cb2ddba77030d52a5b1d091274?cid=63a77ff40e794a12ae216a18befde98c,Billie Jean,64,The Civil Wars,Between The Bars (EP),0.829,0.532,259920,0.203,0.0,9,0.108,-8.524,0,0.0668,89.646,0.543
chill,Throwback Covers '70s & '80s,37i9dQZF1DX4nb8GbLLOhT,4LLTqpc4ywNrx89seBQi3w,spotify:track:4LLTqpc4ywNrx89seBQi3w,,When Doves Cry - Recorded At Spotify Studios NYC,60,Sarah Jarosz,Spotify Singles,0.638,0.776,280828,0.335,0.000126,9,0.15,-10.152,1,0.0614,127.754,0.54
chill,Throwback Covers '70s & '80s,37i9dQZF1DX4nb8GbLLOhT,6zo52JP3T62BJWN1Fd802D,spotify:track:6zo52JP3T62BJWN1Fd802D,https://p.scdn.co/mp3-preview/360e1e566dac98aa3e383a59b691ce2f5606f193?cid=63a77ff40e794a12ae216a18befde98c,Wild Horses (feat. Adam Levine) - Unplugged,53,"Alicia Keys,Adam Levine",Unplugged,0.665,0.375,364800,0.422,0.000471,7,0.702,-9.197,1,0.0322,133.051,0.0886
chill,Throwback Covers '70s & '80s,37i9dQZF1DX4nb8GbLLOhT,2wpebYFWzZ06RNYkOZgw6x,spotify:track:2wpebYFWzZ06RNYkOZgw6x,https://p.scdn.co/mp3-preview/b623dcfd36aff5121f0eb77711c3c30fb41d13d1?cid=63a77ff40e794a12ae216a18befde98c,I Wanna Dance with Somebody,50,"Megan Davies,Keelan Donovan",I Wanna Dance with Somebody,0.821,0.645,256822,0.223,0.0,7,0.119,-10.949,1,0.0363,106.881,0.217
chill,Throwback Covers '70s & '80s,37i9dQZF1DX4nb8GbLLOhT,0h7qb59r82YH9x4HhvZkXl,spotify:track:0h7qb59r82YH9x4HhvZkXl,https://p.scdn.co/mp3-preview/b753ee65f2e0b481a46bbb03c38964d236488b63?cid=63a77ff40e794a12ae216a18befde98c,With or Without You - Cover Version,45,SEAWAVES,With or Without You,0.067,0.471,338286,0.709,9.41e-06,4,0.0881,-6.671,1,0.0313,104.99,0.133
chill,Throwback Covers '70s & '80s,37i9dQZF1DX4nb8GbLLOhT,79ms40oOzof3LMyrrXDXtJ,spotify:track:79ms40oOzof3LMyrrXDXtJ,https://p.scdn.co/mp3-preview/16eef861aa43aacb5b10a2624858e7df5586771d?cid=63a77ff40e794a12ae216a18befde98c,Fast Car (feat. Tall Heights),66,"Ryan Montbleau,Tall Heights",All or Nothing / Fast Car,0.865,0.577,272967,0.17,0.0,9,0.133,-12.979,1,0.0462,174.192,0.36
chill,Throwback Covers '70s & '80s,37i9dQZF1DX4nb8GbLLOhT,1dEHQktvcM8vCCyI1x7yVB,spotify:track:1dEHQktvcM8vCCyI1x7yVB,https://p.scdn.co/mp3-preview/0bc3b40878bd3019e366710704998712001a9843?cid=63a77ff40e794a12ae216a18befde98c,You're the One That I Want,56,Lo-Fang,Blue Film,0.643,0.445,204707,0.309,0.000369,11,0.224,-12.517,0,0.0404,119.754,0.153
chill,Throwback Covers '70s & '80s,37i9dQZF1DX4nb8GbLLOhT,0EUUDOsagEyFO0iVUlOqeS,spotify:track:0EUUDOsagEyFO0iVUlOqeS,https://p.scdn.co/mp3-preview/495fcc69e7cca043246adb87bd96d0f383024549?cid=63a77ff40e794a12ae216a18befde98c,Take On Me - Grey's Anatomy Version,49,Aqualung,Take On Me (Grey's Anatomy Version),0.98,0.382,255500,0.0298,0.000742,2,0.0982,-19.237,1,0.0376,112.02,0.174
chill,Throwback Covers '70s & '80s,37i9dQZF1DX4nb8GbLLOhT,5qv0ohJV2QNwga79jLNDYQ,spotify:track:5qv0ohJV2QNwga79jLNDYQ,,Hallelujah,12,Jeff Buckley,So Real: Songs From Jeff Buckley,0.92,0.26,414587,0.133,0.000716,0,0.154,-11.156,1,0.0351,69.166,0.0828
chill,Throwback Covers '70s & '80s,37i9dQZF1DX4nb8GbLLOhT,511ndT2nNWnvAzPdzo8wBO,spotify:track:511ndT2nNWnvAzPdzo8wBO,https://p.scdn.co/mp3-preview/0f0b88208b22e50ff5bd31fd7eed3ef41bc3d48e?cid=63a77ff40e794a12ae216a18befde98c,Mad World (feat. Gary Jules),50,Michael Andrews,Donnie Darko (Original Motion Picture Soundtrack),0.973,0.547,184813,0.0651,2.77e-05,3,0.0997,-16.388,1,0.0314,87.339,0.336
chill,Throwback Covers '70s & '80s,37i9dQZF1DX4nb8GbLLOhT,3e5eR2DBoHD2qR4HN3YmTv,spotify:track:3e5eR2DBoHD2qR4HN3YmTv,,Whole Wide World,61,Bahamas,Pink Strat,0.598,0.731,155240,0.447,0.000279,5,0.116,-9.038,1,0.0386,108.838,0.595
chill,Throwback Covers '70s & '80s,37i9dQZF1DX4nb8GbLLOhT,7dP4k5nDDwI1qMDoz5m0f6,spotify:track:7dP4k5nDDwI1qMDoz5m0f6,,This Must Be The Place,53,"Iron & Wine,Ben Bridwell",Sing Into My Mouth,0.477,0.634,212487,0.408,0.00611,0,0.124,-10.452,1,0.0287,118.858,0.61
chill,Throwback Covers '70s & '80s,37i9dQZF1DX4nb8GbLLOhT,1iHRisYS4XViEGhR13wOFa,spotify:track:1iHRisYS4XViEGhR13wOFa,,Jolene,42,Mindy Smith,One Moment More,0.452,0.423,258253,0.368,0.0,9,0.0898,-9.472,0,0.0299,87.669,0.168
chill,Throwback Covers '70s & '80s,37i9dQZF1DX4nb8GbLLOhT,2faT135hfs9Ro4YUlKIG8o,spotify:track:2faT135hfs9Ro4YUlKIG8o,https://p.scdn.co/mp3-preview/a0823e75c456aaaf2b26df824b88f6ba8d749ec1?cid=63a77ff40e794a12ae216a18befde98c,Jealous Guy,48,Hurray For The Riff Raff,My Dearest Darkest Neighbor,0.904,0.572,207493,0.0832,0.0,2,0.112,-18.185,1,0.0368,136.655,0.335
chill,Throwback Covers '70s & '80s,37i9dQZF1DX4nb8GbLLOhT,7o3P67x3vGKrKp9bmkQDg0,spotify:track:7o3P67x3vGKrKp9bmkQDg0,https://p.scdn.co/mp3-preview/4068b9af7abcb8a44355b3f6cb16f8209f398028?cid=63a77ff40e794a12ae216a18befde98c,The Only Living Boy in New York - Recorded at Spotify Studios NYC,47,Kishi Bashi,Spotify Singles,0.583,0.601,240483,0.325,0.000559,10,0.0902,-13.193,1,0.0285,73.078,0.267
chill,Throwback Covers '70s & '80s,37i9dQZF1DX4nb8GbLLOhT,0UwnJo950rdPzqTKVRwoWj,spotify:track:0UwnJo950rdPzqTKVRwoWj,,Sorrow (feat. Jenny Lewis),7,"Paul Shaffer And The World's Most Dangerous Band,Jenny Lewis",Sorrow (feat. Jenny Lewis),0.086,0.585,219933,0.776,2.61e-06,7,0.305,-3.901,1,0.0276,109.993,0.656
chill,Throwback Covers '70s & '80s,37i9dQZF1DX4nb8GbLLOhT,2mN9PvVZX0thvOclMwQAju,spotify:track:2mN9PvVZX0thvOclMwQAju,,Your Song,55,Ellie Goulding,Lights,0.936,0.48,191813,0.195,0.000762,10,0.18,-11.952,1,0.0313,133.563,0.411
chill,Throwback Covers '70s & '80s,37i9dQZF1DX4nb8GbLLOhT,4f2aupm9UaR6Zqknh3Ph8W,spotify:track:4f2aupm9UaR6Zqknh3Ph8W,,Bennie & The Jets - Live From SXSW 2015,48,BØRNS,Spotify Sessions,0.0928,0.682,201653,0.505,1.38e-05,0,0.704,-10.122,1,0.0403,129.914,0.442
chill,Throwback Covers '70s & '80s,37i9dQZF1DX4nb8GbLLOhT,00g9nXUNQlmAt5bjhJIkCG,spotify:track:00g9nXUNQlmAt5bjhJIkCG,,Silly Love Songs,33,Red House Painters,Songs For A Blue Guitar,0.0348,0.418,671133,0.453,0.00625,7,0.0774,-9.211,1,0.0279,114.3,0.18
chill,Throwback Covers '70s & '80s,37i9dQZF1DX4nb8GbLLOhT,54EtQECBgqzbTWJmn3vFhJ,spotify:track:54EtQECBgqzbTWJmn3vFhJ,,True Colors,9,Ane Brun,True Colors,0.984,0.419,140480,0.13,2.18e-05,2,0.0785,-13.764,1,0.0494,172.81,0.366
chill,Throwback Covers '70s & '80s,37i9dQZF1DX4nb8GbLLOhT,4DDD2P6dJurAgk3IYWqK3p,spotify:track:4DDD2P6dJurAgk3IYWqK3p,,How Deep Is Your Love,58,the bird and the bee,Please Clap Your Hands,0.919,0.3,204653,0.303,3.35e-06,8,0.0967,-12.089,1,0.0796,201.242,0.119
chill,Throwback Covers '70s & '80s,37i9dQZF1DX4nb8GbLLOhT,5NvfpK2IQu6DlfE9I2BbOI,spotify:track:5NvfpK2IQu6DlfE9I2BbOI,https://p.scdn.co/mp3-preview/1336ab98d336099bbc31e506fa268257c4f47667?cid=63a77ff40e794a12ae216a18befde98c,Careless Whisper,44,Nataly Dawn,Careless Whisper,0.246,0.621,163587,0.302,0.00248,7,0.107,-9.757,0,0.0385,80.09,0.53
chill,Throwback Covers '70s & '80s,37i9dQZF1DX4nb8GbLLOhT,0Y1BHJjQjDhTnKCAsUEmGJ,spotify:track:0Y1BHJjQjDhTnKCAsUEmGJ,,Tainted Love,10,Imelda May,Mayhem,0.152,0.494,165586,0.92,0.0,9,0.138,-1.975,1,0.118,174.85,0.737
chill,Throwback Covers '70s & '80s,37i9dQZF1DX4nb8GbLLOhT,0Q0IVlqMV64kNLlwjPj0Hl,spotify:track:0Q0IVlqMV64kNLlwjPj0Hl,https://p.scdn.co/mp3-preview/c8fef7f0c42941f08e11854ef261df937a37e177?cid=63a77ff40e794a12ae216a18befde98c,Killing Me Softly With His Song,69,Fugees,The Score (Expanded Edition),0.0279,0.765,298773,0.29,1.02e-06,4,0.571,-17.117,0,0.139,92.409,0.506
chill,Throwback Covers '70s & '80s,37i9dQZF1DX4nb8GbLLOhT,3OGMnp3An87Iig3Bq7iraG,spotify:track:3OGMnp3An87Iig3Bq7iraG,,"Hey Hey, My My",6,Fjord,"Hey Hey, My My",0.552,0.531,243067,0.775,0.247,8,0.0856,-6.33,0,0.0347,135.938,0.192
chill,Throwback Covers '70s & '80s,37i9dQZF1DX4nb8GbLLOhT,10GRKHhhLvFXjKiBI3Yx2k,spotify:track:10GRKHhhLvFXjKiBI3Yx2k,,Addicted To Love,7,Alex Clare,Three Hearts,0.124,0.428,264854,0.544,7.53e-05,2,0.128,-8.931,1,0.0631,112.992,0.427
chill,Throwback Covers '70s & '80s,37i9dQZF1DX4nb8GbLLOhT,40ElryUezItHa3JAfgGUPl,spotify:track:40ElryUezItHa3JAfgGUPl,https://p.scdn.co/mp3-preview/5ca0c4e0ee3d0295b70f3b7130f03f009c737ab8?cid=63a77ff40e794a12ae216a18befde98c,Only Love Can Break Your Heart - Live in Dublin,42,The Corrs,VH1 Presents The Corrs Live In Dublin,0.657,0.439,183667,0.621,0.0,2,0.723,-8.005,1,0.0629,130.119,0.377
chill,Throwback Covers '70s & '80s,37i9dQZF1DX4nb8GbLLOhT,2rKVo2Gl8CrLlFxMu40zCX,spotify:track:2rKVo2Gl8CrLlFxMu40zCX,https://p.scdn.co/mp3-preview/90d7bc95ee7cbf418bcaf45d56e2debdd6526033?cid=63a77ff40e794a12ae216a18befde98c,Sugaree,51,"Phosphorescent,Jenny Lewis",Day of the Dead,0.0126,0.304,299720,0.883,0.235,4,0.178,-6.25,1,0.101,174.014,0.718
chill,Throwback Covers '70s & '80s,37i9dQZF1DX4nb8GbLLOhT,2YSbHu9XF4bNYWt3MnIhgE,spotify:track:2YSbHu9XF4bNYWt3MnIhgE,https://p.scdn.co/mp3-preview/1f8e6abafd07e2e9dde3cf35ba5827a7f2790533?cid=63a77ff40e794a12ae216a18befde98c,Bohemian Rhapsody,64,Panic! At The Disco,Suicide Squad: The Album,0.175,0.386,363114,0.562,9.17e-06,10,0.209,-4.363,1,0.03,72.945,0.228
chill,Throwback Covers '70s & '80s,37i9dQZF1DX4nb8GbLLOhT,6p6LQkPZFP8MLCFT1tRpZw,spotify:track:6p6LQkPZFP8MLCFT1tRpZw,,Heart Of Gold,53,Johnny Cash,Unearthed,0.581,0.565,180960,0.7,0.00587,10,0.485,-5.75,1,0.0307,165.055,0.779
chill,Throwback Covers '70s & '80s,37i9dQZF1DX4nb8GbLLOhT,01CoJ5SrLd5V9nm9oD3b1m,spotify:track:01CoJ5SrLd5V9nm9oD3b1m,https://p.scdn.co/mp3-preview/098edfeab9373229c2399d0e2fbf33e7cad7c9aa?cid=63a77ff40e794a12ae216a18befde98c,Midnight Rider - Recorded at Spotify Studios NYC,45,Train,Spotify Singles,0.00159,0.613,201093,0.711,0.000981,7,0.141,-7.614,1,0.0238,91.954,0.432
chill,Throwback Covers '70s & '80s,37i9dQZF1DX4nb8GbLLOhT,0B6II0Cpw7arjaK8UQb67q,spotify:track:0B6II0Cpw7arjaK8UQb67q,https://p.scdn.co/mp3-preview/29b3a0a194338d278f5e602a22df89b93b4697ee?cid=63a77ff40e794a12ae216a18befde98c,Lean on Me,44,Seal,Soul 2 (Deluxe Version),0.708,0.635,206747,0.516,6.38e-05,0,0.0699,-9.945,1,0.0318,77.885,0.471
chill,Throwback Covers '70s & '80s,37i9dQZF1DX4nb8GbLLOhT,0hHVWzhMs8bmKrs1NNx3c2,spotify:track:0hHVWzhMs8bmKrs1NNx3c2,,Stayin Alive,6,Capital Cities,Kangaroo Court EP,0.432,0.657,243578,0.801,0.0228,11,0.143,-6.594,1,0.0405,95.007,0.665
chill,Throwback Covers '70s & '80s,37i9dQZF1DX4nb8GbLLOhT,4Nwm4lvNRxXkGR6aMmtdKm,spotify:track:4Nwm4lvNRxXkGR6aMmtdKm,https://p.scdn.co/mp3-preview/e6766d58a483a72132fee678e46cbf4b2cf727c6?cid=63a77ff40e794a12ae216a18befde98c,Fly Like an Eagle,50,Seal,Hits,0.00697,0.623,254773,0.836,3.41e-06,7,0.0687,-4.729,1,0.0595,97.14,0.631
chill,Throwback Covers '70s & '80s,37i9dQZF1DX4nb8GbLLOhT,1oV1tu8utgHQjLJsEK9sVl,spotify:track:1oV1tu8utgHQjLJsEK9sVl,https://p.scdn.co/mp3-preview/bf6cc205db5c86507b63df03b0bd8b37860a18c4?cid=63a77ff40e794a12ae216a18befde98c,Take Me to the River - 2005 Remaster,57,Talking Heads,More Songs About Buildings And Food (Deluxe Version),0.242,0.66,302520,0.485,0.0102,2,0.0585,-8.101,1,0.0258,99.828,0.829
chill,Throwback Covers '70s & '80s,37i9dQZF1DX4nb8GbLLOhT,2e3kaO7DTPQ7kZJ6wGwcLo,spotify:track:2e3kaO7DTPQ7kZJ6wGwcLo,,Everlasting Love,47,U2,The Best Of 1980-1990 & B-Sides,0.196,0.553,199333,0.874,0.000193,3,0.326,-7.386,1,0.037,126.287,0.505
chill,Throwback Covers '70s & '80s,37i9dQZF1DX4nb8GbLLOhT,15VRO9CQwMpbqUYA7e6Hwg,spotify:track:15VRO9CQwMpbqUYA7e6Hwg,,The Man Who Sold The World,73,Nirvana,MTV Unplugged In New York,0.406,0.485,260947,0.738,8.77e-05,1,0.514,-8.884,0,0.101,114.713,0.484
chill,Throwback Covers '70s & '80s,37i9dQZF1DX4nb8GbLLOhT,42HGl10TZF0LLfLgMWNtfw,spotify:track:42HGl10TZF0LLfLgMWNtfw,https://p.scdn.co/mp3-preview/1802265c9faead520e98b8dc4351d719192e02c7?cid=63a77ff40e794a12ae216a18befde98c,Edge of Seventeen,50,The Wind and The Wave,Covers One,0.368,0.664,327853,0.79,6.27e-05,4,0.382,-4.631,0,0.0303,110.002,0.175
chill,Throwback Covers '70s & '80s,37i9dQZF1DX4nb8GbLLOhT,0VuhdSYkAOmhASbt5vnkdO,spotify:track:0VuhdSYkAOmhASbt5vnkdO,,Go Your Own Way,50,The Cranberries,To The Faithful Departed (The Complete Sessions 1996-1997),0.000959,0.466,241960,0.939,2.91e-05,5,0.0941,-3.812,1,0.0416,138.514,0.655
chill,Throwback Covers '70s & '80s,37i9dQZF1DX4nb8GbLLOhT,03auri1kCcQxFDvU3yoD3E,spotify:track:03auri1kCcQxFDvU3yoD3E,,Rocket Man,9,My Morning Jacket,Ch. 1 The Sandworm Cometh: Early Recordings,0.517,0.558,299827,0.286,0.0374,3,0.105,-9.572,1,0.0295,120.316,0.123
chill,Throwback Covers '70s & '80s,37i9dQZF1DX4nb8GbLLOhT,5aZsRVl7V7Wn8GKYCtqtkf,spotify:track:5aZsRVl7V7Wn8GKYCtqtkf,https://p.scdn.co/mp3-preview/4c7ef7cf5567b72785821460de70ae75507ca689?cid=63a77ff40e794a12ae216a18befde98c,This Woman's Work - Live from MTV Unplugged,47,Maxwell,MTV Unplugged,0.881,0.371,265760,0.342,1.25e-05,8,0.889,-10.916,1,0.0481,106.76,0.151
chill,Throwback Covers '70s & '80s,37i9dQZF1DX4nb8GbLLOhT,3hDdoYcloluv7FeoFZUP63,spotify:track:3hDdoYcloluv7FeoFZUP63,https://p.scdn.co/mp3-preview/168714e4f3839be8080ceb67f16f612d762dde55?cid=63a77ff40e794a12ae216a18befde98c,It's Hard to Be a Saint in the City,44,David Bowie,Sound And Vision,0.00232,0.494,228800,0.887,2e-05,2,0.0733,-8.625,1,0.0617,120.711,0.704
chill,Throwback Covers '70s & '80s,37i9dQZF1DX4nb8GbLLOhT,7oof6K1s09QXjOxDucR2r8,spotify:track:7oof6K1s09QXjOxDucR2r8,https://p.scdn.co/mp3-preview/932f89853229c467586eafe4dc53d9a094f05b3d?cid=63a77ff40e794a12ae216a18befde98c,Under Pressure,48,The Used,In Love And Death (PA + Bonus Track),0.00134,0.528,211733,0.897,0.0,2,0.19,-5.943,1,0.0589,125.009,0.29
chill,Throwback Covers '70s & '80s,37i9dQZF1DX4nb8GbLLOhT,0ZsaNvBjUszvPpnBAdGOJx,spotify:track:0ZsaNvBjUszvPpnBAdGOJx,https://p.scdn.co/mp3-preview/b05598f54872aaa1597d97440c017a08273ee21d?cid=63a77ff40e794a12ae216a18befde98c,Summer Breeze,43,Jason Mraz,Everwood (Original Television Soundtrack),0.639,0.525,266773,0.703,2.53e-06,4,0.124,-6.833,0,0.0261,92.899,0.674
chill,Throwback Covers '70s & '80s,37i9dQZF1DX4nb8GbLLOhT,3FUsMXBxA4V7eUwQ7B0HQO,spotify:track:3FUsMXBxA4V7eUwQ7B0HQO,,Love Buzz - Remastered,8,Nirvana,Bleach: Deluxe Edition,3.22e-05,0.47,215120,0.885,0.196,3,0.169,-7.224,1,0.0354,138.153,0.79
chill,Throwback Covers '70s & '80s,37i9dQZF1DX4nb8GbLLOhT,2BdSaGVMxZzEeJYjjrlo6n,spotify:track:2BdSaGVMxZzEeJYjjrlo6n,,American Woman,53,Lenny Kravitz,Greatest Hits,0.024,0.669,261707,0.7,0.0,1,0.0782,-7.971,1,0.0714,83.989,0.6
chill,Throwback Covers '70s & '80s,37i9dQZF1DX4nb8GbLLOhT,0UVFbzpsKw8lFGToN9v937,spotify:track:0UVFbzpsKw8lFGToN9v937,https://p.scdn.co/mp3-preview/4388abaf0dc9f6c53a0fca02b9e11baed5eb216b?cid=63a77ff40e794a12ae216a18befde98c,Rock El Casbah,30,Rachid Taha,Tekitoi,0.0861,0.696,274240,0.96,0.000247,5,0.0895,-3.937,1,0.0549,134.846,0.694
chill,Throwback Covers '70s & '80s,37i9dQZF1DX4nb8GbLLOhT,2RhmBFxosxGKiZhIaTHKFn,spotify:track:2RhmBFxosxGKiZhIaTHKFn,https://p.scdn.co/mp3-preview/ba2fa258388971db567463aeaa1877d8fc57487a?cid=63a77ff40e794a12ae216a18befde98c,Why Can't We Live Together,38,Sade,Diamond Life,0.808,0.837,328333,0.322,0.877,10,0.0966,-10.161,1,0.0356,104.499,0.962
