category_id,playlist_name,playlist_id,track_id,track_uri,track_preview_url,track_name,track_popularity,artist_name,album_name,acousticness,danceability,duration_ms,energy,instrumentalness,key,liveness,loudness,mode,speechiness,tempo,valence
afro,House Nation,37i9dQZF1DWX4IFcj5utrY,1mJLFakrexjxOg5m864cm0,spotify:track:1mJLFakrexjxOg5m864cm0,https://p.scdn.co/mp3-preview/971bab6980d346308d6735e3998c1fae90d41b1d?cid=63a77ff40e794a12ae216a18befde98c,Baby Are You Coming?,34,Zero12Finest,Baby Are You Coming?,0.0122,0.773,262000,0.603,0.0392,10,0.0916,-9.227,1,0.0834,153.299,0.444
afro,House Nation,37i9dQZF1DWX4IFcj5utrY,1HXq0fkyqSk4G5MUJTp9x7,spotify:track:1HXq0fkyqSk4G5MUJTp9x7,,Mavaravara - Radio Edit,15,"OSKIDO,Sdudla Somdantso,Drumetic Boys",Mavaravara,0.0197,0.809,241935,0.866,0.253,1,0.308,-9.161,0,0.0407,124.007,0.656
afro,House Nation,37i9dQZF1DWX4IFcj5utrY,49eLGGW74MbL32ggTgFGzB,spotify:track:49eLGGW74MbL32ggTgFGzB,https://p.scdn.co/mp3-preview/18b5e35bf1a004fcb29468a881e39d0f49be39b5?cid=63a77ff40e794a12ae216a18befde98c,My Dali,37,"TNS,Indlovukazi",My Dali,0.221,0.808,253388,0.774,0.614,3,0.0727,-8.612,0,0.0389,124.998,0.402
afro,House Nation,37i9dQZF1DWX4IFcj5utrY,0ocBAjy2G311hzRNhCSQe8,spotify:track:0ocBAjy2G311hzRNhCSQe8,https://p.scdn.co/mp3-preview/c4132d80a51cc4c5a89e2fdcea17ec184a181c85?cid=63a77ff40e794a12ae216a18befde98c,Fire Fighters,14,"Caltonic SA,JayLokas,Damage Da Dj",Fire Fighters,0.0173,0.545,487393,0.805,0.942,10,0.101,-7.163,0,0.0618,112.008,0.741
afro,House Nation,37i9dQZF1DWX4IFcj5utrY,5SMnO3dXZhkacPLGeATgh9,spotify:track:5SMnO3dXZhkacPLGeATgh9,https://p.scdn.co/mp3-preview/e4c72d8a936bf7d70a1a55fd46378d3b9c607739?cid=63a77ff40e794a12ae216a18befde98c,Kokota,38,"KayGee DaKing,Bizizi,Killer Kau",Kokota,0.054,0.803,266220,0.816,0.00159,11,0.128,-6.485,0,0.0575,110.008,0.359
afro,House Nation,37i9dQZF1DWX4IFcj5utrY,4ZPWlfkP3w3Pz8sbZemwKl,spotify:track:4ZPWlfkP3w3Pz8sbZemwKl,https://p.scdn.co/mp3-preview/8afbcdd3e14d459a83ba17fc424c020cf3caec48?cid=63a77ff40e794a12ae216a18befde98c,Uzongilinga,27,"TNS,Fey",Uzongilinga,0.23,0.784,304118,0.677,0.503,6,0.1,-12.213,0,0.0437,121.979,0.451
afro,House Nation,37i9dQZF1DWX4IFcj5utrY,2b4TcA1EuojrsVBG4oKZ32,spotify:track:2b4TcA1EuojrsVBG4oKZ32,,Ur Sheetee,29,"Kabza De Small,Leehleza,Moonchild Sanelly",Ur Sheetee,0.0267,0.844,372037,0.528,0.00614,1,0.0707,-8.541,1,0.0564,114.007,0.293
afro,House Nation,37i9dQZF1DWX4IFcj5utrY,0auPOKGkiGSBptmBjvhM05,spotify:track:0auPOKGkiGSBptmBjvhM05,https://p.scdn.co/mp3-preview/02e6e425b80651fedb1e408031c8071b3e60847e?cid=63a77ff40e794a12ae216a18befde98c,Amygdala,27,Malik Faquir,Drift Away,0.181,0.774,456063,0.59,0.896,2,0.0688,-11.763,1,0.0731,109.997,0.0398
afro,House Nation,37i9dQZF1DWX4IFcj5utrY,6bMbl8nsUk7HY1QOnvQT1u,spotify:track:6bMbl8nsUk7HY1QOnvQT1u,https://p.scdn.co/mp3-preview/5aec9bd236d8a158735d1b8ad0c43f7ef9d57187?cid=63a77ff40e794a12ae216a18befde98c,Like Vigro Deep,31,Caltonic SA,Like Vigro Deep,0.00811,0.813,338129,0.71,0.889,5,0.0655,-9.339,0,0.0502,111.958,0.118
afro,House Nation,37i9dQZF1DWX4IFcj5utrY,4iJzHasoWssPMFvCE3MPK0,spotify:track:4iJzHasoWssPMFvCE3MPK0,https://p.scdn.co/mp3-preview/2f8019211ece94c70237f29d948bcf6a8244729f?cid=63a77ff40e794a12ae216a18befde98c,Internal (Mr Bassplay),27,Caltonic SA,Internal (Mr Bassplay),0.413,0.801,491259,0.644,0.886,8,0.09,-10.012,0,0.0701,112.002,0.246
afro,House Nation,37i9dQZF1DWX4IFcj5utrY,7kjrGCVwC3DxO4ez4Y5ylL,spotify:track:7kjrGCVwC3DxO4ez4Y5ylL,https://p.scdn.co/mp3-preview/d2ffa23d26431170398a7a6760eebc6b62cd9fc0?cid=63a77ff40e794a12ae216a18befde98c,Ayikho La,26,"Ngwaneso Ngwaneso,ThackzinDJ",Ayikho La,0.197,0.653,304286,0.7,0.137,1,0.0695,-8.242,1,0.0667,111.989,0.629
afro,House Nation,37i9dQZF1DWX4IFcj5utrY,6IUUtpmkYh34mj8QXj6c6U,spotify:track:6IUUtpmkYh34mj8QXj6c6U,,Remote Control,35,"Cassper Nyovest,DJ Sumbody",Sweet And Short,0.149,0.945,303440,0.696,1.3e-06,1,0.324,-7.553,1,0.149,111.946,0.686
afro,House Nation,37i9dQZF1DWX4IFcj5utrY,1nR5ehsTSlqF75eytfTfqg,spotify:track:1nR5ehsTSlqF75eytfTfqg,https://p.scdn.co/mp3-preview/d2f88ee1764d69d64eb3a42a89732f4e3313f878?cid=63a77ff40e794a12ae216a18befde98c,Mduva,27,Kay Invictus,AmaPiano Volume 4,0.000103,0.796,378960,0.97,0.892,1,0.0703,-5.636,1,0.0401,114.003,0.398
afro,House Nation,37i9dQZF1DWX4IFcj5utrY,0ItvtXSaKeQVEi8UiMS5jc,spotify:track:0ItvtXSaKeQVEi8UiMS5jc,https://p.scdn.co/mp3-preview/fd036aa003d47ebf653a253e1529e782eb036793?cid=63a77ff40e794a12ae216a18befde98c,Bamba La - Main Mix,32,"Kabza De Small,Leehleza,Stokie",Bamba La,0.00859,0.573,410159,0.739,0.0475,2,0.0667,-10.403,1,0.0684,114.017,0.338
afro,House Nation,37i9dQZF1DWX4IFcj5utrY,4mzSzsk6GVTPLOzEkTUeQS,spotify:track:4mzSzsk6GVTPLOzEkTUeQS,https://p.scdn.co/mp3-preview/bda8525f9519753edc3c83ab1371f8df27d12ecb?cid=63a77ff40e794a12ae216a18befde98c,Deja Vu - (Fka Mash Glitch Dub),30,"Fka Mash,Lazarusman",Deja Vu,0.0415,0.849,328000,0.485,0.0327,2,0.102,-16.727,1,0.221,114.0,0.136
afro,House Nation,37i9dQZF1DWX4IFcj5utrY,5TFJIUlWmQfJZCWVUcBX00,spotify:track:5TFJIUlWmQfJZCWVUcBX00,https://p.scdn.co/mp3-preview/48cc3cc923aa0018633ae60507b6e89ade6eace9?cid=63a77ff40e794a12ae216a18befde98c,Shesha,38,"De Mthuda,Njelic",Shesha,0.0129,0.763,403212,0.707,0.57,8,0.048,-10.002,0,0.0513,115.03,0.137
afro,House Nation,37i9dQZF1DWX4IFcj5utrY,19o0FUEkrtPZHI72SGxzsZ,spotify:track:19o0FUEkrtPZHI72SGxzsZ,https://p.scdn.co/mp3-preview/ec43d802bf65334ce35f49252cd09e7f7102af7b?cid=63a77ff40e794a12ae216a18befde98c,Wang' Kolota - Amapiano Vocal Mix,24,"20,Mad-K Herold,BASIE",Wang' Kolota (Amapiano Vocal Mix),0.00125,0.563,234553,0.683,0.0254,2,0.0875,-7.232,1,0.0891,115.014,0.564
afro,House Nation,37i9dQZF1DWX4IFcj5utrY,0ND61dZGd1q4n7Owvhs0AF,spotify:track:0ND61dZGd1q4n7Owvhs0AF,https://p.scdn.co/mp3-preview/61bc4d6e275831965c27749a63094f56b14b41ec?cid=63a77ff40e794a12ae216a18befde98c,Umshove,37,"Kabza De Small,Leehleza",Umshove,0.0099,0.831,394514,0.687,0.0939,11,0.0355,-8.554,0,0.067,115.005,0.705
afro,House Nation,37i9dQZF1DWX4IFcj5utrY,3iqHfsNmpypIfS8yXdgj1s,spotify:track:3iqHfsNmpypIfS8yXdgj1s,https://p.scdn.co/mp3-preview/4b029b1e20008550dfbafa735293fa39c3769d75?cid=63a77ff40e794a12ae216a18befde98c,Why Ufike Late - Afro Central Mix,29,Mluja,Why Ufike Late (Afro Central Mix),0.0254,0.602,350772,0.605,0.5,2,0.0871,-10.03,1,0.0533,114.896,0.33
afro,House Nation,37i9dQZF1DWX4IFcj5utrY,0HMkilZGpQf94O94PIDfSf,spotify:track:0HMkilZGpQf94O94PIDfSf,https://p.scdn.co/mp3-preview/a7339c916f87729aa4c8da3fdbabd8b94baff36e?cid=63a77ff40e794a12ae216a18befde98c,Pusha Skorokoro,29,Team Skorokoro,Pusha Skorokoro,0.0205,0.854,306848,0.605,0.0109,4,0.067,-10.381,0,0.0781,114.995,0.864
afro,House Nation,37i9dQZF1DWX4IFcj5utrY,5f7tnXt7kh2J89Aeh0XBe1,spotify:track:5f7tnXt7kh2J89Aeh0XBe1,https://p.scdn.co/mp3-preview/a1ee9397650dffda5def8079a0cc9f7bc2e76c6b?cid=63a77ff40e794a12ae216a18befde98c,Ku'rough,27,Daniel Marven,Ku'rough,0.00354,0.831,250435,0.721,0.417,4,0.0454,-9.188,0,0.0566,114.998,0.973
afro,House Nation,37i9dQZF1DWX4IFcj5utrY,01eaXQQZILw56P0eNUbfkN,spotify:track:01eaXQQZILw56P0eNUbfkN,https://p.scdn.co/mp3-preview/eea19e3b62bd4acd19d19aee561085b9cba7b2c1?cid=63a77ff40e794a12ae216a18befde98c,Amabele Shaya,33,"Kabza De Small,Leehleza",Amabele Shaya,0.00923,0.892,360620,0.545,0.584,10,0.0673,-8.127,1,0.0675,114.993,0.312
afro,House Nation,37i9dQZF1DWX4IFcj5utrY,5s64lWOYXGVvlnoxvQrf6e,spotify:track:5s64lWOYXGVvlnoxvQrf6e,https://p.scdn.co/mp3-preview/68c41a7120e08bcf0c66ef427d0a3f0aff3ae05f?cid=63a77ff40e794a12ae216a18befde98c,Boiling,25,"Bakai,Orah",Boiling,0.0376,0.754,288621,0.822,0.162,9,0.141,-8.11,0,0.042,116.008,0.236
afro,House Nation,37i9dQZF1DWX4IFcj5utrY,0NPBihR4D5WA2eHPja38Wx,spotify:track:0NPBihR4D5WA2eHPja38Wx,https://p.scdn.co/mp3-preview/aff248638d486a3a145eb8055d6615d3d4040e8b?cid=63a77ff40e794a12ae216a18befde98c,Bamb'ikhanda,30,"Mfr Souls,Tallarsetee",Bamb'ikhanda,0.00272,0.822,397638,0.675,0.0349,1,0.0953,-6.877,1,0.0477,116.001,0.435
afro,House Nation,37i9dQZF1DWX4IFcj5utrY,4fmvqIZaLg9SUWNST9gyAa,spotify:track:4fmvqIZaLg9SUWNST9gyAa,https://p.scdn.co/mp3-preview/f144f386da4a36f20b8f4ae15b1bc8b73154413f?cid=63a77ff40e794a12ae216a18befde98c,Gong Gong Gwam (Shaya Mix),29,ElusiveBoy SA,Gong Gong Gwam (Shaya Mix),0.0891,0.933,535028,0.644,0.247,9,0.107,-9.209,1,0.0819,115.994,0.275
afro,House Nation,37i9dQZF1DWX4IFcj5utrY,5PhesopqLldsclePF1e7y7,spotify:track:5PhesopqLldsclePF1e7y7,,iTafula - Radio Edit,36,"OSKIDO,Sdudla Somdantso,DrumPope,Mapiano",iTafula,0.0141,0.917,227161,0.612,0.067,11,0.111,-7.963,1,0.0431,116.035,0.958
afro,House Nation,37i9dQZF1DWX4IFcj5utrY,0SziVSSawqm57GHmdUpgOh,spotify:track:0SziVSSawqm57GHmdUpgOh,https://p.scdn.co/mp3-preview/1908e6a7f6a9ecc1d4911586dae5a6b610105a2a?cid=63a77ff40e794a12ae216a18befde98c,Iskhathi - Main Mix,37,"Kwiish SA,BRG,C'buda M",Spiritual Sounds,0.0014,0.56,461872,0.677,0.886,7,0.0254,-17.702,0,0.114,117.003,0.049
afro,House Nation,37i9dQZF1DWX4IFcj5utrY,2M9mImbf09R5eXN8EuTYfX,spotify:track:2M9mImbf09R5eXN8EuTYfX,,Abagezi Labafana - DJ Vetkuk Vs. Mahoota,28,"DJ Vetkuk,Mahoota,DrumPope,Soul Dictators,Leehleza",Abagezi Labafana (DJ Vetkuk Vs. Mahoota),0.172,0.86,242034,0.751,0.0,4,0.11,-9.244,0,0.101,117.967,0.514
afro,House Nation,37i9dQZF1DWX4IFcj5utrY,3orcq5pRtMFWGpi2hMlAwW,spotify:track:3orcq5pRtMFWGpi2hMlAwW,https://p.scdn.co/mp3-preview/7ef6eb41c7431e924c819ff8504f734f30848b79?cid=63a77ff40e794a12ae216a18befde98c,Monate Mpolaye,37,"DJ Sumbody,Cassper Nyovest,Thebe,Veties",Monate Mpolaye,0.284,0.914,271508,0.549,5.43e-05,3,0.0985,-7.883,0,0.0775,117.976,0.581
afro,House Nation,37i9dQZF1DWX4IFcj5utrY,4Wy0zyVqKmNaex0eCOca5Z,spotify:track:4Wy0zyVqKmNaex0eCOca5Z,,Drive - Radio Edit,43,"Black Coffee,David Guetta,Delilah Montagu",Drive,0.00123,0.72,191258,0.792,0.0434,11,0.0791,-8.776,0,0.038,118.019,0.426
afro,House Nation,37i9dQZF1DWX4IFcj5utrY,4Yzd4dypKdnQVjEyFEGI1c,spotify:track:4Yzd4dypKdnQVjEyFEGI1c,https://p.scdn.co/mp3-preview/edabe6dcc73837cced771a910e42f3fc029d793b?cid=63a77ff40e794a12ae216a18befde98c,Nobody Else - Radio Edit,25,"Dwson,Sio",Nobody Else (Radio Edit),0.431,0.871,216610,0.475,0.0912,8,0.114,-9.874,0,0.0676,118.048,0.408
afro,House Nation,37i9dQZF1DWX4IFcj5utrY,3EUNuXfueNEbLI6grurkum,spotify:track:3EUNuXfueNEbLI6grurkum,https://p.scdn.co/mp3-preview/be2dc2d888606e11dbf04c3cfa11b9c89bb39b17?cid=63a77ff40e794a12ae216a18befde98c,Sad To Think,24,Sculptured Music,Sad To Think,0.000628,0.756,341760,0.685,0.201,1,0.0284,-10.489,1,0.0526,118.0,0.659
afro,House Nation,37i9dQZF1DWX4IFcj5utrY,5eAqLWPR6iLAqgCtfKrjUe,spotify:track:5eAqLWPR6iLAqgCtfKrjUe,https://p.scdn.co/mp3-preview/e2b9b102dcdb4d55b6a1baff7aca01afa7904ac4?cid=63a77ff40e794a12ae216a18befde98c,You - Extended Version,28,Holly Rey,You (Extended Version),0.034,0.744,274860,0.77,3.18e-05,3,0.111,-8.799,0,0.0387,118.968,0.637
afro,House Nation,37i9dQZF1DWX4IFcj5utrY,2zjY0dxd9DKE78H7xUHPtt,spotify:track:2zjY0dxd9DKE78H7xUHPtt,,Ungowam,30,"De Mogul SA,Amanda Faku",Ungowam,0.266,0.824,306555,0.475,0.000247,4,0.111,-11.556,0,0.0442,118.981,0.755
afro,House Nation,37i9dQZF1DWX4IFcj5utrY,6tfXgZjluaSYht2GwnEw21,spotify:track:6tfXgZjluaSYht2GwnEw21,https://p.scdn.co/mp3-preview/240ecd74accb1fe4397233dd42f849ecce4ee11d?cid=63a77ff40e794a12ae216a18befde98c,Wish You Were Here (feat. Msaki),57,"Black Coffee,Msaki",Wish You Were Here (feat. Msaki),0.565,0.634,272412,0.456,0.00253,0,0.0942,-12.425,1,0.0422,119.976,0.157
afro,House Nation,37i9dQZF1DWX4IFcj5utrY,5wFuzF4BXyIbJdvvcx2YyJ,spotify:track:5wFuzF4BXyIbJdvvcx2YyJ,https://p.scdn.co/mp3-preview/8349d10795792474504adfc193b8ea78c158ac99?cid=63a77ff40e794a12ae216a18befde98c,Umama (feat. Shiela Da Bluenote) - DJ Cream DaVanilla Remix,20,"DJ Ex,DJ Cream DaVanilla",Umama (feat. Shiela Da Bluenote),0.0107,0.787,451629,0.828,0.447,2,0.0738,-9.689,1,0.0816,119.997,0.597
afro,House Nation,37i9dQZF1DWX4IFcj5utrY,5BtvxiyzjpJKD6s1fOzZIr,spotify:track:5BtvxiyzjpJKD6s1fOzZIr,https://p.scdn.co/mp3-preview/8b841493a77b42209df5b38991d5c01c11c572c4?cid=63a77ff40e794a12ae216a18befde98c,I Move To A Different Beat,20,"Kid Fonque,Card On Spokes",I Move To A Different Beat,0.0119,0.798,450196,0.69,0.871,1,0.115,-7.188,1,0.0689,120.003,0.276
afro,House Nation,37i9dQZF1DWX4IFcj5utrY,71UXf40FxXloLPOwuAXFda,spotify:track:71UXf40FxXloLPOwuAXFda,https://p.scdn.co/mp3-preview/49fd910f6fc8fbb70fe608abee721a1a6ee57ce3?cid=63a77ff40e794a12ae216a18befde98c,Moment of Silence,29,Dj Clizo,Moment of Silence,0.000275,0.764,506373,0.564,0.895,4,0.0888,-8.881,0,0.0565,120.009,0.691
afro,House Nation,37i9dQZF1DWX4IFcj5utrY,7H80GOHwlluSU2vMGJzwGe,spotify:track:7H80GOHwlluSU2vMGJzwGe,https://p.scdn.co/mp3-preview/0bd9584469b34542382429784282b448b7585784?cid=63a77ff40e794a12ae216a18befde98c,Motho Kadi Bag,27,King Monada,Motho Kadi Bag,0.0702,0.935,250410,0.67,1.15e-05,4,0.128,-6.76,0,0.0384,119.979,0.813
afro,House Nation,37i9dQZF1DWX4IFcj5utrY,3Fdo5aFNqwk6dPjU18nvaX,spotify:track:3Fdo5aFNqwk6dPjU18nvaX,https://p.scdn.co/mp3-preview/6d5ca57bd7fc691293a7735d65941412946fde39?cid=63a77ff40e794a12ae216a18befde98c,Wonder Love,23,"DJ Fresh,Miza,Antonio Lyons",Wonder Love,0.0108,0.771,448664,0.575,0.0945,10,0.0494,-8.2,0,0.0511,120.015,0.87
afro,House Nation,37i9dQZF1DWX4IFcj5utrY,5QJdG45ufZIakZJZiXhDrE,spotify:track:5QJdG45ufZIakZJZiXhDrE,https://p.scdn.co/mp3-preview/7037e2546fae844f3d189735e5278676036f6ded?cid=63a77ff40e794a12ae216a18befde98c,Nqo,24,"Lemon & Herb,Soul Star",Nqo,0.075,0.822,241026,0.841,0.898,11,0.451,-8.938,0,0.0473,120.001,0.808
afro,House Nation,37i9dQZF1DWX4IFcj5utrY,3iQ0XU4x9HKdmmMjkG2Tsw,spotify:track:3iQ0XU4x9HKdmmMjkG2Tsw,https://p.scdn.co/mp3-preview/3d1b24a5166f4ab680c6c414a917f1bfe907c0fb?cid=63a77ff40e794a12ae216a18befde98c,Umahlalela,41,Simmy,Tugela Fairy,0.024,0.771,321552,0.714,0.0168,10,0.0843,-7.485,0,0.0501,121.017,0.654
afro,House Nation,37i9dQZF1DWX4IFcj5utrY,4z8R5Y90jiCE1sn6DmLwqC,spotify:track:4z8R5Y90jiCE1sn6DmLwqC,https://p.scdn.co/mp3-preview/b44880858abc7c100c51513137abc413b07f5904?cid=63a77ff40e794a12ae216a18befde98c,Birds Eye,21,Secret Souls,Next Generation,0.0884,0.848,396694,0.366,0.853,10,0.0767,-12.527,0,0.109,121.016,0.273
afro,House Nation,37i9dQZF1DWX4IFcj5utrY,6lQyWTSdEGT9xjxunH5u45,spotify:track:6lQyWTSdEGT9xjxunH5u45,https://p.scdn.co/mp3-preview/35b7ee348e44a39691db3d77fa2e25556022a421?cid=63a77ff40e794a12ae216a18befde98c,Ghetto Guitar - Radio Edit,21,"DJ Giggs Superstar,Epitome Resound,Techno-Makatara",Ghetto Guitar,0.0085,0.779,73499,0.787,0.766,0,0.119,-9.007,0,0.0514,122.06,0.399
afro,House Nation,37i9dQZF1DWX4IFcj5utrY,0tIXE1epx1PXgjyJHADs15,spotify:track:0tIXE1epx1PXgjyJHADs15,,Bathelele (feat. Joy Denalane),15,"Mafikizolo,Joy Denalane",Bathelele,0.00426,0.81,249493,0.818,0.00175,7,0.086,-5.473,1,0.203,125.008,0.742
afro,House Nation,37i9dQZF1DWX4IFcj5utrY,6K7TA9kfqjmqcgfmU4pT4u,spotify:track:6K7TA9kfqjmqcgfmU4pT4u,,Gugulethu,42,"Prince Kaybee,Indlovukazi,Supta,Afro Brothers",Re Mmino,0.0271,0.731,519334,0.698,0.1,1,0.104,-7.985,1,0.031,123.028,0.275
afro,House Nation,37i9dQZF1DWX4IFcj5utrY,7b0cE21F7QrpoWad3kjBWu,spotify:track:7b0cE21F7QrpoWad3kjBWu,https://p.scdn.co/mp3-preview/c2fd5d39c418645f8169c266ea803d9f8f930ea7?cid=63a77ff40e794a12ae216a18befde98c,Joy Joy (feat. Brenden Praise),38,"Black Motion,Brenden Praise",Joy Joy (feat. Brenden Praise),0.000603,0.812,507915,0.661,0.273,11,0.0706,-11.388,0,0.0856,123.0,0.285
afro,House Nation,37i9dQZF1DWX4IFcj5utrY,3QNAa1KTnwUNemO5eS76Lf,spotify:track:3QNAa1KTnwUNemO5eS76Lf,https://p.scdn.co/mp3-preview/54b6aeb70abd8b059fc387047f529ed6650913a5?cid=63a77ff40e794a12ae216a18befde98c,Nothing Serious - Original,20,Siphe Tebeka,Ibariki EP,0.000216,0.859,409756,0.427,0.898,1,0.088,-15.278,1,0.152,123.023,0.246
afro,House Nation,37i9dQZF1DWX4IFcj5utrY,1LVgMgyb7wAOWHatt7ec7n,spotify:track:1LVgMgyb7wAOWHatt7ec7n,https://p.scdn.co/mp3-preview/d4e19c1192281d306ee98fab049d243406234737?cid=63a77ff40e794a12ae216a18befde98c,Prayer for Rain (feat. Tabia),33,"Caiiro,Black Motion,Tabia",Moya Wa Taola,0.0313,0.685,457813,0.804,0.584,7,0.0739,-9.701,1,0.0506,123.001,0.842
afro,House Nation,37i9dQZF1DWX4IFcj5utrY,6qtm67uGesEY9FXrewqYEB,spotify:track:6qtm67uGesEY9FXrewqYEB,https://p.scdn.co/mp3-preview/4fc392d5c71fabc7e2c6d109e9f2047723ae5651?cid=63a77ff40e794a12ae216a18befde98c,Enemies,20,"DJ Sekza,ExMusiq",Fight in Music,0.148,0.672,406122,0.805,0.928,8,0.109,-7.962,1,0.0366,123.043,0.483
afro,House Nation,37i9dQZF1DWX4IFcj5utrY,5b9EmvFUKokRN4GdzmuPQ1,spotify:track:5b9EmvFUKokRN4GdzmuPQ1,https://p.scdn.co/mp3-preview/2fb06b09b17f6502a45b23c24f0c2717d2b4bcad?cid=63a77ff40e794a12ae216a18befde98c,Don't Break My Heart,30,"Bongo Beats,Liza Miro",Don't Break My Heart,0.0467,0.838,425418,0.536,0.0158,5,0.0659,-9.085,0,0.0508,124.016,0.565
afro,House Nation,37i9dQZF1DWX4IFcj5utrY,5TjU2caAGjHBiPDS1BVA4q,spotify:track:5TjU2caAGjHBiPDS1BVA4q,,Fetch Your Life - Edit,46,"Prince Kaybee,Msaki",Fetch Your Life,0.371,0.768,324698,0.586,0.16,4,0.197,-12.171,0,0.0441,123.99,0.366
afro,House Nation,37i9dQZF1DWX4IFcj5utrY,7GiH3SilVbZ9FPqO88PNA2,spotify:track:7GiH3SilVbZ9FPqO88PNA2,,How Do You Feel - Radio Edit,35,"DJ Mshega,Ziyon",How Do You Feel,0.0367,0.717,265282,0.763,0.000624,3,0.173,-9.102,0,0.0613,124.003,0.245
afro,House Nation,37i9dQZF1DWX4IFcj5utrY,6FWoH8dZjY05LmPznPuQVK,spotify:track:6FWoH8dZjY05LmPznPuQVK,https://p.scdn.co/mp3-preview/1f19e88a05922b0c3bc813bd76e9dd82716ebecd?cid=63a77ff40e794a12ae216a18befde98c,Inhliziyo Yami Ithi Hey,37,Shado M,Inhliziyo Yami Ithi Hey,0.367,0.792,262608,0.87,2.14e-06,7,0.0614,-4.173,0,0.0716,123.95,0.669
afro,House Nation,37i9dQZF1DWX4IFcj5utrY,4GUBwKasJGfeEiCyMgThvj,spotify:track:4GUBwKasJGfeEiCyMgThvj,https://p.scdn.co/mp3-preview/07034bed0bb91510ce073434ace1a88bfa6fe995?cid=63a77ff40e794a12ae216a18befde98c,Umcimbi (feat. Lelo Kamau),30,"Master ChengFu,Lelo Kamau",Umcimbi (feat. Lelo Kamau),0.00348,0.817,385187,0.616,0.522,7,0.0655,-8.554,0,0.0562,123.982,0.5
afro,House Nation,37i9dQZF1DWX4IFcj5utrY,6GBwubUOhEQVbIaTh0QTzs,spotify:track:6GBwubUOhEQVbIaTh0QTzs,,Banomoya,42,"Prince Kaybee,Busiswa,TNS",Banomoya,0.0356,0.817,310776,0.738,0.676,3,0.102,-10.753,0,0.0419,123.986,0.541
afro,House Nation,37i9dQZF1DWX4IFcj5utrY,0uBI8JCQY3rXb5Z4ysF20K,spotify:track:0uBI8JCQY3rXb5Z4ysF20K,https://p.scdn.co/mp3-preview/037f891d446f8f58bdbe0aaf67c606057b84e4ca?cid=63a77ff40e794a12ae216a18befde98c,Ancestor's Calling - Saint Evo Remix,26,"Native Tribe,Tan,Saint Evo","Ancestor's Calling (The Remixes, Pt. 1)",0.000607,0.93,507097,0.773,0.221,6,0.808,-5.954,0,0.0512,124.009,0.362
afro,House Nation,37i9dQZF1DWX4IFcj5utrY,4aJxnFYPl1mpJigo8XR7cH,spotify:track:4aJxnFYPl1mpJigo8XR7cH,,Touch - Radio Edit,21,"Ntombi Music,Heavy K",Touch,0.000152,0.68,238090,0.791,0.165,1,0.0776,-6.885,0,0.0381,125.001,0.607
afro,House Nation,37i9dQZF1DWX4IFcj5utrY,6M6Rt8N8dveDljXKMF0GI8,spotify:track:6M6Rt8N8dveDljXKMF0GI8,,Club Controller - Remix,31,"Prince Kaybee,Zanda Zakuza,Naak Musiq,Ziyon,Mpumi,Nokwazi,TNS,LaSoulMates,Busiswa,Bucie",Club Controller (Remix),0.281,0.821,530280,0.556,0.00451,5,0.138,-11.009,0,0.0411,125.083,0.468
afro,House Nation,37i9dQZF1DWX4IFcj5utrY,3X3ci6b7vSo1tfAZgkt6Yo,spotify:track:3X3ci6b7vSo1tfAZgkt6Yo,https://p.scdn.co/mp3-preview/af5c519d9c3ef8321c6f7a54695ef054cd1b4de6?cid=63a77ff40e794a12ae216a18befde98c,Ndakwenza Ntoni,30,"NaakMusiQ,Bluelle",Ndakwenza Ntoni,0.00146,0.73,433920,0.845,0.383,1,0.0633,-6.944,1,0.0451,125.011,0.522
afro,House Nation,37i9dQZF1DWX4IFcj5utrY,5s9xauQnbhlYdKG8cdiHDO,spotify:track:5s9xauQnbhlYdKG8cdiHDO,https://p.scdn.co/mp3-preview/ea0b8ca312ab222bd883596a39c923af567d24b6?cid=63a77ff40e794a12ae216a18befde98c,Big Up - Edit,22,"Dlala Lazz,Peace",Hope Is Still Alive,0.00862,0.739,299572,0.92,0.663,10,0.108,-7.858,0,0.041,125.079,0.862
afro,House Nation,37i9dQZF1DWX4IFcj5utrY,4HOOYhYgTvIQKGIpZNWAfs,spotify:track:4HOOYhYgTvIQKGIpZNWAfs,https://p.scdn.co/mp3-preview/d9d7e48d45578114f7abb42e5947fea7ba7bece2?cid=63a77ff40e794a12ae216a18befde98c,I Found Love (feat. Bo & DJ Sue),20,"DJ Chase,Bo,DJ Sue",I Found Love (feat. Bo & DJ Sue),0.0304,0.829,266880,0.581,0.0889,11,0.0948,-10.021,1,0.0331,124.987,0.929
afro,House Nation,37i9dQZF1DWX4IFcj5utrY,179pfc1B2BmH9A2c3yQd9C,spotify:track:179pfc1B2BmH9A2c3yQd9C,https://p.scdn.co/mp3-preview/d3bdf94d150a78986bff36e58e16ce1913b11484?cid=63a77ff40e794a12ae216a18befde98c,Uzongikhumbula,28,"DJ Lace,Lungelo",Uzongikhumbula (feat. Lungelo),0.0198,0.794,380957,0.5,0.000363,1,0.155,-8.862,0,0.0521,125.981,0.166
afro,House Nation,37i9dQZF1DWX4IFcj5utrY,2lC9hkCMeRxEMAVHn5V1xE,spotify:track:2lC9hkCMeRxEMAVHn5V1xE,https://p.scdn.co/mp3-preview/22e6af7a030c4c1604d64c574a9136d5c393052c?cid=63a77ff40e794a12ae216a18befde98c,"Ngwana Daddy feat. Kwesta, Thebe, Vettys & Vaal Nation",34,DJ Sumbody,"Ngwana Daddy feat. Kwesta, Thebe, Vettys & Vaal Nation",0.0577,0.628,255483,0.771,0.000165,10,0.084,-5.845,0,0.206,143.996,0.638
afro,House Nation,37i9dQZF1DWX4IFcj5utrY,2ATHD5STrb2029ouGXkmv4,spotify:track:2ATHD5STrb2029ouGXkmv4,https://p.scdn.co/mp3-preview/2fffafc7b7fbff90b98aeb0d216bdf2d8f9b87ad?cid=63a77ff40e794a12ae216a18befde98c,Phuza Kahle,15,"Team Mosha,Junior Taurus,Blaklez",Phuza Kahle,0.00327,0.493,364138,0.735,0.0744,3,0.0939,-9.175,0,0.153,150.647,0.688
afro,House Nation,37i9dQZF1DWX4IFcj5utrY,6XpIUi5wmp5MowUkqHWd0o,spotify:track:6XpIUi5wmp5MowUkqHWd0o,https://p.scdn.co/mp3-preview/f69db73cc29f7292eb03f8337796b8974f1cad07?cid=63a77ff40e794a12ae216a18befde98c,Bum Bum,15,"El Maestro,TP",Bum Bum,0.0174,0.494,434121,0.9,0.0677,4,0.11,-6.582,0,0.321,229.948,0.154
afro,House Nation,37i9dQZF1DWX4IFcj5utrY,1IKS434lGWPBpitmEsbSze,spotify:track:1IKS434lGWPBpitmEsbSze,https://p.scdn.co/mp3-preview/c8fec08e7d45c77d1bab30ce85ca16c414cb10a4?cid=63a77ff40e794a12ae216a18befde98c,3 Pipers - Original Mix,18,"Loxion Deep,DJ Keres,IMMAC T",Stop Nonsense,0.00566,0.716,407933,0.877,0.864,6,0.0519,-9.562,1,0.0535,150.748,0.147
afro,House Nation,37i9dQZF1DWX4IFcj5utrY,73kJZr9lnPJK1afxFuouf6,spotify:track:73kJZr9lnPJK1afxFuouf6,https://p.scdn.co/mp3-preview/3a30ab4134a738fcb979498dc5781fe03243989d?cid=63a77ff40e794a12ae216a18befde98c,Meditation,28,"DJ Giggs Superstar,Epitome Resound",Meditation,0.0123,0.889,392026,0.725,0.909,6,0.0933,-11.683,0,0.0387,119.956,0.913
afro,House Nation,37i9dQZF1DWX4IFcj5utrY,6l0XF1aLDGW0DajW6rggOx,spotify:track:6l0XF1aLDGW0DajW6rggOx,https://p.scdn.co/mp3-preview/82f9b6e0e1b936e65b98e6ba006b1f115d892f1e?cid=63a77ff40e794a12ae216a18befde98c,Amabutho [Mixed],16,"Kususa,DJ Merlon,De Cave Man",Herd In Miami (DJ Mix),0.00836,0.796,220320,0.718,0.909,6,0.109,-9.165,1,0.0347,122.004,0.813
