category_id,playlist_name,playlist_id,track_id,track_uri,track_preview_url,track_name,track_popularity,artist_name,album_name,acousticness,danceability,duration_ms,energy,instrumentalness,key,liveness,loudness,mode,speechiness,tempo,valence
blues,Nu-Blue,37i9dQZF1DXb3MZdETGqKB,42qYIaYZ8AETerBJ6liyzE,spotify:track:42qYIaYZ8AETerBJ6liyzE,https://p.scdn.co/mp3-preview/1561318835b2b78411788ed074d3c65d50a8b3da?cid=63a77ff40e794a12ae216a18befde98c,Second Hand Man,35,Robert Randolph & The Family Band,Second Hand Man,0.00347,0.496,183867,0.889,0.00279,11,0.0909,-3.636,0,0.114,79.007,0.721
blues,Nu-Blue,37i9dQZF1DXb3MZdETGqKB,4AsrwPkPDdpzjjdr2SDykN,spotify:track:4AsrwPkPDdpzjjdr2SDykN,https://p.scdn.co/mp3-preview/650125358fb510bf726e61c4597d391f2ae5441c?cid=63a77ff40e794a12ae216a18befde98c,Healing Creek,9,Talibah Safiya,Healing Creek,0.0332,0.61,191920,0.506,0.00455,7,0.341,-8.435,0,0.0341,80.028,0.198
blues,Nu-Blue,37i9dQZF1DXb3MZdETGqKB,0DFsHizzlwer90zB8ctfrF,spotify:track:0DFsHizzlwer90zB8ctfrF,,Keep On,37,Southern Avenue,Keep On,0.406,0.511,192819,0.796,3.34e-06,0,0.178,-3.224,1,0.0642,152.96,0.685
blues,Nu-Blue,37i9dQZF1DXb3MZdETGqKB,7hwkQtQsRKXYCcIAki4iuD,spotify:track:7hwkQtQsRKXYCcIAki4iuD,https://p.scdn.co/mp3-preview/fd3e639191a424de7cdeb8ccccff46cada8be058?cid=63a77ff40e794a12ae216a18befde98c,When in the Night Hour,33,Jo Harman,When in the Night Hour,0.706,0.587,236343,0.491,0.000456,1,0.25,-7.333,1,0.0329,112.165,0.482
blues,Nu-Blue,37i9dQZF1DXb3MZdETGqKB,3lNpk8rV53HSG4qg4fhWj5,spotify:track:3lNpk8rV53HSG4qg4fhWj5,https://p.scdn.co/mp3-preview/6a65c3340b0af0d0c17a1b0c5ae103b9b9e27d1e?cid=63a77ff40e794a12ae216a18befde98c,So Sorry,36,Vintage Trouble,"Chapter II, Ep. II",0.242,0.524,294128,0.741,6.18e-06,11,0.2,-4.17,1,0.0384,142.098,0.622
blues,Nu-Blue,37i9dQZF1DXb3MZdETGqKB,5Fh4NmyGQN3D7XGJlbtUYs,spotify:track:5Fh4NmyGQN3D7XGJlbtUYs,https://p.scdn.co/mp3-preview/0af1683af54d620182798ceb2f8739439d02f66a?cid=63a77ff40e794a12ae216a18befde98c,The Devil Is a Blue-Eyed Man,29,Celeigh Cardinal,The Devil Is a Blue-Eyed Man,0.39,0.267,213892,0.409,2.19e-06,7,0.195,-7.918,1,0.03,189.466,0.537
blues,Nu-Blue,37i9dQZF1DXb3MZdETGqKB,6hvL2i0aOjDTjn4YXQGbnn,spotify:track:6hvL2i0aOjDTjn4YXQGbnn,https://p.scdn.co/mp3-preview/84c93fa3fcda6d0bd61cf583fe72a3a56db863d8?cid=63a77ff40e794a12ae216a18befde98c,Lonely on Beale,30,Heather Newman,Lonely on Beale,0.277,0.486,251660,0.491,5.47e-05,7,0.131,-9.558,1,0.0401,123.385,0.408
blues,Nu-Blue,37i9dQZF1DXb3MZdETGqKB,5OH11EvYDYdKrKWFLHDpBr,spotify:track:5OH11EvYDYdKrKWFLHDpBr,,Love Letters,36,Samantha Fish,Watch It Die / Love Letters,0.174,0.639,218987,0.385,0.00149,1,0.0815,-8.971,1,0.0936,160.241,0.555
blues,Nu-Blue,37i9dQZF1DXb3MZdETGqKB,1Cum6cWJBU6TF7uh5WJK98,spotify:track:1Cum6cWJBU6TF7uh5WJK98,https://p.scdn.co/mp3-preview/02bc1b73a62e22199e767ff4435a4a0f954b9231?cid=63a77ff40e794a12ae216a18befde98c,The Chauffeur's Daughter,40,Chris Robinson Brotherhood,The Chauffeur's Daughter,0.033,0.29,413667,0.802,0.000635,2,0.224,-7.346,1,0.0388,165.702,0.643
blues,Nu-Blue,37i9dQZF1DXb3MZdETGqKB,6hnC54YP0T5jFpmlGKOhmj,spotify:track:6hnC54YP0T5jFpmlGKOhmj,https://p.scdn.co/mp3-preview/706a005ceb64dbb4169f69bbc337ef6d4ff3da0a?cid=63a77ff40e794a12ae216a18befde98c,Going to New Orleans,34,Luke Winslow-King,Going to New Orleans,0.851,0.717,157984,0.599,0.628,9,0.1,-11.151,0,0.0375,112.096,0.828
blues,Nu-Blue,37i9dQZF1DXb3MZdETGqKB,5bSHyDR9VHcFUVUdh3cITx,spotify:track:5bSHyDR9VHcFUVUdh3cITx,https://p.scdn.co/mp3-preview/f1b9b4df5ca9b17054043a1202b9c69d8e90e212?cid=63a77ff40e794a12ae216a18befde98c,You Give Me Something,31,Hamish Anderson,Out of My Head,0.00253,0.458,232104,0.882,0.0236,2,0.099,-5.437,1,0.052,114.672,0.547
blues,Nu-Blue,37i9dQZF1DXb3MZdETGqKB,6l8hTnMEh4eLnRCRZ9ksOL,spotify:track:6l8hTnMEh4eLnRCRZ9ksOL,https://p.scdn.co/mp3-preview/3cc9078d042ca6cf09ad3914ab88be4e8a049b4f?cid=63a77ff40e794a12ae216a18befde98c,Right Now,37,Supersonic Blues Machine,Right Now,0.147,0.713,236326,0.771,2.92e-06,9,0.0668,-3.454,0,0.0312,112.987,0.872
blues,Nu-Blue,37i9dQZF1DXb3MZdETGqKB,1mZSTVBqV9jZQidPVmESvn,spotify:track:1mZSTVBqV9jZQidPVmESvn,https://p.scdn.co/mp3-preview/2f19d623f9481d492425987c495fec81efecea1c?cid=63a77ff40e794a12ae216a18befde98c,I'm Gone!,32,Kelly Bell Band,Know My Name,0.623,0.648,316867,0.816,4.05e-05,0,0.505,-5.983,1,0.181,103.966,0.672
blues,Nu-Blue,37i9dQZF1DXb3MZdETGqKB,5KORMnuWZTLlPvM70xv165,spotify:track:5KORMnuWZTLlPvM70xv165,https://p.scdn.co/mp3-preview/75a1d0191d24948ec58457ac3e21692642245f88?cid=63a77ff40e794a12ae216a18befde98c,Outside Of This Town,43,"Christone ""Kingfish"" Ingram",Outside Of This Town,0.00133,0.419,248036,0.807,0.00529,11,0.598,-5.656,0,0.0479,130.233,0.669
blues,Nu-Blue,37i9dQZF1DXb3MZdETGqKB,5gICNh1EHmDlpyWERFitXG,spotify:track:5gICNh1EHmDlpyWERFitXG,,Savior,36,Southern Avenue,Savior,0.0694,0.48,223490,0.641,0.0,11,0.107,-3.996,0,0.042,68.184,0.487
blues,Nu-Blue,37i9dQZF1DXb3MZdETGqKB,79DQcqdOuzHH5g0fI8KShf,spotify:track:79DQcqdOuzHH5g0fI8KShf,https://p.scdn.co/mp3-preview/6c8aa04d846c142d02a6574d6fa41e0bb7e17180?cid=63a77ff40e794a12ae216a18befde98c,Can't Stop The Bleeding (feat. Gary Clark Jr. & Gramatik),60,"Tom Morello,Gary Clark Jr.,Gramatik",Can't Stop The Bleeding (feat. Gary Clark Jr. & Gramatik),0.00283,0.523,278298,0.896,0.0315,11,0.183,-3.221,0,0.138,188.137,0.639
blues,Nu-Blue,37i9dQZF1DXb3MZdETGqKB,6xFNw7qOxBkNboqKiNdrJf,spotify:track:6xFNw7qOxBkNboqKiNdrJf,https://p.scdn.co/mp3-preview/bce9d075b51b96342b69aefc21b5135abb7b10a7?cid=63a77ff40e794a12ae216a18befde98c,Homeward Bound,29,True Strays,Homeward Bound,0.625,0.669,132125,0.443,0.0,7,0.64,-7.886,1,0.0453,90.024,0.748
blues,Nu-Blue,37i9dQZF1DXb3MZdETGqKB,7jxD0CcdhKrruMPLtooC8v,spotify:track:7jxD0CcdhKrruMPLtooC8v,https://p.scdn.co/mp3-preview/3239596172dfb555b9930628dbdbfa1a1b14b16f?cid=63a77ff40e794a12ae216a18befde98c,Isabelle,37,Sam Johnston,Isabelle,0.143,0.407,228707,0.713,0.000131,1,0.0986,-6.421,0,0.0407,170.175,0.538
blues,Nu-Blue,37i9dQZF1DXb3MZdETGqKB,2rMBpAO4Nyb80MriqR0GuV,spotify:track:2rMBpAO4Nyb80MriqR0GuV,https://p.scdn.co/mp3-preview/61be673ce9b3a278eb6268dbfe1d02b14e8f97c1?cid=63a77ff40e794a12ae216a18befde98c,Can't Nobody Stop Us,30,Bhi Bhiman,Peace of Mind,0.133,0.697,194093,0.912,0.0511,9,0.422,-5.486,0,0.0854,109.979,0.564
blues,Nu-Blue,37i9dQZF1DXb3MZdETGqKB,2RPRG4CSmUEKw16kdTNivn,spotify:track:2RPRG4CSmUEKw16kdTNivn,https://p.scdn.co/mp3-preview/67592f58eac9ab1fbb4e4ad7cfb1b114f45b9a67?cid=63a77ff40e794a12ae216a18befde98c,Under the Big Top,34,Cris Jacobs,Color Where You Are,0.0597,0.419,227300,0.832,0.000241,5,0.141,-8.649,0,0.186,174.836,0.591
blues,Nu-Blue,37i9dQZF1DXb3MZdETGqKB,6L5nqMCbzcg9Xq8ZE6PC91,spotify:track:6L5nqMCbzcg9Xq8ZE6PC91,https://p.scdn.co/mp3-preview/2bb608dfdfc3877714609a1ebe7dbcd6d31cf1c0?cid=63a77ff40e794a12ae216a18befde98c,Fresh Out,40,"Christone ""Kingfish"" Ingram,Buddy Guy",Fresh Out,0.313,0.573,228020,0.7,0.000187,7,0.293,-3.999,1,0.05,105.084,0.585
blues,Nu-Blue,37i9dQZF1DXb3MZdETGqKB,2dVVrUt6sbT6VkjA3b60DS,spotify:track:2dVVrUt6sbT6VkjA3b60DS,https://p.scdn.co/mp3-preview/42e45d67a60646bfc9566410a89b8eaceb8fc2f4?cid=63a77ff40e794a12ae216a18befde98c,To Build Something,33,Malted Milk,To Build Something,0.00743,0.661,225709,0.566,0.00052,10,0.113,-6.873,1,0.0276,88.639,0.696
blues,Nu-Blue,37i9dQZF1DXb3MZdETGqKB,72fUNz1kLd6eQUc2VoHv8J,spotify:track:72fUNz1kLd6eQUc2VoHv8J,https://p.scdn.co/mp3-preview/ada79551183559a625b284128f810f15b8f64d2d?cid=63a77ff40e794a12ae216a18befde98c,What You Do to Me - Radio Edit,32,Hamish Anderson,What You Do to Me (Radio Edit),0.669,0.575,251147,0.481,8.19e-05,9,0.0935,-6.278,1,0.0296,179.454,0.699
blues,Nu-Blue,37i9dQZF1DXb3MZdETGqKB,6YTnk0HV9upkntv86skGcR,spotify:track:6YTnk0HV9upkntv86skGcR,https://p.scdn.co/mp3-preview/362fa68ad9fc567b59f1a7467d341cbb31576009?cid=63a77ff40e794a12ae216a18befde98c,29 Gold Stars,31,Nathan Cavaleri,29 Gold Stars,0.333,0.679,145513,0.388,5.17e-05,9,0.18,-6.677,1,0.133,99.97,0.788
blues,Nu-Blue,37i9dQZF1DXb3MZdETGqKB,6s7lyV1mhQUPuOvocnkCF9,spotify:track:6s7lyV1mhQUPuOvocnkCF9,https://p.scdn.co/mp3-preview/8f49e3fc4b987ed2f0acb6584c4c39fbc2ced213?cid=63a77ff40e794a12ae216a18befde98c,Hell or High Water,32,Elles Bailey,Road I Call Home,0.0738,0.395,227751,0.521,0.000289,6,0.136,-8.16,1,0.0339,133.496,0.062
blues,Nu-Blue,37i9dQZF1DXb3MZdETGqKB,2fZEkbnj548ELbvWNlAN4B,spotify:track:2fZEkbnj548ELbvWNlAN4B,https://p.scdn.co/mp3-preview/8c6b01ec84d48a95c617c3faf97eab0eabee3171?cid=63a77ff40e794a12ae216a18befde98c,Reaching,36,Ida Mae,Reaching,0.772,0.494,195467,0.278,3.49e-05,10,0.119,-10.772,1,0.0296,81.207,0.546
blues,Nu-Blue,37i9dQZF1DXb3MZdETGqKB,1d2VRmViSdy4tTlmDYVIx5,spotify:track:1d2VRmViSdy4tTlmDYVIx5,https://p.scdn.co/mp3-preview/4b35adf1c39b84ed9d564ab68494600af50412a9?cid=63a77ff40e794a12ae216a18befde98c,Over Me,32,Sugartape,Over Me,0.0316,0.371,327308,0.854,0.275,7,0.196,-5.008,1,0.039,179.994,0.724
blues,Nu-Blue,37i9dQZF1DXb3MZdETGqKB,6M9PhMj5yZxpEC5Q9YR9eR,spotify:track:6M9PhMj5yZxpEC5Q9YR9eR,https://p.scdn.co/mp3-preview/80dc1e1fa8e561d0b936efb7cdc698ca45868978?cid=63a77ff40e794a12ae216a18befde98c,Fifteen Long Years,29,Budda Power Blues,Fifteen Long Years,0.0315,0.656,149101,0.546,5.13e-05,10,0.342,-11.227,0,0.0453,133.313,0.867
blues,Nu-Blue,37i9dQZF1DXb3MZdETGqKB,5vyBOTFyciCFYddHoMOiFK,spotify:track:5vyBOTFyciCFYddHoMOiFK,https://p.scdn.co/mp3-preview/8c1f11f17404e237e9dccc5ca9f0e10767f27b82?cid=63a77ff40e794a12ae216a18befde98c,Every Day Sun Is Shining,27,R.L. Boyce,Every Day Sun Is Shining,0.839,0.546,290253,0.658,0.00774,8,0.133,-8.906,0,0.0397,94.426,0.603
blues,Nu-Blue,37i9dQZF1DXb3MZdETGqKB,6XRgC4KAp4upKu0v7H4tQo,spotify:track:6XRgC4KAp4upKu0v7H4tQo,https://p.scdn.co/mp3-preview/b48fc3ae76de7ee539457029298331273c939c6a?cid=63a77ff40e794a12ae216a18befde98c,Lo/Hi,71,The Black Keys,Lo/Hi,0.015,0.606,177003,0.679,0.000427,2,0.234,-7.445,1,0.0321,122.012,0.705
blues,Nu-Blue,37i9dQZF1DXb3MZdETGqKB,1Y9Z1TGo2OaXkk2dXvPRYT,spotify:track:1Y9Z1TGo2OaXkk2dXvPRYT,https://p.scdn.co/mp3-preview/1bd41b35c7cfd433637d1bcf0c3a38e59cbe05d8?cid=63a77ff40e794a12ae216a18befde98c,Last Night,30,Jeremie Albino,Last Night,0.305,0.542,157280,0.834,0.000892,9,0.294,-2.171,1,0.0459,120.157,0.654
blues,Nu-Blue,37i9dQZF1DXb3MZdETGqKB,1k4Ahkm0QeV0cs8ew6Ein8,spotify:track:1k4Ahkm0QeV0cs8ew6Ein8,https://p.scdn.co/mp3-preview/752d7c71d8a90257885a15d1f54c9228b5e3a31d?cid=63a77ff40e794a12ae216a18befde98c,Heavy for You,34,The Heavy,Burn Bright,0.0464,0.368,199267,0.954,0.0,1,0.199,-1.115,1,0.112,89.912,0.515
blues,Nu-Blue,37i9dQZF1DXb3MZdETGqKB,2SXvKroI3c19HdGmPG7Bmw,spotify:track:2SXvKroI3c19HdGmPG7Bmw,https://p.scdn.co/mp3-preview/87099964e0d92741ef416a499ee960e7771dcec5?cid=63a77ff40e794a12ae216a18befde98c,I Do Believe,30,Rick Vito,Soulshaker,0.607,0.655,229796,0.833,0.00115,4,0.381,-6.783,0,0.0512,115.805,0.809
blues,Nu-Blue,37i9dQZF1DXb3MZdETGqKB,5iAV52z1rqwIFiYTIx1YU1,spotify:track:5iAV52z1rqwIFiYTIx1YU1,https://p.scdn.co/mp3-preview/ed91599d1ee0ff884b1edbdbfd9ca0d452e49c3a?cid=63a77ff40e794a12ae216a18befde98c,Time To Get Movin',4,Sugaray Rayford,Time to Get Movin',0.0222,0.517,217362,0.917,0.00217,2,0.108,-4.199,1,0.075,185.991,0.808
blues,Nu-Blue,37i9dQZF1DXb3MZdETGqKB,3LNsZtD1NhfLsCUFIt1EIg,spotify:track:3LNsZtD1NhfLsCUFIt1EIg,https://p.scdn.co/mp3-preview/9a696ea2b61dfde881d89e40262654b8a44ec71d?cid=63a77ff40e794a12ae216a18befde98c,Jumper on the Line,30,R.L. Boyce,Jumper on the Line,0.821,0.576,373536,0.692,0.314,5,0.634,-9.152,1,0.152,96.571,0.569
blues,Nu-Blue,37i9dQZF1DXb3MZdETGqKB,3GBHXgzBywOvUWgmKsbGWL,spotify:track:3GBHXgzBywOvUWgmKsbGWL,https://p.scdn.co/mp3-preview/e266b5a9f2aa881102f773c9558793502cbf6863?cid=63a77ff40e794a12ae216a18befde98c,The Blues is Dead?,30,Jontavious Willis,Spectacular Class,0.562,0.442,184036,0.749,8.07e-06,7,0.323,-4.692,1,0.229,208.634,0.774
blues,Nu-Blue,37i9dQZF1DXb3MZdETGqKB,12GlCMkGUnVK9jzS67UrUd,spotify:track:12GlCMkGUnVK9jzS67UrUd,https://p.scdn.co/mp3-preview/46653617b16d31a73999d78a54ad942c7659c6ba?cid=63a77ff40e794a12ae216a18befde98c,What About Us,28,Gary Clark Jr.,What About Us,0.0683,0.358,270067,0.971,0.000641,10,0.191,-1.729,1,0.0733,80.329,0.374
blues,Nu-Blue,37i9dQZF1DXb3MZdETGqKB,0OCvo4AaVERJCo6s5ibi2f,spotify:track:0OCvo4AaVERJCo6s5ibi2f,https://p.scdn.co/mp3-preview/4445ac9804cb437399313656351bb7602ccc535d?cid=63a77ff40e794a12ae216a18befde98c,All Is Forgiven,28,Guy Verlinde,All Is Forgiven,0.938,0.377,233293,0.28,0.000371,7,0.0631,-8.996,1,0.0313,101.803,0.343
blues,Nu-Blue,37i9dQZF1DXb3MZdETGqKB,2lMwE48FsV3CcwwpLzvg8q,spotify:track:2lMwE48FsV3CcwwpLzvg8q,https://p.scdn.co/mp3-preview/715bf7f1bd86d51f6abb47033b67a700db344583?cid=63a77ff40e794a12ae216a18befde98c,"Boom Boom, Out Go the Lights",27,J.D. Simo,"Boom Boom, Out Go the Lights",0.00298,0.402,168186,0.791,0.0324,9,0.369,-6.773,1,0.0442,124.755,0.631
blues,Nu-Blue,37i9dQZF1DXb3MZdETGqKB,57pB9r5nTsngcIWivigDxQ,spotify:track:57pB9r5nTsngcIWivigDxQ,https://p.scdn.co/mp3-preview/f8a2359c34305080493e1b6f65385e36c24034d9?cid=63a77ff40e794a12ae216a18befde98c,Too Bad,27,Lonesome Shack,Too Bad,0.123,0.59,190627,0.857,0.474,4,0.109,-8.501,0,0.031,112.628,0.51
blues,Nu-Blue,37i9dQZF1DXb3MZdETGqKB,5CSPFwsos8LuaOn67iUJrp,spotify:track:5CSPFwsos8LuaOn67iUJrp,https://p.scdn.co/mp3-preview/2309db1269aa1d09e393d4f3e9277aa6672a05c2?cid=63a77ff40e794a12ae216a18befde98c,Better Than You Want,29,Matt Andersen,Something To Lose/Better Than You Want,0.075,0.651,288827,0.564,0.000168,0,0.118,-7.291,1,0.035,104.33,0.278
blues,Nu-Blue,37i9dQZF1DXb3MZdETGqKB,7sVCwB1rUV0HXesPrIkoEd,spotify:track:7sVCwB1rUV0HXesPrIkoEd,https://p.scdn.co/mp3-preview/752d7c71d8a90257885a15d1f54c9228b5e3a31d?cid=63a77ff40e794a12ae216a18befde98c,Heavy for You,43,The Heavy,Heavy for You,0.0464,0.368,199267,0.954,0.0,1,0.199,-1.115,1,0.112,89.912,0.515
blues,Nu-Blue,37i9dQZF1DXb3MZdETGqKB,4L2SkAIOcFHtqTBz7Gi6rB,spotify:track:4L2SkAIOcFHtqTBz7Gi6rB,,Built To Last,29,"Black Box Revelation,Seasick Steve",Built To Last,0.19,0.414,207360,0.878,2.39e-06,7,0.0894,-5.398,0,0.0796,94.323,0.664
blues,Nu-Blue,37i9dQZF1DXb3MZdETGqKB,4G9KOVinbchBNFGB2YTyvK,spotify:track:4G9KOVinbchBNFGB2YTyvK,https://p.scdn.co/mp3-preview/e286d8dadf71eba9a273403c0caa8c6daa92020d?cid=63a77ff40e794a12ae216a18befde98c,What's the Matter with You,34,Elles Bailey,Wild Wild West / What's the Matter with You,0.553,0.44,232724,0.466,0.000441,11,0.158,-8.741,0,0.0379,169.769,0.332
blues,Nu-Blue,37i9dQZF1DXb3MZdETGqKB,4P2OdBgndeNubVPpVPN5Kq,spotify:track:4P2OdBgndeNubVPpVPN5Kq,https://p.scdn.co/mp3-preview/73d5f7e9e30e960ef03fe5384992072c68815f3f?cid=63a77ff40e794a12ae216a18befde98c,Rising Sun,32,Nathan Cavaleri,Rising Sun,0.708,0.624,176288,0.538,2.51e-06,0,0.1,-7.994,1,0.338,166.055,0.671
blues,Nu-Blue,37i9dQZF1DXb3MZdETGqKB,43gFnlkfDwt1AMnPqjaO75,spotify:track:43gFnlkfDwt1AMnPqjaO75,https://p.scdn.co/mp3-preview/ce87599cc79b67a14b6f67c4262138cbb4998686?cid=63a77ff40e794a12ae216a18befde98c,Sweet Lovin',29,Dave Power,Sweet Lovin',0.265,0.683,223019,0.551,0.0,1,0.187,-7.244,1,0.0306,106.049,0.752
blues,Nu-Blue,37i9dQZF1DXb3MZdETGqKB,4Lz7M1As208PBuDiJf4QQ1,spotify:track:4Lz7M1As208PBuDiJf4QQ1,https://p.scdn.co/mp3-preview/670860346a0376bf83992c5ab94a3f55b340866c?cid=63a77ff40e794a12ae216a18befde98c,Time Stand Still,28,Martin Hoybye,The Hourglass Sessions,0.00995,0.615,223365,0.738,3.64e-05,7,0.266,-8.837,0,0.0775,109.061,0.54
blues,Nu-Blue,37i9dQZF1DXb3MZdETGqKB,2qnLAojngWBcNikCTydlUY,spotify:track:2qnLAojngWBcNikCTydlUY,https://p.scdn.co/mp3-preview/125be4eddce1292a92c6d33b74b72cba2257cbc2?cid=63a77ff40e794a12ae216a18befde98c,Keep On Turning,29,Seth Rosenbloom,Keep On Turning,0.0279,0.398,316067,0.636,0.000178,7,0.437,-4.652,0,0.0525,179.83,0.524
blues,Nu-Blue,37i9dQZF1DXb3MZdETGqKB,2nh8nejhZ7kLEKLsnDo8yg,spotify:track:2nh8nejhZ7kLEKLsnDo8yg,https://p.scdn.co/mp3-preview/1a06de8baea1fc8361cd53a707cdddc328c858e0?cid=63a77ff40e794a12ae216a18befde98c,Naggin’ On My Mind,30,"GA-20,Charlie Musselwhite,Luther Dickinson",Naggin’ On My Mind,0.219,0.504,160822,0.742,1.17e-05,4,0.211,-4.792,1,0.0299,133.968,0.866
blues,Nu-Blue,37i9dQZF1DXb3MZdETGqKB,1RsqyOxg254bZioR6jx5lD,spotify:track:1RsqyOxg254bZioR6jx5lD,,Will I Get Off Easy,38,Lee Fields & The Expressions,Will I Get Off Easy,0.0579,0.588,209827,0.568,1.9e-06,2,0.0683,-4.752,1,0.0267,141.472,0.715
blues,Nu-Blue,37i9dQZF1DXb3MZdETGqKB,50IqCq4yEb8waEtl96D5iX,spotify:track:50IqCq4yEb8waEtl96D5iX,https://p.scdn.co/mp3-preview/e5b4291b06bb3ec3ee984cf5273126eed4212f85?cid=63a77ff40e794a12ae216a18befde98c,Free Man,29,Matt Andersen,Free Man/Quarter On The Ground,0.0201,0.568,186320,0.662,3.39e-05,10,0.082,-7.876,1,0.0395,95.573,0.42
blues,Nu-Blue,37i9dQZF1DXb3MZdETGqKB,3lCfyDeaEYxEvJSnhv1ek3,spotify:track:3lCfyDeaEYxEvJSnhv1ek3,https://p.scdn.co/mp3-preview/5f1714951b7bf1c60c4e2c6535e169a1e136fca5?cid=63a77ff40e794a12ae216a18befde98c,This Land - Single Version,56,Gary Clark Jr.,This Land,0.0315,0.505,236283,0.911,1.83e-05,10,0.0745,-3.006,0,0.0624,81.978,0.281
blues,Nu-Blue,37i9dQZF1DXb3MZdETGqKB,55GDGUtv66U8Wu6S2GLeJn,spotify:track:55GDGUtv66U8Wu6S2GLeJn,https://p.scdn.co/mp3-preview/81f5ce59b0b73e825e25b2100974bcebf71ca55c?cid=63a77ff40e794a12ae216a18befde98c,River Eyes,27,Sunniva Lundh,Contradictions,0.874,0.532,246387,0.297,0.0026,1,0.106,-12.109,1,0.0502,183.992,0.257
blues,Nu-Blue,37i9dQZF1DXb3MZdETGqKB,2F5dXiYBpCvEGFFeqzIixT,spotify:track:2F5dXiYBpCvEGFFeqzIixT,https://p.scdn.co/mp3-preview/b78798fbc0e3611b690869208a5c9c73809dce1a?cid=63a77ff40e794a12ae216a18befde98c,Break My Heart Anyway,32,Joanne Shaw Taylor,Break My Heart Anyway,0.528,0.572,202837,0.567,0.000564,2,0.131,-8.777,1,0.031,97.505,0.452
blues,Nu-Blue,37i9dQZF1DXb3MZdETGqKB,7vyIZqxqULRu2HCf79wH77,spotify:track:7vyIZqxqULRu2HCf79wH77,https://p.scdn.co/mp3-preview/4401075a6e365c3d14a30951c96ede2577b99e58?cid=63a77ff40e794a12ae216a18befde98c,VictorioUS,28,7Horse,Superfecta,0.00687,0.241,196116,0.765,0.171,0,0.111,-5.661,0,0.0568,134.86,0.509
blues,Nu-Blue,37i9dQZF1DXb3MZdETGqKB,4yaGCfm3UoHSmnJxk5E2yC,spotify:track:4yaGCfm3UoHSmnJxk5E2yC,https://p.scdn.co/mp3-preview/1110df1c19f38b2d0dd5dfc8b427549e488f2d7e?cid=63a77ff40e794a12ae216a18befde98c,Tell Me Why,28,Josh Hoyer and Soul Colossal,Do It Now,0.203,0.308,303213,0.455,1.57e-06,7,0.114,-9.464,1,0.0348,184.999,0.472
blues,Nu-Blue,37i9dQZF1DXb3MZdETGqKB,4DnV0rrv0JLbcZHli3kdrk,spotify:track:4DnV0rrv0JLbcZHli3kdrk,https://p.scdn.co/mp3-preview/b5958e60095b0c5e0ef2e997fcfcc2f84a453223?cid=63a77ff40e794a12ae216a18befde98c,You Need Me,29,Kirk Fletcher,Hold On,0.43,0.691,227267,0.716,0.00839,0,0.184,-6.097,0,0.0557,79.841,0.684
blues,Nu-Blue,37i9dQZF1DXb3MZdETGqKB,0V9BlOnSs2jlfYH9nRc17f,spotify:track:0V9BlOnSs2jlfYH9nRc17f,https://p.scdn.co/mp3-preview/71f6061938ad7d279d6ceb725d36db9b64b1ea4f?cid=63a77ff40e794a12ae216a18befde98c,Love the One You're With,27,"Mike Ross,Lorna Fothergill",Love the One You're With,0.0316,0.483,259855,0.754,0.00668,9,0.483,-8.641,1,0.0397,94.738,0.892
blues,Nu-Blue,37i9dQZF1DXb3MZdETGqKB,0Xce26qA69PONzBHbJAbMY,spotify:track:0Xce26qA69PONzBHbJAbMY,https://p.scdn.co/mp3-preview/761f38fe5516ff6ea323a20a2b1994e4b9324f02?cid=63a77ff40e794a12ae216a18befde98c,In the Mood,36,Joanne Shaw Taylor,In the Mood,0.0777,0.385,225126,0.974,0.881,9,0.364,-4.69,1,0.0458,156.876,0.824
blues,Nu-Blue,37i9dQZF1DXb3MZdETGqKB,2dN3au7Y1iWNWg668kA4n9,spotify:track:2dN3au7Y1iWNWg668kA4n9,https://p.scdn.co/mp3-preview/16949746878cb93251c4a534f2df883386d46997?cid=63a77ff40e794a12ae216a18befde98c,Medicine Man,27,Elles Bailey,Medicine Man,0.00382,0.377,219945,0.817,0.000249,2,0.223,-6.13,1,0.051,171.997,0.491
blues,Nu-Blue,37i9dQZF1DXb3MZdETGqKB,0ErM4z1EiDqe3tsRWncrWb,spotify:track:0ErM4z1EiDqe3tsRWncrWb,https://p.scdn.co/mp3-preview/86b7b834c8d400c3a0a9316de21c195d928f0d0b?cid=63a77ff40e794a12ae216a18befde98c,In the Sunshine,33,Clockwork Wolf & Co.,In the Sunshine,0.0565,0.446,337177,0.719,0.0207,4,0.073,-6.693,1,0.0355,118.915,0.316
blues,Nu-Blue,37i9dQZF1DXb3MZdETGqKB,1mUwtXt7IdexyUDhJsxEPr,spotify:track:1mUwtXt7IdexyUDhJsxEPr,https://p.scdn.co/mp3-preview/54860691465eeaca121ffe5afcb3e14361192a12?cid=63a77ff40e794a12ae216a18befde98c,Suit in the Back,31,Quaker City Night Hawks,Suit in the Back,0.0836,0.744,173253,0.562,0.00148,10,0.149,-8.883,0,0.0327,104.035,0.523
blues,Nu-Blue,37i9dQZF1DXb3MZdETGqKB,51rp5qBH00hN8Xx3BlwHid,spotify:track:51rp5qBH00hN8Xx3BlwHid,https://p.scdn.co/mp3-preview/5e864fa645d68b550691c5d128211b4ed23647ce?cid=63a77ff40e794a12ae216a18befde98c,Searching For Love (with Norah Jones),45,"Doyle Bramhall II,Norah Jones",Searching For Love (with Norah Jones),0.457,0.549,384052,0.562,0.21,9,0.109,-10.053,0,0.0342,78.83,0.392
blues,Nu-Blue,37i9dQZF1DXb3MZdETGqKB,3mmxPjvYd8u40fq9z5ZQVP,spotify:track:3mmxPjvYd8u40fq9z5ZQVP,https://p.scdn.co/mp3-preview/82fb4dca347ec91f9b030b20b4e00a3d7b83f719?cid=63a77ff40e794a12ae216a18befde98c,My Girl Is A Heartbreak,34,Ida Mae,My Girl Is A Heartbreak,0.159,0.547,229493,0.491,2.35e-05,0,0.16,-10.627,1,0.126,153.624,0.682
blues,Nu-Blue,37i9dQZF1DXb3MZdETGqKB,6LZhnO5GA8zdpRy0wb77Af,spotify:track:6LZhnO5GA8zdpRy0wb77Af,,Paper Dreams,36,Jamie N Commons,Paper Dreams,0.0201,0.853,209947,0.508,7.67e-05,0,0.0936,-8.132,1,0.0435,90.021,0.51
blues,Nu-Blue,37i9dQZF1DXb3MZdETGqKB,4o4NCu0rs6BtQu7YDZHZ76,spotify:track:4o4NCu0rs6BtQu7YDZHZ76,,Homesick,49,The Marcus King Band,Carolina Confessions,0.309,0.512,384373,0.703,0.00225,9,0.0862,-8.171,1,0.0409,81.08,0.848
blues,Nu-Blue,37i9dQZF1DXb3MZdETGqKB,0zxKXN0V3FhW2ltycon0dh,spotify:track:0zxKXN0V3FhW2ltycon0dh,https://p.scdn.co/mp3-preview/ba8b1a391f030380ca27282e21bc0ea7c1d1ae40?cid=63a77ff40e794a12ae216a18befde98c,Friend of Mine,29,The Cold Stares,Mountain,0.0185,0.654,161813,0.785,5.93e-05,2,0.059,-4.165,1,0.0396,176.037,0.688
blues,Nu-Blue,37i9dQZF1DXb3MZdETGqKB,4BfyqHBINNjJmDoDpHClBj,spotify:track:4BfyqHBINNjJmDoDpHClBj,,Mississippi,30,"Larkin Poe,Tyler Bryant",Venom & Faith,0.565,0.646,219637,0.466,1.47e-06,2,0.163,-6.546,0,0.0276,111.965,0.328
blues,Nu-Blue,37i9dQZF1DXb3MZdETGqKB,1sA5P8waghOeBj5nc1S4XZ,spotify:track:1sA5P8waghOeBj5nc1S4XZ,https://p.scdn.co/mp3-preview/fe0eb9c0c1380a6d4df810dcdf1d0f9874afb171?cid=63a77ff40e794a12ae216a18befde98c,Hard to Stay Cool,40,Cedric Burnside,Hard to Stay Cool,0.585,0.592,334360,0.23,0.000118,2,0.138,-12.813,0,0.0391,138.818,0.537
blues,Nu-Blue,37i9dQZF1DXb3MZdETGqKB,00k5FJBBygBDtboIVDoOI5,spotify:track:00k5FJBBygBDtboIVDoOI5,https://p.scdn.co/mp3-preview/9ba6abc265aef937bf634926ee787cdc932dd3c3?cid=63a77ff40e794a12ae216a18befde98c,Road Goes All Night,35,Dirtwire,Road Goes All Night,0.403,0.554,228436,0.792,0.0141,11,0.205,-6.36,0,0.0492,188.08,0.644
blues,Nu-Blue,37i9dQZF1DXb3MZdETGqKB,2crBKlCvojpAvZEwiPqJIf,spotify:track:2crBKlCvojpAvZEwiPqJIf,https://p.scdn.co/mp3-preview/13adec12f454e39ea44b124ca59be9afa8c31ae6?cid=63a77ff40e794a12ae216a18befde98c,Backbone,24,Taylor James,Backbone,0.0577,0.704,214051,0.69,0.0,11,0.0924,-4.999,0,0.0425,96.964,0.766
blues,Nu-Blue,37i9dQZF1DXb3MZdETGqKB,06gzskZ31pvgA1LOvWxIhR,spotify:track:06gzskZ31pvgA1LOvWxIhR,https://p.scdn.co/mp3-preview/47ae1af61c2bff379e2221c83914d266704d1704?cid=63a77ff40e794a12ae216a18befde98c,Take It No More,29,Ben Poole,Anytime You Need Me,0.0173,0.538,275973,0.726,0.0214,10,0.0977,-5.84,0,0.0287,175.956,0.743
blues,Nu-Blue,37i9dQZF1DXb3MZdETGqKB,0pom84iOS1iE0OCc1vWJBX,spotify:track:0pom84iOS1iE0OCc1vWJBX,https://p.scdn.co/mp3-preview/cff05ef46e6d9139f10a2da99849982dab31c8ee?cid=63a77ff40e794a12ae216a18befde98c,Love Like There's No Tomorrow,46,The War and Treaty,Healing Tide,0.934,0.485,144107,0.286,0.0,3,0.331,-12.266,1,0.0462,70.634,0.327
blues,Nu-Blue,37i9dQZF1DXb3MZdETGqKB,2joUm3C0s0KE1BFYbQTN6C,spotify:track:2joUm3C0s0KE1BFYbQTN6C,https://p.scdn.co/mp3-preview/7e11fb17f33439e58bd160755a99ed945d5a7b18?cid=63a77ff40e794a12ae216a18befde98c,To & Fros,28,Blackbird Hill,To & Fros,0.00763,0.391,163399,0.707,0.488,1,0.35,-8.635,1,0.0446,136.736,0.383
blues,Nu-Blue,37i9dQZF1DXb3MZdETGqKB,3MGhCL2EBKI00SFAzuDr5Y,spotify:track:3MGhCL2EBKI00SFAzuDr5Y,https://p.scdn.co/mp3-preview/23a58b7b0534ecd286d3d98cba6fe4cbe4afa7f9?cid=63a77ff40e794a12ae216a18befde98c,Can U Cook?,27,Seasick Steve,Can U Cook?,0.0402,0.569,205853,0.868,0.00453,2,0.122,-8.09,1,0.0825,145.22,0.522
blues,Nu-Blue,37i9dQZF1DXb3MZdETGqKB,3cIpvLUhWpEzApyFVV1Pzj,spotify:track:3cIpvLUhWpEzApyFVV1Pzj,https://p.scdn.co/mp3-preview/d9ff5385fb65a44295ffcc7cf8881a8b29d2831b?cid=63a77ff40e794a12ae216a18befde98c,Man in the Sky,26,Gina Sicilia,Heard the Lie,0.588,0.629,220200,0.759,1.44e-06,5,0.132,-6.942,1,0.0332,100.086,0.582
blues,Nu-Blue,37i9dQZF1DXb3MZdETGqKB,4t725F1sMm6FzZsTuq3Yqw,spotify:track:4t725F1sMm6FzZsTuq3Yqw,https://p.scdn.co/mp3-preview/4582822230d79eb83d394f00ec90066fc26aeaa7?cid=63a77ff40e794a12ae216a18befde98c,Let Me Love You Baby,28,Mike Farris,Silver & Stone,0.344,0.696,221459,0.729,0.0125,5,0.0888,-6.078,0,0.0417,119.977,0.788
blues,Nu-Blue,37i9dQZF1DXb3MZdETGqKB,3yWuwVWWiDvZ4ZimOJyZEn,spotify:track:3yWuwVWWiDvZ4ZimOJyZEn,https://p.scdn.co/mp3-preview/24eea549f2dd992e5683c7496d90fab408969b5c?cid=63a77ff40e794a12ae216a18befde98c,Easy Papa,27,Gaslight Street,You Already Know,0.656,0.595,265867,0.553,0.000306,3,0.145,-6.071,1,0.0381,136.191,0.482
blues,Nu-Blue,37i9dQZF1DXb3MZdETGqKB,4aeXHIzTSXfP7mI4kPLSyF,spotify:track:4aeXHIzTSXfP7mI4kPLSyF,,Sometimes,20,Larkin Poe,Sometimes,0.45,0.779,172283,0.894,0.0,0,0.307,-4.407,0,0.118,101.992,0.797
blues,Nu-Blue,37i9dQZF1DXb3MZdETGqKB,14OTQSCeHAe2Q8Iohiefh1,spotify:track:14OTQSCeHAe2Q8Iohiefh1,https://p.scdn.co/mp3-preview/75a4567e630118196288ae54a24188b77deb0be8?cid=63a77ff40e794a12ae216a18befde98c,Everything You Need (feat. Eric Clapton),33,"Doyle Bramhall II,Eric Clapton",Love And Pain,0.158,0.501,302507,0.798,0.114,7,0.147,-8.163,0,0.0888,97.532,0.483
blues,Nu-Blue,37i9dQZF1DXb3MZdETGqKB,62tOiK6l37asgrHe9URCl0,spotify:track:62tOiK6l37asgrHe9URCl0,https://p.scdn.co/mp3-preview/846c56f891cf6585d9ed5db743c36a96f4d74478?cid=63a77ff40e794a12ae216a18befde98c,Do I Move You?,27,Jennifer Hartswick,Nexus,0.572,0.491,320840,0.295,0.0952,4,0.235,-10.097,0,0.0869,177.698,0.448
blues,Nu-Blue,37i9dQZF1DXb3MZdETGqKB,78QqHqG4VAorNST1N45wAb,spotify:track:78QqHqG4VAorNST1N45wAb,,I’m Getting Better (And I’m Feeling It Right Now),42,The Record Company,All Of This Life,0.000568,0.214,195480,0.847,0.00361,0,0.069,-5.02,0,0.111,199.297,0.791
blues,Nu-Blue,37i9dQZF1DXb3MZdETGqKB,0G5zekG6CBSUMVRr5O5DZ6,spotify:track:0G5zekG6CBSUMVRr5O5DZ6,,I Put a Spell on You,39,"Christone ""Kingfish"" Ingram",Luke Cage: Season 2,0.0533,0.628,284502,0.386,0.00802,10,0.143,-15.347,0,0.311,171.079,0.751
blues,Nu-Blue,37i9dQZF1DXb3MZdETGqKB,7te4juxPfKJqcTxadXNEW6,spotify:track:7te4juxPfKJqcTxadXNEW6,,Plastic Hamburgers,6,Fantastic Negrito,Please Don't Be Dead,0.0255,0.634,217451,0.779,0.00103,9,0.342,-6.607,1,0.0361,82.003,0.562
blues,Nu-Blue,37i9dQZF1DXb3MZdETGqKB,1ljUdI1gy91XKkEEmNrwZq,spotify:track:1ljUdI1gy91XKkEEmNrwZq,,Don’t Stop,27,Jon Batiste,Don't Stop,0.951,0.407,229893,0.175,0.000138,6,0.117,-12.637,0,0.0305,77.652,0.156
blues,Nu-Blue,37i9dQZF1DXb3MZdETGqKB,0bxhDMaiPNyCfENDHz4FBx,spotify:track:0bxhDMaiPNyCfENDHz4FBx,,Shame,43,Joseph Angel,Shame,0.111,0.67,223547,0.573,2.12e-05,8,0.245,-6.771,1,0.0384,157.847,0.348
blues,Nu-Blue,37i9dQZF1DXb3MZdETGqKB,7pQAORQOfDTGLvWNr6f5k6,spotify:track:7pQAORQOfDTGLvWNr6f5k6,https://p.scdn.co/mp3-preview/1d771bc89de50d2418be7f12aa99222f04ff3683?cid=63a77ff40e794a12ae216a18befde98c,More Lovin',25,Mandy Barnett,More Lovin',0.838,0.761,222947,0.411,4.9e-05,0,0.152,-9.1,0,0.0316,110.973,0.684
blues,Nu-Blue,37i9dQZF1DXb3MZdETGqKB,7f52YN6xnxbiUrYwCQBeFZ,spotify:track:7f52YN6xnxbiUrYwCQBeFZ,https://p.scdn.co/mp3-preview/f6b8d0b8ec39b3ebccd0076b5a5a5b98220d7669?cid=63a77ff40e794a12ae216a18befde98c,It's Not Over,47,Curtis Harding,It's Not Over,0.00139,0.641,233293,0.724,0.0031,0,0.0653,-5.095,1,0.0236,98.035,0.952
blues,Nu-Blue,37i9dQZF1DXb3MZdETGqKB,5uxyOMC275jctmnNtTq6ln,spotify:track:5uxyOMC275jctmnNtTq6ln,https://p.scdn.co/mp3-preview/a1610cc7549bf0caa13c88404dc9420c0c88364a?cid=63a77ff40e794a12ae216a18befde98c,Poor Until Payday,28,The Reverend Peyton's Big Damn Band,Poor Until Payday,0.0071,0.57,233021,0.477,0.00417,1,0.104,-6.397,1,0.0311,114.196,0.491
blues,Nu-Blue,37i9dQZF1DXb3MZdETGqKB,4FeNuGJKis3R9XZTXE9LNx,spotify:track:4FeNuGJKis3R9XZTXE9LNx,https://p.scdn.co/mp3-preview/3c1dc2503cb127cd9b6f9ac61c8f60bbcb4d3512?cid=63a77ff40e794a12ae216a18befde98c,Ready for Love,25,Gina Sicilia,Ready for Love,0.322,0.659,305973,0.769,0.0,7,0.43,-5.682,1,0.0342,111.042,0.679
blues,Nu-Blue,37i9dQZF1DXb3MZdETGqKB,5aBhKmKFNZkHlbhSKmIJTW,spotify:track:5aBhKmKFNZkHlbhSKmIJTW,https://p.scdn.co/mp3-preview/40cc54c6c7ae599a226043714eaeeb1cde059afa?cid=63a77ff40e794a12ae216a18befde98c,I Ain't Broken,24,J Edwards,I Ain't Broken,0.00472,0.44,228896,0.571,1.49e-05,9,0.336,-11.762,1,0.0381,155.956,0.365
blues,Nu-Blue,37i9dQZF1DXb3MZdETGqKB,6iDTmurDxeFvae2fuyKX7w,spotify:track:6iDTmurDxeFvae2fuyKX7w,,No Good,16,Hamish Anderson,No Good,0.00177,0.516,269343,0.737,0.125,9,0.274,-5.349,1,0.0361,113.057,0.679
blues,Nu-Blue,37i9dQZF1DXb3MZdETGqKB,5p6JFrk3tHw1RdCh1kBwH7,spotify:track:5p6JFrk3tHw1RdCh1kBwH7,https://p.scdn.co/mp3-preview/3cada7fcc2b1b6a2344692f56f44700982bad698?cid=63a77ff40e794a12ae216a18befde98c,Steampowered Blues,31,Phil Cook,People Are My Drug,0.787,0.337,290707,0.591,2.16e-05,5,0.116,-9.155,0,0.0764,154.417,0.647
blues,Nu-Blue,37i9dQZF1DXb3MZdETGqKB,0EN42m6c4jj0qMnsRtzZ08,spotify:track:0EN42m6c4jj0qMnsRtzZ08,https://p.scdn.co/mp3-preview/12ae91f3a7de9354d026819d6c5f4f9bbc89abb8?cid=63a77ff40e794a12ae216a18befde98c,Ain't Gonna Take No Mess,25,Cedric Burnside,Ain't Gonna Take No Mess,0.0549,0.576,214413,0.877,9.19e-05,11,0.171,-6.479,0,0.108,95.995,0.58
blues,Nu-Blue,37i9dQZF1DXb3MZdETGqKB,22ulzm0MdQe0FQzosA2m7V,spotify:track:22ulzm0MdQe0FQzosA2m7V,https://p.scdn.co/mp3-preview/f29eed4dea160a463e1dc4974906c075d4dfd562?cid=63a77ff40e794a12ae216a18befde98c,21st Century Gypsy Singing Lover Man,26,Jon Cleary,21st Century Gypsy Singing Lover Man,0.482,0.539,384229,0.309,0.00227,0,0.112,-10.552,1,0.0342,190.27,0.487
blues,Nu-Blue,37i9dQZF1DXb3MZdETGqKB,1SZInjyv5dbcQwuQfN2vk4,spotify:track:1SZInjyv5dbcQwuQfN2vk4,https://p.scdn.co/mp3-preview/a840fbc9087e5487a63f7cd12873fa40105e8cd8?cid=63a77ff40e794a12ae216a18befde98c,Hesitation Blues,29,Bruce Katz Band,Get Your Groove,0.188,0.552,246787,0.834,0.135,2,0.0848,-5.292,1,0.079,119.982,0.685
blues,Nu-Blue,37i9dQZF1DXb3MZdETGqKB,48sHLyE7iTQ3lQqygQNKUE,spotify:track:48sHLyE7iTQ3lQqygQNKUE,,40 Light Years,0,Colin James,40 Light Years,0.42,0.683,258373,0.7,0.00516,7,0.258,-7.531,1,0.0299,135.926,0.783
blues,Nu-Blue,37i9dQZF1DXb3MZdETGqKB,3qhrn6AYOntTjk3ZtiNB9i,spotify:track:3qhrn6AYOntTjk3ZtiNB9i,https://p.scdn.co/mp3-preview/bbd0bc29c87c553344ec3668475966a1064de1fc?cid=63a77ff40e794a12ae216a18befde98c,Ain't Gonna Rock with You No More,31,Damon Fowler,The Whiskey Bayou Session,0.0263,0.597,203787,0.631,3.75e-05,2,0.0692,-5.574,1,0.0247,93.578,0.855
