category_id,playlist_name,playlist_id,track_id,track_uri,track_preview_url,track_name,track_popularity,artist_name,album_name,acousticness,danceability,duration_ms,energy,instrumentalness,key,liveness,loudness,mode,speechiness,tempo,valence
afro,This Is Black Coffee,37i9dQZF1DZ06evO3R5f8c,7y6c07pgjZvtHI9kuMVqk1,spotify:track:7y6c07pgjZvtHI9kuMVqk1,,Get It Together,67,"Drake,Black Coffee,Jorja Smith",More Life,0.0896,0.78,250337,0.729,0.422,5,0.104,-9.138,0,0.0493,123.009,0.844
afro,This Is Black Coffee,37i9dQZF1DZ06evO3R5f8c,6X7PK2UQMUU36ux9pynSkV,spotify:track:6X7PK2UQMUU36ux9pynSkV,https://p.scdn.co/mp3-preview/de92ff2eba43a1d1b65523a3e4e10bfae0f32ba2?cid=63a77ff40e794a12ae216a18befde98c,Drive (feat. Delilah Montagu) - Edit,66,"Black Coffee,David Guetta,Delilah Montagu",Drive (feat. Delilah Montagu),0.00124,0.719,191258,0.79,0.0443,11,0.0786,-8.765,0,0.038,118.017,0.425
afro,This Is Black Coffee,37i9dQZF1DZ06evO3R5f8c,6tfXgZjluaSYht2GwnEw21,spotify:track:6tfXgZjluaSYht2GwnEw21,https://p.scdn.co/mp3-preview/240ecd74accb1fe4397233dd42f849ecce4ee11d?cid=63a77ff40e794a12ae216a18befde98c,Wish You Were Here (feat. Msaki),57,"Black Coffee,Msaki",Wish You Were Here (feat. Msaki),0.565,0.634,272412,0.456,0.00253,0,0.0942,-12.425,1,0.0422,119.976,0.157
afro,This Is Black Coffee,37i9dQZF1DZ06evO3R5f8c,2vaVwhktMuNE2jcM2j1RxJ,spotify:track:2vaVwhktMuNE2jcM2j1RxJ,https://p.scdn.co/mp3-preview/379839aac9599e8b46068eadfe6aefb664bed25d?cid=63a77ff40e794a12ae216a18befde98c,Your Eyes,52,"Black Coffee,Shekhinah",Your Eyes,0.0231,0.589,250175,0.531,5.45e-06,5,0.12,-9.225,0,0.0372,101.986,0.284
afro,This Is Black Coffee,37i9dQZF1DZ06evO3R5f8c,26wBcR6Damyd7l4xGI6DNg,spotify:track:26wBcR6Damyd7l4xGI6DNg,,Embrace - Black Coffee + Aquatone Remix,57,"Agoria,Black Coffee,Phoebe Killdeer",Embrace (Black Coffee + Aquatone Remix),0.00238,0.748,416923,0.79,0.874,5,0.0798,-10.116,1,0.0782,110.003,0.23
afro,This Is Black Coffee,37i9dQZF1DZ06evO3R5f8c,2zh8futZbM4gJ9x4ZV8Yu6,spotify:track:2zh8futZbM4gJ9x4ZV8Yu6,https://p.scdn.co/mp3-preview/6677c9c4b389bfd44b6850725a3aa0d20ce7f1c7?cid=63a77ff40e794a12ae216a18befde98c,Turn Me On,46,"Black Coffee,Bucie",Turn Me On,0.00191,0.792,445280,0.784,0.864,5,0.0903,-9.864,0,0.0489,123.024,0.552
afro,This Is Black Coffee,37i9dQZF1DZ06evO3R5f8c,0rI2QuTpF9jhXlfFjunPdd,spotify:track:0rI2QuTpF9jhXlfFjunPdd,https://p.scdn.co/mp3-preview/20fa4ace9c75f4e7950f0273b3df386c7befdfc6?cid=63a77ff40e794a12ae216a18befde98c,Come With Me,44,"Black Coffee,Mque",Come With Me,0.0335,0.826,197710,0.623,0.00175,4,0.0652,-10.613,0,0.0397,125.012,0.231
afro,This Is Black Coffee,37i9dQZF1DZ06evO3R5f8c,6HvCOJvbEzVTmEFmv79pTf,spotify:track:6HvCOJvbEzVTmEFmv79pTf,,We Dance Again,41,"Black Coffee,Nakhane",We Dance Again,0.188,0.667,281193,0.353,0.558,6,0.111,-18.364,0,0.0497,122.005,0.504
afro,This Is Black Coffee,37i9dQZF1DZ06evO3R5f8c,4rSpUjqW7KTn4Whk9vEIv5,spotify:track:4rSpUjqW7KTn4Whk9vEIv5,https://p.scdn.co/mp3-preview/e6a1fb465e8af776046c684e58402fc031ff5aba?cid=63a77ff40e794a12ae216a18befde98c,Muyè (Black Coffee Remix),44,"Black Coffee,Rampa,Adam Port,&ME",Sónar 25: An advanced music mixtape by Black Coffee,0.133,0.573,440920,0.83,0.867,7,0.113,-12.678,1,0.0352,121.944,0.0366
afro,This Is Black Coffee,37i9dQZF1DZ06evO3R5f8c,5ZcLosmdTO5Xpj7WbZqiam,spotify:track:5ZcLosmdTO5Xpj7WbZqiam,https://p.scdn.co/mp3-preview/02163d0a0c194e263560a88a6985ec74f89d085f?cid=63a77ff40e794a12ae216a18befde98c,We Are On (Black Coffee Original Dub),36,"Black Coffee,Hugh Masekela",We Are One (feat. Hugh Masekela),0.00101,0.805,478311,0.715,0.905,1,0.0765,-9.84,0,0.0491,124.01,0.565
afro,This Is Black Coffee,37i9dQZF1DZ06evO3R5f8c,61ZwhDqqQCMoK29InoEdKD,spotify:track:61ZwhDqqQCMoK29InoEdKD,https://p.scdn.co/mp3-preview/d4b811665af14571a66f4983442ba77420f753d4?cid=63a77ff40e794a12ae216a18befde98c,Extra Time On You,36,"Black Coffee,Portia Monique",Pieces Of Me,0.0294,0.86,442962,0.522,0.0482,1,0.0991,-9.147,1,0.0978,123.014,0.742
afro,This Is Black Coffee,37i9dQZF1DZ06evO3R5f8c,4kqpkmkHgEJJH3aea7Fhm6,spotify:track:4kqpkmkHgEJJH3aea7Fhm6,https://p.scdn.co/mp3-preview/9c6f0563e4bdd04ca25e78c199ac57d6845988b5?cid=63a77ff40e794a12ae216a18befde98c,We Are One,35,"Black Coffee,Hugh Masekela",The Djoon Experience compiled & mixed by Black Coffee and Joe Claussell,0.00184,0.803,470585,0.652,0.892,1,0.0945,-9.87,0,0.0536,124.013,0.582
afro,This Is Black Coffee,37i9dQZF1DZ06evO3R5f8c,3QF8Xtfvgnyk0tRUnDxTFU,spotify:track:3QF8Xtfvgnyk0tRUnDxTFU,https://p.scdn.co/mp3-preview/95dbd0f396d5db5625b92e96b4c49eb45e2f48f9?cid=63a77ff40e794a12ae216a18befde98c,Traveller - Extended Mix,34,"Black Coffee,Nomsa Mazwai,Black Motion",Traveller (Extended Mix),0.0189,0.841,439309,0.603,0.18,11,0.111,-8.137,0,0.0388,124.998,0.0776
afro,This Is Black Coffee,37i9dQZF1DZ06evO3R5f8c,6MjArfAxpJ7Xf0gazd9WXa,spotify:track:6MjArfAxpJ7Xf0gazd9WXa,https://p.scdn.co/mp3-preview/4120cd11264ee0d0e92c57de2c6a158e1df12083?cid=63a77ff40e794a12ae216a18befde98c,Gardens of Eden,34,"Black Coffee,Zonke",Gardens of Eden / Trip to Lyon,0.00321,0.842,471391,0.599,0.0167,3,0.0853,-9.436,0,0.0769,124.0,0.513
afro,This Is Black Coffee,37i9dQZF1DZ06evO3R5f8c,4kiUfrsCr0cKfbo0LTapDC,spotify:track:4kiUfrsCr0cKfbo0LTapDC,https://p.scdn.co/mp3-preview/34183d2809a25567df01774be28c58f402af6a06?cid=63a77ff40e794a12ae216a18befde98c,You Rock My World - Jullian Gomes Remix,34,"Black Coffee,Soulstar,Jullian Gomes",You Rock My World (The Remixes),0.0141,0.806,410000,0.496,0.868,1,0.0447,-11.261,1,0.0653,123.009,0.481
afro,This Is Black Coffee,37i9dQZF1DZ06evO3R5f8c,7JDFf5fWpR9bhpk7UGjpiy,spotify:track:7JDFf5fWpR9bhpk7UGjpiy,https://p.scdn.co/mp3-preview/234bcead3f74777c91e81f8e253c23901c6595ea?cid=63a77ff40e794a12ae216a18befde98c,Buya - Loco Dice Kliptown Love Remix,35,"Black Coffee,Toshi",Buya,0.0007,0.801,424797,0.679,0.607,6,0.0956,-9.227,1,0.0485,123.997,0.381
afro,This Is Black Coffee,37i9dQZF1DZ06evO3R5f8c,6REbbKoksIc127eDJxz8GC,spotify:track:6REbbKoksIc127eDJxz8GC,https://p.scdn.co/mp3-preview/8fcaa27e3507c5d3ce86edc8c9dfd8daf6b56203?cid=63a77ff40e794a12ae216a18befde98c,Stuck In Your Love,34,"Black Coffee,Azola",Pieces Of Me,0.00713,0.725,425733,0.704,0.391,4,0.0249,-8.778,0,0.0436,123.042,0.722
afro,This Is Black Coffee,37i9dQZF1DZ06evO3R5f8c,1eIhSaVLP46opgA6baksuB,spotify:track:1eIhSaVLP46opgA6baksuB,https://p.scdn.co/mp3-preview/d7b06b38c0e45d28c23b00316bb7038a94870578?cid=63a77ff40e794a12ae216a18befde98c,Come To Me,33,Black Coffee,Turn Me On / Come To Me,3.61e-05,0.75,477000,0.885,0.889,2,0.121,-9.456,1,0.0526,123.005,0.0991
afro,This Is Black Coffee,37i9dQZF1DZ06evO3R5f8c,32Pl1OslbuyZkF9NIbsKnU,spotify:track:32Pl1OslbuyZkF9NIbsKnU,https://p.scdn.co/mp3-preview/967f1efb4e2fc5cec17f94660766ca6d9b2d63dc?cid=63a77ff40e794a12ae216a18befde98c,Trip to Lyon,32,Black Coffee,Gardens of Eden / Trip to Lyon,0.0328,0.808,496812,0.411,0.864,2,0.0437,-9.349,1,0.0592,125.003,0.876
afro,This Is Black Coffee,37i9dQZF1DZ06evO3R5f8c,12NDXliaBBgklpBNkUlyVI,spotify:track:12NDXliaBBgklpBNkUlyVI,https://p.scdn.co/mp3-preview/0c62591f5e7767923300df8555502bb94ad80f07?cid=63a77ff40e794a12ae216a18befde98c,Never Saw You Coming (feat. Tsepo) - DJ Spinna Galactic Vocal Mix,34,"Black Coffee,Tsepo,DJ Spinna",Never Saw You Coming (feat. Tsepo),0.000223,0.743,508267,0.652,0.092,5,0.101,-10.004,0,0.0703,123.002,0.781
afro,This Is Black Coffee,37i9dQZF1DZ06evO3R5f8c,0E22prrkBRLjXHHonYrWbS,spotify:track:0E22prrkBRLjXHHonYrWbS,https://p.scdn.co/mp3-preview/4f5246e899c93602332bec598af3dc00efabb9fe?cid=63a77ff40e794a12ae216a18befde98c,Angelina,32,"Black Coffee,NaakMusiQ,Mondli Ngcobo",Pieces Of Me,0.000605,0.675,486532,0.663,0.678,9,0.105,-10.132,0,0.042,125.0,0.769
afro,This Is Black Coffee,37i9dQZF1DZ06evO3R5f8c,2C5nA4hmzjzWPp8QW82pdo,spotify:track:2C5nA4hmzjzWPp8QW82pdo,https://p.scdn.co/mp3-preview/71a02d5b21498ec51c0b1d9fb8084e438bb8be60?cid=63a77ff40e794a12ae216a18befde98c,Ready For The World - Original Mix,31,"Darque,Black Coffee,Kaylow",Ready For The World,0.000371,0.807,473401,0.757,0.638,10,0.0903,-13.365,0,0.045,121.999,0.497
afro,This Is Black Coffee,37i9dQZF1DZ06evO3R5f8c,0o4g8yFBlSBHd2SoxiAzQN,spotify:track:0o4g8yFBlSBHd2SoxiAzQN,https://p.scdn.co/mp3-preview/b1b9b98242412dc5fe195cc678ac9f5639b46e20?cid=63a77ff40e794a12ae216a18befde98c,Crazy - Manoo & Francois Aymonier Deep Journey Remix,31,"Black Coffee,Thiwe,Manoo,François Aymonier",Crazy (The Remixes),0.000137,0.677,634851,0.805,0.928,7,0.112,-8.528,0,0.0448,124.011,0.342
afro,This Is Black Coffee,37i9dQZF1DZ06evO3R5f8c,0OjDv7ivPtBhnbsZWoGG5Y,spotify:track:0OjDv7ivPtBhnbsZWoGG5Y,https://p.scdn.co/mp3-preview/a5d28d08915a75d24285507c31f4fdb9623dae62?cid=63a77ff40e794a12ae216a18befde98c,Gratitude,35,"Marie Joly,Black Coffee,Rebecca Murray",Gratitude,0.547,0.802,391369,0.576,0.843,5,0.0755,-13.154,0,0.0927,123.015,0.507
afro,This Is Black Coffee,37i9dQZF1DZ06evO3R5f8c,1vAxk2eY71kx3iQ9jSu4zB,spotify:track:1vAxk2eY71kx3iQ9jSu4zB,https://p.scdn.co/mp3-preview/4264928f12066c01b605e29d2fb3f54cebfaa5db?cid=63a77ff40e794a12ae216a18befde98c,I'll Find You,32,"Black Coffee,Cara Frew",Pieces Of Me,0.00294,0.787,588412,0.576,0.838,7,0.0454,-11.837,1,0.0505,124.99,0.489
afro,This Is Black Coffee,37i9dQZF1DZ06evO3R5f8c,0jyJhfimHqaX7UYghfEp0t,spotify:track:0jyJhfimHqaX7UYghfEp0t,https://p.scdn.co/mp3-preview/84c937a38e0fed0b4fd9bf7764e14dee07c3d068?cid=63a77ff40e794a12ae216a18befde98c,Africa Shine,29,"Mi Casa,Black Coffee",Su Casa (Europe Release),0.0264,0.83,326587,0.468,0.0,7,0.116,-8.331,0,0.0654,124.978,0.49
afro,This Is Black Coffee,37i9dQZF1DZ06evO3R5f8c,1M3Mqgfh1NgHSEOXmRqDhP,spotify:track:1M3Mqgfh1NgHSEOXmRqDhP,https://p.scdn.co/mp3-preview/e01b7b787fb0b6621c77f8f04ce97c1e91437bf4?cid=63a77ff40e794a12ae216a18befde98c,Yintoni Na,28,"Busi Mhlongo,Black Coffee",Yehlisan Umoya Azania (In The Mix),0.0105,0.821,363000,0.589,0.788,4,0.0618,-8.366,1,0.0881,122.996,0.97
afro,This Is Black Coffee,37i9dQZF1DZ06evO3R5f8c,0eXO34M9MC8RJwqkenfEhy,spotify:track:0eXO34M9MC8RJwqkenfEhy,https://p.scdn.co/mp3-preview/d1abe28abddc0edf99060681de60d78259225c65?cid=63a77ff40e794a12ae216a18befde98c,In Tunes Wave,30,Black Coffee,Relaxing Moments - Exquisite Chillout Vibes,0.894,0.812,312059,0.789,0.932,0,0.114,-10.772,0,0.0516,89.983,0.968
afro,This Is Black Coffee,37i9dQZF1DZ06evO3R5f8c,2nS199vGWJtxqzXt58fJGy,spotify:track:2nS199vGWJtxqzXt58fJGy,https://p.scdn.co/mp3-preview/2a1fdeb2e6f482eb394fa42edbffd572c683b773?cid=63a77ff40e794a12ae216a18befde98c,Go On,30,"Black Coffee,Khensy",Pieces Of Me,0.000789,0.799,472920,0.404,0.891,7,0.104,-12.174,1,0.0537,124.004,0.188
afro,This Is Black Coffee,37i9dQZF1DZ06evO3R5f8c,6AzPWj4lnmP61PAF0Z4r6m,spotify:track:6AzPWj4lnmP61PAF0Z4r6m,,Thamokuro,30,"Black Motion,Black Coffee,Xelimpilo",Fortune Teller,0.172,0.713,418107,0.925,0.689,4,0.223,-7.355,0,0.0825,124.987,0.323
afro,This Is Black Coffee,37i9dQZF1DZ06evO3R5f8c,49W6fBLT8McXH3XrrM77RO,spotify:track:49W6fBLT8McXH3XrrM77RO,https://p.scdn.co/mp3-preview/cd2d751666273e8122df0c6a3ac3fe2f514eef34?cid=63a77ff40e794a12ae216a18befde98c,Izizwe,29,"Busi Mhlongo,Black Coffee",Yehlisan Umoya Azania (In The Mix),0.0056,0.667,415960,0.669,0.759,5,0.11,-9.802,0,0.0597,123.366,0.801
afro,This Is Black Coffee,37i9dQZF1DZ06evO3R5f8c,3UlphN5cFwKXSqeCy5tmrS,spotify:track:3UlphN5cFwKXSqeCy5tmrS,https://p.scdn.co/mp3-preview/b98ad81f26659abddcebf4bcbab2b510b8d10418?cid=63a77ff40e794a12ae216a18befde98c,Sudah Lupakan,28,Black Coffee,Pede Dengan Musikmu,0.344,0.397,273046,0.669,0.000179,4,0.24,-2.991,1,0.0268,160.153,0.284
afro,This Is Black Coffee,37i9dQZF1DZ06evO3R5f8c,2Yy3BzdOdn9uqMpeVePtL1,spotify:track:2Yy3BzdOdn9uqMpeVePtL1,https://p.scdn.co/mp3-preview/3badd8a9040e3d45a75a78a21be14b1f21be2652?cid=63a77ff40e794a12ae216a18befde98c,Love On Fire,32,"Black Coffee,Lungi Naidoo,Ribatone",Pieces Of Me,0.000171,0.68,490540,0.58,0.206,7,0.156,-10.462,1,0.0424,123.013,0.721
afro,This Is Black Coffee,37i9dQZF1DZ06evO3R5f8c,1U5KyzJF1X7AIQVEJmgwff,spotify:track:1U5KyzJF1X7AIQVEJmgwff,https://p.scdn.co/mp3-preview/ad5e53841c16e18f62fafb8c9c4aeda805c8956a?cid=63a77ff40e794a12ae216a18befde98c,I Know What's On Your Mind - Ethan White Remix,25,"Tortured Soul,Black Coffee",I Know What's On Your Mind,0.00037,0.803,463726,0.575,0.533,1,0.0949,-9.858,1,0.055,125.007,0.41
afro,This Is Black Coffee,37i9dQZF1DZ06evO3R5f8c,6mbcIiKVptYN6dD7MuTTJS,spotify:track:6mbcIiKVptYN6dD7MuTTJS,,Ilala,23,"Black Coffee,Mondli Ngcobo",Music Is King,0.674,0.491,290533,0.458,4.36e-05,5,0.0905,-12.511,0,0.0483,110.026,0.191
afro,This Is Black Coffee,37i9dQZF1DZ06evO3R5f8c,6SJgKMpTkkS3A7OTOOpOo6,spotify:track:6SJgKMpTkkS3A7OTOOpOo6,,Afraid Of The Dark,16,"Black Coffee,Nathan Adams",Africa Rising,0.0831,0.876,430067,0.645,0.0053,4,0.116,-9.975,0,0.0617,125.002,0.455
afro,This Is Black Coffee,37i9dQZF1DZ06evO3R5f8c,7sLrlIM34q3YLeAPGFJqFd,spotify:track:7sLrlIM34q3YLeAPGFJqFd,,Deep In The Bottom - The Jouney Mix,17,"Black Coffee,Monique Bingham",The Journey Continues,0.0246,0.788,516147,0.619,0.47,1,0.0694,-10.88,1,0.0431,124.013,0.632
afro,This Is Black Coffee,37i9dQZF1DZ06evO3R5f8c,752l1xT5G1OHzg71ZBnTyZ,spotify:track:752l1xT5G1OHzg71ZBnTyZ,,Superman,17,Black Coffee,Home Brewed,0.0758,0.829,433627,0.676,0.692,5,0.123,-9.738,0,0.0783,123.982,0.741
afro,This Is Black Coffee,37i9dQZF1DZ06evO3R5f8c,3wwFFql3qfSd4fxLnTvJdV,spotify:track:3wwFFql3qfSd4fxLnTvJdV,,UThando,21,"Black Coffee,Mbuso Khoza",Music Is King,0.00754,0.718,414147,0.535,0.186,7,0.0908,-11.5,1,0.0613,123.02,0.0463
afro,This Is Black Coffee,37i9dQZF1DZ06evO3R5f8c,70IaMEsiO8r9KWP79AYz3q,spotify:track:70IaMEsiO8r9KWP79AYz3q,,I Know What's On Your Mind,13,"Black Coffee,Tortured Soul",Africa Rising,0.113,0.787,376693,0.464,0.315,5,0.116,-11.623,0,0.0489,124.998,0.692
afro,This Is Black Coffee,37i9dQZF1DZ06evO3R5f8c,5xYU4QIQqxhGaWgpwKLkri,spotify:track:5xYU4QIQqxhGaWgpwKLkri,,100 Zulu Warriors,13,Black Coffee,Have Another One,0.205,0.716,404640,0.917,0.925,11,0.0909,-11.025,0,0.051,123.356,0.0376
afro,This Is Black Coffee,37i9dQZF1DZ06evO3R5f8c,5WRoeCefMDsxn9zrsqUqhK,spotify:track:5WRoeCefMDsxn9zrsqUqhK,,Mama,13,"Black Coffee,Ringo",Home Brewed,0.000511,0.774,376480,0.619,0.728,10,0.0852,-8.977,0,0.0467,123.997,0.495
afro,This Is Black Coffee,37i9dQZF1DZ06evO3R5f8c,2ezXfBFmYYoiPUcQeCt494,spotify:track:2ezXfBFmYYoiPUcQeCt494,,Ndod'emnyama,23,"Black Coffee,Samthing Soweto",Music Is King,0.84,0.466,157253,0.281,0.0,6,0.0754,-11.485,0,0.0315,125.661,0.224
afro,This Is Black Coffee,37i9dQZF1DZ06evO3R5f8c,6O4CHPJQdyTfPv1AZC667n,spotify:track:6O4CHPJQdyTfPv1AZC667n,,Don't You (Give Up) - Live,12,"Black Coffee,Vuyo",Africa Rising,0.251,0.571,464453,0.753,0.0132,6,0.391,-10.857,0,0.0516,123.996,0.294
afro,This Is Black Coffee,37i9dQZF1DZ06evO3R5f8c,5GD2wVVvA8gdOaosPrEDNr,spotify:track:5GD2wVVvA8gdOaosPrEDNr,,Music Is The Answer,13,"Black Coffee,Ribatone",The Journey Continues,0.0123,0.761,335573,0.636,0.735,0,0.0712,-10.715,1,0.0423,124.01,0.309
afro,This Is Black Coffee,37i9dQZF1DZ06evO3R5f8c,7chKchP8IVPi34sqbss0AH,spotify:track:7chKchP8IVPi34sqbss0AH,,Someday,14,"Black Coffee,Zano",Home Brewed,0.0137,0.745,402613,0.556,0.00388,11,0.108,-9.785,1,0.0574,123.998,0.7
afro,This Is Black Coffee,37i9dQZF1DZ06evO3R5f8c,5kGDenM9D8r9ktFktID9nc,spotify:track:5kGDenM9D8r9ktFktID9nc,,Any Other Way,26,"Black Coffee,Karyendasoul,Zhao",Music Is King,0.0226,0.429,393080,0.829,0.403,1,0.0664,-10.097,0,0.045,123.945,0.237
afro,This Is Black Coffee,37i9dQZF1DZ06evO3R5f8c,0arhdzXjxtfKhe1KxEOzBq,spotify:track:0arhdzXjxtfKhe1KxEOzBq,,Lo Mhlaba,11,Black Coffee,Have Another One,0.00185,0.802,342400,0.757,0.714,11,0.131,-9.363,0,0.0585,123.341,0.771
afro,This Is Black Coffee,37i9dQZF1DZ06evO3R5f8c,7BoO5GyetZyPgzuC6VOQtv,spotify:track:7BoO5GyetZyPgzuC6VOQtv,,Inseparable,13,"Black Coffee,Ribatone",The Journey Continues,0.000374,0.699,473000,0.664,0.718,11,0.105,-11.12,0,0.0472,123.982,0.366
afro,This Is Black Coffee,37i9dQZF1DZ06evO3R5f8c,6zhIDlwmY8AvkmcK1WrSuZ,spotify:track:6zhIDlwmY8AvkmcK1WrSuZ,,Molo Sweetie,10,Black Coffee,Black Coffee,0.0186,0.809,343413,0.765,0.000613,0,0.133,-8.397,1,0.0755,123.0,0.858
