category_id,playlist_name,playlist_id,track_id,track_uri,track_preview_url,track_name,track_popularity,artist_name,album_name,acousticness,danceability,duration_ms,energy,instrumentalness,key,liveness,loudness,mode,speechiness,tempo,valence
afro,African Heat,37i9dQZF1DWYkaDif7Ztbp,0kmxWw7KjktV4V1ZpbOeru,spotify:track:0kmxWw7KjktV4V1ZpbOeru,https://p.scdn.co/mp3-preview/890d620e873e688ca1d916fc8fd1ea67ef842e0f?cid=63a77ff40e794a12ae216a18befde98c,Glow In The Dark,56,"Skepta,Lay-Z,WizKid",Ignorance is Bliss,0.0403,0.75,175347,0.601,0.0014,2,0.0764,-6.809,1,0.184,136.92,0.547
afro,African Heat,37i9dQZF1DWYkaDif7Ztbp,3uAuSelpsppdSCgnSLPn03,spotify:track:3uAuSelpsppdSCgnSLPn03,,Shine Girl (feat. Stormzy),57,"MoStack,Stormzy",Shine Girl (feat. Stormzy),0.72,0.557,173293,0.786,0.000162,2,0.415,-7.049,1,0.407,102.031,0.694
afro,African Heat,37i9dQZF1DWYkaDif7Ztbp,75lVHFgJiFKV9sj5rtmGKd,spotify:track:75lVHFgJiFKV9sj5rtmGKd,https://p.scdn.co/mp3-preview/6169093d77ac63af54be9d43896aacbb0c3810bf?cid=63a77ff40e794a12ae216a18befde98c,Show Me Mercy,40,"IYKZ,Maleek Berry",Show Me Mercy,0.229,0.815,203943,0.776,1.58e-06,10,0.0897,-5.067,0,0.102,105.012,0.695
afro,African Heat,37i9dQZF1DWYkaDif7Ztbp,0cYSWUgJwKEviEs8NH3jbY,spotify:track:0cYSWUgJwKEviEs8NH3jbY,https://p.scdn.co/mp3-preview/cec0e1989477f0caa6234bfb50bb6ef74d449764?cid=63a77ff40e794a12ae216a18befde98c,Achie,28,"B-RED,DaVido",Achie,0.523,0.907,211670,0.808,1.11e-05,9,0.143,-4.029,0,0.151,110.018,0.923
afro,African Heat,37i9dQZF1DWYkaDif7Ztbp,5MbBHepPZHVfgR4pdNnh3b,spotify:track:5MbBHepPZHVfgR4pdNnh3b,https://p.scdn.co/mp3-preview/23a5b71735e66c540dba9b67c383ea183714b006?cid=63a77ff40e794a12ae216a18befde98c,Owo Osu,18,"Candy Bleakz,Zlatan,Naira Marley",Owo Osu,0.131,0.75,220641,0.959,0.0,6,0.0844,-1.074,1,0.191,118.784,0.789
afro,African Heat,37i9dQZF1DWYkaDif7Ztbp,3Ej65VgWq9fnYEmJNPa8wD,spotify:track:3Ej65VgWq9fnYEmJNPa8wD,https://p.scdn.co/mp3-preview/575d2cdff63d87362a63f5aed7f86daced8c4bc7?cid=63a77ff40e794a12ae216a18befde98c,Move Body - Remix,20,"Silvastone,Fuse ODG",Move Body (Remix),0.0613,0.719,199119,0.646,0.0,9,0.0902,-7.748,0,0.227,103.027,0.412
afro,African Heat,37i9dQZF1DWYkaDif7Ztbp,6KSRlzHjxjm2owDJIku5Xf,spotify:track:6KSRlzHjxjm2owDJIku5Xf,https://p.scdn.co/mp3-preview/8477319c0ac7e0623660b7d1c48923857dbe5f92?cid=63a77ff40e794a12ae216a18befde98c,Without You,19,Omawumi,Without You,0.273,0.77,191000,0.77,1.79e-06,10,0.0792,-5.229,0,0.368,95.952,0.84
afro,African Heat,37i9dQZF1DWYkaDif7Ztbp,2om6qMVdQcujdTPP5Ijj91,spotify:track:2om6qMVdQcujdTPP5Ijj91,https://p.scdn.co/mp3-preview/d3d7ca2470b369b5d0a855d01c497bde791f371c?cid=63a77ff40e794a12ae216a18befde98c,True,30,"Mayorkun,Kizz Daniel",True (feat. Kizz Daniel),0.12,0.706,217130,0.897,7.71e-05,7,0.102,-4.115,1,0.0699,119.961,0.921
afro,African Heat,37i9dQZF1DWYkaDif7Ztbp,6pZGgzSkEWY0UL25a08fMH,spotify:track:6pZGgzSkEWY0UL25a08fMH,https://p.scdn.co/mp3-preview/9d6570160d328d74f7a05ca0dcb4ad2ea0631c80?cid=63a77ff40e794a12ae216a18befde98c,Bring Back The Love,22,"Kyle Deutsch,Skattaisdead",Bring Back The Love,0.255,0.692,192121,0.661,2.34e-06,4,0.117,-6.208,0,0.0845,110.009,0.144
afro,African Heat,37i9dQZF1DWYkaDif7Ztbp,0ncYVvbdUR0NJy7UKpQSWQ,spotify:track:0ncYVvbdUR0NJy7UKpQSWQ,,Imvula,18,"Master Clap,Professor,Holly Rey,DrumPope",Imvula,0.163,0.755,280320,0.681,1.95e-06,6,0.105,-8.221,0,0.0358,124.979,0.782
afro,African Heat,37i9dQZF1DWYkaDif7Ztbp,5grN6LdJCBlTUd9Oid2tvW,spotify:track:5grN6LdJCBlTUd9Oid2tvW,https://p.scdn.co/mp3-preview/94eeab50f51683878e156d21478001b0b7a8c169?cid=63a77ff40e794a12ae216a18befde98c,Extravaganza,32,"Sauti Sol,Bensoul,Nviiri The Storyteller,Crystal Asige,Kaskazini",Extravaganza,0.229,0.69,242974,0.642,0.0,0,0.149,-10.21,1,0.0385,153.968,0.927
afro,African Heat,37i9dQZF1DWYkaDif7Ztbp,6i4jsl79YpQlyvELNcPXWI,spotify:track:6i4jsl79YpQlyvELNcPXWI,https://p.scdn.co/mp3-preview/d6f19273cf5b8d4884b03709593ed7681cb0ef19?cid=63a77ff40e794a12ae216a18befde98c,Hard Way,41,Young Paris,Blood Diamond,0.2,0.811,214063,0.452,6.93e-06,5,0.102,-8.947,0,0.111,92.509,0.921
afro,African Heat,37i9dQZF1DWYkaDif7Ztbp,1sBX7EfLOgP3u6gHJBSqQg,spotify:track:1sBX7EfLOgP3u6gHJBSqQg,https://p.scdn.co/mp3-preview/d6a2106a940cccf1d448e5645f931ccfd4ed88e7?cid=63a77ff40e794a12ae216a18befde98c,Dumebi,62,Rema,Rema,0.202,0.922,179775,0.666,0.00386,3,0.105,-4.97,0,0.0609,110.015,0.7
afro,African Heat,37i9dQZF1DWYkaDif7Ztbp,16PlSKMa2N4Xu7jT7ia0wg,spotify:track:16PlSKMa2N4Xu7jT7ia0wg,https://p.scdn.co/mp3-preview/f50be11b6a04c4f15e9ade8b0bc454dd79181341?cid=63a77ff40e794a12ae216a18befde98c,Low,54,"Larry Gaaga,WizKid",Low,0.62,0.758,233012,0.584,0.00252,9,0.0835,-2.862,0,0.0751,101.929,0.769
afro,African Heat,37i9dQZF1DWYkaDif7Ztbp,00X3BV84d52AMLuHC3bjvY,spotify:track:00X3BV84d52AMLuHC3bjvY,https://p.scdn.co/mp3-preview/f5a3053d6b4e2c91c4a4ef6817d8559eba937933?cid=63a77ff40e794a12ae216a18befde98c,Open Fire (feat. Busiswa),40,"Patoranking,Busiswa",Wilmer,0.0461,0.807,226773,0.831,0.131,8,0.089,-4.239,1,0.118,121.994,0.581
afro,African Heat,37i9dQZF1DWYkaDif7Ztbp,7u8my86VgpWH6PjY7QDyRz,spotify:track:7u8my86VgpWH6PjY7QDyRz,https://p.scdn.co/mp3-preview/227b87a95094500ed92bbd03cbe5791f3c429d00?cid=63a77ff40e794a12ae216a18befde98c,Decisions,54,Rotimi,Walk With Me,0.0172,0.775,202540,0.657,0.00149,4,0.111,-7.724,0,0.0604,92.498,0.53
afro,African Heat,37i9dQZF1DWYkaDif7Ztbp,5lLoCdR7RIRruxOYVHMwUN,spotify:track:5lLoCdR7RIRruxOYVHMwUN,https://p.scdn.co/mp3-preview/0129f834b3107a081cf7e64a5b5734a488f9e89d?cid=63a77ff40e794a12ae216a18befde98c,Danjahrous,42,Haile Supreme,Danjahrous,0.11,0.689,189489,0.856,2.56e-05,6,0.101,-6.222,0,0.136,86.982,0.908
afro,African Heat,37i9dQZF1DWYkaDif7Ztbp,1SQIMVWK86hGikYJNrZdEK,spotify:track:1SQIMVWK86hGikYJNrZdEK,https://p.scdn.co/mp3-preview/c86eaf139eed4d2a8975d8539ddf7d02dd1b3b67?cid=63a77ff40e794a12ae216a18befde98c,This Year,39,Zlatan,This Year,0.0704,0.856,217143,0.944,7.23e-06,11,0.0997,-2.698,1,0.322,126.046,0.689
afro,African Heat,37i9dQZF1DWYkaDif7Ztbp,4f8Mh5wuWHOsfXtzjrJB3t,spotify:track:4f8Mh5wuWHOsfXtzjrJB3t,https://p.scdn.co/mp3-preview/02728662c29717a7607f50a038dcf43fecbaa891?cid=63a77ff40e794a12ae216a18befde98c,I THINK,84,"Tyler, The Creator",IGOR,0.00881,0.826,212013,0.579,0.0,8,0.129,-8.241,0,0.0801,121.075,0.431
afro,African Heat,37i9dQZF1DWYkaDif7Ztbp,0NMfKNtRnvyF9QjlRvnv0I,spotify:track:0NMfKNtRnvyF9QjlRvnv0I,https://p.scdn.co/mp3-preview/bc136ce698c1b1fb85bf74850f7b1a0dd02a1de3?cid=63a77ff40e794a12ae216a18befde98c,Spend Some Time,39,"Amaarae,Wande Coal",Spend Some Time,0.195,0.836,168333,0.419,0.00301,0,0.104,-13.102,0,0.103,101.025,0.257
afro,African Heat,37i9dQZF1DWYkaDif7Ztbp,4qVlq30c2CgdPHlRBbuQGh,spotify:track:4qVlq30c2CgdPHlRBbuQGh,https://p.scdn.co/mp3-preview/526f0411b343e360efee97e87256ff6eff2e99ec?cid=63a77ff40e794a12ae216a18befde98c,Olelele,41,"Young ""D"",Harmonize,Skales",Olelele,0.127,0.85,214180,0.594,0.000733,6,0.0912,-4.6,1,0.147,121.911,0.906
afro,African Heat,37i9dQZF1DWYkaDif7Ztbp,7ICLStjKyIa5ONqAh6gFpq,spotify:track:7ICLStjKyIa5ONqAh6gFpq,https://p.scdn.co/mp3-preview/d3c6824d4ff6272ef06d956905a8527fc96bd244?cid=63a77ff40e794a12ae216a18befde98c,Imbizo,32,S-Tone,Imbizo,0.0894,0.633,271492,0.815,0.0,1,0.125,-8.348,1,0.0322,122.045,0.561
afro,African Heat,37i9dQZF1DWYkaDif7Ztbp,1aXxi9PSxNV8vI5BruR7vv,spotify:track:1aXxi9PSxNV8vI5BruR7vv,https://p.scdn.co/mp3-preview/cc0834eac087e970b80767c86d50260d7cbc37b3?cid=63a77ff40e794a12ae216a18befde98c,On The Low,68,Burna Boy,On The Low,0.692,0.816,185899,0.781,0.00935,1,0.0835,-4.237,0,0.0425,99.949,0.937
afro,African Heat,37i9dQZF1DWYkaDif7Ztbp,7lWPp0cGS1w5JYEJ8NB3n5,spotify:track:7lWPp0cGS1w5JYEJ8NB3n5,https://p.scdn.co/mp3-preview/c0fd56a43c6691d99b17084401272a6237829f71?cid=63a77ff40e794a12ae216a18befde98c,Am I a Yahoo Boy,51,"Naira Marley,Zlatan",Am I a Yahoo Boy,0.425,0.849,148821,0.783,5.14e-06,8,0.266,-3.919,1,0.369,118.121,0.601
afro,African Heat,37i9dQZF1DWYkaDif7Ztbp,61gaOdboG7udvSWZtRRfAw,spotify:track:61gaOdboG7udvSWZtRRfAw,https://p.scdn.co/mp3-preview/335ecf1790932c6936c607cde057a93c99db6f26?cid=63a77ff40e794a12ae216a18befde98c,GBESE,43,"DJ Tunez,WizKid,Blaq Jerzee",GBESE,0.111,0.818,309903,0.861,0.000378,2,0.109,-5.526,0,0.0814,102.996,0.606
afro,African Heat,37i9dQZF1DWYkaDif7Ztbp,2tsuHoDRjMTPkibpOkRuq4,spotify:track:2tsuHoDRjMTPkibpOkRuq4,https://p.scdn.co/mp3-preview/1b72799fd1d9646b986d02e34a916bda8f1992b7?cid=63a77ff40e794a12ae216a18befde98c,Sensima,61,"Skiibii,Reekado Banks",Sensima,0.0899,0.874,187794,0.807,0.0,7,0.0698,-3.973,1,0.177,109.945,0.884
afro,African Heat,37i9dQZF1DWYkaDif7Ztbp,07rmJZVpXdsSfjOl4VmmFf,spotify:track:07rmJZVpXdsSfjOl4VmmFf,https://p.scdn.co/mp3-preview/5cf4f4c97b480ebb23851ad7a8490d66e4e77326?cid=63a77ff40e794a12ae216a18befde98c,Jealous,52,Fireboy DML,Jealous,0.116,0.747,216667,0.778,0.000112,4,0.631,-6.993,0,0.0501,103.019,0.311
afro,African Heat,37i9dQZF1DWYkaDif7Ztbp,59zN1921ag2pVv80Oz3sWz,spotify:track:59zN1921ag2pVv80Oz3sWz,https://p.scdn.co/mp3-preview/4646809ddf9bffed8dda7f2367064785a50a2a65?cid=63a77ff40e794a12ae216a18befde98c,Love Riddim,63,Rotimi,Love Riddim,0.311,0.781,219482,0.633,7.27e-06,4,0.0964,-5.616,0,0.0351,107.074,0.795
afro,African Heat,37i9dQZF1DWYkaDif7Ztbp,2WkPahlDVCi7TguWED60Ek,spotify:track:2WkPahlDVCi7TguWED60Ek,,Alhadji Baller Remix,39,"Shirazee,S.Pri Noir",Black Snake (Bande originale inspirée du film),0.329,0.88,173640,0.55,0.123,1,0.0905,-6.047,0,0.051,111.967,0.782
afro,African Heat,37i9dQZF1DWYkaDif7Ztbp,3z4CGd63tpUn9a6oQSG0CI,spotify:track:3z4CGd63tpUn9a6oQSG0CI,,Location (feat. Burna Boy),80,"Dave,Burna Boy",PSYCHODRAMA,0.271,0.812,241293,0.496,0.0,9,0.0955,-5.969,0,0.297,109.979,0.55
afro,African Heat,37i9dQZF1DWYkaDif7Ztbp,01SDjSBy0TBgA5O1dWynph,spotify:track:01SDjSBy0TBgA5O1dWynph,https://p.scdn.co/mp3-preview/44293bbd9225908ac4e2ecf79ce5bcc53e7df27d?cid=63a77ff40e794a12ae216a18befde98c,Lenge Lenge,47,Patoranking,Lenge Lenge,0.00682,0.766,221225,0.779,1.18e-05,2,0.0919,-7.386,1,0.226,104.907,0.495
afro,African Heat,37i9dQZF1DWYkaDif7Ztbp,0j1MuIg7Wf5eJEsdZ98B19,spotify:track:0j1MuIg7Wf5eJEsdZ98B19,https://p.scdn.co/mp3-preview/78c7cbae055a104edac0f0909f50d7e7c0b494e4?cid=63a77ff40e794a12ae216a18befde98c,Kokosa,45,"Zlatan,Worlasi,Damibliz,Juls",Kokosa,0.253,0.932,220578,0.554,0.0,1,0.079,-5.13,1,0.327,115.082,0.367
afro,African Heat,37i9dQZF1DWYkaDif7Ztbp,1QcEyWr0XhYI0QvySZRdTu,spotify:track:1QcEyWr0XhYI0QvySZRdTu,https://p.scdn.co/mp3-preview/809c83e873dfd5ce5eb953fe7f40dfbb30151d36?cid=63a77ff40e794a12ae216a18befde98c,Tattoo,47,"Del B,DaVido,Mr Eazi",Afrodisiac: The Mixtape,0.659,0.749,204000,0.829,0.0,9,0.265,-2.863,1,0.108,105.06,0.722
afro,African Heat,37i9dQZF1DWYkaDif7Ztbp,4rSO90Jrmu6oFPoc6UWZp9,spotify:track:4rSO90Jrmu6oFPoc6UWZp9,https://p.scdn.co/mp3-preview/714a44ae831d792d2f6ea4058602333780f94230?cid=63a77ff40e794a12ae216a18befde98c,Ma Pami,37,Yovi,Ma Pami,0.0957,0.812,221800,0.931,5.76e-05,1,0.373,-2.483,1,0.072,114.964,0.757
afro,African Heat,37i9dQZF1DWYkaDif7Ztbp,6uphaViBTQ2ewt5UFH8ukm,spotify:track:6uphaViBTQ2ewt5UFH8ukm,https://p.scdn.co/mp3-preview/2b90e8eb8b921fa29dc10be6770bc15f10d6c7fd?cid=63a77ff40e794a12ae216a18befde98c,Khethile Khethile (feat. Makwa & Tshego AMG),41,"Kwesta,Makwa,Tshego AMG",Khethile Khethile (feat. Makwa & Tshego AMG),0.359,0.516,341509,0.724,7.97e-05,7,0.176,-7.108,1,0.261,82.001,0.516
afro,African Heat,37i9dQZF1DWYkaDif7Ztbp,4iLJj92dbqqBb2DVdkXBKo,spotify:track:4iLJj92dbqqBb2DVdkXBKo,https://p.scdn.co/mp3-preview/a9c40422406e9de26dda8bf5509662f90ac53b8e?cid=63a77ff40e794a12ae216a18befde98c,Anywhere We Go,38,"DJ Lag,Shekhinah",Anywhere We Go,0.00592,0.658,203520,0.817,1.64e-05,1,0.112,-7.014,1,0.0429,124.983,0.46
afro,African Heat,37i9dQZF1DWYkaDif7Ztbp,0fjhFAN4zpVQ1xBG6JuSpB,spotify:track:0fjhFAN4zpVQ1xBG6JuSpB,https://p.scdn.co/mp3-preview/01f831f1c0850758d9df49fdabae62f17bd5c203?cid=63a77ff40e794a12ae216a18befde98c,Good Times,45,Kagwe Mungai,Spectrum,0.0604,0.843,188936,0.654,0.00211,11,0.0746,-7.268,0,0.0937,93.877,0.908
afro,African Heat,37i9dQZF1DWYkaDif7Ztbp,2OFS6z7LYgSfhpFBM7FnG7,spotify:track:2OFS6z7LYgSfhpFBM7FnG7,https://p.scdn.co/mp3-preview/13f65c61ee7eafef2f7b6bef5e50c0693fcaadb0?cid=63a77ff40e794a12ae216a18befde98c,Say the Word,45,David Meli,Zamira,0.347,0.488,195500,0.541,0.0276,1,0.0982,-8.356,0,0.135,154.354,0.473
afro,African Heat,37i9dQZF1DWYkaDif7Ztbp,4ITftSVpf4XkYoDqqpWjBX,spotify:track:4ITftSVpf4XkYoDqqpWjBX,https://p.scdn.co/mp3-preview/fe1ffa08579fe64da680a523db986d6e5a10eb1a?cid=63a77ff40e794a12ae216a18befde98c,Zulu Screams (feat. Maleek Berry & Bibi Bourelly),67,"GoldLink,Maleek Berry,Bibi Bourelly",Zulu Screams (feat. Maleek Berry & Bibi Bourelly),0.136,0.753,177568,0.926,0.026,6,0.129,-5.444,0,0.169,125.956,0.721
afro,African Heat,37i9dQZF1DWYkaDif7Ztbp,76H65nT0M0S19hxjQOhcfc,spotify:track:76H65nT0M0S19hxjQOhcfc,https://p.scdn.co/mp3-preview/40a89927c857d7f4944768231563fc15378476a1?cid=63a77ff40e794a12ae216a18befde98c,Comfortable,42,"Nonso Amadi,Kwesi Arthur",Comfortable,0.746,0.812,186875,0.481,0.0688,10,0.0947,-8.46,0,0.0752,108.024,0.506
afro,African Heat,37i9dQZF1DWYkaDif7Ztbp,53xA9ueFQDn8r38mqiwqqD,spotify:track:53xA9ueFQDn8r38mqiwqqD,https://p.scdn.co/mp3-preview/12b1b8482984704652620d4d45ec15b338cc320e?cid=63a77ff40e794a12ae216a18befde98c,RX-64 (The Jungle),49,"Santi,Krisirie",Mandy & The Jungle,0.819,0.72,198367,0.567,0.198,1,0.147,-6.723,0,0.0619,97.939,0.645
afro,African Heat,37i9dQZF1DWYkaDif7Ztbp,4tMA0tSYFNI9eeA04Y768r,spotify:track:4tMA0tSYFNI9eeA04Y768r,https://p.scdn.co/mp3-preview/64d51dc463bcb96d1349c37ed6ae5d321692037a?cid=63a77ff40e794a12ae216a18befde98c,Mind Your Business,47,"Simi,Falz",Omo Charlie Champagne Vol. 1,0.106,0.816,195606,0.72,7.54e-06,4,0.0787,-4.83,0,0.0791,106.982,0.663
afro,African Heat,37i9dQZF1DWYkaDif7Ztbp,4VbcsZvXu7sknLLGOfWRSD,spotify:track:4VbcsZvXu7sknLLGOfWRSD,https://p.scdn.co/mp3-preview/f56c43a75600a0d59174bdf94b8549ea91cc0583?cid=63a77ff40e794a12ae216a18befde98c,Cash,44,Lady Donli,Cash,0.218,0.846,187826,0.671,0.454,11,0.0859,-7.822,0,0.044,115.018,0.724
afro,African Heat,37i9dQZF1DWYkaDif7Ztbp,2i1QcBIJG5Fv4qDuC88aeO,spotify:track:2i1QcBIJG5Fv4qDuC88aeO,https://p.scdn.co/mp3-preview/b534d55f27f5bb84c2037e8489544d1144972b17?cid=63a77ff40e794a12ae216a18befde98c,Emotions,38,Runtown,Tradition,0.407,0.758,206913,0.736,0.00059,4,0.0414,-5.279,0,0.0677,102.017,0.733
afro,African Heat,37i9dQZF1DWYkaDif7Ztbp,0z4ER6QkaaARQO61N22xb0,spotify:track:0z4ER6QkaaARQO61N22xb0,https://p.scdn.co/mp3-preview/68611c63cd45d816dbd43d72ec060b863515ba28?cid=63a77ff40e794a12ae216a18befde98c,Turn Up,49,"DJ Tunez,WizKid,Reekado Banks",Turn Up,0.0553,0.894,250000,0.699,0.0178,6,0.115,-8.071,0,0.119,107.983,0.601
afro,African Heat,37i9dQZF1DWYkaDif7Ztbp,2G3dfpNiSXlTa1tPMmWKk5,spotify:track:2G3dfpNiSXlTa1tPMmWKk5,https://p.scdn.co/mp3-preview/3ce04ff1a62bfea6c7c14b6a80a61373f8fdfbfc?cid=63a77ff40e794a12ae216a18befde98c,Nobody Fine Pass You,45,T-Classic,Nobody Fine Pass You,0.628,0.765,215171,0.687,2.28e-06,3,0.0736,-5.98,0,0.125,114.056,0.961
afro,African Heat,37i9dQZF1DWYkaDif7Ztbp,684hZgWhW3ZfCzSnlBtyBC,spotify:track:684hZgWhW3ZfCzSnlBtyBC,https://p.scdn.co/mp3-preview/b50d69e6814cec7829088caaedb7eabbdfd27c04?cid=63a77ff40e794a12ae216a18befde98c,Before You Wake Up,51,Adekunle Gold,Before You Wake Up,0.499,0.629,174500,0.821,0.0,8,0.411,-3.4,0,0.17,63.59,0.715
afro,African Heat,37i9dQZF1DWYkaDif7Ztbp,3wvQ0OBNcpLN8RTfKlUExY,spotify:track:3wvQ0OBNcpLN8RTfKlUExY,https://p.scdn.co/mp3-preview/4652445f8d5db90f7c538ed7c24b6ad5da0b7c21?cid=63a77ff40e794a12ae216a18befde98c,Gucci Snake (feat. Wizkid & Slimcase),54,"Starboy,WizKid,Slimcase",Gucci Snake (feat. Wizkid & Slimcase),0.476,0.936,233571,0.81,2.43e-05,7,0.0793,-4.986,1,0.128,111.989,0.63
afro,African Heat,37i9dQZF1DWYkaDif7Ztbp,02tPSjAkST9flQ1AlevaUF,spotify:track:02tPSjAkST9flQ1AlevaUF,https://p.scdn.co/mp3-preview/1247ef9546fab0d726a1d39744a4af162c734423?cid=63a77ff40e794a12ae216a18befde98c,Causing Trouble,44,"DJ Tunez,Oxlade",Causing Trouble,0.231,0.87,185660,0.698,0.103,3,0.094,-4.231,0,0.19,106.015,0.762
afro,African Heat,37i9dQZF1DWYkaDif7Ztbp,0BKNGcuee1D1o0RWnsIbkr,spotify:track:0BKNGcuee1D1o0RWnsIbkr,https://p.scdn.co/mp3-preview/476b0806b83e6e19162374abe912301200c3bc92?cid=63a77ff40e794a12ae216a18befde98c,Bum Bum,51,"DMW,DaVido,Zlatan",Bum Bum,0.0423,0.912,218410,0.728,0.000133,1,0.107,-4.361,0,0.109,111.036,0.341
afro,African Heat,37i9dQZF1DWYkaDif7Ztbp,6My7ThfS01lzN9gmBXsF4s,spotify:track:6My7ThfS01lzN9gmBXsF4s,https://p.scdn.co/mp3-preview/fa83835a698adb2e180101429662f8053ac6f465?cid=63a77ff40e794a12ae216a18befde98c,LoLo,56,Eugy,LoLo,0.317,0.766,166322,0.622,0.00798,11,0.0849,-7.48,1,0.359,187.936,0.426
afro,African Heat,37i9dQZF1DWYkaDif7Ztbp,4lICJpcOAJWDmZpjfsQUXg,spotify:track:4lICJpcOAJWDmZpjfsQUXg,https://p.scdn.co/mp3-preview/d2a4cfaee52d46a6c31f668e37d7c7b69d196e88?cid=63a77ff40e794a12ae216a18befde98c,Sign Si - Baddest Riddim,45,L.A.X,Sign Si (Baddest Riddim),0.206,0.892,156500,0.741,3.66e-06,4,0.187,-3.2,0,0.337,111.878,0.883
afro,African Heat,37i9dQZF1DWYkaDif7Ztbp,2q8pwL0okH2NEJLs0Mdo0Y,spotify:track:2q8pwL0okH2NEJLs0Mdo0Y,,Up Tempo,55,Tekno,Up Tempo,0.154,0.881,234055,0.774,0.00381,11,0.059,-1.71,0,0.053,120.986,0.776
afro,African Heat,37i9dQZF1DWYkaDif7Ztbp,2tuUgpT6L9av9kVH2Yhj9I,spotify:track:2tuUgpT6L9av9kVH2Yhj9I,https://p.scdn.co/mp3-preview/52f12c2ec316821e891e71647c79893ea30ea03d?cid=63a77ff40e794a12ae216a18befde98c,FotiFoyin,47,"Rexxie,Naira Marley,Zlatan,Teni",FotiFoyin,0.15,0.912,215223,0.87,5.08e-05,1,0.0501,-3.459,0,0.266,122.01,0.609
afro,African Heat,37i9dQZF1DWYkaDif7Ztbp,5U7oEJKsm0PufwIXBqu9ta,spotify:track:5U7oEJKsm0PufwIXBqu9ta,https://p.scdn.co/mp3-preview/15e84c31385e21f5ac2fe99a9043f4c2e13962d0?cid=63a77ff40e794a12ae216a18befde98c,Agu,40,Phyno,Agu,0.215,0.507,273659,0.904,4.85e-06,6,0.0956,-0.655,0,0.288,66.813,0.945
afro,African Heat,37i9dQZF1DWYkaDif7Ztbp,7vsrw94qkf9bHdLbPzusew,spotify:track:7vsrw94qkf9bHdLbPzusew,https://p.scdn.co/mp3-preview/f65d64a12eac2eb3b09df9a1bcd49390b55b0f5d?cid=63a77ff40e794a12ae216a18befde98c,Kill My Spirit,42,"Kwesi Arthur,Sarkodie,Santi",Live From Nkrumah Krom Vol II: Home Run,0.0699,0.771,254015,0.752,0.0,1,0.0991,-5.468,0,0.137,107.023,0.574
afro,African Heat,37i9dQZF1DWYkaDif7Ztbp,0EQgcHRigVMpzrMyAxu0Lm,spotify:track:0EQgcHRigVMpzrMyAxu0Lm,https://p.scdn.co/mp3-preview/5cbae7d8df2a4d0c3e0642d2ca352e3f77543479?cid=63a77ff40e794a12ae216a18befde98c,Outta Yo Mind,35,"Apex Village,PsychoYP,Zilla Oaks,Ayüü",Welcome to The Ville,0.809,0.48,237176,0.448,0.00469,4,0.204,-11.278,0,0.0917,84.931,0.512
afro,African Heat,37i9dQZF1DWYkaDif7Ztbp,17d0HQCFQG4wCrPkT4Oatu,spotify:track:17d0HQCFQG4wCrPkT4Oatu,,Maayaa,48,"Juls,Tiggs Da Author,Santi",Maayaa,0.102,0.726,186990,0.649,4.21e-05,0,0.1,-6.822,0,0.0351,97.973,0.548
afro,African Heat,37i9dQZF1DWYkaDif7Ztbp,3Z0N4MrjjTfx5ieY4bedUL,spotify:track:3Z0N4MrjjTfx5ieY4bedUL,https://p.scdn.co/mp3-preview/8fa5451a20bc6a7f5a387cea092a7f2ad4c72c8c?cid=63a77ff40e794a12ae216a18befde98c,Gentility,46,"melvitto,Wande Coal",Gentility,0.579,0.846,225730,0.361,4.61e-05,10,0.13,-8.676,1,0.0839,108.056,0.57
afro,African Heat,37i9dQZF1DWYkaDif7Ztbp,3D18AObOl5tDhSMDNJOWpz,spotify:track:3D18AObOl5tDhSMDNJOWpz,https://p.scdn.co/mp3-preview/c0f178b7aac33c62c52e806d526a9250d5b08fe0?cid=63a77ff40e794a12ae216a18befde98c,Aye Kan,33,"Shizzi,Teni,Mayorkun",Aye Kan,0.124,0.848,302132,0.574,0.000581,1,0.13,-9.584,1,0.0657,116.003,0.776
afro,African Heat,37i9dQZF1DWYkaDif7Ztbp,0mdTvlebd5dVjieu6Hezq6,spotify:track:0mdTvlebd5dVjieu6Hezq6,https://p.scdn.co/mp3-preview/b763ae8ce6b400b5ae782ec88d7fc3483742dd9e?cid=63a77ff40e794a12ae216a18befde98c,Peace of Mind,67,"Sean Kingston,Tory Lanez,DaVido",Peace of Mind,0.106,0.744,265899,0.875,0.0,5,0.243,-4.224,0,0.159,121.993,0.326
afro,African Heat,37i9dQZF1DWYkaDif7Ztbp,4pLHLg8cjGuflNNeHUgIl0,spotify:track:4pLHLg8cjGuflNNeHUgIl0,https://p.scdn.co/mp3-preview/3b7dc5201ec9500d384a0a2dfc0edf90f634f8ac?cid=63a77ff40e794a12ae216a18befde98c,Alté,39,DRB Lasgidi,Alté,0.021,0.774,182909,0.73,2.46e-05,4,0.0749,-4.424,0,0.0315,105.077,0.72
afro,African Heat,37i9dQZF1DWYkaDif7Ztbp,0QkJ1eRrXrW5aIHLWxM22v,spotify:track:0QkJ1eRrXrW5aIHLWxM22v,https://p.scdn.co/mp3-preview/7d05357aa741a7d30a2dba055733d952468848ea?cid=63a77ff40e794a12ae216a18befde98c,Yakata,47,Dabenja,Yakata,0.321,0.483,201144,0.918,0.0,11,0.162,-1.834,1,0.0844,116.938,0.929
afro,African Heat,37i9dQZF1DWYkaDif7Ztbp,3sVspGjwKFWrFxoytVuMb6,spotify:track:3sVspGjwKFWrFxoytVuMb6,https://p.scdn.co/mp3-preview/c0646b0f6a717c699d4d02c5348e1cab7f376234?cid=63a77ff40e794a12ae216a18befde98c,Come Back Home,48,"TOBi,VanJess",STILL,0.0225,0.76,222125,0.499,0.000108,9,0.185,-7.761,0,0.0368,104.013,0.194
afro,African Heat,37i9dQZF1DWYkaDif7Ztbp,5izmlzt9mbvzuZogW9TXJB,spotify:track:5izmlzt9mbvzuZogW9TXJB,,Whipped,47,"Tellaman,Shekhinah,Nasty C",God Decides,0.0745,0.79,197445,0.762,0.0,10,0.101,-4.859,1,0.0555,98.952,0.744
afro,African Heat,37i9dQZF1DWYkaDif7Ztbp,2SrmfgqD2XNtu9zeBt9FtR,spotify:track:2SrmfgqD2XNtu9zeBt9FtR,https://p.scdn.co/mp3-preview/e55d153b6a6e98250b6086a129db626e0e84adf1?cid=63a77ff40e794a12ae216a18befde98c,Bullet From A Gun,70,Skepta,Bullet from a Gun,0.469,0.87,171333,0.685,3.68e-06,0,0.281,-6.3,0,0.297,134.961,0.499
afro,African Heat,37i9dQZF1DWYkaDif7Ztbp,4qvNU7It5yVLh130j2xrOC,spotify:track:4qvNU7It5yVLh130j2xrOC,https://p.scdn.co/mp3-preview/c446ca90e320b87d8020dbd051bc56975a47fcdc?cid=63a77ff40e794a12ae216a18befde98c,Kibo,40,"JoulesDaKid,L.A.X",JDK '19,0.0538,0.801,196650,0.698,0.0,4,0.106,-6.335,0,0.182,104.998,0.433
afro,African Heat,37i9dQZF1DWYkaDif7Ztbp,3O37piDdI2kyDnhJrPmZs0,spotify:track:3O37piDdI2kyDnhJrPmZs0,https://p.scdn.co/mp3-preview/c67893b97287d7464fa6ae7a068db8d967602499?cid=63a77ff40e794a12ae216a18befde98c,Jaiye (Time of Our Lives),44,LADIPOE,Jaiye (Time of Our Lives),0.554,0.703,181212,0.725,0.000344,3,0.15,-6.814,0,0.0535,111.948,0.71
afro,African Heat,37i9dQZF1DWYkaDif7Ztbp,4jz7ABgd2PaLSsGHuQERPA,spotify:track:4jz7ABgd2PaLSsGHuQERPA,https://p.scdn.co/mp3-preview/709c5fb7a7fd5a421ae0cbec696106161ffc5dd4?cid=63a77ff40e794a12ae216a18befde98c,Ego,44,"Sarz,WurlD",Ego,0.356,0.905,221019,0.74,0.00118,6,0.111,-3.863,0,0.194,100.006,0.411
afro,African Heat,37i9dQZF1DWYkaDif7Ztbp,4jWSg7aWJv6eZG8dSxsejP,spotify:track:4jWSg7aWJv6eZG8dSxsejP,https://p.scdn.co/mp3-preview/6c0fc1fe01ae1a4604e278111a77f6766e1171cf?cid=63a77ff40e794a12ae216a18befde98c,Madu,47,Kizz Daniel,Madu,0.108,0.777,161400,0.796,0.175,5,0.0536,-4.398,0,0.0611,108.98,0.966
afro,African Heat,37i9dQZF1DWYkaDif7Ztbp,0reymd9GzpAbQGm92OZDG0,spotify:track:0reymd9GzpAbQGm92OZDG0,https://p.scdn.co/mp3-preview/74e6b19c3fa94815978dbb5cc0b1f70dd639c2c1?cid=63a77ff40e794a12ae216a18befde98c,On Me,44,Moelogo,Magic,0.473,0.651,172800,0.703,0.0134,1,0.0767,-7.219,0,0.14,199.942,0.935
afro,African Heat,37i9dQZF1DWYkaDif7Ztbp,5lKZAMBEOyetFQxEeHqa4h,spotify:track:5lKZAMBEOyetFQxEeHqa4h,https://p.scdn.co/mp3-preview/dbcb92da0897f8b69cb4d2030194aa895abff676?cid=63a77ff40e794a12ae216a18befde98c,Bana,47,Niniola,Bana,0.0136,0.876,213145,0.784,0.118,11,0.104,-3.602,0,0.0558,120.001,0.269
afro,African Heat,37i9dQZF1DWYkaDif7Ztbp,5scse2pEzUWzbcleDSJ29o,spotify:track:5scse2pEzUWzbcleDSJ29o,https://p.scdn.co/mp3-preview/63820a3fcc1acd395a8231086f409022bd9f28e7?cid=63a77ff40e794a12ae216a18befde98c,Liar,42,Tolani,Liar,0.448,0.871,191518,0.405,6.15e-05,3,0.0966,-12.537,0,0.0692,102.969,0.837
afro,African Heat,37i9dQZF1DWYkaDif7Ztbp,3j0YJNrvSegskqFJEI0mMT,spotify:track:3j0YJNrvSegskqFJEI0mMT,https://p.scdn.co/mp3-preview/0b8744a9a5df7a3d7ed93e0e59fa9247c7923e7d?cid=63a77ff40e794a12ae216a18befde98c,"Abena (feat. Kwesi Arthur, Shaydee & Ceeza Milli)",43,"Cuppy,Kwesi Arthur,Shay Dee,Ceeza Milli","Abena (feat. Kwesi Arthur, Shaydee & Ceeza Milli)",0.774,0.767,231027,0.653,0.00157,5,0.406,-5.498,1,0.0325,105.925,0.961
afro,African Heat,37i9dQZF1DWYkaDif7Ztbp,6riIEW0AehnzuJ3Tmbqnpg,spotify:track:6riIEW0AehnzuJ3Tmbqnpg,https://p.scdn.co/mp3-preview/a827806bbc1fadd6c43f395c028cbf79b3098a21?cid=63a77ff40e794a12ae216a18befde98c,Designer,48,"Niniola,Sarz",Designer,0.197,0.804,210000,0.763,0.0118,2,0.108,-2.79,0,0.065,120.016,0.388
afro,African Heat,37i9dQZF1DWYkaDif7Ztbp,0QWhqHBQeGbjjMWKA5e3bH,spotify:track:0QWhqHBQeGbjjMWKA5e3bH,https://p.scdn.co/mp3-preview/36e6faab93dc781a3e7669f5b1f4692fa5b7c040?cid=63a77ff40e794a12ae216a18befde98c,Corny,50,Rema,Rema,0.324,0.495,227456,0.787,0.0625,7,0.116,-2.822,0,0.149,95.029,0.496
afro,African Heat,37i9dQZF1DWYkaDif7Ztbp,4cxyQw1AKCVqa9JVSN7njk,spotify:track:4cxyQw1AKCVqa9JVSN7njk,https://p.scdn.co/mp3-preview/513101851d242982b8b9a3175f1fd56a03c80100?cid=63a77ff40e794a12ae216a18befde98c,Killin Dem,58,"Zlatan,Burna Boy",Killin Dem,0.107,0.876,220885,0.808,0.00447,3,0.121,-5.382,0,0.176,112.923,0.745
afro,African Heat,37i9dQZF1DWYkaDif7Ztbp,40c73a0DOalvl8MAKQGo3P,spotify:track:40c73a0DOalvl8MAKQGo3P,https://p.scdn.co/mp3-preview/32501752aa827f8ced641c2b945cbc15e91a9e0e?cid=63a77ff40e794a12ae216a18befde98c,Balance,50,Timaya,Chulo Vibes,0.378,0.722,183529,0.788,0.0327,5,0.381,-3.661,1,0.0508,102.079,0.961
afro,African Heat,37i9dQZF1DWYkaDif7Ztbp,713vhcww9d5fZbv6YlnUH9,spotify:track:713vhcww9d5fZbv6YlnUH9,https://p.scdn.co/mp3-preview/993fcfb9e9ece58eb0de03c1b5c3b12a046a992f?cid=63a77ff40e794a12ae216a18befde98c,Yaji,50,"Yemi Alade,Slimcase,Brainee",Yaji (feat. Slimcase & Brainee),0.0504,0.869,242857,0.807,0.000508,7,0.118,-3.23,1,0.227,122.005,0.519
afro,African Heat,37i9dQZF1DWYkaDif7Ztbp,2J7gUMdczimfHm5gSDn3Hz,spotify:track:2J7gUMdczimfHm5gSDn3Hz,https://p.scdn.co/mp3-preview/d5f995ef742e6e61dc73c556eeaa21b5b9c27c92?cid=63a77ff40e794a12ae216a18befde98c,Confirm (feat. Davido),55,"Patoranking,DaVido",Confirm (feat. Davido),0.0457,0.769,229013,0.75,0.0,11,0.0525,-5.747,0,0.0297,107.998,0.891
afro,African Heat,37i9dQZF1DWYkaDif7Ztbp,2Q1e2lUNYk51sy4G5AKMQo,spotify:track:2Q1e2lUNYk51sy4G5AKMQo,https://p.scdn.co/mp3-preview/c194599bd93744ba6eaf724bed818fa0f330e8d9?cid=63a77ff40e794a12ae216a18befde98c,Sparky,49,Santi,Sparky,0.851,0.666,144000,0.42,0.534,3,0.11,-6.699,0,0.0829,133.015,0.637
afro,African Heat,37i9dQZF1DWYkaDif7Ztbp,2MVHhRWQoa8ojTC5LPdxLf,spotify:track:2MVHhRWQoa8ojTC5LPdxLf,https://p.scdn.co/mp3-preview/deb66ba54aa3f50d8131450caeddb959cc7c0d4c?cid=63a77ff40e794a12ae216a18befde98c,Shuga,47,"Stonebwoy,Beenie Man",Shuga,0.379,0.85,221667,0.787,0.0,1,0.136,-4.831,0,0.0646,107.995,0.797
afro,African Heat,37i9dQZF1DWYkaDif7Ztbp,5Wt7ngK753xBhSjb9lRfSR,spotify:track:5Wt7ngK753xBhSjb9lRfSR,https://p.scdn.co/mp3-preview/13444fe5716a271a6f4f5e38cf667d6791b37998?cid=63a77ff40e794a12ae216a18befde98c,Tipsy (feat. RAYE),57,"Odunsi (The Engine),RAYE",Tipsy (feat. RAYE),0.239,0.746,208893,0.671,4.32e-06,8,0.327,-4.984,0,0.055,90.014,0.677
afro,African Heat,37i9dQZF1DWYkaDif7Ztbp,3jIR5X0bLmBVYjelItipJb,spotify:track:3jIR5X0bLmBVYjelItipJb,https://p.scdn.co/mp3-preview/463f0bcf639f3ee6364fd2718c69cd4e8f784745?cid=63a77ff40e794a12ae216a18befde98c,Inbox Riddim,47,Sarz,Sinym (Sarz Is Not Your Mate),0.0966,0.897,256998,0.624,0.727,10,0.0799,-5.952,0,0.0721,117.959,0.412
afro,African Heat,37i9dQZF1DWYkaDif7Ztbp,02KGBPy9mVdvo4dPXxt3h5,spotify:track:02KGBPy9mVdvo4dPXxt3h5,https://p.scdn.co/mp3-preview/56b2a22824b8b226d87fda9864d13ea233ec2a43?cid=63a77ff40e794a12ae216a18befde98c,Baby,51,Joeboy,Baby,0.142,0.785,165448,0.806,0.000285,11,0.147,-5.34,1,0.0558,105.001,0.539
afro,African Heat,37i9dQZF1DWYkaDif7Ztbp,3TS6WSoEzfaONkGrZH1KKb,spotify:track:3TS6WSoEzfaONkGrZH1KKb,https://p.scdn.co/mp3-preview/7465847c3488e5853d4ef7299436b92418672daa?cid=63a77ff40e794a12ae216a18befde98c,Doing U,54,Maleek Berry,Doing U,0.111,0.523,208000,0.839,7.44e-06,9,0.0488,-0.737,1,0.0668,100.283,0.78
afro,African Heat,37i9dQZF1DWYkaDif7Ztbp,0Z3WgEI6TL0cBa8t4lKvho,spotify:track:0Z3WgEI6TL0cBa8t4lKvho,https://p.scdn.co/mp3-preview/3c9999c8cfaae7cc8489b44471c9bd3beb2c4bf8?cid=63a77ff40e794a12ae216a18befde98c,All I Want,68,"Russ,DaVido",All I Want,0.299,0.847,247154,0.577,5.76e-06,5,0.114,-8.75,0,0.124,116.923,0.626
afro,African Heat,37i9dQZF1DWYkaDif7Ztbp,53NjleILyfXt7GYwTgxZX9,spotify:track:53NjleILyfXt7GYwTgxZX9,https://p.scdn.co/mp3-preview/5dfb00c611000d9f1839166fbccc209a02c9d3e7?cid=63a77ff40e794a12ae216a18befde98c,Tetema,62,"Rayvanny,Diamond Platnumz",Tetema,0.37,0.855,152607,0.841,0.00127,6,0.0545,-2.769,0,0.18,96.12,0.953
afro,African Heat,37i9dQZF1DWYkaDif7Ztbp,1RXVM5f0ctVWjpN4rUYzYr,spotify:track:1RXVM5f0ctVWjpN4rUYzYr,https://p.scdn.co/mp3-preview/ac45ca2a2bc543959a0a8dd7718c862b6f2ed2e9?cid=63a77ff40e794a12ae216a18befde98c,Work 'N' Grind,47,King Perryy,Work 'N' Grind,0.23,0.735,202500,0.578,0.00325,5,0.0914,-6.295,0,0.113,96.079,0.739
afro,African Heat,37i9dQZF1DWYkaDif7Ztbp,1Fmzoflqb6tmoTLw4oovBp,spotify:track:1Fmzoflqb6tmoTLw4oovBp,,Move For Me,41,"Cassper Nyovest,Boskasie",Move For Me,0.806,0.836,237293,0.55,0.174,5,0.21,-9.725,1,0.279,100.027,0.64
afro,African Heat,37i9dQZF1DWYkaDif7Ztbp,7pdE7CazCRTlEOYkRplRJj,spotify:track:7pdE7CazCRTlEOYkRplRJj,https://p.scdn.co/mp3-preview/5d6e7a2155720bbc3304a6768f5fe9c96e69978d?cid=63a77ff40e794a12ae216a18befde98c,What Do You See? (feat. Kojo Funds),51,"DJ Spinall,Kojo Funds",What Do You See? (feat. Kojo Funds),0.156,0.753,208000,0.656,1.35e-06,9,0.124,-5.229,0,0.0646,105.047,0.763
afro,African Heat,37i9dQZF1DWYkaDif7Ztbp,5NGf8xbXCTIsxyeCdlQm2s,spotify:track:5NGf8xbXCTIsxyeCdlQm2s,https://p.scdn.co/mp3-preview/388fc936093f0f3523bb947bd36d3ef1aaac6995?cid=63a77ff40e794a12ae216a18befde98c,Sarauniya,36,"Kirani Ayat,Joe Boy",Her Vibe Is Right,0.143,0.856,227448,0.539,0.000202,8,0.0459,-4.69,0,0.057,100.055,0.873
afro,African Heat,37i9dQZF1DWYkaDif7Ztbp,5A70McnYpUEuTcZiQK4CiF,spotify:track:5A70McnYpUEuTcZiQK4CiF,,Sondela,42,"TRESOR,Msaki",Nostalgia,0.424,0.727,273067,0.441,0.369,2,0.0988,-12.213,0,0.0398,109.037,0.581
afro,African Heat,37i9dQZF1DWYkaDif7Ztbp,6XBxfyXGkOBfCIqSC8roGy,spotify:track:6XBxfyXGkOBfCIqSC8roGy,https://p.scdn.co/mp3-preview/c7497c6765c1005a4527942733c718dc2ed630af?cid=63a77ff40e794a12ae216a18befde98c,Tokyo,57,"King Promise,WizKid",Tokyo,0.586,0.763,224813,0.668,0.000385,2,0.171,-5.854,0,0.0489,104.981,0.795
afro,African Heat,37i9dQZF1DWYkaDif7Ztbp,1RXDMXOxon318MaC3BFaj5,spotify:track:1RXDMXOxon318MaC3BFaj5,https://p.scdn.co/mp3-preview/025c3660d165d898d731ff18dba79c7431b2d127?cid=63a77ff40e794a12ae216a18befde98c,Juicy,41,"Young Paris,Olamide",Juicy (feat. Olamide),0.0208,0.56,198635,0.58,0.0129,6,0.191,-9.666,0,0.333,168.271,0.781
afro,African Heat,37i9dQZF1DWYkaDif7Ztbp,2GLoAWABArfA9V4ceLrOjA,spotify:track:2GLoAWABArfA9V4ceLrOjA,https://p.scdn.co/mp3-preview/401ebe93301fec346ebadd15f386c3f0b943116b?cid=63a77ff40e794a12ae216a18befde98c,SLIME,37,"Apex Village,PsychoYP,Kuddi Is Dead",Welcome to The Ville,0.459,0.831,174545,0.339,0.0,5,0.117,-12.478,0,0.313,142.978,0.692
afro,African Heat,37i9dQZF1DWYkaDif7Ztbp,1AioXJEsQ7pRTmpfqET5P5,spotify:track:1AioXJEsQ7pRTmpfqET5P5,https://p.scdn.co/mp3-preview/785d5f66412ddfbacd720012cf19bf24ac5a07b4?cid=63a77ff40e794a12ae216a18befde98c,Emergency,48,Nonso Amadi,Emergency,0.212,0.844,141053,0.564,0.0205,7,0.181,-6.981,1,0.0647,114.006,0.921
afro,African Heat,37i9dQZF1DWYkaDif7Ztbp,3MO6erNZ2SBeZhKypB1LhE,spotify:track:3MO6erNZ2SBeZhKypB1LhE,,Feel Right,36,WurlD,Love Is Contagious,0.0161,0.658,207173,0.451,6.52e-06,1,0.108,-9.199,1,0.0407,94.863,0.386
afro,African Heat,37i9dQZF1DWYkaDif7Ztbp,4oZRdDmetYCOI1qwaHeSzH,spotify:track:4oZRdDmetYCOI1qwaHeSzH,https://p.scdn.co/mp3-preview/7bc04f7b7f5472cd3b72927ef250784ea3f07e77?cid=63a77ff40e794a12ae216a18befde98c,Lagos Love,47,Ajebutter22,Lagos Love,0.548,0.849,181818,0.531,0.0324,4,0.0893,-9.618,0,0.0624,99.021,0.521
afro,African Heat,37i9dQZF1DWYkaDif7Ztbp,5tmmhmfsoyzMsvlj9guBQU,spotify:track:5tmmhmfsoyzMsvlj9guBQU,https://p.scdn.co/mp3-preview/c9f386adf7ab0934e31bc22976e943da75a282dc?cid=63a77ff40e794a12ae216a18befde98c,Oh My Gosh - Remix,53,"Yemi Alade,Rick Ross",Oh My Gosh (Remix),0.0546,0.806,196364,0.844,8.08e-06,6,0.283,-3.519,0,0.0554,120.962,0.883
