category_id,playlist_name,playlist_id,track_id,track_uri,track_preview_url,track_name,track_popularity,artist_name,album_name,acousticness,danceability,duration_ms,energy,instrumentalness,key,liveness,loudness,mode,speechiness,tempo,valence
decades,Alternative 70s,37i9dQZF1DXb3ZjVksUlfu,2JO3HwMRPeya8bXbtbyPcf,spotify:track:2JO3HwMRPeya8bXbtbyPcf,https://p.scdn.co/mp3-preview/18a4b498250ed137d44823f2d49170be32336433?cid=63a77ff40e794a12ae216a18befde98c,Love Will Tear Us Apart,69,Joy Division,The Best Of,5.24e-05,0.443,206867,0.956,0.825,2,0.135,-6.198,1,0.0511,146.754,0.909
decades,Alternative 70s,37i9dQZF1DXb3ZjVksUlfu,0bHm2wFL0m7qZIlhO7PQu5,spotify:track:0bHm2wFL0m7qZIlhO7PQu5,,Ever Fallen in Love (With Someone You Shouldn't've?) - 1996 Remastered Version,9,Buzzcocks,Love Bites (Special Edition),0.000862,0.266,163693,0.831,0.0,4,0.0555,-9.07,1,0.0453,175.514,0.778
decades,Alternative 70s,37i9dQZF1DXb3ZjVksUlfu,6zQhANi5mDTELfSuUFPx4Q,spotify:track:6zQhANi5mDTELfSuUFPx4Q,,Hong Kong Garden,5,Siouxsie and the Banshees,The Scream (Remastered & Expanded),0.000642,0.614,175907,0.721,0.0817,0,0.167,-8.962,1,0.0322,146.629,0.708
decades,Alternative 70s,37i9dQZF1DXb3ZjVksUlfu,1i6N76fftMZhijOzFQ5ZtL,spotify:track:1i6N76fftMZhijOzFQ5ZtL,https://p.scdn.co/mp3-preview/38771ff6fac4da1cc99f3ffb6ecdbbf537e60f6e?cid=63a77ff40e794a12ae216a18befde98c,Psycho Killer - 2005 Remaster,70,Talking Heads,Talking Heads 77 (Deluxe Version),0.0707,0.721,261413,0.521,0.00552,2,0.127,-8.123,1,0.0612,123.118,0.942
decades,Alternative 70s,37i9dQZF1DXb3ZjVksUlfu,2JzZ8UTEb1GGvR8Ra0Nfy2,spotify:track:2JzZ8UTEb1GGvR8Ra0Nfy2,,Sound and Vision - 1999 Remastered Version,13,David Bowie,Low,0.00146,0.657,184533,0.732,0.412,2,0.146,-10.007,1,0.0399,106.213,0.835
decades,Alternative 70s,37i9dQZF1DXb3ZjVksUlfu,1y5LL9dpLXbCXNKKqw5wCJ,spotify:track:1y5LL9dpLXbCXNKKqw5wCJ,https://p.scdn.co/mp3-preview/21ab582f65454766f7a2b9ff0eeccd54c7d76b79?cid=63a77ff40e794a12ae216a18befde98c,20th Century Boy - 2012 Remaster,48,T. Rex,Tanx (The Visconti Master),0.00144,0.426,218666,0.954,0.0,9,0.149,-6.121,1,0.0474,135.302,0.721
decades,Alternative 70s,37i9dQZF1DXb3ZjVksUlfu,0PDZ4Rgj36MxVgvoMv3sk5,spotify:track:0PDZ4Rgj36MxVgvoMv3sk5,https://p.scdn.co/mp3-preview/7d028c4e1e6a4e9cc62a577004760dc5c30902da?cid=63a77ff40e794a12ae216a18befde98c,Another Girl Another Planet,46,The Only Ones,Another Girl Another Planet The Best Of,0.179,0.325,180093,0.688,0.000104,4,0.137,-12.473,1,0.117,156.349,0.378
decades,Alternative 70s,37i9dQZF1DXb3ZjVksUlfu,3yP0cohcr97BUNJcgvmSVg,spotify:track:3yP0cohcr97BUNJcgvmSVg,,The Passenger,23,Iggy Pop,Lust For Life,0.0797,0.5,284067,0.846,0.0,0,0.241,-8.098,1,0.0457,134.937,0.738
decades,Alternative 70s,37i9dQZF1DXb3ZjVksUlfu,4OvQsAObGMF3dpkCV6DZzb,spotify:track:4OvQsAObGMF3dpkCV6DZzb,https://p.scdn.co/mp3-preview/afadf38154a1fb5adbca6ff8c824f002623aeb28?cid=63a77ff40e794a12ae216a18befde98c,Hanging Around - 1996 Remaster,47,The Stranglers,Rattus Norvegicus,0.00599,0.598,265400,0.75,0.000789,0,0.117,-6.76,1,0.0433,132.418,0.833
decades,Alternative 70s,37i9dQZF1DXb3ZjVksUlfu,1FL9DHDSED6lxNMDJUJQvB,spotify:track:1FL9DHDSED6lxNMDJUJQvB,https://p.scdn.co/mp3-preview/9f7452ca3193988a009e110d2d9ff2eb27da7d4a?cid=63a77ff40e794a12ae216a18befde98c,The Model - 2009 Remastered Version,57,Kraftwerk,The Man Machine (2009 Remastered Version),0.00122,0.708,220533,0.683,0.643,4,0.121,-7.768,0,0.0344,123.602,0.463
decades,Alternative 70s,37i9dQZF1DXb3ZjVksUlfu,5p3JunprHCxClJjOmcLV8G,spotify:track:5p3JunprHCxClJjOmcLV8G,https://p.scdn.co/mp3-preview/ba3b4fe65d5198801dc5853e1d9f26f3dc47e8a9?cid=63a77ff40e794a12ae216a18befde98c,Walk On the Wild Side,73,Lou Reed,Transformer,0.683,0.575,254173,0.318,0.000202,0,0.0934,-16.729,1,0.109,104.522,0.385
decades,Alternative 70s,37i9dQZF1DXb3ZjVksUlfu,5jzma6gCzYtKB1DbEwFZKH,spotify:track:5jzma6gCzYtKB1DbEwFZKH,https://p.scdn.co/mp3-preview/cab17680a55cff3339dec569c52b079efda6daad?cid=63a77ff40e794a12ae216a18befde98c,London Calling - Remastered,71,The Clash,London Calling,0.123,0.651,200480,0.801,0.0,0,0.0825,-7.34,1,0.0513,133.763,0.776
decades,Alternative 70s,37i9dQZF1DXb3ZjVksUlfu,5moTxUGPZXgGmosl4rIELm,spotify:track:5moTxUGPZXgGmosl4rIELm,,Anarchy In The UK,59,Sex Pistols,"Never Mind The Bollocks, Here’s The Sex Pistols",0.0556,0.359,212480,0.949,0.000396,0,0.236,-7.649,1,0.101,134.118,0.212
decades,Alternative 70s,37i9dQZF1DXb3ZjVksUlfu,16jUJ4RsmyQG8z3clJuUaz,spotify:track:16jUJ4RsmyQG8z3clJuUaz,https://p.scdn.co/mp3-preview/71dd43e758517421887d7fd6d2ce76acc5fb91ed?cid=63a77ff40e794a12ae216a18befde98c,Teenage Kicks,44,The Undertones,The Undertones (30th Anniversary Edition),0.0011,0.415,148480,0.782,0.0,2,0.14,-6.745,1,0.0461,135.029,0.564
decades,Alternative 70s,37i9dQZF1DXb3ZjVksUlfu,2UnY8ApZT4roi66n1LDAil,spotify:track:2UnY8ApZT4roi66n1LDAil,https://p.scdn.co/mp3-preview/97da74ee814040fa11efdc30388cd767ef976e6c?cid=63a77ff40e794a12ae216a18befde98c,Sheena Is a Punk Rocker - 2001 Remaster,31,Ramones,Rocket To Russia: Expanded And Remastered,0.106,0.481,169893,0.93,0.000531,0,0.0878,-6.046,1,0.0342,176.167,0.877
decades,Alternative 70s,37i9dQZF1DXb3ZjVksUlfu,7bx4zW72qdZKBb8p6g80jb,spotify:track:7bx4zW72qdZKBb8p6g80jb,https://p.scdn.co/mp3-preview/2360fb22c128f4f9aa482e13b0814a74eb58e398?cid=63a77ff40e794a12ae216a18befde98c,Ça Plane Pour Moi,47,Plastic Bertrand,Ça Plane Pour Moi,0.176,0.489,179507,0.788,7.98e-05,10,0.196,-11.654,1,0.0452,165.877,0.88
decades,Alternative 70s,37i9dQZF1DXb3ZjVksUlfu,78lgmZwycJ3nzsdgmPPGNx,spotify:track:78lgmZwycJ3nzsdgmPPGNx,https://p.scdn.co/mp3-preview/8455599677a13017978dcd3f4b210937f0a16bcb?cid=63a77ff40e794a12ae216a18befde98c,Immigrant Song - Remaster,77,Led Zeppelin,Led Zeppelin III (Remastered),0.013,0.564,146250,0.932,0.169,11,0.349,-10.068,1,0.0554,112.937,0.619
decades,Alternative 70s,37i9dQZF1DXb3ZjVksUlfu,5ZgNecJcN9SSopnmCTlpXs,spotify:track:5ZgNecJcN9SSopnmCTlpXs,,Virginia Plain,49,Roxy Music,Roxy Music (Remastered),0.445,0.588,178376,0.708,3.94e-05,6,0.293,-7.823,1,0.0351,131.197,0.579
decades,Alternative 70s,37i9dQZF1DXb3ZjVksUlfu,5FTbeZMbUgKfaSaCN8bY09,spotify:track:5FTbeZMbUgKfaSaCN8bY09,,This Town Ain't Big Enough For Both Of Us,37,Sparks,Kimono My House,0.358,0.462,185827,0.703,0.000477,2,0.332,-12.691,1,0.0663,129.821,0.691
decades,Alternative 70s,37i9dQZF1DXb3ZjVksUlfu,6HZ67VImxqr8aMBEEhblzf,spotify:track:6HZ67VImxqr8aMBEEhblzf,https://p.scdn.co/mp3-preview/40f559c2e96f26890b136efe34b64b1eece0c078?cid=63a77ff40e794a12ae216a18befde98c,Cars,62,Gary Numan,The Pleasure Principle,0.00967,0.542,238907,0.578,5.97e-05,2,0.0674,-8.755,1,0.0404,128.0,0.809
decades,Alternative 70s,37i9dQZF1DXb3ZjVksUlfu,7bIQeY33PkduZRmR3h9BIY,spotify:track:7bIQeY33PkduZRmR3h9BIY,https://p.scdn.co/mp3-preview/5571d88d60b7722eb863e78332e0fa7b50f86eeb?cid=63a77ff40e794a12ae216a18befde98c,Lola - Remastered,59,The Kinks,Lola Versus Powerman and the Moneygoround / Percy,0.459,0.468,242027,0.839,0.461,9,0.151,-7.39,1,0.0365,151.842,0.935
decades,Alternative 70s,37i9dQZF1DXb3ZjVksUlfu,5YSI1311X8t31PBjkBG4CZ,spotify:track:5YSI1311X8t31PBjkBG4CZ,https://p.scdn.co/mp3-preview/3aaf3ec1603f1f8c9a8b2c5925bcff0319790a5b?cid=63a77ff40e794a12ae216a18befde98c,Wuthering Heights,65,Kate Bush,The Kick Inside,0.366,0.481,269067,0.392,0.0452,1,0.124,-11.381,1,0.0312,124.572,0.52
decades,Alternative 70s,37i9dQZF1DXb3ZjVksUlfu,6Gi8vIT6In8RrT2eTKxoVR,spotify:track:6Gi8vIT6In8RrT2eTKxoVR,,Brown Sugar,12,The Rolling Stones,Sticky Fingers (Remastered),0.219,0.633,228667,0.934,0.00021,0,0.0592,-3.594,1,0.0344,128.606,0.963
decades,Alternative 70s,37i9dQZF1DXb3ZjVksUlfu,3W0xbvrZqaao3ZZEDhVQ0r,spotify:track:3W0xbvrZqaao3ZZEDhVQ0r,,Dreaming - Remastered,39,Blondie,Eat To The Beat,0.00244,0.343,188427,0.901,0.000147,2,0.0801,-5.373,1,0.0419,161.69,0.798
decades,Alternative 70s,37i9dQZF1DXb3ZjVksUlfu,4wZSxAXLNRFfQ0yyaCvHei,spotify:track:4wZSxAXLNRFfQ0yyaCvHei,,Cool For Cats,3,Squeeze,Cool For Cats,0.216,0.793,219827,0.751,0.00344,0,0.309,-15.292,1,0.164,144.148,0.967
decades,Alternative 70s,37i9dQZF1DXb3ZjVksUlfu,0rme3FLbw5o1KLXpJzivjS,spotify:track:0rme3FLbw5o1KLXpJzivjS,,Rock Lobster,45,The B-52's,B-52's,0.0453,0.613,412033,0.82,0.0251,8,0.0461,-11.454,1,0.051,92.349,0.482
decades,Alternative 70s,37i9dQZF1DXb3ZjVksUlfu,0kqFlkmfvKzQ4QSmx5PZ1A,spotify:track:0kqFlkmfvKzQ4QSmx5PZ1A,https://p.scdn.co/mp3-preview/1f36465d9866aa04578397d599890f7b465966a4?cid=63a77ff40e794a12ae216a18befde98c,Lucky Number,33,Lene Lovich,Stateless,0.0205,0.669,171093,0.733,0.000224,5,0.042,-10.495,1,0.0494,153.778,0.833
decades,Alternative 70s,37i9dQZF1DXb3ZjVksUlfu,6cFaRahEaLyew4ATx1QaUx,spotify:track:6cFaRahEaLyew4ATx1QaUx,,Make Me Smile (Come up and See Me),2,"Steve Harley,Steve Harley & Cockney Rebel",Face to Face (A Live Recording),0.236,0.327,404600,0.905,0.000106,0,0.653,-6.678,1,0.5,135.294,0.271
decades,Alternative 70s,37i9dQZF1DXb3ZjVksUlfu,1Qb2f8cDXorwKTbY0nQ0IH,spotify:track:1Qb2f8cDXorwKTbY0nQ0IH,,The Eton Rifles - Single Edit,1,The Jam,Setting Sons (Deluxe),0.00451,0.424,208041,0.873,0.0202,9,0.109,-6.13,0,0.0434,157.403,0.82
decades,Alternative 70s,37i9dQZF1DXb3ZjVksUlfu,1aMxqU4b59JT5Y9Wtyusis,spotify:track:1aMxqU4b59JT5Y9Wtyusis,https://p.scdn.co/mp3-preview/f6f6f727f2a090ed5377ed0fcc4d4f4e621c56b3?cid=63a77ff40e794a12ae216a18befde98c,Germ Free Adolescents,41,X-Ray Spex,Germ Free Adolescents: The Anthology,0.201,0.832,194267,0.704,0.0377,7,0.0937,-8.973,1,0.0707,128.41,0.905
decades,Alternative 70s,37i9dQZF1DXb3ZjVksUlfu,0WNGPpmWqzPnk0psUhJ3SX,spotify:track:0WNGPpmWqzPnk0psUhJ3SX,https://p.scdn.co/mp3-preview/98c2243fbd6b331431972037d2154457362ef97f?cid=63a77ff40e794a12ae216a18befde98c,All the Young Dudes,63,Mott The Hoople,All The Young Dudes,0.208,0.429,211067,0.668,0.0,4,0.538,-7.539,0,0.044,77.737,0.398
decades,Alternative 70s,37i9dQZF1DXb3ZjVksUlfu,6y4FVJwf09ssxuRnlEgXkp,spotify:track:6y4FVJwf09ssxuRnlEgXkp,,Let's Stick Together,51,Bryan Ferry,Let's Stick Together (Remastered 1999),0.0711,0.785,179160,0.892,0.00051,9,0.113,-4.71,1,0.0356,120.115,0.974
decades,Alternative 70s,37i9dQZF1DXb3ZjVksUlfu,2hvOsGJc6qll4WzW8Ljqc3,spotify:track:2hvOsGJc6qll4WzW8Ljqc3,https://p.scdn.co/mp3-preview/eedafab6270e0ccba501b7560198f9e2d0f53148?cid=63a77ff40e794a12ae216a18befde98c,Brass in Pocket - 2006 Remaster,62,Pretenders,Pretenders [Expanded & Remastered],0.368,0.751,185960,0.703,0.00123,9,0.196,-5.687,1,0.0287,97.931,0.907
decades,Alternative 70s,37i9dQZF1DXb3ZjVksUlfu,2QSD3K3b3BJ8DPhGhQfDPW,spotify:track:2QSD3K3b3BJ8DPhGhQfDPW,,Into The Valley,41,Skids,Scared To Dance,1.2e-05,0.332,199467,0.707,0.00612,7,0.11,-12.698,1,0.0361,144.815,0.652
decades,Alternative 70s,37i9dQZF1DXb3ZjVksUlfu,21jBRxUvrWXTwBfGnQwyVy,spotify:track:21jBRxUvrWXTwBfGnQwyVy,,"Another Brick In The Wall, Pt. 2 - 2011 Remastered Version",16,Pink Floyd,The Wall [2011 - Remaster] (2011 Remastered Version),0.0781,0.694,238747,0.394,0.000677,0,0.247,-15.881,1,0.0428,104.126,0.719
decades,Alternative 70s,37i9dQZF1DXb3ZjVksUlfu,6FxD82u5P8yKohcYYDxyqw,spotify:track:6FxD82u5P8yKohcYYDxyqw,https://p.scdn.co/mp3-preview/9e4664d3775e924f4b8fbf65ce47ef8e99aaa565?cid=63a77ff40e794a12ae216a18befde98c,Jilted John - Single Version,39,Jilted John,True Love Stories,0.0363,0.351,175400,0.883,0.0,0,0.499,-6.952,1,0.0562,195.666,0.88
decades,Alternative 70s,37i9dQZF1DXb3ZjVksUlfu,5QTxFnGygVM4jFQiBovmRo,spotify:track:5QTxFnGygVM4jFQiBovmRo,https://p.scdn.co/mp3-preview/596db216a6621b8c0e2f87fb343f33a9c0bd8878?cid=63a77ff40e794a12ae216a18befde98c,(Don't Fear) The Reaper,74,Blue Öyster Cult,Agents Of Fortune,0.0029,0.333,308120,0.927,0.000211,9,0.297,-8.55,0,0.0733,141.47,0.382
decades,Alternative 70s,37i9dQZF1DXb3ZjVksUlfu,17GEcOhfo7rRr3wKumLHV2,spotify:track:17GEcOhfo7rRr3wKumLHV2,,Is She Really Going Out With Him?,6,Joe Jackson,Look Sharp! (Remastered),0.0353,0.874,215067,0.318,1.69e-05,3,0.217,-6.869,1,0.0454,116.117,0.919
decades,Alternative 70s,37i9dQZF1DXb3ZjVksUlfu,55TeO50ytH96i93yihdNJE,spotify:track:55TeO50ytH96i93yihdNJE,https://p.scdn.co/mp3-preview/94d15b7204fd16d7edf1884e43088cdebc13b397?cid=63a77ff40e794a12ae216a18befde98c,New Rose,47,The Damned,Damned Damned Damned (30th Anniversary Expanded Edition),0.00549,0.19,162240,0.964,3.93e-05,1,0.33,-7.711,0,0.101,173.578,0.295
decades,Alternative 70s,37i9dQZF1DXb3ZjVksUlfu,1PwB9EADXS90I8LoewLXfl,spotify:track:1PwB9EADXS90I8LoewLXfl,https://p.scdn.co/mp3-preview/bd0d18761b7bc21d83b196abce7db7ff5eac8de7?cid=63a77ff40e794a12ae216a18befde98c,Sex & Drugs & Rock & Roll,45,Ian Dury,New Boots And Panties (Deluxe Edition),0.499,0.835,187573,0.711,0.0,9,0.0663,-11.249,1,0.0417,104.892,0.925
decades,Alternative 70s,37i9dQZF1DXb3ZjVksUlfu,2h97II7QJZTBZv02HcocI7,spotify:track:2h97II7QJZTBZv02HcocI7,,10:15 Saturday Night,33,The Cure,Three Imaginary Boys,0.00366,0.656,223773,0.279,0.0282,0,0.0952,-17.282,1,0.13,174.1,0.325
decades,Alternative 70s,37i9dQZF1DXb3ZjVksUlfu,2yE3bwbhqypdsuhmv48Svn,spotify:track:2yE3bwbhqypdsuhmv48Svn,https://p.scdn.co/mp3-preview/040cf1909b4a25427bd83b930fc9ade905731cc4?cid=63a77ff40e794a12ae216a18befde98c,Alternative Ulster,48,Stiff Little Fingers,Inflammable Material,0.0148,0.439,163880,0.971,1.34e-05,11,0.255,-5.855,0,0.177,118.369,0.24
decades,Alternative 70s,37i9dQZF1DXb3ZjVksUlfu,73HSIWZlSCfs4tqVkrGv7H,spotify:track:73HSIWZlSCfs4tqVkrGv7H,https://p.scdn.co/mp3-preview/90b1eb8b8a14752728b12d4dc8b43cfe874e8be9?cid=63a77ff40e794a12ae216a18befde98c,Silver Machine - Original Single Version;Live At The Roundhouse London; 1996 Remastered Version,53,Hawkwind,In Search Of Space,0.000416,0.31,279973,0.874,0.712,1,0.0695,-11.889,1,0.152,131.717,0.096
decades,Alternative 70s,37i9dQZF1DXb3ZjVksUlfu,7cdnq45E9aP2XDStHg5vd7,spotify:track:7cdnq45E9aP2XDStHg5vd7,,Cherry Bomb,68,The Runaways,The Runaways,0.0635,0.492,138707,0.835,2.09e-05,11,0.135,-8.072,1,0.0769,136.814,0.488
decades,Alternative 70s,37i9dQZF1DXb3ZjVksUlfu,0tsHAAhdxSzwHAeHHXKbsw,spotify:track:0tsHAAhdxSzwHAeHHXKbsw,,Personality Crisis,1,New York Dolls,New York Dolls,0.0321,0.429,221507,0.914,9.26e-05,7,0.436,-9.594,1,0.0505,155.588,0.685
decades,Alternative 70s,37i9dQZF1DXb3ZjVksUlfu,6TNNMVpOgn8K5NoDC7alG6,spotify:track:6TNNMVpOgn8K5NoDC7alG6,https://p.scdn.co/mp3-preview/229d76fd13e859fba2f73c7ed54d3e0e0bfa9302?cid=63a77ff40e794a12ae216a18befde98c,Ooh La La - 2015 Remaster,67,Faces,The Best Of Faces: Good Boys When They're Asleep,0.428,0.603,214960,0.494,0.000171,2,0.0894,-10.27,1,0.0301,147.814,0.729
decades,Alternative 70s,37i9dQZF1DXb3ZjVksUlfu,0ZfP7K8NoyJRjEfWWk8Mlv,spotify:track:0ZfP7K8NoyJRjEfWWk8Mlv,https://p.scdn.co/mp3-preview/1dd9e57ebc516be83ee96f980f6934ffce1f8c0f?cid=63a77ff40e794a12ae216a18befde98c,Rock & Roll - 2015 Remastered Full Length Version,41,The Velvet Underground,Loaded (Remastered),0.00401,0.494,283000,0.735,3.14e-06,5,0.544,-8.347,1,0.0345,132.526,0.742
decades,Alternative 70s,37i9dQZF1DXb3ZjVksUlfu,2sICTf5zrSZnTttimrcm2M,spotify:track:2sICTf5zrSZnTttimrcm2M,https://p.scdn.co/mp3-preview/f2554fe14945a5f7127b3c14d38a8e6eddc774dd?cid=63a77ff40e794a12ae216a18befde98c,Top of the Pops,38,The Rezillos,Can't Stand The Rezillos: The [Almost] Complete Rezillos,0.000358,0.417,175640,0.586,0.0443,2,0.0957,-12.217,1,0.0399,183.706,0.965
decades,Alternative 70s,37i9dQZF1DXb3ZjVksUlfu,0LzCSYjFxH3LKSU4UIeRBk,spotify:track:0LzCSYjFxH3LKSU4UIeRBk,,Don't Dictate - Demo,31,Penetration,Moving Targets,0.006,0.46,176227,0.765,2.14e-06,2,0.111,-13.655,1,0.179,167.764,0.196
decades,Alternative 70s,37i9dQZF1DXb3ZjVksUlfu,4GRnCW4Alb5vcfptFytJdl,spotify:track:4GRnCW4Alb5vcfptFytJdl,,I Heard It Through The Grapevine,3,The Slits,Cut,0.000601,0.724,242933,0.631,0.574,11,0.0821,-9.515,0,0.216,129.868,0.876
decades,Alternative 70s,37i9dQZF1DXb3ZjVksUlfu,4Ec8I6H20zu7F2vDdg90qP,spotify:track:4Ec8I6H20zu7F2vDdg90qP,https://p.scdn.co/mp3-preview/32817c51e090778a7b4224a01d763e9acf738be9?cid=63a77ff40e794a12ae216a18befde98c,Mind Your Own Business,33,Delta 5,Mind Your Own Business,0.0307,0.871,193373,0.61,0.000203,7,0.0674,-7.565,1,0.239,134.507,0.788
decades,Alternative 70s,37i9dQZF1DXb3ZjVksUlfu,6RTh5BDes7y6KwC0rxW8WG,spotify:track:6RTh5BDes7y6KwC0rxW8WG,,The Sound Of The Suburbs,39,The Members,Sound Of The Suburbs - A Collection Of The Members Finest Moments,0.032,0.399,233200,0.747,7.45e-06,7,0.0688,-10.62,1,0.0741,181.964,0.597
decades,Alternative 70s,37i9dQZF1DXb3ZjVksUlfu,0WghYc6JU0HbCvsgGlyqId,spotify:track:0WghYc6JU0HbCvsgGlyqId,,Back Of My Hand,30,Jags,The Best Of,0.0922,0.49,195133,0.83,0.0,4,0.0719,-9.283,1,0.0512,162.105,0.966
decades,Alternative 70s,37i9dQZF1DXb3ZjVksUlfu,3MFFDRC4wTN9JNGtzXsZlN,spotify:track:3MFFDRC4wTN9JNGtzXsZlN,https://p.scdn.co/mp3-preview/9508629c630afec0ad940e46ab17535a8d795999?cid=63a77ff40e794a12ae216a18befde98c,Love Her Madly,65,The Doors,L.A. Woman,0.0573,0.564,198467,0.587,0.00485,4,0.0416,-7.393,0,0.0316,147.462,0.966
decades,Alternative 70s,37i9dQZF1DXb3ZjVksUlfu,5nYYu9UeWFZhjwFLJMfX77,spotify:track:5nYYu9UeWFZhjwFLJMfX77,https://p.scdn.co/mp3-preview/983588b704b3c03020c7d390513871d7d27535de?cid=63a77ff40e794a12ae216a18befde98c,2-4-6-8 Motorway,49,Tom Robinson Band,Power In The Darkness,0.0578,0.672,197933,0.706,7.43e-05,9,0.0595,-5.551,1,0.0779,124.782,0.658
decades,Alternative 70s,37i9dQZF1DXb3ZjVksUlfu,0ElRzK07sc9eszyk1ea9Ab,spotify:track:0ElRzK07sc9eszyk1ea9Ab,,Human Fly,52,The Cramps,Off The Bone,0.0389,0.531,136427,0.849,0.00763,9,0.186,-10.754,1,0.111,119.516,0.305
decades,Alternative 70s,37i9dQZF1DXb3ZjVksUlfu,3x0iCzjgf0v9lnwvAhU9P2,spotify:track:3x0iCzjgf0v9lnwvAhU9P2,https://p.scdn.co/mp3-preview/4cf18f28511f3f74748646a83e08ad667324ce38?cid=63a77ff40e794a12ae216a18befde98c,Venus,49,Television,Marquee Moon,0.000898,0.55,229027,0.631,0.18,0,0.0503,-11.493,1,0.0385,114.553,0.908
decades,Alternative 70s,37i9dQZF1DXb3ZjVksUlfu,3RZqcBz5WTWN2E5svMH162,spotify:track:3RZqcBz5WTWN2E5svMH162,https://p.scdn.co/mp3-preview/4f334e84de289524e3b5983e5971c025b4027394?cid=63a77ff40e794a12ae216a18befde98c,Fiery Jack - Bonus Track,32,The Fall,Dragnet,9.12e-05,0.704,283947,0.917,0.00546,1,0.0459,-7.902,0,0.122,110.606,0.336
decades,Alternative 70s,37i9dQZF1DXb3ZjVksUlfu,4Mj2GtsgUDaf43zxdw48hd,spotify:track:4Mj2GtsgUDaf43zxdw48hd,https://p.scdn.co/mp3-preview/4197b93d0f698ce475701136f74ff12af7f25eb1?cid=63a77ff40e794a12ae216a18befde98c,Gary Gilmore's Eyes,36,The Adverts,Crossing The Red Sea,0.0349,0.421,136960,0.598,4.8e-06,4,0.416,-6.078,0,0.0487,157.927,0.778
decades,Alternative 70s,37i9dQZF1DXb3ZjVksUlfu,3aInErz06eEAbRHMnsORR2,spotify:track:3aInErz06eEAbRHMnsORR2,,Shot By Both Sides - Remastered,4,Magazine,Real Life,0.0278,0.324,244320,0.967,0.000269,6,0.0566,-5.655,1,0.0774,165.92,0.392
decades,Alternative 70s,37i9dQZF1DXb3ZjVksUlfu,3MmogIpfk1GVXRMmRjKLGI,spotify:track:3MmogIpfk1GVXRMmRjKLGI,https://p.scdn.co/mp3-preview/951fa72efda25a4f907a91abc3719071655d4181?cid=63a77ff40e794a12ae216a18befde98c,Dream Baby Dream,49,Suicide,The Second Album + The First Rehearsal Tapes,0.00905,0.688,384907,0.716,0.732,1,0.0921,-10.437,0,0.032,144.122,0.977
decades,Alternative 70s,37i9dQZF1DXb3ZjVksUlfu,1wP1qnWy0cZWxnbWkzf9La,spotify:track:1wP1qnWy0cZWxnbWkzf9La,https://p.scdn.co/mp3-preview/4ff502ea87a66259514ad9c435b62ec95262f341?cid=63a77ff40e794a12ae216a18befde98c,Free Money,41,Patti Smith,Horses (Legacy Edition),0.0585,0.343,232040,0.718,3.49e-05,9,0.157,-7.632,0,0.0918,77.772,0.452
decades,Alternative 70s,37i9dQZF1DXb3ZjVksUlfu,0TaWdoJiAJoln9OQ1RbdNs,spotify:track:0TaWdoJiAJoln9OQ1RbdNs,https://p.scdn.co/mp3-preview/e9ac764634de24e2b4d2230178684474491a01d8?cid=63a77ff40e794a12ae216a18befde98c,My Way - 1993 Remastered Version,41,Sid Vicious,Playlist: New Wave,0.699,0.236,244813,0.823,0.643,4,0.364,-7.165,1,0.0863,175.38,0.259
decades,Alternative 70s,37i9dQZF1DXb3ZjVksUlfu,00sydAz6PeOxYzwG1dRIPi,spotify:track:00sydAz6PeOxYzwG1dRIPi,https://p.scdn.co/mp3-preview/a97333a82fe5bf028956ce0cca495ff2bef720f2?cid=63a77ff40e794a12ae216a18befde98c,Search and Destroy - Iggy Pop Mix,52,The Stooges,Raw Power,0.00353,0.235,208133,0.977,0.00604,6,0.172,0.878,1,0.107,152.952,0.241
decades,Alternative 70s,37i9dQZF1DXb3ZjVksUlfu,7wLBPjReJhdkFtrGHgUcxG,spotify:track:7wLBPjReJhdkFtrGHgUcxG,,Blank Generation,2,Richard Hell,Blank Generation,0.129,0.44,163000,0.85,3.79e-06,7,0.0959,-6.196,1,0.165,138.571,0.637
decades,Alternative 70s,37i9dQZF1DXb3ZjVksUlfu,4lr8mubS2OpgJEOuPHx2rV,spotify:track:4lr8mubS2OpgJEOuPHx2rV,https://p.scdn.co/mp3-preview/340abbb218a9b6a4df6ef298850fec181569c1ac?cid=63a77ff40e794a12ae216a18befde98c,I Love The Sound Of Breaking Glass,36,Nick Lowe,Jesus of Cool (Reissue),0.129,0.712,194920,0.62,0.921,7,0.0989,-10.641,1,0.0334,107.521,0.918
decades,Alternative 70s,37i9dQZF1DXb3ZjVksUlfu,0FnmRkP81O1I6oeOeU1xXS,spotify:track:0FnmRkP81O1I6oeOeU1xXS,https://p.scdn.co/mp3-preview/5e6938aefbbf2426e33817c07992a62c4b36713c?cid=63a77ff40e794a12ae216a18befde98c,(I Married a) Monster from Outer Space,30,John Cooper Clarke,Disguise In Love,0.764,0.562,211560,0.545,0.65,9,0.347,-14.392,0,0.0487,132.495,0.342
decades,Alternative 70s,37i9dQZF1DXb3ZjVksUlfu,24M81fKyhTWBuYzczQMkOp,spotify:track:24M81fKyhTWBuYzczQMkOp,,One Of These Things First,7,Nick Drake,Bryter Layter,0.831,0.607,290733,0.378,0.399,4,0.0957,-18.354,1,0.0363,90.338,0.661
decades,Alternative 70s,37i9dQZF1DXb3ZjVksUlfu,5AdLu2shYmDMqt2pHaOEle,spotify:track:5AdLu2shYmDMqt2pHaOEle,,Outdoor Miner - 2006 Remastered Version,1,Wire,Chairs Missing,0.431,0.568,104507,0.636,3.02e-06,4,0.492,-8.862,1,0.0297,124.37,0.71
decades,Alternative 70s,37i9dQZF1DXb3ZjVksUlfu,6pXcyjABZyf6LKzL4wsj9k,spotify:track:6pXcyjABZyf6LKzL4wsj9k,,I'm Stranded,2,The Saints,(I'm) Stranded,0.00579,0.352,212827,0.727,2.9e-06,6,0.313,-12.256,1,0.0352,85.385,0.426
decades,Alternative 70s,37i9dQZF1DXb3ZjVksUlfu,6e3qHQtKdbNhUVuuNNsyqD,spotify:track:6e3qHQtKdbNhUVuuNNsyqD,,Alison,4,Elvis Costello,The Best Of The First 10 Years,0.671,0.564,204000,0.317,5.84e-05,1,0.119,-11.216,0,0.0473,176.915,0.378
decades,Alternative 70s,37i9dQZF1DXb3ZjVksUlfu,150NSrON3DeZM1aLyz3MoM,spotify:track:150NSrON3DeZM1aLyz3MoM,https://p.scdn.co/mp3-preview/6fa3708f09197249b35083dd05c1bd3a300e1170?cid=63a77ff40e794a12ae216a18befde98c,Born to Lose,41,Johnny Thunders & The Heartbreakers,L.A.M.F. - The Lost '77 Mixes,0.0797,0.395,184120,0.892,0.0,11,0.706,-8.07,1,0.0537,148.43,0.67
decades,Alternative 70s,37i9dQZF1DXb3ZjVksUlfu,5E5HYgxGMp3BPakHGfKfIB,spotify:track:5E5HYgxGMp3BPakHGfKfIB,https://p.scdn.co/mp3-preview/c3da560c45b6a9d58c3a6ccba57c0c9f0fb450da?cid=63a77ff40e794a12ae216a18befde98c,Roadrunner,57,The Modern Lovers,The Modern Lovers,5.05e-05,0.462,246440,0.84,6.47e-05,2,0.0893,-6.667,1,0.0346,75.542,0.805
decades,Alternative 70s,37i9dQZF1DXb3ZjVksUlfu,6ZWVeMysm8Q8zZu3lKnY2v,spotify:track:6ZWVeMysm8Q8zZu3lKnY2v,,I'll Come Running - 2004 Digital Remaster,41,Brian Eno,Another Green World,0.558,0.589,229785,0.488,0.0461,9,0.0918,-13.165,1,0.0322,124.774,0.811
decades,Alternative 70s,37i9dQZF1DXb3ZjVksUlfu,7mxvuhmRrnQ31vHRm9A9qj,spotify:track:7mxvuhmRrnQ31vHRm9A9qj,https://p.scdn.co/mp3-preview/5cb3ad2d6e4ab89618798185149185f526fe7ddf?cid=63a77ff40e794a12ae216a18befde98c,Warm Leatherette,29,The Normal,Warm Leatherette,0.338,0.484,203507,0.425,2.02e-05,2,0.0429,-10.851,1,0.288,197.674,0.603
decades,Alternative 70s,37i9dQZF1DXb3ZjVksUlfu,2fWxcJeDQiLStdAdwF4ms6,spotify:track:2fWxcJeDQiLStdAdwF4ms6,https://p.scdn.co/mp3-preview/75c155d44180e6827557466f3a75d18968b0b904?cid=63a77ff40e794a12ae216a18befde98c,No Side to Fall In,32,The Raincoats,The Raincoats,0.486,0.434,109667,0.614,0.000196,6,0.394,-8.334,1,0.0525,147.681,0.787
decades,Alternative 70s,37i9dQZF1DXb3ZjVksUlfu,4l1Yx4GK7GU55Xtwl9we9U,spotify:track:4l1Yx4GK7GU55Xtwl9we9U,https://p.scdn.co/mp3-preview/85492547c1fadc7c0251db81d220b29cd99544ad?cid=63a77ff40e794a12ae216a18befde98c,Kick out the Jams,40,MC5,Babes In Arms,0.0565,0.329,181760,0.806,0.21,1,0.355,-11.925,1,0.0596,142.625,0.619
decades,Alternative 70s,37i9dQZF1DXb3ZjVksUlfu,1vOgfMjWq10rW4h0U7yzO8,spotify:track:1vOgfMjWq10rW4h0U7yzO8,https://p.scdn.co/mp3-preview/735f6eb04720d179c55e72a7860564c210f46cc8?cid=63a77ff40e794a12ae216a18befde98c,Feelin' Alright with the Crew,31,999,Separates,0.00968,0.532,214093,0.675,0.124,0,0.0765,-8.526,1,0.0606,142.091,0.483
decades,Alternative 70s,37i9dQZF1DXb3ZjVksUlfu,5rJJnYeAeIsb0T4FkiaUvX,spotify:track:5rJJnYeAeIsb0T4FkiaUvX,https://p.scdn.co/mp3-preview/59154e6d83405f6bc86a68be33f92317221949cb?cid=63a77ff40e794a12ae216a18befde98c,I Want More,36,CAN,Flow Motion (Remastered),0.0251,0.807,214227,0.602,0.171,9,0.0414,-11.02,1,0.054,113.543,0.931
decades,Alternative 70s,37i9dQZF1DXb3ZjVksUlfu,4F797Kz0zqZiMxNcRdO8R2,spotify:track:4F797Kz0zqZiMxNcRdO8R2,,My Sex,0,Ultravox,Ultravox! (Remastered & Expanded),0.332,0.573,182653,0.304,1.27e-06,0,0.111,-14.31,1,0.0309,102.686,0.256
