category_id,playlist_name,playlist_id,track_id,track_uri,track_preview_url,track_name,track_popularity,artist_name,album_name,acousticness,danceability,duration_ms,energy,instrumentalness,key,liveness,loudness,mode,speechiness,tempo,valence
arab,Eid Mubarak,37i9dQZF1DX38snDqzaVVW,1ZRaNj194Wixl7KKItIksg,spotify:track:1ZRaNj194Wixl7KKItIksg,,Ya Maulana,50,Sabyan,Ya Maulana,0.791,0.61,281000,0.387,0.000175,0,0.0937,-6.442,1,0.028,124.008,0.47
arab,Eid Mubarak,37i9dQZF1DX38snDqzaVVW,70avaeZ57OiVydfPG1VyPL,spotify:track:70avaeZ57OiVydfPG1VyPL,,Ya Habibal Qolbi,1,Sabyan Gambus,Sabyan,0.685,0.639,249000,0.305,0.0,2,0.105,-9.723,0,0.0279,115.963,0.277
arab,Eid Mubarak,37i9dQZF1DX38snDqzaVVW,2ONvwZbeBicoCwgmnZyHfD,spotify:track:2ONvwZbeBicoCwgmnZyHfD,https://p.scdn.co/mp3-preview/4da74ecd591fd00f8da433911f5234dffba80f57?cid=63a77ff40e794a12ae216a18befde98c,Save Me from Myself,42,Harris J.,Save Me from Myself,0.664,0.31,213187,0.332,0.0,5,0.198,-7.232,1,0.0294,95.991,0.281
arab,Eid Mubarak,37i9dQZF1DX38snDqzaVVW,444OZKdTntiqCROrrS7vFy,spotify:track:444OZKdTntiqCROrrS7vFy,https://p.scdn.co/mp3-preview/2185a1c3291a477648d644a254514b554aac4223?cid=63a77ff40e794a12ae216a18befde98c,Sempurnakan Langkahku,42,Via Vallen,Sempurnakan Langkahku,0.904,0.656,258746,0.311,0.00918,7,0.105,-9.807,0,0.0282,124.982,0.248
arab,Eid Mubarak,37i9dQZF1DX38snDqzaVVW,0NdIwg0WFEdQsgg3SFGjbA,spotify:track:0NdIwg0WFEdQsgg3SFGjbA,https://p.scdn.co/mp3-preview/5ce6016eae926476e21bf2b9947976f0f17842f7?cid=63a77ff40e794a12ae216a18befde98c,Kun Anta,52,Humood Alkhuder,Aseer Ahsan,0.438,0.639,240947,0.798,0.0,10,0.077,-4.62,1,0.0627,92.032,0.746
arab,Eid Mubarak,37i9dQZF1DX38snDqzaVVW,7Ft9cMwlbB96qyJtCcDwMy,spotify:track:7Ft9cMwlbB96qyJtCcDwMy,https://p.scdn.co/mp3-preview/c81b375806d3cd428d0916d602af29f1f62b3c87?cid=63a77ff40e794a12ae216a18befde98c,Ya Maulana - English Version,43,Siedd,Ya Maulana (English Version),0.846,0.404,195489,0.305,0.0,10,0.108,-10.703,1,0.0419,118.007,0.183
arab,Eid Mubarak,37i9dQZF1DX38snDqzaVVW,1TBJMoL79FWmmd9gI3cuJ7,spotify:track:1TBJMoL79FWmmd9gI3cuJ7,,Ya Asyiqol,1,Sabyan Gambus,Sabyan,0.913,0.637,311000,0.298,7.44e-05,2,0.108,-8.881,0,0.0283,111.987,0.305
arab,Eid Mubarak,37i9dQZF1DX38snDqzaVVW,63oAcl24F7vvRsloOdFQtp,spotify:track:63oAcl24F7vvRsloOdFQtp,https://p.scdn.co/mp3-preview/9dca88ab49aa98701a76a215fb65f41cd5650c90?cid=63a77ff40e794a12ae216a18befde98c,Ketika Tangan Dan Kaki Berkata,45,Chrisye,Untukku 1997,0.816,0.283,259307,0.2,0.001,5,0.104,-10.334,1,0.0327,122.761,0.0675
arab,Eid Mubarak,37i9dQZF1DX38snDqzaVVW,0vDezaYCKyQcp2GjwZdgTg,spotify:track:0vDezaYCKyQcp2GjwZdgTg,https://p.scdn.co/mp3-preview/744b67787d380dc298ee1340d95cd3b06ac3c798?cid=63a77ff40e794a12ae216a18befde98c,Yang Terbaik Bagimu - Jangan Lupakan Ayah,53,Ada Band,Heaven of Love,0.415,0.413,252262,0.611,0.00366,2,0.113,-6.991,1,0.0397,111.898,0.314
arab,Eid Mubarak,37i9dQZF1DX38snDqzaVVW,0kFEXvTs1Cyo2fjEFROUbM,spotify:track:0kFEXvTs1Cyo2fjEFROUbM,https://p.scdn.co/mp3-preview/f33d202147a6440803375e907b5ccfc0b9ef8520?cid=63a77ff40e794a12ae216a18befde98c,I’tiraf,43,Haddad Alwi,The Best of Islamic Music Vol. 2,0.846,0.22,309227,0.423,0.26,5,0.122,-5.447,1,0.033,89.985,0.105
arab,Eid Mubarak,37i9dQZF1DX38snDqzaVVW,66Iy5evBnx2YJi89bXVv9G,spotify:track:66Iy5evBnx2YJi89bXVv9G,https://p.scdn.co/mp3-preview/02e8fa90dbf2d3c6696ec6d721a949630984b217?cid=63a77ff40e794a12ae216a18befde98c,Hasbunallah,43,Ungu,Hasbunallah,0.784,0.507,289781,0.549,0.0,7,0.211,-6.578,0,0.0295,137.999,0.199
arab,Eid Mubarak,37i9dQZF1DX38snDqzaVVW,4cIAA2ckcDDmYOsufhvVIc,spotify:track:4cIAA2ckcDDmYOsufhvVIc,https://p.scdn.co/mp3-preview/afbf7a817a5e7a293927f4a10d4d1f7930c4472d?cid=63a77ff40e794a12ae216a18befde98c,Idul Fitri,39,Gita Gutawa,Balada Shalawat,0.532,0.692,215280,0.725,0.00194,4,0.818,-5.174,0,0.0287,133.802,0.921
arab,Eid Mubarak,37i9dQZF1DX38snDqzaVVW,2reg800s1oeCfpk92scn2D,spotify:track:2reg800s1oeCfpk92scn2D,https://p.scdn.co/mp3-preview/4b7aaf7fc5ffceb7b1f292c77f317d89ab451fcf?cid=63a77ff40e794a12ae216a18befde98c,Ketika Tangan Dan Kaki Berkata,42,Ray Shareza,Ketika Tangan Dan Kaki Berkata,0.869,0.497,220777,0.433,0.0043,3,0.153,-9.439,1,0.0293,124.189,0.143
arab,Eid Mubarak,37i9dQZF1DX38snDqzaVVW,3qEkvzfkCjtTInMdywOu1p,spotify:track:3qEkvzfkCjtTInMdywOu1p,https://p.scdn.co/mp3-preview/96639c7b764cfb6b8fc8f14480364d4ee2e5c563?cid=63a77ff40e794a12ae216a18befde98c,Sesungguhnya2019,57,"Alif Satar,Raihan",Sesungguhnya2019,0.349,0.56,324480,0.382,0.000369,0,0.357,-10.164,1,0.0262,125.038,0.16
arab,Eid Mubarak,37i9dQZF1DX38snDqzaVVW,3VmHqPccXgI7qGIfAcgbXs,spotify:track:3VmHqPccXgI7qGIfAcgbXs,https://p.scdn.co/mp3-preview/677e90e4fde37838b9526d65bab0389b96753b18?cid=63a77ff40e794a12ae216a18befde98c,Rapuh,50,Opick,Ya Rahman,0.714,0.513,269200,0.224,0.0,6,0.0826,-11.477,0,0.0298,142.827,0.129
arab,Eid Mubarak,37i9dQZF1DX38snDqzaVVW,3Xkgg6Rcd2HStUsvEh84bQ,spotify:track:3Xkgg6Rcd2HStUsvEh84bQ,https://p.scdn.co/mp3-preview/a832bf28539c1f37459181674c5dd566891bb5f1?cid=63a77ff40e794a12ae216a18befde98c,Ketika Tangan dan Kaki Berkata,40,Fatin,Ketika Tangan dan Kaki Berkata,0.811,0.515,228708,0.452,0.00287,8,0.148,-7.935,1,0.0372,123.829,0.244
arab,Eid Mubarak,37i9dQZF1DX38snDqzaVVW,2NlNwlgPlVF1iSwKrkW3Qz,spotify:track:2NlNwlgPlVF1iSwKrkW3Qz,https://p.scdn.co/mp3-preview/8a7887a8ea33b8c4e4ab95769276b79cd5c6e00c?cid=63a77ff40e794a12ae216a18befde98c,Bila Tiba,51,Ungu,Ruang Hati,0.775,0.539,252400,0.386,0.0,9,0.106,-5.514,0,0.0302,111.979,0.195
arab,Eid Mubarak,37i9dQZF1DX38snDqzaVVW,5VXD18BiNWaKBsbWfFGnWQ,spotify:track:5VXD18BiNWaKBsbWfFGnWQ,https://p.scdn.co/mp3-preview/0aa09ac1ce88d10fb8c2712790cb8d86ca8c4e6b?cid=63a77ff40e794a12ae216a18befde98c,Alhamdullilah,42,Opick feat. Amanda,The Best of Opick,0.629,0.488,230533,0.415,0.0,7,0.163,-10.354,1,0.0262,135.845,0.241
arab,Eid Mubarak,37i9dQZF1DX38snDqzaVVW,6ZypUMclVIm3YziM9cDCVR,spotify:track:6ZypUMclVIm3YziM9cDCVR,https://p.scdn.co/mp3-preview/1f8a708ae0511d3681b564078259fbba9ebd5e51?cid=63a77ff40e794a12ae216a18befde98c,Ku Mohon,43,Afgan,Ku Mohon,0.777,0.53,277987,0.451,9.24e-06,0,0.136,-6.606,0,0.0286,112.041,0.0954
arab,Eid Mubarak,37i9dQZF1DX38snDqzaVVW,6dCEzAwuk33RRhHpMXuE4E,spotify:track:6dCEzAwuk33RRhHpMXuE4E,https://p.scdn.co/mp3-preview/ca5425305c94c55e36b7e3b810215d0cbe9cb2a9?cid=63a77ff40e794a12ae216a18befde98c,Assalaamu'alaikum,44,Opick,Ya Rahman,0.274,0.675,223347,0.538,0.0,9,0.358,-9.732,1,0.0336,92.494,0.92
arab,Eid Mubarak,37i9dQZF1DX38snDqzaVVW,668ZbBmVD3NDazPnnPwRBn,spotify:track:668ZbBmVD3NDazPnnPwRBn,https://p.scdn.co/mp3-preview/98e47a26cbd17a8e2e53760b1cfefacaec7f824c?cid=63a77ff40e794a12ae216a18befde98c,Dengan Menyebut Nama Allah,41,Gigi,Raihlah Kemenangan?,0.283,0.463,294453,0.437,2.81e-06,5,0.084,-8.79,1,0.0258,174.25,0.512
arab,Eid Mubarak,37i9dQZF1DX38snDqzaVVW,5I3Ljx1ZvQISXj3mlaBWjw,spotify:track:5I3Ljx1ZvQISXj3mlaBWjw,https://p.scdn.co/mp3-preview/1d2b0d80b19d2958a67464e123d3bf076ca2af1a?cid=63a77ff40e794a12ae216a18befde98c,Muhasabah Cinta,45,Edcoustic,Sepotong Episode,0.719,0.531,261381,0.453,0.0,2,0.0891,-8.615,0,0.0249,84.9,0.256
arab,Eid Mubarak,37i9dQZF1DX38snDqzaVVW,4eFnTWQ9dpvPPUzOeG0R3m,spotify:track:4eFnTWQ9dpvPPUzOeG0R3m,https://p.scdn.co/mp3-preview/ef5174c31ab328199f8a248271de53a288c8ebe1?cid=63a77ff40e794a12ae216a18befde98c,Sandaran hati,50,Letto,Best Of The Best,0.296,0.617,241173,0.628,0.0,7,0.137,-7.267,0,0.0325,80.011,0.346
arab,Eid Mubarak,37i9dQZF1DX38snDqzaVVW,14MRU3LW7kFb6YOucHKCat,spotify:track:14MRU3LW7kFb6YOucHKCat,https://p.scdn.co/mp3-preview/dafef21b2659690ec5967ce2904025218d3d3a9a?cid=63a77ff40e794a12ae216a18befde98c,Rampai Selawat,29,Hafiz Hamidun,Rampai Selawat,0.494,0.605,259770,0.661,0.00049,10,0.0598,-8.599,1,0.0277,139.953,0.885
arab,Eid Mubarak,37i9dQZF1DX38snDqzaVVW,25uy0HMpi7MVgDDu2nndbI,spotify:track:25uy0HMpi7MVgDDu2nndbI,https://p.scdn.co/mp3-preview/5a82757bd7c2403bf6166a893bf45a33e04276b8?cid=63a77ff40e794a12ae216a18befde98c,Tombo Ati,50,Opick,Istighfar,0.733,0.662,324107,0.394,0.0105,7,0.0991,-13.626,1,0.0317,120.008,0.651
arab,Eid Mubarak,37i9dQZF1DX38snDqzaVVW,6jfzZLkYWQRcgeLYwRCC2q,spotify:track:6jfzZLkYWQRcgeLYwRCC2q,https://p.scdn.co/mp3-preview/1f3585946007fcda8e7f448c6fd00bbd9e3e0de0?cid=63a77ff40e794a12ae216a18befde98c,Dengan Menyebut Nama Allah,44,Nagita Slavina,Dengan Menyebut Nama Allah,0.562,0.426,257300,0.487,0.0436,9,0.179,-5.588,1,0.027,148.161,0.123
arab,Eid Mubarak,37i9dQZF1DX38snDqzaVVW,2bCGtnVjqgBhI3rhIKt0ZZ,spotify:track:2bCGtnVjqgBhI3rhIKt0ZZ,https://p.scdn.co/mp3-preview/528d2cf557149195180786c20b857ce8357b2c71?cid=63a77ff40e794a12ae216a18befde98c,Allahumma Labbaik,43,Sabyan,Bismillah,0.611,0.562,278869,0.406,0.000115,2,0.433,-8.795,1,0.0247,142.032,0.275
arab,Eid Mubarak,37i9dQZF1DX38snDqzaVVW,3zU9o0CFN2YVNlDspMTL5k,spotify:track:3zU9o0CFN2YVNlDspMTL5k,https://p.scdn.co/mp3-preview/ba1e2144698394aa2f426d73664ad2f3969901b3?cid=63a77ff40e794a12ae216a18befde98c,Insha Allah,46,Maher Zain,Thank You Allah (Turkish Version),0.62,0.457,268653,0.67,2.3e-06,0,0.0861,-4.281,0,0.0381,84.763,0.397
arab,Eid Mubarak,37i9dQZF1DX38snDqzaVVW,6Heql99MiIXBaFm0vGMRx2,spotify:track:6Heql99MiIXBaFm0vGMRx2,https://p.scdn.co/mp3-preview/a5943d9ad9815ebd53fa2bf039b6047b89142a1d?cid=63a77ff40e794a12ae216a18befde98c,Dengan NafasMu,49,Ungu,Ruang Hati,0.0108,0.616,270947,0.759,4.23e-06,2,0.165,-5.451,1,0.0263,105.996,0.661
arab,Eid Mubarak,37i9dQZF1DX38snDqzaVVW,5olwTBipLabkPnTiJY1S27,spotify:track:5olwTBipLabkPnTiJY1S27,https://p.scdn.co/mp3-preview/1105508b100d0eab5eb300a2f4e21ff5bd726993?cid=63a77ff40e794a12ae216a18befde98c,Ya Robbana,43,"Ustadz Jefri Al Buchori,Opick",Lahir Kembali,0.288,0.299,285773,0.659,0.0272,6,0.0939,-9.272,0,0.0493,164.007,0.271
arab,Eid Mubarak,37i9dQZF1DX38snDqzaVVW,6G0Jn34JgxpKYQ1QiamwBQ,spotify:track:6G0Jn34JgxpKYQ1QiamwBQ,https://p.scdn.co/mp3-preview/c79d4166649c610942b9bcf5d8ce5fddab6144fb?cid=63a77ff40e794a12ae216a18befde98c,Neo Shalawat,39,Snada,Neo Shalawat,0.766,0.558,329920,0.352,0.0,11,0.166,-5.126,1,0.0294,123.89,0.33
arab,Eid Mubarak,37i9dQZF1DX38snDqzaVVW,7cB1xzxzx82BSqhkraGBde,spotify:track:7cB1xzxzx82BSqhkraGBde,https://p.scdn.co/mp3-preview/479033d0661cd3ce7b56c49bd3585f4647c89ddc?cid=63a77ff40e794a12ae216a18befde98c,Jangan Bersedih,45,Armada,Jangan Bersedih,0.54,0.422,260909,0.572,0.00115,9,0.34,-4.117,1,0.034,131.978,0.47
arab,Eid Mubarak,37i9dQZF1DX38snDqzaVVW,6Rp3J9auckSsRYCOyUvNoP,spotify:track:6Rp3J9auckSsRYCOyUvNoP,,Istikharah Cinta,11,Sigma,Istikharah Cinta,0.443,0.226,301600,0.424,0.0,9,0.157,-7.174,0,0.0335,183.158,0.206
arab,Eid Mubarak,37i9dQZF1DX38snDqzaVVW,52YMiTsTkzqiucWepaUhRI,spotify:track:52YMiTsTkzqiucWepaUhRI,https://p.scdn.co/mp3-preview/bb4ac6aa4f9456686bd8182aa316e219bd7293a5?cid=63a77ff40e794a12ae216a18befde98c,Andai Ku Tahu,49,Ungu,Ruang Hati,0.0128,0.505,287613,0.778,0.00107,9,0.0833,-3.815,1,0.0302,94.987,0.279
arab,Eid Mubarak,37i9dQZF1DX38snDqzaVVW,6A9KLcckxwUepnA4QHGdDs,spotify:track:6A9KLcckxwUepnA4QHGdDs,https://p.scdn.co/mp3-preview/57f3362c2cd576c7ed441a0222e7a2396d73927b?cid=63a77ff40e794a12ae216a18befde98c,Syahadat,35,Dian Pramana Poetra,Hidayah,0.862,0.307,284444,0.352,0.00854,7,0.138,-7.412,0,0.0272,136.042,0.241
arab,Eid Mubarak,37i9dQZF1DX38snDqzaVVW,18yaO69C2dmJmL1Tbu7wED,spotify:track:18yaO69C2dmJmL1Tbu7wED,https://p.scdn.co/mp3-preview/00064392f6190924d5e850db886e496e95940b24?cid=63a77ff40e794a12ae216a18befde98c,Bersyukurlah,44,Fatin,Bersyukurlah,0.593,0.705,187458,0.671,0.00013,9,0.0839,-6.171,0,0.0623,95.02,0.805
arab,Eid Mubarak,37i9dQZF1DX38snDqzaVVW,1nIsiPLO1NqmpxUY686ZCG,spotify:track:1nIsiPLO1NqmpxUY686ZCG,https://p.scdn.co/mp3-preview/847c65c9ef43c843dd951d8e77213c6e5299efd6?cid=63a77ff40e794a12ae216a18befde98c,Nawaitu,36,Terry,Nawaitu,0.315,0.586,281037,0.801,0.0,4,0.0946,-5.038,0,0.0868,160.023,0.492
arab,Eid Mubarak,37i9dQZF1DX38snDqzaVVW,1z7ddbLAwqQF1YMZuyrqJK,spotify:track:1z7ddbLAwqQF1YMZuyrqJK,https://p.scdn.co/mp3-preview/54429740296f711762a290fe845eec00793ae54d?cid=63a77ff40e794a12ae216a18befde98c,Do'a,41,"D’MASIV,Shakira Jasmine",Do'a,0.473,0.452,279104,0.429,7.24e-06,2,0.15,-7.221,1,0.0276,137.953,0.14
arab,Eid Mubarak,37i9dQZF1DX38snDqzaVVW,0MbeRNY9Q1ET0xzYtcJTJX,spotify:track:0MbeRNY9Q1ET0xzYtcJTJX,https://p.scdn.co/mp3-preview/9369927819d446e44310cc99a00d908402a7a370?cid=63a77ff40e794a12ae216a18befde98c,Iman Mutiara,36,"Raihan,Ramlan Marzuki",Koleksi Lagu Lagu Terbaik,0.302,0.741,261787,0.41,0.0,6,0.125,-8.411,1,0.0332,89.972,0.33
arab,Eid Mubarak,37i9dQZF1DX38snDqzaVVW,0VMGPfPW231Ddq6DvcbRnu,spotify:track:0VMGPfPW231Ddq6DvcbRnu,https://p.scdn.co/mp3-preview/aabe5a0ca5026389e72c0385cadfde366f2ede95?cid=63a77ff40e794a12ae216a18befde98c,Shalawat Badar,43,"Ustadz Jefri Al Buchori,Ummi Pipik",Khazanah Shalawat & Lagu,0.0263,0.714,316840,0.633,0.000572,0,0.104,-9.585,0,0.033,99.985,0.704
arab,Eid Mubarak,37i9dQZF1DX38snDqzaVVW,19oZsIrO0tsoFu3ZaY18Rg,spotify:track:19oZsIrO0tsoFu3ZaY18Rg,,Ada Anak Bertanya Pada Bapaknya,0,Bimbo,Qasidah,0.221,0.788,191440,0.624,0.000154,9,0.0669,-5.833,1,0.0341,118.874,0.826
arab,Eid Mubarak,37i9dQZF1DX38snDqzaVVW,1YiKDYQLtDdXW8oliGmakG,spotify:track:1YiKDYQLtDdXW8oliGmakG,https://p.scdn.co/mp3-preview/6d0da65fe13a3222fb6bb471dd3f5a23e923337e?cid=63a77ff40e794a12ae216a18befde98c,Kuatkan Aku,40,Vagetoz,Kuatkan Aku,0.229,0.525,250760,0.624,3.75e-06,8,0.153,-5.091,1,0.024,89.977,0.381
arab,Eid Mubarak,37i9dQZF1DX38snDqzaVVW,1S9mcNES5O8nvpUJpHNaK4,spotify:track:1S9mcNES5O8nvpUJpHNaK4,https://p.scdn.co/mp3-preview/8223d8b0bee949e2dc90f154a52a8ecb7a4348c5?cid=63a77ff40e794a12ae216a18befde98c,Salam Alaikum,37,Harris J.,Salam Alaikum,0.182,0.638,204707,0.524,0.0,2,0.185,-6.327,1,0.0276,93.004,0.722
arab,Eid Mubarak,37i9dQZF1DX38snDqzaVVW,3BmxfNfl1Hs5g288jE6OeF,spotify:track:3BmxfNfl1Hs5g288jE6OeF,https://p.scdn.co/mp3-preview/36941744c40a5f51cebfcda578aebc3742dc0f9b?cid=63a77ff40e794a12ae216a18befde98c,99 Names,43,Raihan,Ameen,0.94,0.43,210827,0.2,0.0,8,0.126,-10.846,1,0.0581,79.14,0.52
arab,Eid Mubarak,37i9dQZF1DX38snDqzaVVW,5C8yZ71DZNCYPFtGp2PJXn,spotify:track:5C8yZ71DZNCYPFtGp2PJXn,https://p.scdn.co/mp3-preview/84ef995b79eb17a7593565274a03e897f29d1c12?cid=63a77ff40e794a12ae216a18befde98c,Asmaul Husna,35,"Yasin,Amy Search",Asmaul Husna,0.817,0.293,251585,0.282,0.0,5,0.108,-10.182,0,0.0319,126.056,0.19
arab,Eid Mubarak,37i9dQZF1DX38snDqzaVVW,3Kktszzu5LQ8PBkIakI0RF,spotify:track:3Kktszzu5LQ8PBkIakI0RF,,Sajadah Panjang,0,Bimbo,Qasidah,0.314,0.667,256693,0.406,0.00705,2,0.192,-9.666,0,0.0264,90.242,0.322
arab,Eid Mubarak,37i9dQZF1DX38snDqzaVVW,0mvD6DTX7c5cbDXvl4WF6e,spotify:track:0mvD6DTX7c5cbDXvl4WF6e,https://p.scdn.co/mp3-preview/361d513cb6787c3ba9842f6f2d1febd6959d76ae?cid=63a77ff40e794a12ae216a18befde98c,Arti Puasa,35,Tasya,12 Lagu Islami Terbaik Fatin & Friends,0.359,0.786,178000,0.689,0.00029,2,0.309,-7.876,1,0.0344,139.636,0.94
arab,Eid Mubarak,37i9dQZF1DX38snDqzaVVW,5oYKnn8uBYZYWYKMTMe5om,spotify:track:5oYKnn8uBYZYWYKMTMe5om,,Hanya Tuhan Yang Tahu,41,Unic,Langkah Tercipta,0.32,0.426,246147,0.566,0.0,9,0.104,-8.203,0,0.0342,175.944,0.354
arab,Eid Mubarak,37i9dQZF1DX38snDqzaVVW,5iWl71F6lBPiY1h3ShuhSh,spotify:track:5iWl71F6lBPiY1h3ShuhSh,https://p.scdn.co/mp3-preview/915651c4644a873e6ec433b63ae07ca26bfeb5f9?cid=63a77ff40e794a12ae216a18befde98c,Para PencariMu,44,Ungu,Ruang Hati,0.00217,0.433,273280,0.744,4.13e-06,2,0.152,-4.751,1,0.0313,96.083,0.277
arab,Eid Mubarak,37i9dQZF1DX38snDqzaVVW,2rkvQ9DHfTCh6jay5T8uTU,spotify:track:2rkvQ9DHfTCh6jay5T8uTU,,Cinta Syurga,36,"Dato' Sri Siti Nurhaliza,Khai Bahar",Cinta Syurga,0.535,0.635,237153,0.697,0.0,6,0.113,-7.506,0,0.033,104.982,0.522
