category_id,playlist_name,playlist_id,track_id,track_uri,track_preview_url,track_name,track_popularity,artist_name,album_name,acousticness,danceability,duration_ms,energy,instrumentalness,key,liveness,loudness,mode,speechiness,tempo,valence
decades,Summer Throwbacks,37i9dQZF1DWZg863fGtALu,3bidbhpOYeV4knp8AIu8Xn,spotify:track:3bidbhpOYeV4knp8AIu8Xn,https://p.scdn.co/mp3-preview/1f826380a449ec9a8bae45967d908fffd7ff5222?cid=63a77ff40e794a12ae216a18befde98c,Can't Hold Us - feat. Ray Dalton,80,Macklemore & Ryan Lewis,The Heist,0.0291,0.641,258343,0.922,0.0,2,0.0862,-4.457,1,0.0786,146.078,0.847
decades,Summer Throwbacks,37i9dQZF1DWZg863fGtALu,1NpW5kyvO4XrNJ3rnfcNy3,spotify:track:1NpW5kyvO4XrNJ3rnfcNy3,https://p.scdn.co/mp3-preview/71c5f5c4d28a0b0ba5224b88b9f80e61597dd5d4?cid=63a77ff40e794a12ae216a18befde98c,Wild Ones (feat. Sia),75,"Flo Rida,Sia",Wild Ones,0.0991,0.608,232947,0.86,0.0,5,0.262,-5.324,0,0.0554,127.075,0.437
decades,Summer Throwbacks,37i9dQZF1DWZg863fGtALu,7vfWgVGiLgnGbInU5lvSQg,spotify:track:7vfWgVGiLgnGbInU5lvSQg,,I Took A Pill In Ibiza - Seeb Remix,19,"Mike Posner,Seeb",I Took A Pill In Ibiza (Seeb Remix),0.037,0.673,199227,0.79,9.95e-06,7,0.0875,-4.663,0,0.0893,102.013,0.705
decades,Summer Throwbacks,37i9dQZF1DWZg863fGtALu,1XvmEgl5DqZ04izEaG4icb,spotify:track:1XvmEgl5DqZ04izEaG4icb,,Lean On (feat. MØ & DJ Snake),7,"Major Lazer,MØ,DJ Snake",Lean On (feat. MØ & DJ Snake),0.00339,0.713,176561,0.79,0.000868,7,0.485,-4.602,0,0.0574,98.011,0.308
decades,Summer Throwbacks,37i9dQZF1DWZg863fGtALu,5Sf3GyLEAzJXxZ5mbCPXTu,spotify:track:5Sf3GyLEAzJXxZ5mbCPXTu,https://p.scdn.co/mp3-preview/6e90d293738b3ddd61258f50c9621fa3fa489dbe?cid=63a77ff40e794a12ae216a18befde98c,Waves - Robin Schulz Radio Edit,74,"Mr. Probz,Robin Schulz",Waves (Robin Schulz Radio Edit),0.00821,0.829,208133,0.51,0.0014,5,0.0829,-9.334,0,0.0369,119.993,0.45
decades,Summer Throwbacks,37i9dQZF1DWZg863fGtALu,0TVV2gFROJaB3kIZyCUvIY,spotify:track:0TVV2gFROJaB3kIZyCUvIY,https://p.scdn.co/mp3-preview/a9d9d2d68603e22dd2f04693c8e29e4f5823e09f?cid=63a77ff40e794a12ae216a18befde98c,Rather Be (feat. Jess Glynne),59,"Clean Bandit,Jess Glynne",New Eyes,0.162,0.799,227833,0.586,2.03e-06,11,0.193,-6.735,1,0.0377,120.97,0.549
decades,Summer Throwbacks,37i9dQZF1DWZg863fGtALu,5uImkHXfTLkNYwemtGH7kB,spotify:track:5uImkHXfTLkNYwemtGH7kB,,We Found Love,21,"Rihanna,Calvin Harris",Talk That Talk (Deluxe),0.025,0.734,215227,0.766,0.00138,1,0.108,-4.485,1,0.0383,127.986,0.6
decades,Summer Throwbacks,37i9dQZF1DWZg863fGtALu,6YUTL4dYpB9xZO5qExPf05,spotify:track:6YUTL4dYpB9xZO5qExPf05,https://p.scdn.co/mp3-preview/7747e4abf05e790168b4aeb87de9c008095677a9?cid=63a77ff40e794a12ae216a18befde98c,Summer,77,Calvin Harris,Motion,0.0211,0.596,222533,0.856,0.0178,4,0.141,-3.556,0,0.0346,127.949,0.743
decades,Summer Throwbacks,37i9dQZF1DWZg863fGtALu,1xznGGDReH1oQq0xzbwXa3,spotify:track:1xznGGDReH1oQq0xzbwXa3,,One Dance,23,"Drake,WizKid,Kyla",Views,0.00784,0.791,173987,0.619,0.00423,1,0.351,-5.886,1,0.0532,103.989,0.371
decades,Summer Throwbacks,37i9dQZF1DWZg863fGtALu,7vFoFDWqTX0mHzLfrF1Cfy,spotify:track:7vFoFDWqTX0mHzLfrF1Cfy,https://p.scdn.co/mp3-preview/df00fe4f86cef1dbc93ffcbc83de7aea46cb9c38?cid=63a77ff40e794a12ae216a18befde98c,Cheerleader - Felix Jaehn Remix Radio Edit,73,"OMI,Felix Jaehn",Me 4 U,0.166,0.782,180566,0.685,1.18e-05,4,0.16,-6.237,1,0.0309,118.016,0.603
decades,Summer Throwbacks,37i9dQZF1DWZg863fGtALu,1KqlVt63Q4bl1VdSlymr5C,spotify:track:1KqlVt63Q4bl1VdSlymr5C,https://p.scdn.co/mp3-preview/0dd45171d094ca8d374219054879662fe7982462?cid=63a77ff40e794a12ae216a18befde98c,Riptide,58,Vance Joy,Riptide,0.431,0.484,204280,0.731,0.0,1,0.151,-6.694,1,0.0379,101.654,0.51
decades,Summer Throwbacks,37i9dQZF1DWZg863fGtALu,3bC1ahPIYt1btJzSSEyyrF,spotify:track:3bC1ahPIYt1btJzSSEyyrF,https://p.scdn.co/mp3-preview/957b3f190456c949010b102381b6e3e6c05d61b6?cid=63a77ff40e794a12ae216a18befde98c,Whistle,71,Flo Rida,Wild Ones,0.0208,0.747,224653,0.937,0.0,0,0.29,-5.746,1,0.0453,103.976,0.739
decades,Summer Throwbacks,37i9dQZF1DWZg863fGtALu,1wgqttlPacpvmX5DKVboOa,spotify:track:1wgqttlPacpvmX5DKVboOa,https://p.scdn.co/mp3-preview/efb40aad9b27b53b9de3b366e7458e9c689ba9e4?cid=63a77ff40e794a12ae216a18befde98c,Paper Planes,70,M.I.A.,Kala,0.0254,0.541,205200,0.854,0.000125,2,0.651,-6.196,1,0.155,86.044,0.454
decades,Summer Throwbacks,37i9dQZF1DWZg863fGtALu,2QMdxS78DaXP8aS8qJqGzU,spotify:track:2QMdxS78DaXP8aS8qJqGzU,,Destination Calabria (Feat. Crystal Waters) - Original Radio Edit,13,Alex Gaudino,Hands Up!,0.0015,0.627,223112,0.954,0.000814,2,0.292,-4.804,1,0.0425,128.016,0.312
decades,Summer Throwbacks,37i9dQZF1DWZg863fGtALu,55h7vJchibLdUkxdlX3fK7,spotify:track:55h7vJchibLdUkxdlX3fK7,https://p.scdn.co/mp3-preview/2780356e9a11fab474e2bc11758e41ab309f60d6?cid=63a77ff40e794a12ae216a18befde98c,Treasure,74,Bruno Mars,Unorthodox Jukebox,0.0412,0.874,178560,0.692,7.24e-05,5,0.324,-5.28,0,0.0431,116.017,0.937
decades,Summer Throwbacks,37i9dQZF1DWZg863fGtALu,3pzjHKrQSvXGHQ98dx18HI,spotify:track:3pzjHKrQSvXGHQ98dx18HI,,What Do You Mean?,18,Justin Bieber,Purpose (Deluxe),0.59,0.845,205680,0.567,0.00142,5,0.0811,-8.118,0,0.0956,125.02,0.793
decades,Summer Throwbacks,37i9dQZF1DWZg863fGtALu,0k2GOhqsrxDTAbFFSdNJjT,spotify:track:0k2GOhqsrxDTAbFFSdNJjT,https://p.scdn.co/mp3-preview/c1ee0ed6fce41fc3ab320cbacdbfcffd197af3a3?cid=63a77ff40e794a12ae216a18befde98c,Temperature,75,Sean Paul,The Trinity,0.106,0.951,218573,0.6,0.0,0,0.0712,-4.675,0,0.0685,125.04,0.822
decades,Summer Throwbacks,37i9dQZF1DWZg863fGtALu,3ZFTkvIE7kyPt6Nu3PEa7V,spotify:track:3ZFTkvIE7kyPt6Nu3PEa7V,https://p.scdn.co/mp3-preview/3859547944f57cfb7b996f6551148c9467889d4b?cid=63a77ff40e794a12ae216a18befde98c,Hips Don't Lie,80,"Shakira,Wyclef Jean","Oral Fixation, Vol. 2 (Expanded Edition)",0.284,0.778,218093,0.824,0.0,10,0.405,-5.892,0,0.0712,100.024,0.756
decades,Summer Throwbacks,37i9dQZF1DWZg863fGtALu,1hRFVIy9As8OVRk8B7CrD5,spotify:track:1hRFVIy9As8OVRk8B7CrD5,https://p.scdn.co/mp3-preview/4f2ca680de66842e566ec7d8b01e9e2f85becb67?cid=63a77ff40e794a12ae216a18befde98c,When Love Takes Over (feat. Kelly Rowland),65,"David Guetta,Kelly Rowland",One More Love,0.0157,0.674,191000,0.862,0.000427,11,0.169,-4.614,1,0.0253,129.965,0.5
decades,Summer Throwbacks,37i9dQZF1DWZg863fGtALu,7oGZAicScQt96OAW4AruYy,spotify:track:7oGZAicScQt96OAW4AruYy,https://p.scdn.co/mp3-preview/d0727e5bbaef36980bc20f5c5cccf3c757af7bb0?cid=63a77ff40e794a12ae216a18befde98c,Want to Want Me,75,Jason Derulo,Everything Is 4,0.00906,0.775,207719,0.68,0.0,0,0.109,-5.508,0,0.0629,114.025,0.656
decades,Summer Throwbacks,37i9dQZF1DWZg863fGtALu,1oew3nFNY3vMacJAsvry0S,spotify:track:1oew3nFNY3vMacJAsvry0S,,Me And My Broken Heart,72,Rixton,Let The Road,0.00682,0.544,193733,0.774,0.0,5,0.135,-4.21,0,0.0339,174.121,0.522
decades,Summer Throwbacks,37i9dQZF1DWZg863fGtALu,6BaCraQ9xeLYg4Sb9TBT2X,spotify:track:6BaCraQ9xeLYg4Sb9TBT2X,https://p.scdn.co/mp3-preview/0c58b32cdd0231ce4dc3cc2fe63a71046fd9f586?cid=63a77ff40e794a12ae216a18befde98c,Feels,70,"Calvin Harris,Pharrell Williams,Katy Perry,Big Sean",Feels,0.0642,0.893,223413,0.745,0.0,11,0.0943,-3.105,0,0.0571,101.018,0.872
decades,Summer Throwbacks,37i9dQZF1DWZg863fGtALu,477daPpd3DnneaHhvjM35l,spotify:track:477daPpd3DnneaHhvjM35l,https://p.scdn.co/mp3-preview/968a7c043c43272cf020e9b16a23583ef8854190?cid=63a77ff40e794a12ae216a18befde98c,Are You With Me - Radio Edit,53,Lost Frequencies,Are You With Me,0.466,0.776,138843,0.574,7.83e-05,5,0.131,-9.882,0,0.0317,121.03,0.412
decades,Summer Throwbacks,37i9dQZF1DWZg863fGtALu,1hGy2eLcmC8eKx7qr1tOqx,spotify:track:1hGy2eLcmC8eKx7qr1tOqx,https://p.scdn.co/mp3-preview/149a2a28b7acbe31096d9f3cb4618ef08926c8b2?cid=63a77ff40e794a12ae216a18befde98c,Beautiful Girls,76,Sean Kingston,Beautiful Girls,0.15,0.762,225373,0.661,0.0,1,0.256,-6.075,0,0.0687,130.009,0.769
decades,Summer Throwbacks,37i9dQZF1DWZg863fGtALu,7GJClzimvMSghjcrKxuf1M,spotify:track:7GJClzimvMSghjcrKxuf1M,https://p.scdn.co/mp3-preview/9dfa0b98773c257fb4234228f24773c6bef2607f?cid=63a77ff40e794a12ae216a18befde98c,Budapest,76,George Ezra,Wanted on Voyage,0.0883,0.714,200720,0.451,0.0,5,0.108,-8.268,1,0.0276,127.787,0.406
decades,Summer Throwbacks,37i9dQZF1DWZg863fGtALu,2N3vhJx8MAtRAxQyRetBn3,spotify:track:2N3vhJx8MAtRAxQyRetBn3,https://p.scdn.co/mp3-preview/cb89f5f87560e22be179495df69443f8997659c8?cid=63a77ff40e794a12ae216a18befde98c,Mr. Saxobeat - Radio Edit,26,Alexandra Stan,Saxobeats,0.0197,0.697,194987,0.919,0.000397,4,0.0576,-4.369,0,0.0502,126.974,0.768
decades,Summer Throwbacks,37i9dQZF1DWZg863fGtALu,6tS3XVuOyu10897O3ae7bi,spotify:track:6tS3XVuOyu10897O3ae7bi,,California Gurls,69,"Katy Perry,Snoop Dogg",Katy Perry - Teenage Dream: The Complete Confection,0.00446,0.791,234653,0.754,0.0,0,0.163,-3.729,1,0.0569,125.014,0.425
decades,Summer Throwbacks,37i9dQZF1DWZg863fGtALu,6oWpGuwokWJ4EcWgVQPdUt,spotify:track:6oWpGuwokWJ4EcWgVQPdUt,,Summer Of '69,45,Bryan Adams,The Best Of Me,0.00587,0.491,212893,0.853,2.38e-06,2,0.0875,-5.419,1,0.041,138.8,0.74
decades,Summer Throwbacks,37i9dQZF1DWZg863fGtALu,3VZQshi4COChhXaz7cLP02,spotify:track:3VZQshi4COChhXaz7cLP02,https://p.scdn.co/mp3-preview/53d0fca6eb2c0180aeed0d6db7703d3f3d2c1c77?cid=63a77ff40e794a12ae216a18befde98c,I Love It (feat. Charli XCX) - Original Version,67,"Icona Pop,Charli XCX",I Love It,0.00855,0.714,155337,0.905,2.55e-05,8,0.146,-2.663,1,0.0289,125.927,0.838
decades,Summer Throwbacks,37i9dQZF1DWZg863fGtALu,5RzFJd6W40SDTyZkX6xx45,spotify:track:5RzFJd6W40SDTyZkX6xx45,https://p.scdn.co/mp3-preview/6f403695269d85830ce4e3aaa9004331595c2269?cid=63a77ff40e794a12ae216a18befde98c,I Know You Want Me (Calle Ocho),67,Pitbull,Pitbull Starring In Rebelution,0.0133,0.82,237120,0.731,1.94e-05,9,0.131,-6.02,1,0.159,127.076,0.793
decades,Summer Throwbacks,37i9dQZF1DWZg863fGtALu,0RmXtDH1cBMGImRrmn5xL6,spotify:track:0RmXtDH1cBMGImRrmn5xL6,https://p.scdn.co/mp3-preview/25983983d1f5c1da2bee20e2e828789859f532b8?cid=63a77ff40e794a12ae216a18befde98c,Turn Me On,66,Kevin Lyttle,Turn Me On (Online Music),0.0405,0.677,192107,0.682,0.0,9,0.0351,-6.879,1,0.0361,106.279,0.875
decades,Summer Throwbacks,37i9dQZF1DWZg863fGtALu,6e8Ou0wiqAzIpWb2eSxll8,spotify:track:6e8Ou0wiqAzIpWb2eSxll8,https://p.scdn.co/mp3-preview/fabc6695056c4b63938190df123de6d33b193478?cid=63a77ff40e794a12ae216a18befde98c,Miami,69,Will Smith,Big Willie Style,0.0339,0.877,197560,0.534,1.73e-05,1,0.0441,-6.18,1,0.151,108.171,0.89
decades,Summer Throwbacks,37i9dQZF1DWZg863fGtALu,4uOKFydzAejjSFqYbv1XPt,spotify:track:4uOKFydzAejjSFqYbv1XPt,,Red Red Wine,74,UB40,The Very Best Of,0.00414,0.857,183113,0.468,1.32e-05,1,0.269,-8.53,1,0.0476,89.119,0.843
decades,Summer Throwbacks,37i9dQZF1DWZg863fGtALu,4KoecuyOpZaNFZ0UqVsllc,spotify:track:4KoecuyOpZaNFZ0UqVsllc,https://p.scdn.co/mp3-preview/482cf9985443c2e4907eff3c81f1107616a42ef1?cid=63a77ff40e794a12ae216a18befde98c,Follow Me,71,Uncle Kracker,Double Wide,0.439,0.817,218440,0.585,0.0,5,0.147,-4.688,1,0.0301,105.014,0.916
decades,Summer Throwbacks,37i9dQZF1DWZg863fGtALu,4INDiWSKvqSKDEu7mh8HFz,spotify:track:4INDiWSKvqSKDEu7mh8HFz,https://p.scdn.co/mp3-preview/0260fcbb89863c7da1358ce217fe20dc5b8416e7?cid=63a77ff40e794a12ae216a18befde98c,Mo Money Mo Problems (feat. Mase & Puff Daddy) - 2014 Remaster,73,"The Notorious B.I.G.,Mase,Diddy",Life After Death (Remastered Edition),0.0128,0.845,257400,0.884,2.1e-06,6,0.203,-4.506,0,0.0759,104.536,0.904
decades,Summer Throwbacks,37i9dQZF1DWZg863fGtALu,7kTvXtMERxvwCGcWv68ssH,spotify:track:7kTvXtMERxvwCGcWv68ssH,,Sweat (A La La La La Long),18,Inner Circle,Bad To The Bone,0.0166,0.787,226547,0.79,0.0,0,0.18,-6.649,1,0.21,173.032,0.948
decades,Summer Throwbacks,37i9dQZF1DWZg863fGtALu,7cCzSH5a9anuuPoXirk2iR,spotify:track:7cCzSH5a9anuuPoXirk2iR,https://p.scdn.co/mp3-preview/8e2ca5ef08d7f07ff643b0dc58614201b6627034?cid=63a77ff40e794a12ae216a18befde98c,Mysterious Girl - Radio Edit,43,Peter Andre,Mysterious Girl,0.14,0.655,217107,0.822,0.0,8,0.298,-5.755,1,0.211,171.983,0.859
decades,Summer Throwbacks,37i9dQZF1DWZg863fGtALu,3y540Z9QFePg2CyZYWZMyI,spotify:track:3y540Z9QFePg2CyZYWZMyI,,Is This Love,48,Bob Marley & The Wailers,Legend (Deluxe Edition),0.119,0.775,230800,0.563,0.0,6,0.155,-8.225,0,0.0815,122.269,0.786
decades,Summer Throwbacks,37i9dQZF1DWZg863fGtALu,2GRnDQCkcN6BoujfUgywOW,spotify:track:2GRnDQCkcN6BoujfUgywOW,https://p.scdn.co/mp3-preview/c369a00cc8f043e04862949028feb5271b586b16?cid=63a77ff40e794a12ae216a18befde98c,Steal My Sunshine,54,Len,GO Music From The Motion Picture,0.455,0.412,248467,0.953,0.0,4,0.232,-8.103,1,0.533,191.722,0.553
decades,Summer Throwbacks,37i9dQZF1DWZg863fGtALu,51MsIjtqDtQa36mYh1VaqZ,spotify:track:51MsIjtqDtQa36mYh1VaqZ,https://p.scdn.co/mp3-preview/41329ae9489afb0e6439107d64dc9d8e2ad6fc86?cid=63a77ff40e794a12ae216a18befde98c,Sunshine - Radio Edit,56,"TIEKS,Dan Harkna",Sunshine (Radio Edit),0.183,0.613,180647,0.822,0.0,4,0.478,-3.995,1,0.0398,116.981,0.576
decades,Summer Throwbacks,37i9dQZF1DWZg863fGtALu,5wD6de7Fz1QfxVNkv1SEy7,spotify:track:5wD6de7Fz1QfxVNkv1SEy7,https://p.scdn.co/mp3-preview/e83fc9697a67d08f0aaf52a0dcfa4807a6411f52?cid=63a77ff40e794a12ae216a18befde98c,LDN,61,Lily Allen,"Alright, Still [Deluxe]",0.0147,0.675,190773,0.631,4.39e-06,5,0.379,-7.56,1,0.0261,100.027,0.917
decades,Summer Throwbacks,37i9dQZF1DWZg863fGtALu,3RNyGLgSvmVRZ7xKUp8Wgd,spotify:track:3RNyGLgSvmVRZ7xKUp8Wgd,https://p.scdn.co/mp3-preview/ea8c3f26e654c14d732263d1503554863abc1ef6?cid=63a77ff40e794a12ae216a18befde98c,In the Summertime,66,Mungo Jerry,In the Summertime,0.724,0.754,211880,0.449,0.0,4,0.162,-14.013,1,0.0615,82.751,0.973
decades,Summer Throwbacks,37i9dQZF1DWZg863fGtALu,0n2SEXB2qoRQg171q7XqeW,spotify:track:0n2SEXB2qoRQg171q7XqeW,https://p.scdn.co/mp3-preview/9f977ebb2e695502c8b1d3bd678ef706c9ea4ccb?cid=63a77ff40e794a12ae216a18befde98c,Smooth (feat. Rob Thomas),70,"Santana,Rob Thomas",Supernatural (Remastered),0.16,0.609,294987,0.923,4.73e-06,9,0.295,-3.908,1,0.0338,115.996,0.961
decades,Summer Throwbacks,37i9dQZF1DWZg863fGtALu,5dWfl2PBpKHpBVdz95wxK1,spotify:track:5dWfl2PBpKHpBVdz95wxK1,https://p.scdn.co/mp3-preview/6dbbbdd3ef30c2292246d582ec64c41060ffab26?cid=63a77ff40e794a12ae216a18befde98c,No Letting Go,61,Wayne Wonder,No Holding Back,0.0479,0.495,202013,0.819,0.000215,5,0.177,-5.656,0,0.0444,100.213,0.318
decades,Summer Throwbacks,37i9dQZF1DWZg863fGtALu,46q5BtHso0ECuTKeq70ZhW,spotify:track:46q5BtHso0ECuTKeq70ZhW,,How Bizarre,63,OMC,How Bizarre (Deluxe),0.247,0.772,225700,0.705,0.0,0,0.23,-6.255,1,0.0411,124.908,0.834
decades,Summer Throwbacks,37i9dQZF1DWZg863fGtALu,1mSzZKMIPZIkn3jFV7v62b,spotify:track:1mSzZKMIPZIkn3jFV7v62b,,Gyal You A Party Animal,8,Charly Black,Gyal You A Party Animal,0.0272,0.599,214867,0.838,0.0,0,0.33,-5.16,1,0.0996,128.854,0.847
decades,Summer Throwbacks,37i9dQZF1DWZg863fGtALu,6xkryXuiZU360Lngd4sx13,spotify:track:6xkryXuiZU360Lngd4sx13,https://p.scdn.co/mp3-preview/e21e6540a41559957c02ec623c620c03646686ae?cid=63a77ff40e794a12ae216a18befde98c,Fantasy,66,Mariah Carey,Daydream,0.139,0.671,243493,0.727,0.0,7,0.123,-7.585,1,0.035,102.358,0.801
decades,Summer Throwbacks,37i9dQZF1DWZg863fGtALu,3ZzGVQUqnuAZotvLl5tRqH,spotify:track:3ZzGVQUqnuAZotvLl5tRqH,,Im Drinking Rum & Red Bull,4,Beenie Man,I'm Drinking / Rum & Red Bull,0.0321,0.783,201600,0.853,0.0,2,0.196,-2.994,1,0.174,133.303,0.867
decades,Summer Throwbacks,37i9dQZF1DWZg863fGtALu,4HVGC52IogHANcKFA0QYiT,spotify:track:4HVGC52IogHANcKFA0QYiT,https://p.scdn.co/mp3-preview/d315a056fa9da91ec020019c7a5d8434c46dc351?cid=63a77ff40e794a12ae216a18befde98c,Yeah Yeah - D Ramirez Vocal Radio Edit,52,Bodyrox,Yeah Yeah,0.069,0.778,161627,0.618,0.0,0,0.362,-7.667,1,0.0827,126.065,0.693
decades,Summer Throwbacks,37i9dQZF1DWZg863fGtALu,5QECicv5AXEIRIxTPN3SEQ,spotify:track:5QECicv5AXEIRIxTPN3SEQ,,Long Hot Summer,3,Girls Aloud,Chemistry,0.000818,0.578,232240,0.915,6.71e-06,6,0.0388,-3.634,1,0.0307,129.999,0.926
