category_id,playlist_name,playlist_id,track_id,track_uri,track_preview_url,track_name,track_popularity,artist_name,album_name,acousticness,danceability,duration_ms,energy,instrumentalness,key,liveness,loudness,mode,speechiness,tempo,valence
afro,AfroBoogie,37i9dQZF1DWT6pI50XnTRh,2omcm8YdAMlVWcxhJo9tQG,spotify:track:2omcm8YdAMlVWcxhJo9tQG,https://p.scdn.co/mp3-preview/2e2acb2ca8ef021ff8fc797b9c233705ff825024?cid=63a77ff40e794a12ae216a18befde98c,Let Me Love You,40,Bunny Mack,Joey Negro and Sean P present The Best of Disco Spectrum,0.00836,0.759,469996,0.664,0.000367,11,0.0538,-9.139,0,0.0701,125.451,0.941
afro,AfroBoogie,37i9dQZF1DWT6pI50XnTRh,5XRkdF0BOrqlN3jV0pYNhy,spotify:track:5XRkdF0BOrqlN3jV0pYNhy,https://p.scdn.co/mp3-preview/d3bd710f9767834e90d7a884ada28cd9ac610341?cid=63a77ff40e794a12ae216a18befde98c,Ojah Awake,28,Osibisa,Ojah Awake,0.03,0.581,294427,0.71,0.242,2,0.0734,-13.295,1,0.0408,132.101,0.808
afro,AfroBoogie,37i9dQZF1DWT6pI50XnTRh,1C9XAjzr0pd1yE76TD3FM3,spotify:track:1C9XAjzr0pd1yE76TD3FM3,https://p.scdn.co/mp3-preview/226cef05cf9155852578f9bfe47c47087c6ba36c?cid=63a77ff40e794a12ae216a18befde98c,Jingo,36,Candido,"Discomania: Hits Dance 70-80, Vol. 6",0.000574,0.629,372733,0.732,0.553,10,0.322,-14.43,0,0.0367,115.69,0.68
afro,AfroBoogie,37i9dQZF1DWT6pI50XnTRh,3Ls5qhpvs46HkG12xCh3bD,spotify:track:3Ls5qhpvs46HkG12xCh3bD,https://p.scdn.co/mp3-preview/a940ca07e6f7d03405e70e0502eb7e1fc58c1a3f?cid=63a77ff40e794a12ae216a18befde98c,Going Back to My Roots,38,Lamont Dozier,"Discomania: Hits Dance 70-80, Vol. 6",0.00462,0.669,278573,0.585,0.481,1,0.0992,-12.381,1,0.0315,108.909,0.846
afro,AfroBoogie,37i9dQZF1DWT6pI50XnTRh,7wX5tZpq0G7BGhKfl4Dmlx,spotify:track:7wX5tZpq0G7BGhKfl4Dmlx,,Come On Home,2,Lijadu Sisters,Rough Guide To African Disco,0.069,0.497,316867,0.558,0.00029,2,0.0768,-7.85,1,0.0812,91.689,0.918
afro,AfroBoogie,37i9dQZF1DWT6pI50XnTRh,0qrzPMBPV5A3l0vgsx5zQl,spotify:track:0qrzPMBPV5A3l0vgsx5zQl,https://p.scdn.co/mp3-preview/82f4d0e88a59662d9c0aee2e9998059afde26b31?cid=63a77ff40e794a12ae216a18befde98c,Ohue - Frankie Francis & Simbad Edit,33,Sir Victor Uwaifo,Sofrito: Tropical Discotheque,0.00337,0.867,334173,0.809,0.106,6,0.0545,-8.473,0,0.0684,131.973,0.714
afro,AfroBoogie,37i9dQZF1DWT6pI50XnTRh,4AaB8loejHKcwAQN0MT72B,spotify:track:4AaB8loejHKcwAQN0MT72B,https://p.scdn.co/mp3-preview/4084873692e6798352cc0cbdfbbfaa664b095dc8?cid=63a77ff40e794a12ae216a18befde98c,Still in the Groove,38,"Ray Parker, Jr.,Raydio",A Woman Needs Love (Expanded Edition),0.0296,0.875,381733,0.644,0.908,2,0.0696,-11.55,1,0.0378,117.561,0.762
afro,AfroBoogie,37i9dQZF1DWT6pI50XnTRh,5kFPItOjyYqGrNnqsROU42,spotify:track:5kFPItOjyYqGrNnqsROU42,https://p.scdn.co/mp3-preview/d25d142958a4adc32019a12e94a1eea95b89449e?cid=63a77ff40e794a12ae216a18befde98c,Sugar Cnane Baby,31,Harry Mosco,"Ivory Music Classics, Vol. 2",0.297,0.786,331653,0.695,0.000933,8,0.088,-13.496,1,0.0618,118.456,0.962
afro,AfroBoogie,37i9dQZF1DWT6pI50XnTRh,2e8OoF7KghSpQ1MdsX7sJd,spotify:track:2e8OoF7KghSpQ1MdsX7sJd,https://p.scdn.co/mp3-preview/b6f1930c08d79e428f82bcbe18c509d051455cca?cid=63a77ff40e794a12ae216a18befde98c,Living Music,30,Onyeka Onwenu,"Ivory Music Classics, Vol. 2",0.349,0.763,364707,0.546,0.19,6,0.341,-16.873,1,0.0631,133.4,0.945
afro,AfroBoogie,37i9dQZF1DWT6pI50XnTRh,0PYDivZavH4ndRJB6E5iUu,spotify:track:0PYDivZavH4ndRJB6E5iUu,https://p.scdn.co/mp3-preview/b3660ca37841ce690fd9352c64e477c308d93523?cid=63a77ff40e794a12ae216a18befde98c,Baby Kilode,31,Dizzy K Falola,"Ivory Music Classics, Vol. 2",0.0916,0.777,265573,0.572,0.000476,1,0.0692,-14.2,1,0.098,111.649,0.575
afro,AfroBoogie,37i9dQZF1DWT6pI50XnTRh,11GDQVqIEKAB4QKOcIVOvG,spotify:track:11GDQVqIEKAB4QKOcIVOvG,https://p.scdn.co/mp3-preview/8663d26e09de3abd94d0b3224489e9e71c297608?cid=63a77ff40e794a12ae216a18befde98c,Zombie,38,Fela Kuti,Zombie,0.388,0.704,745653,0.942,0.0147,2,0.302,-5.115,0,0.171,131.69,0.584
afro,AfroBoogie,37i9dQZF1DWT6pI50XnTRh,5uHK9zXW1KGWnw9fRYLyq0,spotify:track:5uHK9zXW1KGWnw9fRYLyq0,https://p.scdn.co/mp3-preview/cf131ab8fad1a70ae445823a22737b91fa8fb282?cid=63a77ff40e794a12ae216a18befde98c,Tire Ni Oluwa,29,Sonny Okosun,3rd World,0.537,0.5,501133,0.902,5.4e-05,7,0.521,-5.481,1,0.0745,121.654,0.866
afro,AfroBoogie,37i9dQZF1DWT6pI50XnTRh,7jPcmkRtO3BPBEAA9Q58AN,spotify:track:7jPcmkRtO3BPBEAA9Q58AN,https://p.scdn.co/mp3-preview/256617d9a72c1fc31792afc6fa21d441dffa4520?cid=63a77ff40e794a12ae216a18befde98c,Love Is the Message,34,MFSB,Love Is The Message,0.0299,0.643,396293,0.663,0.865,0,0.138,-9.855,1,0.0856,113.789,0.581
afro,AfroBoogie,37i9dQZF1DWT6pI50XnTRh,3WMbD1OyfKuwWDWMNbPQ4g,spotify:track:3WMbD1OyfKuwWDWMNbPQ4g,https://p.scdn.co/mp3-preview/191db1a9fda3057414633281ec1107140747c2d0?cid=63a77ff40e794a12ae216a18befde98c,Daddy Cool,67,Boney M.,Take The Heat Off Me,0.281,0.763,208600,0.777,0.78,5,0.134,-6.932,0,0.0364,124.431,0.929
afro,AfroBoogie,37i9dQZF1DWT6pI50XnTRh,3pbtBomO4Zt5gGiqsYeiBH,spotify:track:3pbtBomO4Zt5gGiqsYeiBH,,Upside Down,55,Diana Ross,Diana,0.175,0.877,245600,0.843,0.0522,5,0.0447,-8.518,0,0.0672,107.848,0.866
afro,AfroBoogie,37i9dQZF1DWT6pI50XnTRh,7b0bir8Z4KyyBwQfBIjmYY,spotify:track:7b0bir8Z4KyyBwQfBIjmYY,https://p.scdn.co/mp3-preview/f0c9fea12887a6203a48ec80151f0c1cfcf10087?cid=63a77ff40e794a12ae216a18befde98c,I Like Your Style,31,Tony Wilson,I Like Your Style,0.0143,0.729,185933,0.658,0.00405,2,0.151,-14.196,1,0.0396,113.213,0.941
afro,AfroBoogie,37i9dQZF1DWT6pI50XnTRh,1np1H7mh6iUZhdBhkh3QIo,spotify:track:1np1H7mh6iUZhdBhkh3QIo,https://p.scdn.co/mp3-preview/6b6493519a7a89785d9df30c73770c7854afadf8?cid=63a77ff40e794a12ae216a18befde98c,Disco Dancer,52,Kiki Gyan,24 Hours in a Disco 1978-82,0.0317,0.699,416800,0.869,0.411,9,0.0368,-10.199,1,0.0456,115.273,0.963
afro,AfroBoogie,37i9dQZF1DWT6pI50XnTRh,47ZKAaOco4DebMlGRzcvUn,spotify:track:47ZKAaOco4DebMlGRzcvUn,,Ma Jaiye Oni,27,King Sunny Ade,Juju Music,0.266,0.497,307867,0.618,0.0983,11,0.0657,-13.172,1,0.0389,102.658,0.884
afro,AfroBoogie,37i9dQZF1DWT6pI50XnTRh,1X4gWy941yRMvafHs4n2sQ,spotify:track:1X4gWy941yRMvafHs4n2sQ,,Ring My Bell,9,Anita Ward,Ring My Bell,0.0613,0.78,491933,0.551,0.104,5,0.0331,-13.038,0,0.0625,126.009,0.969
afro,AfroBoogie,37i9dQZF1DWT6pI50XnTRh,4JaOd0NUBTckYFZMguuY7M,spotify:track:4JaOd0NUBTckYFZMguuY7M,,Soul Makossa,6,Manu Dibango,Anthology,0.141,0.831,264307,0.826,0.00234,0,0.128,-3.8,1,0.149,115.014,0.775
afro,AfroBoogie,37i9dQZF1DWT6pI50XnTRh,3XfO4iKlM7fdoiJ4uz1wku,spotify:track:3XfO4iKlM7fdoiJ4uz1wku,https://p.scdn.co/mp3-preview/85b567e4e72f2f12b990e1f1b0c7644e4a86c30e?cid=63a77ff40e794a12ae216a18befde98c,Love for the Sake of Love,40,Claudia Barry,"Discomania: Hits Dance 70-80, Vol. 6",0.00798,0.792,267440,0.582,0.902,11,0.04,-12.452,1,0.0965,94.157,0.961
afro,AfroBoogie,37i9dQZF1DWT6pI50XnTRh,6rX8XrnLLIggn6ItYWnoMM,spotify:track:6rX8XrnLLIggn6ItYWnoMM,,Unconditional Love,30,"Donna Summer,Musical Youth",She Works Hard For The Money,0.177,0.819,284000,0.612,3.09e-06,0,0.11,-12.772,1,0.0539,98.424,0.839
afro,AfroBoogie,37i9dQZF1DWT6pI50XnTRh,35VHx3LQugwKPSTEYKa4FM,spotify:track:35VHx3LQugwKPSTEYKa4FM,https://p.scdn.co/mp3-preview/4d15f29290ae8943aa4acd91ff3777193a9b3cc6?cid=63a77ff40e794a12ae216a18befde98c,What Do I Do,36,Phil Fearon & Galaxy,All the Hits,0.0433,0.774,209320,0.57,0.0,5,0.433,-9.649,0,0.0449,113.508,0.913
afro,AfroBoogie,37i9dQZF1DWT6pI50XnTRh,6TzkJUYcxbSHMiVYz3HpKl,spotify:track:6TzkJUYcxbSHMiVYz3HpKl,https://p.scdn.co/mp3-preview/905613d4f1c0c2b673145450ed20a758c6c77dd7?cid=63a77ff40e794a12ae216a18befde98c,Friends,33,Shalamar,Friends / Go For It,0.0455,0.776,300707,0.733,0.0283,10,0.0756,-8.478,1,0.0354,120.331,0.946
afro,AfroBoogie,37i9dQZF1DWT6pI50XnTRh,6NkDS793oPRpIAjrAsKNAa,spotify:track:6NkDS793oPRpIAjrAsKNAa,https://p.scdn.co/mp3-preview/8534b0207ddec364b9c9bd31e7237cb8c9ed8a17?cid=63a77ff40e794a12ae216a18befde98c,Say I Love You,28,Eddy Grant,This Is Eddy Grant,0.836,0.716,235800,0.396,0.156,2,0.236,-20.245,1,0.119,121.074,0.963
afro,AfroBoogie,37i9dQZF1DWT6pI50XnTRh,3VZmChrnVW8JK6ano4gSED,spotify:track:3VZmChrnVW8JK6ano4gSED,https://p.scdn.co/mp3-preview/2688ebb604b4efacd0d6e12bf378a8eaa56138a8?cid=63a77ff40e794a12ae216a18befde98c,Sexual Healing,69,Marvin Gaye,Midnight Love,0.119,0.805,238600,0.601,0.000129,0,0.0581,-9.7,0,0.0579,94.382,0.746
afro,AfroBoogie,37i9dQZF1DWT6pI50XnTRh,5KgbyD2lQQlIupAaPjgiXg,spotify:track:5KgbyD2lQQlIupAaPjgiXg,,"Night Fever - From ""Saturday Night Fever"" Soundtrack",69,Bee Gees,Greatest,0.0266,0.733,212253,0.795,0.000948,1,0.083,-7.224,0,0.0249,109.122,0.892
afro,AfroBoogie,37i9dQZF1DWT6pI50XnTRh,1BWnAnHrIjRsOb4F9xC0P7,spotify:track:1BWnAnHrIjRsOb4F9xC0P7,https://p.scdn.co/mp3-preview/20f6cdc8ec30c732bd08c07dc592f8808c7f2147?cid=63a77ff40e794a12ae216a18befde98c,Desires,27,Rafael Cameron,Cameron All The Way,0.0236,0.677,411566,0.734,0.0,7,0.327,-7.352,1,0.141,116.2,0.57
afro,AfroBoogie,37i9dQZF1DWT6pI50XnTRh,6PUJEckAKg4Mp47VFZxdpJ,spotify:track:6PUJEckAKg4Mp47VFZxdpJ,,Forget Me Nots,12,Patrice Rushen,Straight From The Heart,0.139,0.912,275813,0.534,0.102,6,0.0387,-5.319,0,0.0366,114.681,0.963
afro,AfroBoogie,37i9dQZF1DWT6pI50XnTRh,0y0QpmcF1G3F79rjk3fjUx,spotify:track:0y0QpmcF1G3F79rjk3fjUx,,Boogie Oogie Oogie - Single Version 2 / Remastered 1999,50,A Taste Of Honey,A Taste Of Honey,0.0991,0.835,338133,0.522,0.00184,2,0.111,-10.828,0,0.0916,123.934,0.91
afro,AfroBoogie,37i9dQZF1DWT6pI50XnTRh,3ZpSFamHHJE4kL59IePR7P,spotify:track:3ZpSFamHHJE4kL59IePR7P,https://p.scdn.co/mp3-preview/a0d169075447dca9cedfc40dbe70e926ed4fbbed?cid=63a77ff40e794a12ae216a18befde98c,Love Come Down,49,"Evelyn ""Champagne"" King",Essential - Soul Love,0.00601,0.804,217360,0.621,0.00301,11,0.0433,-7.317,1,0.0652,117.274,0.903
afro,AfroBoogie,37i9dQZF1DWT6pI50XnTRh,1VLLADzAWGr1IoeMPDLNDL,spotify:track:1VLLADzAWGr1IoeMPDLNDL,https://p.scdn.co/mp3-preview/012ffbd05c8bbbf3afdabf41e27b7d7a76b9d1e6?cid=63a77ff40e794a12ae216a18befde98c,Theme From Shaft,50,Isaac Hayes,It's All In The Game,0.231,0.494,280160,0.737,0.00492,9,0.113,-17.765,0,0.0474,120.752,0.795
afro,AfroBoogie,37i9dQZF1DWT6pI50XnTRh,6w9g12jpHCPCuvYVX7vLLG,spotify:track:6w9g12jpHCPCuvYVX7vLLG,https://p.scdn.co/mp3-preview/abf01da7c18088ea197e27220e74ff700c20003d?cid=63a77ff40e794a12ae216a18befde98c,The Glow of Love,48,"Change,Luther Vandross",The Glow of Love (Original Album and Rare Tracks),0.302,0.697,373240,0.899,5.37e-06,4,0.168,-4.38,0,0.105,118.116,0.743
afro,AfroBoogie,37i9dQZF1DWT6pI50XnTRh,2I6Jfs4VsWwpo3SI0yMEVz,spotify:track:2I6Jfs4VsWwpo3SI0yMEVz,https://p.scdn.co/mp3-preview/018159986b26c5cd9d5793c31f25ba08419a2d05?cid=63a77ff40e794a12ae216a18befde98c,Rock the Boat,39,The Hues Corporation,The Best of Disco,0.153,0.591,180907,0.732,0.0,3,0.0897,-6.88,1,0.059,107.246,0.737
afro,AfroBoogie,37i9dQZF1DWT6pI50XnTRh,6yhVPXKXRblL2T4jFfz7mw,spotify:track:6yhVPXKXRblL2T4jFfz7mw,,Shake Your Body (Down To The Ground) - Single Version,4,The Jacksons,Can You Feel It: The Jacksons Collection,0.0512,0.8,225080,0.726,0.0,0,0.339,-6.816,1,0.0803,117.355,0.835
afro,AfroBoogie,37i9dQZF1DWT6pI50XnTRh,42kFGNfCDZQWnql4rSiKhT,spotify:track:42kFGNfCDZQWnql4rSiKhT,,Running Away,40,Roy Ayers,Roy Ayers - Universal Masters,0.163,0.835,237533,0.55,3.01e-05,10,0.0361,-9.784,0,0.153,115.567,0.808
afro,AfroBoogie,37i9dQZF1DWT6pI50XnTRh,5hHm4e3dYYduLfxPnOY1TA,spotify:track:5hHm4e3dYYduLfxPnOY1TA,,September,5,"Earth, Wind & Fire","Boogie Wonderland: The Best Of Earth, Wind & Fire",0.0923,0.625,215200,0.863,7.07e-05,9,0.158,-5.665,1,0.0284,125.448,0.974
afro,AfroBoogie,37i9dQZF1DWT6pI50XnTRh,28NBmftocOzTPEb6OYA9fW,spotify:track:28NBmftocOzTPEb6OYA9fW,,Le Freak,24,CHIC,C'est Chic,0.0453,0.867,327573,0.746,0.0,7,0.123,-7.445,1,0.0475,118.616,0.933
afro,AfroBoogie,37i9dQZF1DWT6pI50XnTRh,2ThA2HEEfcn47HPh210woX,spotify:track:2ThA2HEEfcn47HPh210woX,,Don't Stop 'Til You Get Enough - Single Version,9,Michael Jackson,Off The Wall,0.0675,0.882,364560,0.94,0.0262,11,0.115,-4.235,1,0.0797,119.237,0.92
afro,AfroBoogie,37i9dQZF1DWT6pI50XnTRh,28aRF5Qb0TBKFFa0KIsufd,spotify:track:28aRF5Qb0TBKFFa0KIsufd,,Pull Up To The Bumper,43,Grace Jones,Nightclubbing,0.21,0.849,281533,0.806,0.0121,7,0.0804,-10.988,1,0.0859,108.676,0.819
afro,AfroBoogie,37i9dQZF1DWT6pI50XnTRh,6q4WNR2hLjy57WkJ6kdUci,spotify:track:6q4WNR2hLjy57WkJ6kdUci,,That's the Way I Like It,9,KC & The Sunshine Band,Shake Your Booty,0.179,0.679,185173,0.815,0.00056,5,0.349,-12.347,0,0.0348,108.7,0.93
afro,AfroBoogie,37i9dQZF1DWT6pI50XnTRh,4cdOa74e9tBGA6FaVT5mgc,spotify:track:4cdOa74e9tBGA6FaVT5mgc,,Get Down On It,31,Kool & The Gang,The Very Best Of Kool & The Gang,0.219,0.88,212907,0.633,3.87e-05,7,0.0609,-6.331,1,0.061,110.864,0.97
afro,AfroBoogie,37i9dQZF1DWT6pI50XnTRh,75PHqzep3Lf11sIYP5ps5q,spotify:track:75PHqzep3Lf11sIYP5ps5q,https://p.scdn.co/mp3-preview/02a93b7c53097361ef82f51c01327ded72fbe4f1?cid=63a77ff40e794a12ae216a18befde98c,The Hustle - Original Mix,56,Van McCoy,The Hustle & The Best of Van McCoy,0.232,0.627,250240,0.875,0.475,0,0.0759,-10.291,1,0.0741,110.521,0.854
afro,AfroBoogie,37i9dQZF1DWT6pI50XnTRh,6DX92TuMqOKe0h9vLJIPeg,spotify:track:6DX92TuMqOKe0h9vLJIPeg,,Give It To Me Baby,5,Rick James,The Ultimate Collection: Rick James,0.0529,0.775,247133,0.726,0.000407,11,0.095,-6.731,1,0.0495,119.891,0.943
afro,AfroBoogie,37i9dQZF1DWT6pI50XnTRh,53dy1Aa7owZ8d2z4zb34kK,spotify:track:53dy1Aa7owZ8d2z4zb34kK,,Untitled Instrumental,1,James Brown,Motherlode,0.0673,0.855,202453,0.49,0.791,0,0.0212,-7.675,1,0.0522,108.367,0.956
afro,AfroBoogie,37i9dQZF1DWT6pI50XnTRh,2xsXNMfcKLQxL5sQq4v7gH,spotify:track:2xsXNMfcKLQxL5sQq4v7gH,https://p.scdn.co/mp3-preview/582c1eeeec7e204991c30903a9ab47cf8f5ef15e?cid=63a77ff40e794a12ae216a18befde98c,A Night to Remember,43,Shalamar,The 12 Inch Collection,0.0658,0.863,299360,0.738,0.000234,10,0.0969,-6.314,0,0.0428,108.851,0.947
afro,AfroBoogie,37i9dQZF1DWT6pI50XnTRh,6EOdY7I7Xm1vPP1cyaGbWZ,spotify:track:6EOdY7I7Xm1vPP1cyaGbWZ,,Ain't No Stoppin' Us Now,55,McFadden & Whitehead,Boogie Nights / Music From The Original Motion Picture,0.127,0.747,220867,0.701,0.0,1,0.084,-7.7,1,0.0453,112.964,0.87
afro,AfroBoogie,37i9dQZF1DWT6pI50XnTRh,62wMKfLBVI9UWaoXmaDRsS,spotify:track:62wMKfLBVI9UWaoXmaDRsS,https://p.scdn.co/mp3-preview/2e77423be7b20f407800abbef39c1192208f4c0b?cid=63a77ff40e794a12ae216a18befde98c,"Don't Let My Rainbow Pass Me By - Club 12 "" Mix",27,"Cloud One,Margo Williams",Joey Negro and Sean P present The Best of Disco Spectrum,0.0055,0.733,280822,0.805,0.748,0,0.0508,-7.992,1,0.0351,116.212,0.805
afro,AfroBoogie,37i9dQZF1DWT6pI50XnTRh,4Qb0va1gzVonFxU7vghCfp,spotify:track:4Qb0va1gzVonFxU7vghCfp,https://p.scdn.co/mp3-preview/b0e060d5d7ac8df18a7348e482664e1cbdfe8f64?cid=63a77ff40e794a12ae216a18befde98c,Trinidad - Special Disco Mix,28,"John Gibbs,U.S. Steel Orchestra",Joey Negro and Sean P present The Best of Disco Spectrum,0.0959,0.677,304463,0.857,0.734,6,0.0746,-7.129,0,0.0696,122.214,0.771
afro,AfroBoogie,37i9dQZF1DWT6pI50XnTRh,1yRixw5ysrrgR8a2ZeU806,spotify:track:1yRixw5ysrrgR8a2ZeU806,https://p.scdn.co/mp3-preview/e12d5bfae11840c271929b18c498f8617c04bcf7?cid=63a77ff40e794a12ae216a18befde98c,The Warrior,23,Osibisa,Ojah Awake,0.0689,0.599,227467,0.568,0.0266,3,0.0782,-11.905,1,0.0465,128.734,0.926
