category_id,playlist_name,playlist_id,track_id,track_uri,track_preview_url,track_name,track_popularity,artist_name,album_name,acousticness,danceability,duration_ms,energy,instrumentalness,key,liveness,loudness,mode,speechiness,tempo,valence
dinner,Kitchen Swagger,37i9dQZF1DX2FsCLsHeMrM,6lxcWIvMQK3yezxwFfZcKZ,spotify:track:6lxcWIvMQK3yezxwFfZcKZ,https://p.scdn.co/mp3-preview/1683441657b333aa5feb5ae36891321696a10ee4?cid=63a77ff40e794a12ae216a18befde98c,Lost in Paris,55,"Tom Misch,GoldLink",Lost in Paris,0.364,0.788,194023,0.711,2.07e-05,1,0.0838,-7.811,0,0.0597,104.149,0.802
dinner,Kitchen Swagger,37i9dQZF1DX2FsCLsHeMrM,4jwP0pxx7su04FYc6J12EQ,spotify:track:4jwP0pxx7su04FYc6J12EQ,https://p.scdn.co/mp3-preview/4a1b75f15f9204c34dc93987c6842342424163de?cid=63a77ff40e794a12ae216a18befde98c,I Wish I Missed My Ex,68,Mahalia,I Wish I Missed My Ex,0.319,0.68,205263,0.62,1.14e-06,0,0.158,-5.117,1,0.0607,95.078,0.537
dinner,Kitchen Swagger,37i9dQZF1DX2FsCLsHeMrM,3SjAiqAQ6sMmsJBeVw0nMf,spotify:track:3SjAiqAQ6sMmsJBeVw0nMf,https://p.scdn.co/mp3-preview/620e6e8382dd966add40abfd9781b5d164968afa?cid=63a77ff40e794a12ae216a18befde98c,How Deep Is Your Love (feat. Yebba) - Live,60,"PJ Morton,YEBBA",Gumbo Unplugged (Live),0.346,0.424,210133,0.484,0.0,11,0.588,-10.853,1,0.097,92.514,0.523
dinner,Kitchen Swagger,37i9dQZF1DX2FsCLsHeMrM,3cCLvbMCHMgX7DLXPr1ALv,spotify:track:3cCLvbMCHMgX7DLXPr1ALv,https://p.scdn.co/mp3-preview/351b5870980e75bf3cfb621a9c8bb35b2052891e?cid=63a77ff40e794a12ae216a18befde98c,Petit Prince Du Macadam,52,Folamour,Umami,0.082,0.655,184939,0.794,0.0791,10,0.0457,-5.872,0,0.25,187.007,0.667
dinner,Kitchen Swagger,37i9dQZF1DX2FsCLsHeMrM,1QVF9JOvsO9koQhq1XQTzy,spotify:track:1QVF9JOvsO9koQhq1XQTzy,https://p.scdn.co/mp3-preview/3377303a370302e2860dbfe034e2a20907f3bcda?cid=63a77ff40e794a12ae216a18befde98c,The Sweetest Meditation,54,"Lord Echo,Mara TK",Harmonies,0.198,0.775,354213,0.805,0.111,11,0.0912,-8.594,0,0.0518,114.886,0.717
dinner,Kitchen Swagger,37i9dQZF1DX2FsCLsHeMrM,0p92TJPcRHCbcSk3wCwWBz,spotify:track:0p92TJPcRHCbcSk3wCwWBz,https://p.scdn.co/mp3-preview/6ec8dea9c6c0c1d1e512c1103c0218f3a22ea2fd?cid=63a77ff40e794a12ae216a18befde98c,It Runs Through Me,58,"Tom Misch,De La Soul",It Runs Through Me,0.205,0.802,261881,0.607,0.000748,11,0.246,-11.028,0,0.289,96.916,0.274
dinner,Kitchen Swagger,37i9dQZF1DX2FsCLsHeMrM,7zmleW3XZx0uUsL2CkFuDe,spotify:track:7zmleW3XZx0uUsL2CkFuDe,,SUMMER,52,The Carters,EVERYTHING IS LOVE (Clean),0.12,0.592,285200,0.569,1.75e-05,10,0.251,-6.374,1,0.0634,135.414,0.562
dinner,Kitchen Swagger,37i9dQZF1DX2FsCLsHeMrM,6XaV2S7rtFLMw2YBXcIhvv,spotify:track:6XaV2S7rtFLMw2YBXcIhvv,https://p.scdn.co/mp3-preview/da6a8693ad50e2d87f0e9c824abe4b12291f6b60?cid=63a77ff40e794a12ae216a18befde98c,Closer,51,Corinne Bailey Rae,Live from the Artists Den: Season 2,0.73,0.625,268853,0.467,0.0,5,0.105,-9.833,0,0.144,143.32,0.75
dinner,Kitchen Swagger,37i9dQZF1DX2FsCLsHeMrM,00uaBUnmyGxBUSwG37sWHx,spotify:track:00uaBUnmyGxBUSwG37sWHx,,February 3rd,13,Jorja Smith,Lost & Found,0.452,0.581,242036,0.466,0.000922,2,0.131,-8.839,1,0.0379,84.636,0.272
dinner,Kitchen Swagger,37i9dQZF1DX2FsCLsHeMrM,56XIgOY2j7nL5xUtuKXACL,spotify:track:56XIgOY2j7nL5xUtuKXACL,https://p.scdn.co/mp3-preview/d44980602018d3ec438a37662fd3eb077fedc123?cid=63a77ff40e794a12ae216a18befde98c,Calm Down,54,Burna Boy,Outside,0.503,0.636,265642,0.549,1.16e-06,1,0.16,-7.495,1,0.0532,167.874,0.588
dinner,Kitchen Swagger,37i9dQZF1DX2FsCLsHeMrM,7AnJhsR5GVBsXkhkozpoww,spotify:track:7AnJhsR5GVBsXkhkozpoww,https://p.scdn.co/mp3-preview/c6713e3639a6328febddb1c79fdb8c94834b6112?cid=63a77ff40e794a12ae216a18befde98c,Prince Why Don't You Call Me Anymore,49,Family Event,Demo Tape,0.789,0.517,64601,0.512,0.842,6,0.132,-13.048,1,0.788,115.179,0.884
dinner,Kitchen Swagger,37i9dQZF1DX2FsCLsHeMrM,3PE4AQbEvRXZf8Vdj1ph1V,spotify:track:3PE4AQbEvRXZf8Vdj1ph1V,https://p.scdn.co/mp3-preview/94830fd5a39d7839111c9671804fee54bebeef5b?cid=63a77ff40e794a12ae216a18befde98c,Loose Tonight,54,Hips,Loose Tonight,0.0136,0.783,272333,0.633,0.000458,6,0.143,-4.017,1,0.0368,107.989,0.913
dinner,Kitchen Swagger,37i9dQZF1DX2FsCLsHeMrM,5RPUpFwaH93p5o0Vxujxv9,spotify:track:5RPUpFwaH93p5o0Vxujxv9,https://p.scdn.co/mp3-preview/732aae158f21e4d841436ceb92f7e713cda8933d?cid=63a77ff40e794a12ae216a18befde98c,Starlight Groove,49,"Lex One,Lucian White",Midnight Crisis,0.528,0.753,230907,0.706,9.15e-05,0,0.167,-8.258,1,0.082,141.411,0.716
dinner,Kitchen Swagger,37i9dQZF1DX2FsCLsHeMrM,1gnwGVoG7V08vMX3hyr90x,spotify:track:1gnwGVoG7V08vMX3hyr90x,https://p.scdn.co/mp3-preview/2039bbc54b5ae30b411ea6cc4d9074919d96fa8c?cid=63a77ff40e794a12ae216a18befde98c,Tints (feat. Kendrick Lamar),66,"Anderson .Paak,Kendrick Lamar",Tints (feat. Kendrick Lamar),0.0859,0.805,268400,0.833,0.0,1,0.0578,-6.73,0,0.12,109.076,0.703
dinner,Kitchen Swagger,37i9dQZF1DX2FsCLsHeMrM,6452rfXGmvPslUbp9NX7Cw,spotify:track:6452rfXGmvPslUbp9NX7Cw,https://p.scdn.co/mp3-preview/accb9407077beaa16a6ff28254d27761f6ff9843?cid=63a77ff40e794a12ae216a18befde98c,Jeri Curl,48,Cam O'bi,Jeri Curl,0.249,0.938,199965,0.405,1.09e-06,5,0.147,-10.509,1,0.354,105.932,0.493
dinner,Kitchen Swagger,37i9dQZF1DX2FsCLsHeMrM,7tC8VI0VlMv4ZyNssmKpJG,spotify:track:7tC8VI0VlMv4ZyNssmKpJG,https://p.scdn.co/mp3-preview/2e3a131b2df3b054470bcfa80b9771ffe0aba3e3?cid=63a77ff40e794a12ae216a18befde98c,Soulmate (Heartstrings),50,MMYYKK,Love In Synthesis,0.368,0.712,208000,0.394,0.0251,0,0.178,-7.591,1,0.261,119.866,0.524
dinner,Kitchen Swagger,37i9dQZF1DX2FsCLsHeMrM,3nXrCAE44KlevAkQB2XWcN,spotify:track:3nXrCAE44KlevAkQB2XWcN,,Gonna Love Me,70,Teyana Taylor,K.T.S.E.,0.402,0.514,166998,0.506,2.56e-05,10,0.191,-7.095,0,0.28,88.044,0.312
dinner,Kitchen Swagger,37i9dQZF1DX2FsCLsHeMrM,4vvFklYoPTicMqbYUo7qyG,spotify:track:4vvFklYoPTicMqbYUo7qyG,,Conexão,53,Amber Mark,Conexão - EP,0.0216,0.855,299132,0.659,0.156,0,0.075,-6.451,1,0.0642,130.967,0.286
dinner,Kitchen Swagger,37i9dQZF1DX2FsCLsHeMrM,5CDrDzan4wRW3Dj4LD6meH,spotify:track:5CDrDzan4wRW3Dj4LD6meH,https://p.scdn.co/mp3-preview/82b8702aa0cd4995ecd7ff37ead0fc9406e24033?cid=63a77ff40e794a12ae216a18befde98c,Bad Bad News,57,Leon Bridges,Bet Ain't Worth the Hand / Bad Bad News,0.229,0.781,207307,0.629,0.000536,5,0.0881,-6.152,0,0.0647,111.975,0.693
dinner,Kitchen Swagger,37i9dQZF1DX2FsCLsHeMrM,3H6M6wJCSKGHtMqiAWl6QL,spotify:track:3H6M6wJCSKGHtMqiAWl6QL,,Doing Better,39,Jamie Isaac,(04:30) Idler,0.114,0.442,214973,0.47,0.000782,8,0.114,-8.863,0,0.13,63.553,0.424
dinner,Kitchen Swagger,37i9dQZF1DX2FsCLsHeMrM,5Sr3ppJ2yQEHPTjKPHbKuU,spotify:track:5Sr3ppJ2yQEHPTjKPHbKuU,https://p.scdn.co/mp3-preview/97fa7055de1d607d32cc5eb9e4b42dfe818f3a14?cid=63a77ff40e794a12ae216a18befde98c,No Pressure,58,Mahalia,No Pressure,0.653,0.476,196484,0.546,9.02e-06,7,0.0895,-7.137,0,0.252,74.212,0.646
dinner,Kitchen Swagger,37i9dQZF1DX2FsCLsHeMrM,0V6imIPZVXJEtl2umdNILO,spotify:track:0V6imIPZVXJEtl2umdNILO,,Everything (feat. John Legend),65,"Ella Mai,John Legend",Ella Mai,0.432,0.395,181644,0.456,0.0,7,0.108,-5.358,1,0.0456,103.85,0.0608
dinner,Kitchen Swagger,37i9dQZF1DX2FsCLsHeMrM,0Njsdm3fZvEqAveqcgDISP,spotify:track:0Njsdm3fZvEqAveqcgDISP,,My God Has A Telephone,27,The Flying Stars Of Brooklyn NY,My God Has a Telephone,0.864,0.583,175493,0.404,0.00572,11,0.103,-8.598,1,0.0455,197.873,0.635
dinner,Kitchen Swagger,37i9dQZF1DX2FsCLsHeMrM,0w4QlIOtXEJEPvftQo9VSe,spotify:track:0w4QlIOtXEJEPvftQo9VSe,,M.P.B.,52,Womack & Womack,Conscience,0.0998,0.805,238067,0.406,0.00312,1,0.0851,-14.551,0,0.0451,99.355,0.961
dinner,Kitchen Swagger,37i9dQZF1DX2FsCLsHeMrM,4yOT0bYT83QZ0aXlJ3Tb2p,spotify:track:4yOT0bYT83QZ0aXlJ3Tb2p,,Charcoal Baby,14,Blood Orange,Charcoal Baby,0.149,0.627,242341,0.479,0.000423,7,0.135,-7.648,0,0.0387,183.255,0.494
dinner,Kitchen Swagger,37i9dQZF1DX2FsCLsHeMrM,64WxLGjquEiDypddXZgggY,spotify:track:64WxLGjquEiDypddXZgggY,https://p.scdn.co/mp3-preview/13a08cb8abce44c411787aad7f8feef5c3eb89e1?cid=63a77ff40e794a12ae216a18befde98c,Over You,52,Macy Gray,Ruby,0.159,0.584,226840,0.839,0.000221,0,0.177,-5.173,1,0.169,187.937,0.808
dinner,Kitchen Swagger,37i9dQZF1DX2FsCLsHeMrM,0qsZe05lIq8zpmSR20Bafi,spotify:track:0qsZe05lIq8zpmSR20Bafi,https://p.scdn.co/mp3-preview/f4c5b5074f98c61471da00c206a9ddbcfe28b2d0?cid=63a77ff40e794a12ae216a18befde98c,Ngempela,51,"Sjava,DJ Maphorisa,Howard",Ngempela,0.508,0.446,227739,0.507,0.0,7,0.114,-8.882,0,0.202,63.571,0.548
dinner,Kitchen Swagger,37i9dQZF1DX2FsCLsHeMrM,7xg2JXrPPIdlLyUayYPFjZ,spotify:track:7xg2JXrPPIdlLyUayYPFjZ,https://p.scdn.co/mp3-preview/cbaf5f01ff73990c1676852a4b72c5bc5af7f803?cid=63a77ff40e794a12ae216a18befde98c,The Look of Love,49,Maydie Myles,The Ones I Love,0.535,0.687,432973,0.444,0.00184,0,0.117,-9.842,0,0.0368,79.048,0.435
dinner,Kitchen Swagger,37i9dQZF1DX2FsCLsHeMrM,14l9sBVb9bI8m65mtV9auv,spotify:track:14l9sBVb9bI8m65mtV9auv,https://p.scdn.co/mp3-preview/bc98b855c619f42c6c277212e6046d42d14298a2?cid=63a77ff40e794a12ae216a18befde98c,Claustrophobic,49,PJ Morton,Claustrophobic,0.173,0.738,187994,0.336,0.00183,5,0.0827,-11.309,1,0.199,77.008,0.566
dinner,Kitchen Swagger,37i9dQZF1DX2FsCLsHeMrM,13Gt4A1ZbYkZbfdQsjKGR6,spotify:track:13Gt4A1ZbYkZbfdQsjKGR6,https://p.scdn.co/mp3-preview/0fcd1263c2b77e4c7f9ac29ced0d2b2648917af0?cid=63a77ff40e794a12ae216a18befde98c,Starchild,54,Elujay,Starchild,0.125,0.503,190153,0.615,0.00014,10,0.0881,-6.545,0,0.232,82.533,0.494
dinner,Kitchen Swagger,37i9dQZF1DX2FsCLsHeMrM,5VqKdNoamMXrmRmqVmi9ke,spotify:track:5VqKdNoamMXrmRmqVmi9ke,,Sauce,63,Ella Mai,Ella Mai,0.211,0.642,184959,0.614,0.0,4,0.123,-5.335,0,0.394,99.572,0.43
dinner,Kitchen Swagger,37i9dQZF1DX2FsCLsHeMrM,58VCh2HRH383vAoG7be3wo,spotify:track:58VCh2HRH383vAoG7be3wo,,Lady Lady,56,Masego,Lady Lady,0.295,0.711,158000,0.681,6.47e-06,2,0.137,-5.188,1,0.222,99.694,0.461
dinner,Kitchen Swagger,37i9dQZF1DX2FsCLsHeMrM,1kjE7MK5gghRtzB9Z98UgS,spotify:track:1kjE7MK5gghRtzB9Z98UgS,https://p.scdn.co/mp3-preview/b1ad0b6cc465a7ca6ba274c948b822df133ec5e0?cid=63a77ff40e794a12ae216a18befde98c,Thinking Of You - Dimitri From Paris Remix,51,Sister Sledge,Thinking Of You,0.0946,0.723,388841,0.841,1.46e-05,10,0.329,-9.141,1,0.049,105.003,0.81
dinner,Kitchen Swagger,37i9dQZF1DX2FsCLsHeMrM,5l5wRXA7asTNjh3V0oNGPs,spotify:track:5l5wRXA7asTNjh3V0oNGPs,https://p.scdn.co/mp3-preview/4ff28dd5a0f12a13db241ab5c4cefaf49ddb4cb7?cid=63a77ff40e794a12ae216a18befde98c,Little Bit of Lovin,59,Roy Woods,Say Less,0.0126,0.784,172875,0.653,2.48e-06,1,0.317,-6.022,1,0.0365,108.064,0.348
dinner,Kitchen Swagger,37i9dQZF1DX2FsCLsHeMrM,6YVSeg5QNCD88j2ifbJQT0,spotify:track:6YVSeg5QNCD88j2ifbJQT0,,BabyBaby,14,Louam,BabyBaby,0.129,0.618,254449,0.869,0.0,0,0.326,-4.02,1,0.0523,105.0,0.543
dinner,Kitchen Swagger,37i9dQZF1DX2FsCLsHeMrM,3S9IEker4dKmMRJyLLdSUZ,spotify:track:3S9IEker4dKmMRJyLLdSUZ,https://p.scdn.co/mp3-preview/e7f8088902d0c5ae575ef81e1014a4738b457d92?cid=63a77ff40e794a12ae216a18befde98c,Smoke with Me,48,Children of Zeus,The Story so Far...,0.0945,0.784,187620,0.326,7.38e-05,7,0.0795,-11.707,1,0.416,81.98,0.599
dinner,Kitchen Swagger,37i9dQZF1DX2FsCLsHeMrM,0VTfnZjTjFdnqYnLDLnIxy,spotify:track:0VTfnZjTjFdnqYnLDLnIxy,https://p.scdn.co/mp3-preview/d734c318505fb974144b06359789bd0bea8ed574?cid=63a77ff40e794a12ae216a18befde98c,Toothache,52,Topaz Jones,Toothache/Zoom,0.123,0.809,223279,0.743,0.0,0,0.122,-4.049,0,0.109,122.065,0.827
dinner,Kitchen Swagger,37i9dQZF1DX2FsCLsHeMrM,5gW5dSy3vXJxgzma4rQuzH,spotify:track:5gW5dSy3vXJxgzma4rQuzH,https://p.scdn.co/mp3-preview/214ede6c18faaba9935774edfba69e50d7fbf6a6?cid=63a77ff40e794a12ae216a18befde98c,Make Me Feel,68,Janelle Monáe,Dirty Computer,0.132,0.859,194230,0.413,0.0,1,0.334,-7.399,1,0.182,115.035,0.697
dinner,Kitchen Swagger,37i9dQZF1DX2FsCLsHeMrM,3DmMNjjYb4xedWBXAN6IUM,spotify:track:3DmMNjjYb4xedWBXAN6IUM,https://p.scdn.co/mp3-preview/6482474f4ca5505d58a6b7b40a36e380d73bb3e4?cid=63a77ff40e794a12ae216a18befde98c,Playing For You,54,Joe Hertz,Playing For You,0.0558,0.53,258896,0.593,8.33e-06,11,0.0962,-8.198,0,0.144,85.031,0.363
dinner,Kitchen Swagger,37i9dQZF1DX2FsCLsHeMrM,6dLpEd8yvQmLgVFXnDf0Kn,spotify:track:6dLpEd8yvQmLgVFXnDf0Kn,https://p.scdn.co/mp3-preview/2069267be8f5fba4fa4012d8120aa174c364e061?cid=63a77ff40e794a12ae216a18befde98c,Questions,50,"The Midnight Hour,Adrian Younge,Ali Shaheed Muhammad,CeeLo Green",The Midnight Hour,0.033,0.636,207293,0.554,0.0262,2,0.155,-8.799,1,0.043,89.063,0.256
dinner,Kitchen Swagger,37i9dQZF1DX2FsCLsHeMrM,7wvYmO5QscgIDDT0eNwbYX,spotify:track:7wvYmO5QscgIDDT0eNwbYX,,Lost In Japan,20,Shawn Mendes,Lost In Japan,0.303,0.726,200133,0.708,0.0,7,0.348,-6.908,0,0.356,105.084,0.417
dinner,Kitchen Swagger,37i9dQZF1DX2FsCLsHeMrM,4c60yLpE5lXvICT0pyEaZ5,spotify:track:4c60yLpE5lXvICT0pyEaZ5,https://p.scdn.co/mp3-preview/1eb69f890925f481fde8e1b600902e5eeb813c0b?cid=63a77ff40e794a12ae216a18befde98c,Better Give U Up,63,FKJ,French Kiwi Juice,0.176,0.525,256800,0.72,0.00648,11,0.0769,-6.916,0,0.169,91.708,0.483
dinner,Kitchen Swagger,37i9dQZF1DX2FsCLsHeMrM,7hrUma6oSEaVwnlwkQa7XB,spotify:track:7hrUma6oSEaVwnlwkQa7XB,,Holding On,18,"Gregory Porter,Kem",Holding On,0.162,0.508,254893,0.339,2.27e-05,8,0.0724,-8.603,1,0.0915,195.797,0.124
dinner,Kitchen Swagger,37i9dQZF1DX2FsCLsHeMrM,156QgQpZ4z9tKSeucOLIPy,spotify:track:156QgQpZ4z9tKSeucOLIPy,https://p.scdn.co/mp3-preview/f099791047bebffebbf84ba87981e76bc000a4e0?cid=63a77ff40e794a12ae216a18befde98c,Easy,54,Next Town Down,Easy,0.645,0.658,182800,0.3,0.0,1,0.0504,-4.642,1,0.272,80.72,0.418
dinner,Kitchen Swagger,37i9dQZF1DX2FsCLsHeMrM,5siE2dsOEkxxB8GuyOxPyg,spotify:track:5siE2dsOEkxxB8GuyOxPyg,https://p.scdn.co/mp3-preview/43357c3437e40c76a756c198fb4fdb7304228b64?cid=63a77ff40e794a12ae216a18befde98c,Antisocial Socialites,56,"Kyan Palmer,nicopop.,Yuri Joness",Antisocial Socialites,0.00415,0.756,209455,0.657,2.06e-05,6,0.105,-5.513,1,0.0406,109.987,0.868
dinner,Kitchen Swagger,37i9dQZF1DX2FsCLsHeMrM,4YLtrBhzjsI2LT6ybXQHeD,spotify:track:4YLtrBhzjsI2LT6ybXQHeD,https://p.scdn.co/mp3-preview/fd24511b6f37fe625b3440d9b01aca08ebb4b1ed?cid=63a77ff40e794a12ae216a18befde98c,SoulMate,59,Justin Timberlake,SoulMate,0.0222,0.765,196232,0.784,0.00121,7,0.187,-5.215,0,0.0488,109.956,0.449
dinner,Kitchen Swagger,37i9dQZF1DX2FsCLsHeMrM,4tOmFSoQA9ji8lTxAbbvq1,spotify:track:4tOmFSoQA9ji8lTxAbbvq1,,I Believe In Love,54,Jessie J,R.O.S.E. (Empowerment),0.402,0.504,229773,0.494,1.62e-06,5,0.367,-7.623,0,0.284,69.32,0.425
dinner,Kitchen Swagger,37i9dQZF1DX2FsCLsHeMrM,6KluBT5Zthyzk6sBwqAcso,spotify:track:6KluBT5Zthyzk6sBwqAcso,https://p.scdn.co/mp3-preview/0eae228241c982c6588cbf9d4f4e1676aabfa609?cid=63a77ff40e794a12ae216a18befde98c,Focus,59,H.E.R.,H.E.R. Volume 1,0.255,0.597,200195,0.291,1.9e-05,1,0.108,-13.483,0,0.0576,87.082,0.09
dinner,Kitchen Swagger,37i9dQZF1DX2FsCLsHeMrM,0At2qAoaVjIwWNAqrscXli,spotify:track:0At2qAoaVjIwWNAqrscXli,,Boo'd Up,76,Ella Mai,READY,0.0862,0.561,256064,0.779,0.0,10,0.078,-5.107,0,0.0531,81.965,0.235
dinner,Kitchen Swagger,37i9dQZF1DX2FsCLsHeMrM,0FZTAm6OyJoAzAtLAsH0f9,spotify:track:0FZTAm6OyJoAzAtLAsH0f9,,Turnin' Me Up,16,BJ The Chicago Kid,In My Mind,0.0372,0.722,269173,0.789,0.142,9,0.0551,-4.364,1,0.0967,78.504,0.819
dinner,Kitchen Swagger,37i9dQZF1DX2FsCLsHeMrM,7IJSkHRCWMSzdhmjfBlK5H,spotify:track:7IJSkHRCWMSzdhmjfBlK5H,https://p.scdn.co/mp3-preview/ed1896ae67fc9be0394126feee125388012de290?cid=63a77ff40e794a12ae216a18befde98c,To Each His Own,48,Patrice Rushen,Now,0.361,0.906,254400,0.379,0.000109,5,0.0799,-10.103,0,0.143,106.566,0.714
dinner,Kitchen Swagger,37i9dQZF1DX2FsCLsHeMrM,3MBHhhVQiGLX28NolyIdY1,spotify:track:3MBHhhVQiGLX28NolyIdY1,https://p.scdn.co/mp3-preview/6ecc50c44c4131fb5fae0877e0efa7858372fc44?cid=63a77ff40e794a12ae216a18befde98c,GTFO,51,Mariah Carey,GTFO,0.522,0.69,207125,0.761,0.00108,6,0.155,-6.218,1,0.115,105.97,0.583
dinner,Kitchen Swagger,37i9dQZF1DX2FsCLsHeMrM,3oCJJksC12uFxkt3RQ7rbV,spotify:track:3oCJJksC12uFxkt3RQ7rbV,,The Light,68,"Jeremih,Ty Dolla $ign",The Light,0.0178,0.83,179653,0.577,8.15e-05,4,0.0436,-5.156,0,0.256,92.973,0.63
dinner,Kitchen Swagger,37i9dQZF1DX2FsCLsHeMrM,7L7KnCltNM8yXWs3ozuUY1,spotify:track:7L7KnCltNM8yXWs3ozuUY1,,Dang! (feat. Anderson .Paak),12,"Mac Miller,Anderson .Paak",Dang! (feat. Anderson .Paak),0.00826,0.836,305350,0.67,0.000355,5,0.0837,-6.907,0,0.23,107.018,0.556
dinner,Kitchen Swagger,37i9dQZF1DX2FsCLsHeMrM,0uII79GWhvmTIvruhfIXlf,spotify:track:0uII79GWhvmTIvruhfIXlf,https://p.scdn.co/mp3-preview/1ee09b6c4a567182e46d505ab9197f133132ddc1?cid=63a77ff40e794a12ae216a18befde98c,Fool to Love,54,Nao,For All We Know,0.265,0.542,206160,0.558,0.0,11,0.117,-6.654,0,0.262,94.11,0.758
dinner,Kitchen Swagger,37i9dQZF1DX2FsCLsHeMrM,3NH9gfw5qQCApVmhL6KXiO,spotify:track:3NH9gfw5qQCApVmhL6KXiO,https://p.scdn.co/mp3-preview/e5b5bb8bc303dd3d545bf302333b96341cb66936?cid=63a77ff40e794a12ae216a18befde98c,Brick Road,49,CeeLo Green,Brick Road,0.121,0.511,201818,0.491,0.0,7,0.113,-10.095,0,0.298,175.762,0.338
dinner,Kitchen Swagger,37i9dQZF1DX2FsCLsHeMrM,2czhrDhRNZVSslq8KC1mKm,spotify:track:2czhrDhRNZVSslq8KC1mKm,https://p.scdn.co/mp3-preview/69b85bc174f9f876679adf1e75cbd75db3548e1b?cid=63a77ff40e794a12ae216a18befde98c,So Bad,47,"Duñe,Crayon",Duñe x Crayon,0.52,0.601,188411,0.326,0.00813,10,0.0994,-8.414,0,0.38,101.354,0.206
dinner,Kitchen Swagger,37i9dQZF1DX2FsCLsHeMrM,5ewa79Xg31HDefmPUpZX0Y,spotify:track:5ewa79Xg31HDefmPUpZX0Y,,Video,17,India.Arie,Acoustic Soul,0.111,0.652,249960,0.604,1.01e-05,9,0.0409,-8.766,0,0.227,170.003,0.675
dinner,Kitchen Swagger,37i9dQZF1DX2FsCLsHeMrM,7hIXnKU8VkOGFftj3DAiUL,spotify:track:7hIXnKU8VkOGFftj3DAiUL,,There It Is,51,Shalamar,A Night To Remember,0.441,0.758,265360,0.67,0.00195,11,0.105,-10.759,0,0.0335,102.908,0.965
dinner,Kitchen Swagger,37i9dQZF1DX2FsCLsHeMrM,2M4MVkftJ5A07aHpDmdQ9w,spotify:track:2M4MVkftJ5A07aHpDmdQ9w,https://p.scdn.co/mp3-preview/d68d2e55e7301556d7bbea613f96f50fb70f84b7?cid=63a77ff40e794a12ae216a18befde98c,You Belong To Me,47,Phil Perry,Say Yes,0.77,0.745,243880,0.486,2.86e-05,0,0.0988,-8.708,0,0.064,100.954,0.543
dinner,Kitchen Swagger,37i9dQZF1DX2FsCLsHeMrM,4bCqxEfZ0i6Oz6I0hpfM7a,spotify:track:4bCqxEfZ0i6Oz6I0hpfM7a,https://p.scdn.co/mp3-preview/eb9cfd71f99be2671c1b8d3960ef066860682e2f?cid=63a77ff40e794a12ae216a18befde98c,Penthouse Floor,47,"John Legend,Chance the Rapper",Penthouse Floor,0.451,0.671,283787,0.742,4.38e-06,10,0.101,-4.768,0,0.368,89.835,0.767
dinner,Kitchen Swagger,37i9dQZF1DX2FsCLsHeMrM,3nFJbZCHP4d9vduKjJLdBL,spotify:track:3nFJbZCHP4d9vduKjJLdBL,https://p.scdn.co/mp3-preview/d2bb2d161bf2b714028073eff5ec353153ecc3ee?cid=63a77ff40e794a12ae216a18befde98c,Never Too Much,69,Luther Vandross,Never Too Much,0.125,0.734,230467,0.583,0.0,2,0.0367,-11.866,1,0.129,109.935,0.76
dinner,Kitchen Swagger,37i9dQZF1DX2FsCLsHeMrM,3tZm76otWH20xzJC7icHCk,spotify:track:3tZm76otWH20xzJC7icHCk,https://p.scdn.co/mp3-preview/e51c58c704e78c9a603079edd2fc51fb340f0686?cid=63a77ff40e794a12ae216a18befde98c,Wish I Didn't Miss You,62,Angie Stone,Mahogany Soul,0.355,0.856,270893,0.755,0.000621,10,0.145,-5.691,1,0.0331,123.883,0.842
dinner,Kitchen Swagger,37i9dQZF1DX2FsCLsHeMrM,2qfWkO1ZRcSdeHb1Cb3xIi,spotify:track:2qfWkO1ZRcSdeHb1Cb3xIi,https://p.scdn.co/mp3-preview/9d4eed89b28dfda6722a2d99877d531d28ebf4ad?cid=63a77ff40e794a12ae216a18befde98c,Serious,61,Russ,Serious,0.132,0.69,188947,0.635,0.0,1,0.362,-7.624,1,0.34,144.065,0.569
dinner,Kitchen Swagger,37i9dQZF1DX2FsCLsHeMrM,0bRXwKfigvpKZUurwqAlEh,spotify:track:0bRXwKfigvpKZUurwqAlEh,https://p.scdn.co/mp3-preview/300afa67fbdef1d924d3ac8730f308e7fae85823?cid=63a77ff40e794a12ae216a18befde98c,Lovely Day,72,Bill Withers,Menagerie,0.292,0.69,254560,0.651,0.00241,9,0.105,-8.267,1,0.0324,97.918,0.706
dinner,Kitchen Swagger,37i9dQZF1DX2FsCLsHeMrM,6l4TNbfPtNAOOlGIfceSaO,spotify:track:6l4TNbfPtNAOOlGIfceSaO,https://p.scdn.co/mp3-preview/df0fe0fa4af656647f848256361f4e16b850c572?cid=63a77ff40e794a12ae216a18befde98c,Ascension (Don't Ever Wonder),63,Maxwell,Maxwell's Urban Hang Suite,0.0805,0.753,346133,0.471,0.0299,0,0.131,-10.48,1,0.0317,96.038,0.778
dinner,Kitchen Swagger,37i9dQZF1DX2FsCLsHeMrM,3kguMbJma0qhOLniGsFlKq,spotify:track:3kguMbJma0qhOLniGsFlKq,https://p.scdn.co/mp3-preview/6be924efa8e51f961a5fd1d32a8bd19179e5fbce?cid=63a77ff40e794a12ae216a18befde98c,Better Man,58,Leon Bridges,Coming Home,0.219,0.395,140133,0.746,0.0,7,0.123,-4.938,1,0.0447,188.267,0.671
dinner,Kitchen Swagger,37i9dQZF1DX2FsCLsHeMrM,2Uu8IiLkLY0UXhCHka4Dlr,spotify:track:2Uu8IiLkLY0UXhCHka4Dlr,,Doo Wop (That Thing),17,Ms. Lauryn Hill,The Miseducation of Lauryn Hill,0.0393,0.535,320267,0.505,0.0,2,0.0923,-8.926,0,0.245,99.935,0.495
dinner,Kitchen Swagger,37i9dQZF1DX2FsCLsHeMrM,67Mijs9mJ0yD1hTd8WF8MF,spotify:track:67Mijs9mJ0yD1hTd8WF8MF,https://p.scdn.co/mp3-preview/678f62b29c7806509e4dff8588f64262250d80e9?cid=63a77ff40e794a12ae216a18befde98c,Forever (Radio Edit),45,Brian McKnight,Forever (Radio Edit),0.432,0.707,219147,0.531,0.000107,2,0.119,-4.649,1,0.0416,93.968,0.49
dinner,Kitchen Swagger,37i9dQZF1DX2FsCLsHeMrM,1879aiUSpb1qNoiwtQA2XH,spotify:track:1879aiUSpb1qNoiwtQA2XH,,Valerie - BBC Radio 1 Live Lounge,13,Amy Winehouse,AMY (Original Motion Picture Soundtrack),0.762,0.761,232120,0.316,2.14e-06,5,0.185,-8.069,0,0.0376,96.007,0.674
dinner,Kitchen Swagger,37i9dQZF1DX2FsCLsHeMrM,60DLWXwghcL7vBZmanhLtU,spotify:track:60DLWXwghcL7vBZmanhLtU,https://p.scdn.co/mp3-preview/a23078e3f7c822e28d251cc54bc0ecfa4aab3933?cid=63a77ff40e794a12ae216a18befde98c,The Circle,46,Ivan Ave,Helping Hands,0.275,0.695,209613,0.84,0.00162,11,0.104,-9.378,1,0.136,174.024,0.862
dinner,Kitchen Swagger,37i9dQZF1DX2FsCLsHeMrM,7IQMKJNcppgahjNWVPmxkl,spotify:track:7IQMKJNcppgahjNWVPmxkl,https://p.scdn.co/mp3-preview/54ed177a3e5714cfba523d8474d2476dbff814f7?cid=63a77ff40e794a12ae216a18befde98c,Give Me the Night - Edit,58,George Benson,The Best Of George Benson,0.343,0.867,219560,0.79,0.0131,1,0.245,-5.424,1,0.0518,110.048,0.814
dinner,Kitchen Swagger,37i9dQZF1DX2FsCLsHeMrM,2lp8xjq0WTm3HZKHuDEweg,spotify:track:2lp8xjq0WTm3HZKHuDEweg,https://p.scdn.co/mp3-preview/9c6a096aeb635c71a38b30f973b4a2d8da17a588?cid=63a77ff40e794a12ae216a18befde98c,Tell Me,62,Groove Theory,Groove Theory,0.0355,0.8,236067,0.361,3.75e-06,6,0.0668,-10.849,0,0.0635,93.059,0.887
dinner,Kitchen Swagger,37i9dQZF1DX2FsCLsHeMrM,2jAn0rAOyLW6hIEuIDNcoT,spotify:track:2jAn0rAOyLW6hIEuIDNcoT,,Appletree,58,Erykah Badu,Baduizm,0.0931,0.88,265373,0.454,0.000125,7,0.0759,-10.882,1,0.0773,94.865,0.576
dinner,Kitchen Swagger,37i9dQZF1DX2FsCLsHeMrM,6jUyYHDikmw9WltPojSR37,spotify:track:6jUyYHDikmw9WltPojSR37,,Got 'Til It's Gone,62,"Janet Jackson,Q-Tip,Joni Mitchell",The Velvet Rope,0.0223,0.789,241760,0.413,0.000313,7,0.3,-7.518,1,0.244,89.911,0.518
dinner,Kitchen Swagger,37i9dQZF1DX2FsCLsHeMrM,1z6WtY7X4HQJvzxC4UgkSf,spotify:track:1z6WtY7X4HQJvzxC4UgkSf,https://p.scdn.co/mp3-preview/9a7675cc7f71c524af1397cf1675b61a8fbc74ed?cid=63a77ff40e794a12ae216a18befde98c,Love On Top,75,Beyoncé,4,0.0849,0.652,267413,0.748,0.0,0,0.604,-5.242,1,0.0887,94.1,0.652
