category_id,playlist_name,playlist_id,track_id,track_uri,track_preview_url,track_name,track_popularity,artist_name,album_name,acousticness,danceability,duration_ms,energy,instrumentalness,key,liveness,loudness,mode,speechiness,tempo,valence
desi,This Is Asha Bhosle,37i9dQZF1DXcaxFdaLtowG,6eVk7jmEp8aObKsjZwkaCe,spotify:track:6eVk7jmEp8aObKsjZwkaCe,https://p.scdn.co/mp3-preview/e052c580e9a9f23b71c82387b762c29f08388cd2?cid=63a77ff40e794a12ae216a18befde98c,Intaha Ho Gai Intezar Ki,31,"Kishore Kumar,Asha Bhosle",Sharaabi (Original Motion Picture Soundtrack),0.786,0.399,529733,0.509,0.000216,4,0.79,-11.425,0,0.0725,138.679,0.406
desi,This Is Asha Bhosle,37i9dQZF1DXcaxFdaLtowG,2TwKAcFihLX1xw5hvzkArm,spotify:track:2TwKAcFihLX1xw5hvzkArm,,"Kahin Aag Lage Lag Jaaye (From ""Taal"")",10,"Asha Bhosle,Aditya Narayan,Richa Sharma,A.R. Rahman",#NowPlaying: A.R. Rahman Hits,0.0179,0.744,435000,0.517,0.00497,7,0.106,-12.884,1,0.111,94.869,0.456
desi,This Is Asha Bhosle,37i9dQZF1DXcaxFdaLtowG,6ttvgWnBAt72SIojbcnlKn,spotify:track:6ttvgWnBAt72SIojbcnlKn,https://p.scdn.co/mp3-preview/67786ec712224ec242f2a908a110147b08296e9d?cid=63a77ff40e794a12ae216a18befde98c,Ajnabi Mujhko Itna Bata,36,"Asha Bhosle,Jatin-Lalit,Udit Narayan,Ajay Devgan,Kajol",Pyaar To Hona Hi Tha (Original Motion Picture Soundtrack),0.768,0.535,373800,0.727,3.86e-05,5,0.0713,-4.532,0,0.0442,98.23,0.621
desi,This Is Asha Bhosle,37i9dQZF1DXcaxFdaLtowG,2y1DWCZw566xY4dhYgSTlr,spotify:track:2y1DWCZw566xY4dhYgSTlr,https://p.scdn.co/mp3-preview/a7fdf3e09d42663ab73bb2569c8e6559f82be4fc?cid=63a77ff40e794a12ae216a18befde98c,Lekar Hum Diwana Dil,25,"Asha Bhosle,Kishore Kumar",Yaadon Ki Baaraat (Original Motion Picture Soundtrack),0.718,0.39,357120,0.636,0.00649,11,0.555,-10.941,1,0.0658,99.107,0.622
desi,This Is Asha Bhosle,37i9dQZF1DXcaxFdaLtowG,2jQmwE0T3jW3wAhwQaS1oR,spotify:track:2jQmwE0T3jW3wAhwQaS1oR,,"Zara Sa Jhoom Loon Main (From ""Dilwale Dulhania Le Jayenge"")",0,"Asha Bhosle,Abhijeet",The Very Best Of Asha Bhosle: The Queen Of Bollywood,0.697,0.608,352320,0.689,6.21e-05,0,0.337,-8.29,0,0.0834,130.654,0.842
desi,This Is Asha Bhosle,37i9dQZF1DXcaxFdaLtowG,4jqDpyUwVkcTJXufkuV79t,spotify:track:4jqDpyUwVkcTJXufkuV79t,https://p.scdn.co/mp3-preview/a17d7e86e0c5e31aa6723fddd4e2179b8d87dbb0?cid=63a77ff40e794a12ae216a18befde98c,Yeh Mera Dil Yaar Ka Diwana,20,Asha Bhosle,Don (Original Motion Picture Soundtrack),0.83,0.497,253773,0.476,0.0184,7,0.332,-11.248,0,0.0624,141.46,0.521
desi,This Is Asha Bhosle,37i9dQZF1DXcaxFdaLtowG,4so9JgcGs2o2YMnb4jqUWU,spotify:track:4so9JgcGs2o2YMnb4jqUWU,https://p.scdn.co/mp3-preview/344d7ae7476d62ad0669ee37fb670aecc9ff3e44?cid=63a77ff40e794a12ae216a18befde98c,O Haseena Zulfonwale Jane Jahan,19,"Asha Bhosle,Mohammed Rafi",Teesri Manzil (Original Motion Picture Soundtrack),0.682,0.378,415237,0.649,5.57e-06,0,0.3,-5.197,1,0.0587,92.989,0.78
desi,This Is Asha Bhosle,37i9dQZF1DXcaxFdaLtowG,0wnLMEOQlyW3Es1ag0HMVV,spotify:track:0wnLMEOQlyW3Es1ag0HMVV,https://p.scdn.co/mp3-preview/98d030f2df73059a045d5d5f5b62fa8ec30e66ed?cid=63a77ff40e794a12ae216a18befde98c,Radha Kaise Na Jale,43,"A.R. Rahman,Asha Bhosle,Udit Narayan,Vaishali Samant,Aamir Khan,Gracy Singh",Lagaan (Original Motion Picture Soundtrack),0.229,0.729,334707,0.505,0.0,7,0.0975,-9.236,1,0.323,148.435,0.723
desi,This Is Asha Bhosle,37i9dQZF1DXcaxFdaLtowG,0AOGMJFNxF4lpUOHXqCXu6,spotify:track:0AOGMJFNxF4lpUOHXqCXu6,,"Jab Chaye (From ""Lootmar"")",0,Asha Bhosle,The Very Best Of Asha Bhosle: The Queen Of Bollywood,0.535,0.615,321533,0.793,0.000176,4,0.0769,-6.655,1,0.0678,129.416,0.676
desi,This Is Asha Bhosle,37i9dQZF1DXcaxFdaLtowG,6Cm1O3r133Gmx8j5Z6Xshv,spotify:track:6Cm1O3r133Gmx8j5Z6Xshv,https://p.scdn.co/mp3-preview/754d13a151a46d7fda4ba8c7cc041ff13f8f0e33?cid=63a77ff40e794a12ae216a18befde98c,Chura Liya Hai Tumne Jo Dil Ko,21,"Asha Bhosle,Mohammed Rafi",Yaadon Ki Baaraat (Original Motion Picture Soundtrack),0.857,0.559,287840,0.318,1.88e-06,9,0.11,-11.106,0,0.0317,80.242,0.684
desi,This Is Asha Bhosle,37i9dQZF1DXcaxFdaLtowG,1lT4nCJVT3mlW6HuZCle6p,spotify:track:1lT4nCJVT3mlW6HuZCle6p,,Abhi na jao chhod kar,0,"Mohammed Rafi,Asha Bhosle",Hum Dono (Soundtrack),0.895,0.324,257707,0.466,0.00205,3,0.39,-7.407,1,0.045,84.138,0.5
desi,This Is Asha Bhosle,37i9dQZF1DXcaxFdaLtowG,3ytouSaGKWDzK35Ff8Ra2i,spotify:track:3ytouSaGKWDzK35Ff8Ra2i,https://p.scdn.co/mp3-preview/dc97bd6689db3e8862891b55d164d3e04b004af9?cid=63a77ff40e794a12ae216a18befde98c,Kya Ghazab Karte Ho Ji,17,Asha Bhosle,Love Story (Original Motion Picture Soundtrack),0.588,0.649,205747,0.333,3.3e-06,0,0.135,-13.45,1,0.0489,80.165,0.855
desi,This Is Asha Bhosle,37i9dQZF1DXcaxFdaLtowG,1ZAY4NhLC7cAW7g0zyxHpx,spotify:track:1ZAY4NhLC7cAW7g0zyxHpx,,Ina Mina Dika,0,Asha Bhosle,Rough Guide: Asha Bhosle,0.923,0.713,204293,0.623,0.11,8,0.406,-8.197,1,0.0773,92.19,0.868
desi,This Is Asha Bhosle,37i9dQZF1DXcaxFdaLtowG,2P7oyMgABQnLs7X5OLPe8X,spotify:track:2P7oyMgABQnLs7X5OLPe8X,https://p.scdn.co/mp3-preview/a4a83b7353f495c704ee42232e36ee175886b40d?cid=63a77ff40e794a12ae216a18befde98c,"Dum Maro Dum, Pt. 1",33,Asha Bhosle,Hare Rama Hare Krishna (Original Motion Picture Soundtrack),0.765,0.491,156000,0.548,0.343,2,0.63,-8.241,0,0.0504,127.562,0.446
desi,This Is Asha Bhosle,37i9dQZF1DXcaxFdaLtowG,4ZiH6RyMrw2vlgD6vrvzBd,spotify:track:4ZiH6RyMrw2vlgD6vrvzBd,https://p.scdn.co/mp3-preview/f3ebe63c5c62ed28753d119427343f6227730e5b?cid=63a77ff40e794a12ae216a18befde98c,"Hungama Ho Gaya (From ""Queen"")",36,"Asha Bhosle,Arijit Singh","Hungama Ho Gaya (From ""Queen"") - Single",0.103,0.624,271586,0.847,0.202,8,0.284,-7.246,0,0.0455,138.059,0.507
desi,This Is Asha Bhosle,37i9dQZF1DXcaxFdaLtowG,1UhqsS2W93LhBQtA0q9x0x,spotify:track:1UhqsS2W93LhBQtA0q9x0x,https://p.scdn.co/mp3-preview/ab90dc98576c3705fda91adf21117bfb28a6b700?cid=63a77ff40e794a12ae216a18befde98c,The Way You Dream,29,"Michael Stipe,Asha Bhosle",1 Giant Leap,0.464,0.482,500733,0.584,0.0595,2,0.189,-9.976,0,0.0412,158.842,0.345
desi,This Is Asha Bhosle,37i9dQZF1DXcaxFdaLtowG,2Ju6Cc4poAKNKvxnCQ216O,spotify:track:2Ju6Cc4poAKNKvxnCQ216O,,Karle Pyar Karle,0,Asha Bhosle,Rough Guide: Asha Bhosle,0.961,0.588,320853,0.47,0.00329,5,0.324,-10.641,1,0.0669,101.597,0.8
desi,This Is Asha Bhosle,37i9dQZF1DXcaxFdaLtowG,3BERM98uzP2orrHk96PPvS,spotify:track:3BERM98uzP2orrHk96PPvS,https://p.scdn.co/mp3-preview/b78450c1e31f2a4a5c4a18e8bc8f3bcf0b0345a9?cid=63a77ff40e794a12ae216a18befde98c,Dil Cheez Kya Hai,32,Asha Bhosle,Umrao Jaan (Original Motion Picture Soundtrack),0.887,0.459,370027,0.652,1.48e-05,11,0.145,-4.233,1,0.0406,125.104,0.519
desi,This Is Asha Bhosle,37i9dQZF1DXcaxFdaLtowG,3BQj6QSXAjRAs2Ooi8QSzX,spotify:track:3BQj6QSXAjRAs2Ooi8QSzX,,"Piya Tu Ab To Aaja (From ""Caravan"")",0,"Asha Bhosle,R. D. Burman",The Very Best Of Asha Bhosle: The Queen Of Bollywood,0.783,0.436,323640,0.68,0.0067,4,0.169,-8.045,0,0.0614,124.178,0.414
desi,This Is Asha Bhosle,37i9dQZF1DXcaxFdaLtowG,6adCtjw7QeTlV9gswjBMC4,spotify:track:6adCtjw7QeTlV9gswjBMC4,,"Tanha Tanha (From ""Rangeela"")",5,"A.R. Rahman,Asha Bhosle",Rangeela (Original Motion Picture Soundtrack),0.0621,0.608,336000,0.895,0.00931,6,0.0446,-6.04,0,0.42,189.836,0.373
desi,This Is Asha Bhosle,37i9dQZF1DXcaxFdaLtowG,1dYOciuxgvYcepVR1ZmQNk,spotify:track:1dYOciuxgvYcepVR1ZmQNk,https://p.scdn.co/mp3-preview/e23c5edcfe645b68e43edee78812118e76008d17?cid=63a77ff40e794a12ae216a18befde98c,O Saathi Re - Female Vocals,25,Asha Bhosle,Muqaddar Ka Sikandar (Original Motion Picture Soundtrack),0.959,0.337,322035,0.467,0.0313,6,0.21,-10.002,1,0.0336,134.799,0.494
desi,This Is Asha Bhosle,37i9dQZF1DXcaxFdaLtowG,0bSnqjpsK7QT90xta63HiD,spotify:track:0bSnqjpsK7QT90xta63HiD,,"Jab Dil Mile (From ""Yaadein"")",17,"Asha Bhosle,Sunidhi Chauhan,Sukhwinder Singh,Udit Narayan",Yaadein (Original Motion Picture Soundtrack),0.0239,0.613,412000,0.842,0.347,0,0.131,-7.966,1,0.052,171.89,0.722
desi,This Is Asha Bhosle,37i9dQZF1DXcaxFdaLtowG,4YmUnd1thUgRxy6l3W4Yf4,spotify:track:4YmUnd1thUgRxy6l3W4Yf4,https://p.scdn.co/mp3-preview/b0835891d1d424b0ec8a7c1d8cdccc018a150baa?cid=63a77ff40e794a12ae216a18befde98c,September Madham,29,"Asha Bhosle,Shankar Mahadevan",Alaipayuthey (Original Motion Picture Soundtrack),0.104,0.798,307120,0.523,1.21e-05,8,0.13,-15.688,1,0.0557,137.015,0.921
desi,This Is Asha Bhosle,37i9dQZF1DXcaxFdaLtowG,2vsUOBcKDacdyYl2SxnaDr,spotify:track:2vsUOBcKDacdyYl2SxnaDr,,Dukhbhare Din,0,Asha Bhosle,Rough Guide: Asha Bhosle,0.691,0.511,189160,0.566,0.000273,8,0.0874,-9.781,1,0.0769,170.383,0.931
desi,This Is Asha Bhosle,37i9dQZF1DXcaxFdaLtowG,4hf9AcMxdo12yNT4gQSDpR,spotify:track:4hf9AcMxdo12yNT4gQSDpR,https://p.scdn.co/mp3-preview/076ed24af7f4c1e76142cc15e7c2a4ff49ef4c1c?cid=63a77ff40e794a12ae216a18befde98c,Tum Jo Mile,8,Asha Bhosle,Precious Platinum,0.701,0.352,278680,0.362,1.6e-05,10,0.101,-8.904,1,0.0347,78.521,0.33
desi,This Is Asha Bhosle,37i9dQZF1DXcaxFdaLtowG,4cdy3F7hCRFN8HvVIdOFTq,spotify:track:4cdy3F7hCRFN8HvVIdOFTq,https://p.scdn.co/mp3-preview/b01fa50e9e13bcbc780db6bbf64f1cdb6ad62f06?cid=63a77ff40e794a12ae216a18befde98c,Udi Baba,32,Asha Bhosle,Vidhaata (Original Motion Picture Soundtrack),0.0587,0.726,383191,0.502,0.00105,1,0.119,-11.316,1,0.134,102.447,0.516
desi,This Is Asha Bhosle,37i9dQZF1DXcaxFdaLtowG,7xblHcDxpqpkGim0NOl7Ni,spotify:track:7xblHcDxpqpkGim0NOl7Ni,https://p.scdn.co/mp3-preview/52af41cb7cfed0dc78689f6ea0ea13fab1fc48cc?cid=63a77ff40e794a12ae216a18befde98c,O Mundeya Mainnu Das De,14,"Asha Bhosle,Shabbir Kumar",Chhail Chhabeela,0.646,0.454,474749,0.539,0.0,8,0.0861,-15.123,1,0.103,87.904,0.779
desi,This Is Asha Bhosle,37i9dQZF1DXcaxFdaLtowG,3F4UtwguBOrZiDlt4h0GoA,spotify:track:3F4UtwguBOrZiDlt4h0GoA,,Typewriter Tip Tip Tip,0,"Kishore Kumar,Asha Bhosle",Jonny Trunk And Joel Martin Present Bollywood Funk Experience,0.839,0.668,281547,0.826,0.0,8,0.0755,-6.336,1,0.137,97.575,0.702
desi,This Is Asha Bhosle,37i9dQZF1DXcaxFdaLtowG,43sHEf7MgqOhuNISDoobs0,spotify:track:43sHEf7MgqOhuNISDoobs0,https://p.scdn.co/mp3-preview/280fb7ad17f47ca7ad23db1cf1a5b80a5b8b3048?cid=63a77ff40e794a12ae216a18befde98c,Do Lafzon Ki Hai (From The Great Gambler),16,Asha Bhosle,Brimful of Asha on the 45: Vol. 4,0.613,0.314,364539,0.413,0.118,2,0.109,-11.809,0,0.0365,73.985,0.36
desi,This Is Asha Bhosle,37i9dQZF1DXcaxFdaLtowG,1ejYAQQ19X3Pnsl3jPPhXo,spotify:track:1ejYAQQ19X3Pnsl3jPPhXo,https://p.scdn.co/mp3-preview/183af50417375c67fbdbeefc8ad82d531e2280b1?cid=63a77ff40e794a12ae216a18befde98c,"Kanaka Nu Lag Gaya (From ""Jatti"")",9,Asha Bhosle,Melody Queens – A Compilation of Asha & Lata,0.994,0.475,187193,0.543,0.969,7,0.386,-13.353,1,0.0608,92.347,0.852
desi,This Is Asha Bhosle,37i9dQZF1DXcaxFdaLtowG,3bO7PoVn2Med6obuToYBLG,spotify:track:3bO7PoVn2Med6obuToYBLG,https://p.scdn.co/mp3-preview/0dc8959b997b34d4d5da69b57d36f7908ff98b48?cid=63a77ff40e794a12ae216a18befde98c,Kabhi To Nazar Milao,41,"Adnan Sami,Asha Bhosle",Kabhi To Nazar Milao/Bheegi Bheegi raton Mein,0.571,0.588,465227,0.493,0.0,0,0.111,-9.696,1,0.0241,98.017,0.615
