category_id,playlist_name,playlist_id,track_id,track_uri,track_preview_url,track_name,track_popularity,artist_name,album_name,acousticness,danceability,duration_ms,energy,instrumentalness,key,liveness,loudness,mode,speechiness,tempo,valence
chill,Easy On Sunday,37i9dQZF1DWZpGSuzrdTXg,37adNHvszWoS1kINkE99Ja,spotify:track:37adNHvszWoS1kINkE99Ja,https://p.scdn.co/mp3-preview/676881320bd1ab4a0b743ba68bd87ac1807be714?cid=63a77ff40e794a12ae216a18befde98c,On the Train Ride Home,61,The Paper Kites,On the Train Ride Home,0.805,0.611,227200,0.195,0.103,6,0.112,-18.629,1,0.0275,103.001,0.203
chill,Easy On Sunday,37i9dQZF1DWZpGSuzrdTXg,3bH4HzoZZFq8UpZmI2AMgV,spotify:track:3bH4HzoZZFq8UpZmI2AMgV,https://p.scdn.co/mp3-preview/213ffa7ca413185c59a8811102048c07cd74494d?cid=63a77ff40e794a12ae216a18befde98c,New Light,82,John Mayer,New Light,0.325,0.828,216015,0.689,0.0384,7,0.0808,-7.878,1,0.0326,123.931,0.853
chill,Easy On Sunday,37i9dQZF1DWZpGSuzrdTXg,5brHijrNA7UAFw74p4f5v3,spotify:track:5brHijrNA7UAFw74p4f5v3,https://p.scdn.co/mp3-preview/5bd9a17dbb33b05995c5d5c980d050478a7e8b22?cid=63a77ff40e794a12ae216a18befde98c,Lights Down Low,58,MAX,Lights Down Low,0.0632,0.623,223847,0.493,0.0,5,0.104,-7.727,0,0.0338,81.019,0.594
chill,Easy On Sunday,37i9dQZF1DWZpGSuzrdTXg,6ywvpOWVw6GerSxaY8WQI2,spotify:track:6ywvpOWVw6GerSxaY8WQI2,,Selfish Love,18,Jessie Ware,Selfish Love,0.643,0.757,234688,0.486,0.000474,4,0.109,-7.128,0,0.0354,115.026,0.382
chill,Easy On Sunday,37i9dQZF1DWZpGSuzrdTXg,1Yw6ViCo3tuufI0Hg4mzSU,spotify:track:1Yw6ViCo3tuufI0Hg4mzSU,,You Make It Real,60,James Morrison,"Songs For You, Truths For Me (International Exclusive Bundle)",0.242,0.317,211400,0.57,0.0,0,0.145,-5.331,1,0.0324,84.253,0.322
chill,Easy On Sunday,37i9dQZF1DWZpGSuzrdTXg,4XlSTowke4Ul0J9xPGvzuY,spotify:track:4XlSTowke4Ul0J9xPGvzuY,https://p.scdn.co/mp3-preview/3ccb906cef45178b849cc77c4052bdff9cafa997?cid=63a77ff40e794a12ae216a18befde98c,Friends,58,David Benjamin,Friends,0.855,0.72,212125,0.33,0.0,5,0.111,-10.974,1,0.0352,89.918,0.716
chill,Easy On Sunday,37i9dQZF1DWZpGSuzrdTXg,3oB8dXCjtQShPeliylX8jg,spotify:track:3oB8dXCjtQShPeliylX8jg,,Till The Sun Comes Up,21,Jack and the Weatherman,Till The Sun Comes Up,0.264,0.727,201289,0.798,1.39e-06,6,0.37,-6.165,0,0.028,121.989,0.291
chill,Easy On Sunday,37i9dQZF1DWZpGSuzrdTXg,5TDxhVHsd9AxcWieCsYtcs,spotify:track:5TDxhVHsd9AxcWieCsYtcs,,Stone,58,"Alessia Cara,Sebastian Kole",Know-It-All (Deluxe),0.321,0.771,228000,0.514,2.82e-05,6,0.0903,-5.834,1,0.0324,128.022,0.337
chill,Easy On Sunday,37i9dQZF1DWZpGSuzrdTXg,2TIlqbIneP0ZY1O0EzYLlc,spotify:track:2TIlqbIneP0ZY1O0EzYLlc,,Someone You Loved,91,Lewis Capaldi,Breach,0.751,0.501,182161,0.405,0.0,1,0.105,-5.679,1,0.0319,109.891,0.446
chill,Easy On Sunday,37i9dQZF1DWZpGSuzrdTXg,2kz40rIHjfGYxurLiuCBp9,spotify:track:2kz40rIHjfGYxurLiuCBp9,,Lost on You,20,LP,Death Valley,0.1,0.433,268105,0.724,0.0,5,0.0918,-6.126,0,0.0372,174.006,0.689
chill,Easy On Sunday,37i9dQZF1DWZpGSuzrdTXg,2dU1nKAltV9lWPfuHdHwnI,spotify:track:2dU1nKAltV9lWPfuHdHwnI,https://p.scdn.co/mp3-preview/9f5f7faeea92e4a717c4172ccf4af5a45ab23960?cid=63a77ff40e794a12ae216a18befde98c,And The Birds Sing,60,Tyrone Wells,Metal & Wood,0.706,0.746,221492,0.406,9.4e-06,2,0.097,-10.709,1,0.0333,84.021,0.692
chill,Easy On Sunday,37i9dQZF1DWZpGSuzrdTXg,5p2QPQGojxx1vvr9RO90Zc,spotify:track:5p2QPQGojxx1vvr9RO90Zc,https://p.scdn.co/mp3-preview/442f02ec122560d89a991aa7a8b3b2d9a036ba2e?cid=63a77ff40e794a12ae216a18befde98c,Mind Games - Single Version,55,HAEVN,Mind Games,0.487,0.695,182438,0.621,8.97e-05,5,0.186,-8.847,0,0.0378,101.505,0.779
chill,Easy On Sunday,37i9dQZF1DWZpGSuzrdTXg,5InaPMeIHecsyEVzTnmXfb,spotify:track:5InaPMeIHecsyEVzTnmXfb,https://p.scdn.co/mp3-preview/300457cfc4d07ff85faea4ae734e7fe544736301?cid=63a77ff40e794a12ae216a18befde98c,Corners,55,Octave Lissner,Corners,0.671,0.737,219967,0.459,0.00384,2,0.147,-5.932,1,0.0257,82.978,0.509
chill,Easy On Sunday,37i9dQZF1DWZpGSuzrdTXg,1obcO5plIza6FtGmMD9ceN,spotify:track:1obcO5plIza6FtGmMD9ceN,,Running Out - Live From The Studio / 2016,17,Astrid S,Running Out (Live From The Studio),0.984,0.51,165307,0.224,2.78e-05,10,0.145,-7.423,1,0.0624,167.805,0.332
chill,Easy On Sunday,37i9dQZF1DWZpGSuzrdTXg,4lDN8anxsodu74ZlmON3Dp,spotify:track:4lDN8anxsodu74ZlmON3Dp,https://p.scdn.co/mp3-preview/3613207759e4afff4f60ee5fb46d82e65da5f168?cid=63a77ff40e794a12ae216a18befde98c,Lose Control - Acoustic Version,58,Matt Simons,Lose Control (Acoustic Version),0.399,0.683,157878,0.575,2.36e-05,5,0.0934,-8.171,0,0.0331,126.772,0.558
chill,Easy On Sunday,37i9dQZF1DWZpGSuzrdTXg,2fbXJ0VpxhW7j0qcg1DnoZ,spotify:track:2fbXJ0VpxhW7j0qcg1DnoZ,,Big Jet Plane,58,Angus & Julia Stone,Down The Way,0.252,0.766,239120,0.376,0.00861,10,0.0908,-8.622,0,0.0267,109.943,0.257
chill,Easy On Sunday,37i9dQZF1DWZpGSuzrdTXg,3XwOaKFb6sH0K6BfNJ4VDq,spotify:track:3XwOaKFb6sH0K6BfNJ4VDq,,Shine,58,Benjamin Francis Leftwich,Shine (Kygo Remix),0.653,0.715,178040,0.512,1.59e-06,4,0.309,-10.388,1,0.03,118.067,0.702
chill,Easy On Sunday,37i9dQZF1DWZpGSuzrdTXg,7nm68uKwGwMqznlOSBxhps,spotify:track:7nm68uKwGwMqznlOSBxhps,https://p.scdn.co/mp3-preview/fba04887d8fcc537fc94ec6085e19aa92114a7bd?cid=63a77ff40e794a12ae216a18befde98c,Wasn't Expecting That,59,Jamie Lawson,Wasn't Expecting That,0.424,0.591,201072,0.415,0.000299,6,0.111,-6.936,1,0.0437,90.483,0.197
chill,Easy On Sunday,37i9dQZF1DWZpGSuzrdTXg,3XRDrBtoCJAMDQJgSzJ9WT,spotify:track:3XRDrBtoCJAMDQJgSzJ9WT,,Where's My Love,22,SYML,Where's My Love,0.853,0.598,202107,0.343,0.0219,0,0.123,-11.04,0,0.025,103.984,0.419
chill,Easy On Sunday,37i9dQZF1DWZpGSuzrdTXg,6uTb5oNK9RkTjxmh73W7MG,spotify:track:6uTb5oNK9RkTjxmh73W7MG,,Die A Happy Man,63,Thomas Rhett,Tangled Up,0.406,0.585,227427,0.413,0.0,2,0.119,-9.319,1,0.0402,165.957,0.377
chill,Easy On Sunday,37i9dQZF1DWZpGSuzrdTXg,2GjxDcfAZjYhrxjz2t4qat,spotify:track:2GjxDcfAZjYhrxjz2t4qat,,Love You Anymore,23,Michael Bublé,Love You Anymore,0.892,0.691,182587,0.271,0.0,6,0.109,-7.583,1,0.0335,89.99,0.548
chill,Easy On Sunday,37i9dQZF1DWZpGSuzrdTXg,1HNywa8Bk0TmzRwQrzhtPo,spotify:track:1HNywa8Bk0TmzRwQrzhtPo,https://p.scdn.co/mp3-preview/62e7f2981c16230915de46596ff08a27a9bc8e1b?cid=63a77ff40e794a12ae216a18befde98c,I Guess I Just Feel Like,76,John Mayer,I Guess I Just Feel Like,0.615,0.556,285480,0.528,0.0964,4,0.122,-8.033,1,0.0266,159.821,0.163
chill,Easy On Sunday,37i9dQZF1DWZpGSuzrdTXg,1Xx7NsxXA91Jgt1fJ3NfNp,spotify:track:1Xx7NsxXA91Jgt1fJ3NfNp,https://p.scdn.co/mp3-preview/2eff0248846c967e2e2b6247985ce6e20ca0854d?cid=63a77ff40e794a12ae216a18befde98c,Roller Coaster,61,Danny Vera,Roller Coaster,0.51,0.4,269986,0.383,0.00763,9,0.121,-10.048,1,0.0279,96.944,0.285
chill,Easy On Sunday,37i9dQZF1DWZpGSuzrdTXg,79dWlFvR2N2q8aD3IzRpwW,spotify:track:79dWlFvR2N2q8aD3IzRpwW,https://p.scdn.co/mp3-preview/50350b4b45c15e6e04145d8a2f4dd335373149cd?cid=63a77ff40e794a12ae216a18befde98c,Lay Here,52,The Mulligan Brothers,The Mulligan Brothers,0.15,0.696,259240,0.5,0.0,7,0.0846,-7.87,1,0.067,129.658,0.358
chill,Easy On Sunday,37i9dQZF1DWZpGSuzrdTXg,7ksUuRAALPLYjhlpwTcDCH,spotify:track:7ksUuRAALPLYjhlpwTcDCH,https://p.scdn.co/mp3-preview/998300d8072caccdf6fcd8195c27b14b2063bdb3?cid=63a77ff40e794a12ae216a18befde98c,Be Good (feat. Tom Rosenthal),56,"Max Brodie,Tom Rosenthal",Be Good (feat. Tom Rosenthal),0.89,0.718,164631,0.305,0.000821,1,0.1,-16.455,1,0.0584,119.904,0.0507
chill,Easy On Sunday,37i9dQZF1DWZpGSuzrdTXg,1jABPS0UyMIdtJUsTcytCb,spotify:track:1jABPS0UyMIdtJUsTcytCb,,Eyes Shut,17,Years & Years,Eyes Shut,0.538,0.595,198227,0.67,0.0,0,0.123,-7.081,1,0.0419,97.989,0.202
chill,Easy On Sunday,37i9dQZF1DWZpGSuzrdTXg,3vOmmLuvEUgGaVuRsCs2QF,spotify:track:3vOmmLuvEUgGaVuRsCs2QF,,I Was Made For Loving You,65,"Tori Kelly,Ed Sheeran",Unbreakable Smile,0.355,0.374,188940,0.344,0.0,2,0.0966,-11.94,1,0.0304,106.415,0.216
chill,Easy On Sunday,37i9dQZF1DWZpGSuzrdTXg,4h0zU3O9R5xzuTmNO7dNDU,spotify:track:4h0zU3O9R5xzuTmNO7dNDU,https://p.scdn.co/mp3-preview/c9575fe471764b7aa965d11992e372ef8e16fe66?cid=63a77ff40e794a12ae216a18befde98c,Lost Boy,76,Ruth B.,Lost Boy,0.965,0.71,275280,0.0565,0.0,7,0.0889,-15.099,1,0.0534,123.994,0.348
chill,Easy On Sunday,37i9dQZF1DWZpGSuzrdTXg,5wrDrajYZSJqta7rJBvcJV,spotify:track:5wrDrajYZSJqta7rJBvcJV,https://p.scdn.co/mp3-preview/ec00e241825e9027d7594b0e2f630fdb4a169810?cid=63a77ff40e794a12ae216a18befde98c,Mind Made Up,57,Wulf,Mind Made Up,0.48,0.755,152480,0.428,0.0,3,0.192,-8.457,1,0.247,95.908,0.522
chill,Easy On Sunday,37i9dQZF1DWZpGSuzrdTXg,3icbmPGKTsKAa0IinkizCM,spotify:track:3icbmPGKTsKAa0IinkizCM,https://p.scdn.co/mp3-preview/43abbc07cdf93de62544359284b368399d728f90?cid=63a77ff40e794a12ae216a18befde98c,That's How You Know (feat. Kid Ink & Bebe Rexha),61,"Nico & Vinz,Kid Ink,Bebe Rexha",That's How You Know (feat. Kid Ink & Bebe Rexha),0.44,0.769,186443,0.437,0.0,1,0.116,-6.406,1,0.0363,103.921,0.737
chill,Easy On Sunday,37i9dQZF1DWZpGSuzrdTXg,2gjAuXhLvVuBH765dxJUXg,spotify:track:2gjAuXhLvVuBH765dxJUXg,,State I'm In,14,Brandyn Burnette,State I'm In - Single,0.133,0.659,228040,0.605,0.0,8,0.107,-5.169,1,0.115,146.066,0.41
chill,Easy On Sunday,37i9dQZF1DWZpGSuzrdTXg,5imShWWzwqfAJ9gXFpGAQh,spotify:track:5imShWWzwqfAJ9gXFpGAQh,https://p.scdn.co/mp3-preview/50fc46ef0800aef6c599266eb18592c784e93209?cid=63a77ff40e794a12ae216a18befde98c,Waiting On the World to Change,74,John Mayer,Continuum,0.159,0.577,201173,0.756,0.000232,2,0.249,-5.82,1,0.115,176.75,0.663
chill,Easy On Sunday,37i9dQZF1DWZpGSuzrdTXg,6FOyzhp375u8DapDyQqGTh,spotify:track:6FOyzhp375u8DapDyQqGTh,,Tiger Striped Sky,38,Roo Panes,Little Giant,0.944,0.473,241720,0.317,0.0124,2,0.11,-10.324,1,0.0318,139.899,0.132
chill,Easy On Sunday,37i9dQZF1DWZpGSuzrdTXg,21FzLpLN7S1XFePNSZHEFt,spotify:track:21FzLpLN7S1XFePNSZHEFt,,Wait,19,JP Cooper,Wait,0.19,0.557,231533,0.583,0.0,4,0.111,-8.056,1,0.0449,80.071,0.317
chill,Easy On Sunday,37i9dQZF1DWZpGSuzrdTXg,5C2Vas6jEIarFNVhNHuTGB,spotify:track:5C2Vas6jEIarFNVhNHuTGB,https://p.scdn.co/mp3-preview/ce51a9e4ff95b3f0ee1d52a40eba41d5748dd370?cid=63a77ff40e794a12ae216a18befde98c,I Like You,58,Ben Rector,The Walking in Between,0.343,0.657,138518,0.356,1.27e-06,3,0.11,-11.808,1,0.0362,78.914,0.394
chill,Easy On Sunday,37i9dQZF1DWZpGSuzrdTXg,6yvxKrf9KZLTodXFTBmdR1,spotify:track:6yvxKrf9KZLTodXFTBmdR1,,Nicotine,60,Chef'Special,Amigo,0.639,0.569,238260,0.301,1.02e-06,5,0.0982,-9.478,1,0.03,89.541,0.443
chill,Easy On Sunday,37i9dQZF1DWZpGSuzrdTXg,2pdYfeHGmZw01rqbspFIoZ,spotify:track:2pdYfeHGmZw01rqbspFIoZ,https://p.scdn.co/mp3-preview/b7aab46ed2e607fda990be6e9a7782ac81463650?cid=63a77ff40e794a12ae216a18befde98c,Almost Made It,51,Racoon,Almost Made It,0.804,0.681,153760,0.43,2.19e-05,5,0.096,-9.191,1,0.0275,124.902,0.362
chill,Easy On Sunday,37i9dQZF1DWZpGSuzrdTXg,2UcrOnNw5WJr6Xu2q8QAPI,spotify:track:2UcrOnNw5WJr6Xu2q8QAPI,https://p.scdn.co/mp3-preview/3974021e1682ccd40909a93ec479298040be8db3?cid=63a77ff40e794a12ae216a18befde98c,In Your Arms,58,"Felix Riebl,Martha Wainwright",In Your Arms,0.662,0.476,208853,0.592,0.000123,7,0.183,-8.852,1,0.032,96.047,0.371
chill,Easy On Sunday,37i9dQZF1DWZpGSuzrdTXg,1q74TesvRCIo5RvJM5B84F,spotify:track:1q74TesvRCIo5RvJM5B84F,,She Is Love,11,Parachute,Losing Sleep,0.616,0.629,146067,0.174,0.0,6,0.118,-9.697,1,0.141,134.297,0.305
chill,Easy On Sunday,37i9dQZF1DWZpGSuzrdTXg,1kjrgWG47wJgVqvQOvyb7C,spotify:track:1kjrgWG47wJgVqvQOvyb7C,,Hold My Girl,28,George Ezra,Hold My Girl,0.597,0.614,211764,0.527,0.0,10,0.11,-6.374,1,0.0302,121.941,0.354
chill,Easy On Sunday,37i9dQZF1DWZpGSuzrdTXg,0j2WBxWZnWti5TpSxjJvPb,spotify:track:0j2WBxWZnWti5TpSxjJvPb,https://p.scdn.co/mp3-preview/11ef945bc37b5d214025c74773777b1c793e5217?cid=63a77ff40e794a12ae216a18befde98c,Love on the Weekend,66,John Mayer,Love on the Weekend,0.547,0.729,212627,0.546,0.00287,7,0.0651,-9.305,1,0.0285,119.941,0.406
chill,Easy On Sunday,37i9dQZF1DWZpGSuzrdTXg,6g3h5Me9cAPMZVlGWZbXlN,spotify:track:6g3h5Me9cAPMZVlGWZbXlN,https://p.scdn.co/mp3-preview/b635cb0ea46259a6387136e4556e25abe929704f?cid=63a77ff40e794a12ae216a18befde98c,Make It on Your Own,56,Ed Struijlaart,Make It on Your Own,0.0361,0.645,175828,0.577,0.0,6,0.111,-8.512,1,0.0292,86.996,0.509
chill,Easy On Sunday,37i9dQZF1DWZpGSuzrdTXg,19bvVIF88d0PkFp8PNqX3q,spotify:track:19bvVIF88d0PkFp8PNqX3q,https://p.scdn.co/mp3-preview/2cfd73ec9d225de5529634b3fe08a5b3a1bcbed8?cid=63a77ff40e794a12ae216a18befde98c,Hold On,53,Kris Berry,Berry Street,0.384,0.708,231241,0.36,0.00107,4,0.113,-8.823,1,0.0333,85.005,0.477
chill,Easy On Sunday,37i9dQZF1DWZpGSuzrdTXg,1Pw5C4N6Fn5E4mGCxmbbVa,spotify:track:1Pw5C4N6Fn5E4mGCxmbbVa,https://p.scdn.co/mp3-preview/b079cbca31f049a450a35a329259f44244443043?cid=63a77ff40e794a12ae216a18befde98c,Say You Won't Let Go,77,James Arthur,Say You Won't Let Go,0.693,0.4,211240,0.564,0.0,10,0.0863,-7.444,1,0.0523,99.269,0.483
chill,Easy On Sunday,37i9dQZF1DWZpGSuzrdTXg,40EB7ABUO6MoWMUwPKptJ7,spotify:track:40EB7ABUO6MoWMUwPKptJ7,,Let It Go,67,James Bay,Chaos And The Calm,0.818,0.546,260533,0.311,1.65e-05,1,0.107,-10.396,1,0.0288,147.464,0.246
chill,Easy On Sunday,37i9dQZF1DWZpGSuzrdTXg,0ptKXVvF6qrNAjm9HGG0Rw,spotify:track:0ptKXVvF6qrNAjm9HGG0Rw,https://p.scdn.co/mp3-preview/3a626e709bfdc6d2c33f5ff8936c64cb36457e6d?cid=63a77ff40e794a12ae216a18befde98c,Close To You,55,Michael Prins,De Beste Singer Songwriter van Nederland 2,0.978,0.511,290680,0.0936,8.14e-05,7,0.0992,-13.798,1,0.0405,84.644,0.19
chill,Easy On Sunday,37i9dQZF1DWZpGSuzrdTXg,5T4dlptZuicwu2CENBBTiB,spotify:track:5T4dlptZuicwu2CENBBTiB,,Walking On A Wire,53,Tim Dawn,Walking On A Wire,0.265,0.49,215145,0.699,8.76e-06,8,0.0725,-9.628,0,0.0329,101.001,0.419
chill,Easy On Sunday,37i9dQZF1DWZpGSuzrdTXg,3DrY78fwQBAuqlntINQRB4,spotify:track:3DrY78fwQBAuqlntINQRB4,https://p.scdn.co/mp3-preview/15b7682d5df13542b4f00ad3ee8ca9edf1c6bf01?cid=63a77ff40e794a12ae216a18befde98c,City Of Stars,62,Gavin James,City Of Stars,0.934,0.531,154859,0.116,0.0,6,0.0981,-11.157,1,0.0548,117.469,0.176
chill,Easy On Sunday,37i9dQZF1DWZpGSuzrdTXg,55PULldftedylAcvuJoEPb,spotify:track:55PULldftedylAcvuJoEPb,,Paper Thin - Live From Studio,17,Astrid S,Paper Thin (Live From Studio),0.896,0.455,196073,0.113,0.0,1,0.0978,-12.887,1,0.0466,176.131,0.373
chill,Easy On Sunday,37i9dQZF1DWZpGSuzrdTXg,51wraBsCPN2svE8Ircwmlr,spotify:track:51wraBsCPN2svE8Ircwmlr,https://p.scdn.co/mp3-preview/842899f42f98595c167da7077f8cedffd51988d6?cid=63a77ff40e794a12ae216a18befde98c,Lost Without You,69,Krezip,Lost Without You,0.369,0.743,194785,0.239,0.0,8,0.159,-7.632,1,0.0384,93.881,0.236
chill,Easy On Sunday,37i9dQZF1DWZpGSuzrdTXg,54Sfi5x76ITYShTrjBnJkW,spotify:track:54Sfi5x76ITYShTrjBnJkW,https://p.scdn.co/mp3-preview/09102c858c6a04dbcd9e450c3f19d666726015e5?cid=63a77ff40e794a12ae216a18befde98c,Hell Or High Water,38,Passenger,Hell Or High Water,0.00182,0.338,220468,0.721,2.03e-05,4,0.349,-5.735,0,0.0587,80.774,0.381
chill,Easy On Sunday,37i9dQZF1DWZpGSuzrdTXg,3hT4aulcGsGrgeoGU0M5Pj,spotify:track:3hT4aulcGsGrgeoGU0M5Pj,https://p.scdn.co/mp3-preview/449b0af1f8e10201a1c15d8c6a3e368e1c93ff92?cid=63a77ff40e794a12ae216a18befde98c,Up We Go,49,Lights,Midnight Machines,0.882,0.657,339560,0.384,0.00227,4,0.114,-12.259,1,0.0422,123.953,0.374
chill,Easy On Sunday,37i9dQZF1DWZpGSuzrdTXg,5uhD79zVjkKdzmzTjqHXgo,spotify:track:5uhD79zVjkKdzmzTjqHXgo,,Howling at the Moon,15,Milow,Modern Heart,0.201,0.726,185787,0.659,0.0,0,0.194,-4.787,1,0.03,127.858,0.619
chill,Easy On Sunday,37i9dQZF1DWZpGSuzrdTXg,6JiiOlcOe1DCYpaMMlUNbK,spotify:track:6JiiOlcOe1DCYpaMMlUNbK,,Settle,18,Jordan Smith,Something Beautiful (Deluxe Version),0.82,0.375,191883,0.217,0.0,5,0.114,-9.382,1,0.0421,183.162,0.32
chill,Easy On Sunday,37i9dQZF1DWZpGSuzrdTXg,1DnSZ9M8uvX0UebR3dmBNI,spotify:track:1DnSZ9M8uvX0UebR3dmBNI,,Easy,25,Commodores,Commodores,0.112,0.589,256427,0.384,2.8e-05,10,0.0596,-15.075,0,0.0332,132.909,0.354
chill,Easy On Sunday,37i9dQZF1DWZpGSuzrdTXg,3OzgmgV9iwlOSfrlPFNWxy,spotify:track:3OzgmgV9iwlOSfrlPFNWxy,,Princess,19,Sonny,Princess,0.126,0.532,236166,0.586,0.0,11,0.0882,-7.253,1,0.116,171.983,0.383
chill,Easy On Sunday,37i9dQZF1DWZpGSuzrdTXg,6efsCy6jKzBN6oz9xQEgKj,spotify:track:6efsCy6jKzBN6oz9xQEgKj,,Lovely Morning,19,Room Eleven,Mmm... Gumbo?,0.938,0.592,233667,0.178,5.16e-05,5,0.0997,-10.853,1,0.0292,72.9,0.264
chill,Easy On Sunday,37i9dQZF1DWZpGSuzrdTXg,70K0ezmzYEZeqoSaZMyP7o,spotify:track:70K0ezmzYEZeqoSaZMyP7o,https://p.scdn.co/mp3-preview/8ec4cec52d5a1acab8a572e5ab83613526faeef1?cid=63a77ff40e794a12ae216a18befde98c,Let It All Go,67,"Birdy,RHODES",Let It All Go,0.817,0.383,280757,0.43,1.04e-06,10,0.0869,-8.644,1,0.0302,107.005,0.174
chill,Easy On Sunday,37i9dQZF1DWZpGSuzrdTXg,6CGf2aPvKj7497cZ6JMmGT,spotify:track:6CGf2aPvKj7497cZ6JMmGT,https://p.scdn.co/mp3-preview/4bee32bacdfa6cf34b27c2f3f6c7d0837a38e15a?cid=63a77ff40e794a12ae216a18befde98c,Remedy,65,Adele,25,0.894,0.403,245427,0.3,0.0,2,0.154,-6.475,1,0.0427,162.874,0.234
chill,Easy On Sunday,37i9dQZF1DWZpGSuzrdTXg,3AVE9qpiII7fyKjENTN8YI,spotify:track:3AVE9qpiII7fyKjENTN8YI,https://p.scdn.co/mp3-preview/39023dddf61111ec231ccf743f0c0eef31897de1?cid=63a77ff40e794a12ae216a18befde98c,Rather Be with You,56,Sinead Harnett,Rather Be with You,0.0409,0.656,199364,0.543,0.0,11,0.136,-6.586,0,0.0848,109.976,0.197
chill,Easy On Sunday,37i9dQZF1DWZpGSuzrdTXg,7lwYNEUrDP4thCD6nQ4nBv,spotify:track:7lwYNEUrDP4thCD6nQ4nBv,,Torn - Bonus Track,18,James TW,First Impressions,0.327,0.591,196213,0.539,0.0,9,0.119,-6.405,1,0.173,95.087,0.399
chill,Easy On Sunday,37i9dQZF1DWZpGSuzrdTXg,1JjdDVVOXp192O5kKxdK9N,spotify:track:1JjdDVVOXp192O5kKxdK9N,,Amigo - Acoustic,45,Chef'Special,Amigo (Acoustic),0.54,0.762,187522,0.294,0.0,5,0.114,-8.388,1,0.0483,119.772,0.406
chill,Easy On Sunday,37i9dQZF1DWZpGSuzrdTXg,7FjJeWyDx7l4bl4obEK69q,spotify:track:7FjJeWyDx7l4bl4obEK69q,https://p.scdn.co/mp3-preview/955fd7fa4c48c6684ec5eda65e8010122c910f59?cid=63a77ff40e794a12ae216a18befde98c,She's The One,46,Frances,She's The One,0.888,0.378,165315,0.146,0.0,0,0.115,-10.965,1,0.037,161.821,0.403
chill,Easy On Sunday,37i9dQZF1DWZpGSuzrdTXg,08O20R6tg17NIeV7FEVaMo,spotify:track:08O20R6tg17NIeV7FEVaMo,,Sleeptalking,56,Nona,It's Alright,0.903,0.383,167533,0.245,0.0,11,0.111,-7.948,1,0.0326,106.803,0.111
chill,Easy On Sunday,37i9dQZF1DWZpGSuzrdTXg,4I5kQyAYTvwHEIiZIP8B2j,spotify:track:4I5kQyAYTvwHEIiZIP8B2j,https://p.scdn.co/mp3-preview/6df9f7eb200f28bb1389f621e4ac983187531915?cid=63a77ff40e794a12ae216a18befde98c,I'll Be Around,61,Yo La Tengo,Fade,0.733,0.329,287107,0.328,0.89,7,0.114,-12.02,1,0.0385,104.26,0.0737
chill,Easy On Sunday,37i9dQZF1DWZpGSuzrdTXg,6i09oKaV93wnEE5ighvD1E,spotify:track:6i09oKaV93wnEE5ighvD1E,,Surround Me,19,LÉON,Surround Me,0.337,0.539,232360,0.531,0.0,5,0.0819,-7.928,1,0.189,177.953,0.371
chill,Easy On Sunday,37i9dQZF1DWZpGSuzrdTXg,5N1itNLaYtifU8YVbg9SBQ,spotify:track:5N1itNLaYtifU8YVbg9SBQ,,She Treats Me Well,17,Ben Howard,I Forget Where We Were,0.389,0.6,317933,0.498,0.26,0,0.0691,-12.637,0,0.0411,79.661,0.614
chill,Easy On Sunday,37i9dQZF1DWZpGSuzrdTXg,2pu58Ze8wqgZDq1eQs3P8c,spotify:track:2pu58Ze8wqgZDq1eQs3P8c,https://p.scdn.co/mp3-preview/ff59c83c426f74f7c6d987e8fe06bece46ddbb50?cid=63a77ff40e794a12ae216a18befde98c,Back in the Water,62,HAEVN,Back In The Water,0.844,0.562,189000,0.418,0.000976,0,0.105,-13.022,0,0.0862,187.97,0.268
chill,Easy On Sunday,37i9dQZF1DWZpGSuzrdTXg,3SBgn3VyF9blrHYcJ5bg1k,spotify:track:3SBgn3VyF9blrHYcJ5bg1k,,Find The River,16,R.E.M.,Automatic For The People,0.208,0.417,229733,0.465,0.0,2,0.16,-9.492,1,0.0272,144.121,0.231
chill,Easy On Sunday,37i9dQZF1DWZpGSuzrdTXg,4HCcvFdHfwR2u3WPPPVRv6,spotify:track:4HCcvFdHfwR2u3WPPPVRv6,https://p.scdn.co/mp3-preview/3605cb7ac82924ade94aa973cfea4aa143c60490?cid=63a77ff40e794a12ae216a18befde98c,Green & Gold,60,Lianne La Havas,Blood,0.212,0.7,278200,0.4,0.000321,7,0.55,-8.46,1,0.0465,93.959,0.28
chill,Easy On Sunday,37i9dQZF1DWZpGSuzrdTXg,3fsEOTVhgYxXDDwoC7wJR8,spotify:track:3fsEOTVhgYxXDDwoC7wJR8,,Let it Flow,18,Lotte Walda,Let it Flow,0.164,0.64,211781,0.432,4.9e-05,11,0.108,-12.216,1,0.091,75.05,0.642
chill,Easy On Sunday,37i9dQZF1DWZpGSuzrdTXg,3U2imIBWN0BnTS516Lhjfr,spotify:track:3U2imIBWN0BnTS516Lhjfr,https://p.scdn.co/mp3-preview/fac9a869fd52188ee38b27eef9ec2e299f7c6b79?cid=63a77ff40e794a12ae216a18befde98c,Sunday Smile,62,Jake Troth,Sunday Smile,0.541,0.686,208644,0.654,0.0,11,0.111,-6.73,1,0.0472,124.647,0.395
chill,Easy On Sunday,37i9dQZF1DWZpGSuzrdTXg,5mZEmChvCko8MIEP5lLcqP,spotify:track:5mZEmChvCko8MIEP5lLcqP,https://p.scdn.co/mp3-preview/b315e8b02b4fa12ee9d8c9de531be0a557e13b1f?cid=63a77ff40e794a12ae216a18befde98c,Can't Hold Out on Love,57,Jason Mraz,Can't Hold Out on Love,0.183,0.629,183853,0.608,3.19e-06,0,0.117,-6.573,1,0.0294,92.03,0.602
chill,Easy On Sunday,37i9dQZF1DWZpGSuzrdTXg,1eYY6nY4KiKXAT7QIQKyl5,spotify:track:1eYY6nY4KiKXAT7QIQKyl5,https://p.scdn.co/mp3-preview/312d164243061f7399537b632dcf9849eb47cebe?cid=63a77ff40e794a12ae216a18befde98c,Feels Like a River (feat. Michael McCrae),49,"Kenn Colt,Michael McCrae",Feels Like A River (feat. Michael McCrae),0.131,0.758,207568,0.755,0.0,9,0.662,-3.01,1,0.0337,111.015,0.508
chill,Easy On Sunday,37i9dQZF1DWZpGSuzrdTXg,4sasqE4lDhBhm4ER7EsQaf,spotify:track:4sasqE4lDhBhm4ER7EsQaf,,Passport Home,21,JP Cooper,Passport Home,0.0228,0.612,180813,0.477,0.0,5,0.116,-6.818,1,0.0269,86.034,0.304
chill,Easy On Sunday,37i9dQZF1DWZpGSuzrdTXg,0y9Pp4kymVGpIclcc1bKBC,spotify:track:0y9Pp4kymVGpIclcc1bKBC,,We Watched It All Come Down,19,Nina June,We Watched It All Come Down,0.744,0.631,232626,0.391,0.0342,7,0.0967,-10.614,1,0.0424,75.606,0.06
chill,Easy On Sunday,37i9dQZF1DWZpGSuzrdTXg,3ciQQMSy1lKDqJbwU9l1LT,spotify:track:3ciQQMSy1lKDqJbwU9l1LT,https://p.scdn.co/mp3-preview/c6a9592968a0d4d055b9e202b33ea6dc948f141b?cid=63a77ff40e794a12ae216a18befde98c,Als Het Avond Is,75,Suzan & Freek,Als Het Avond Is,0.527,0.724,205714,0.469,0.0,11,0.113,-7.216,1,0.0303,104.98,0.448
chill,Easy On Sunday,37i9dQZF1DWZpGSuzrdTXg,2eGFixlUmSK3Yei80riTVe,spotify:track:2eGFixlUmSK3Yei80riTVe,https://p.scdn.co/mp3-preview/22ae3b4b038ab388c461f5140fe3d6948b1912ec?cid=63a77ff40e794a12ae216a18befde98c,Wake Up This Day,57,"Tom Misch,Jordan Rakei",Beat Tape 2,0.557,0.734,229238,0.479,0.00071,0,0.0859,-8.285,0,0.0341,90.029,0.409
chill,Easy On Sunday,37i9dQZF1DWZpGSuzrdTXg,17O598wcIrissGHCqGuMM0,spotify:track:17O598wcIrissGHCqGuMM0,,So They Say,16,Rukhsana Merrise,September Songs,0.387,0.546,176947,0.504,0.000223,7,0.0895,-10.677,1,0.0936,89.879,0.247
chill,Easy On Sunday,37i9dQZF1DWZpGSuzrdTXg,3FNCYiEmLHChlMxU6ShUrP,spotify:track:3FNCYiEmLHChlMxU6ShUrP,https://p.scdn.co/mp3-preview/411512d6385072311a8aeba603c56679262c80d9?cid=63a77ff40e794a12ae216a18befde98c,Fortune Cookie,53,"Emma Bale,Milow",Fortune Cookie,0.414,0.63,181463,0.474,0.0,5,0.278,-6.536,1,0.0541,95.024,0.362
chill,Easy On Sunday,37i9dQZF1DWZpGSuzrdTXg,42YrWn7KYjhJ2GfjTJ3HSY,spotify:track:42YrWn7KYjhJ2GfjTJ3HSY,https://p.scdn.co/mp3-preview/5b8fe4cb8f7edf09fb77dd4c6d6c5941c9523610?cid=63a77ff40e794a12ae216a18befde98c,Work,64,Charlotte Day Wilson,Work,0.533,0.666,224714,0.296,0.25,1,0.0768,-8.219,1,0.0286,130.047,0.15
chill,Easy On Sunday,37i9dQZF1DWZpGSuzrdTXg,0N24Ao3uRkKLbT0Cuc45gb,spotify:track:0N24Ao3uRkKLbT0Cuc45gb,,One More Night,13,Michael Kiwanuka,One More Night,0.0145,0.685,233413,0.761,0.000133,6,0.146,-5.287,0,0.0256,107.805,0.943
chill,Easy On Sunday,37i9dQZF1DWZpGSuzrdTXg,1Yc2k9b9PNZSB6P5S53SPC,spotify:track:1Yc2k9b9PNZSB6P5S53SPC,,Fall At Your Feet,58,Crowded House,Woodface,0.457,0.65,198800,0.371,0.0116,0,0.102,-13.623,0,0.026,102.583,0.561
chill,Easy On Sunday,37i9dQZF1DWZpGSuzrdTXg,58FDKxg4uUVEOV0lSRHnQf,spotify:track:58FDKxg4uUVEOV0lSRHnQf,https://p.scdn.co/mp3-preview/f097fec928e20fc67157f30632cdff40e649ecbc?cid=63a77ff40e794a12ae216a18befde98c,Morning Light,55,"SRNO,David Benjamin",Morning Light,0.524,0.72,194182,0.569,0.00401,1,0.323,-7.614,0,0.0348,110.03,0.591
chill,Easy On Sunday,37i9dQZF1DWZpGSuzrdTXg,75Kchp4GZGyu61amcr8jRT,spotify:track:75Kchp4GZGyu61amcr8jRT,https://p.scdn.co/mp3-preview/7175d05d23a31eae64d40859ebcde2494ee52cdc?cid=63a77ff40e794a12ae216a18befde98c,Lush Life - Acoustic Version,55,Zara Larsson,Lush Life (Acoustic Version),0.767,0.655,202587,0.379,0.0,10,0.131,-8.985,1,0.0299,98.093,0.541
chill,Easy On Sunday,37i9dQZF1DWZpGSuzrdTXg,4vZuzqU0m4QKWQZtRyTt4s,spotify:track:4vZuzqU0m4QKWQZtRyTt4s,,Wait for You,16,Ady Suleiman,Wait for You,0.118,0.61,197493,0.847,0.0,6,0.357,-2.76,1,0.0303,75.513,0.595
chill,Easy On Sunday,37i9dQZF1DWZpGSuzrdTXg,14JzyD6FlBD5z0wV5P07YI,spotify:track:14JzyD6FlBD5z0wV5P07YI,,when the party's over,68,Billie Eilish,when the party's over,0.979,0.498,199931,0.104,7.86e-05,1,0.0895,-14.08,0,0.0621,124.001,0.205
chill,Easy On Sunday,37i9dQZF1DWZpGSuzrdTXg,5iSK3rUMvwU9wAsuhmyffE,spotify:track:5iSK3rUMvwU9wAsuhmyffE,https://p.scdn.co/mp3-preview/5755471fd8fef6370ca318040a180e4fd085685d?cid=63a77ff40e794a12ae216a18befde98c,"You, Me & the Sea",52,Angela Moyra,"You, Me & the Sea",0.268,0.592,246395,0.565,8.65e-06,0,0.129,-5.106,1,0.0463,167.021,0.533
chill,Easy On Sunday,37i9dQZF1DWZpGSuzrdTXg,0dHIxTtiYQHBQwIr4DJccJ,spotify:track:0dHIxTtiYQHBQwIr4DJccJ,https://p.scdn.co/mp3-preview/c1c4bd699afca41ac6744e4bc409cc770b6c6fca?cid=63a77ff40e794a12ae216a18befde98c,Sunday Afternoon,53,Alain Clark,Sunday Afternoon,0.22,0.731,286192,0.322,0.00376,11,0.0763,-10.709,0,0.0299,82.097,0.257
chill,Easy On Sunday,37i9dQZF1DWZpGSuzrdTXg,0ojCFgI78aJ33qskR7WpYx,spotify:track:0ojCFgI78aJ33qskR7WpYx,https://p.scdn.co/mp3-preview/25956a323d7c2334fc2232fac5626edfb1bf0a02?cid=63a77ff40e794a12ae216a18befde98c,You Might Need Somebody,51,Turley Richards,Therfu,0.642,0.727,216693,0.459,2.78e-06,9,0.247,-8.465,0,0.0241,82.249,0.883
chill,Easy On Sunday,37i9dQZF1DWZpGSuzrdTXg,5ltFw9shfgX60qfErriunE,spotify:track:5ltFw9shfgX60qfErriunE,,Bloom - Bonus Track,21,The Paper Kites,Woodland - EP,0.882,0.592,210080,0.416,0.000586,1,0.112,-9.794,1,0.0246,96.002,0.417
chill,Easy On Sunday,37i9dQZF1DWZpGSuzrdTXg,4txc3txsIt81diMzGhrVPS,spotify:track:4txc3txsIt81diMzGhrVPS,,wish you were gay,69,Billie Eilish,wish you were gay,0.39,0.853,221543,0.351,9.38e-06,7,0.752,-10.198,1,0.241,118.028,0.282
chill,Easy On Sunday,37i9dQZF1DWZpGSuzrdTXg,5dPREVUsHP468JeuqHNkuQ,spotify:track:5dPREVUsHP468JeuqHNkuQ,https://p.scdn.co/mp3-preview/7867902ada36665c62d90f056984451155647163?cid=63a77ff40e794a12ae216a18befde98c,Right Through Me,54,Marnix Emanuel,Right Through Me,0.929,0.526,213314,0.186,0.0,6,0.111,-8.689,1,0.0333,131.031,0.345
chill,Easy On Sunday,37i9dQZF1DWZpGSuzrdTXg,5m73Rb4xnEezVManFujRnC,spotify:track:5m73Rb4xnEezVManFujRnC,https://p.scdn.co/mp3-preview/a3ebcaaa4650dc455cf9bb7999290b3b5f00a403?cid=63a77ff40e794a12ae216a18befde98c,Forever,55,Mell & Vintage Future,Forever,0.668,0.613,207536,0.239,1.5e-06,3,0.1,-10.939,1,0.0337,143.965,0.291
chill,Easy On Sunday,37i9dQZF1DWZpGSuzrdTXg,7CFQrZR4WeKEg4vweqp8Gv,spotify:track:7CFQrZR4WeKEg4vweqp8Gv,,How Long Will I Love You - Bonus Track,70,Ellie Goulding,Halcyon Days,0.295,0.512,154435,0.304,0.000622,0,0.118,-9.19,1,0.0318,126.078,0.172
chill,Easy On Sunday,37i9dQZF1DWZpGSuzrdTXg,4IcRwlfIwp7BDljw7m8cSe,spotify:track:4IcRwlfIwp7BDljw7m8cSe,,Over And Over Again,19,"Nathan Sykes,Ariana Grande",Over And Over Again,0.96,0.575,246896,0.27,0.0,8,0.107,-8.379,1,0.0367,129.816,0.404
chill,Easy On Sunday,37i9dQZF1DWZpGSuzrdTXg,0nILp5SpecXFvJQotZe48y,spotify:track:0nILp5SpecXFvJQotZe48y,https://p.scdn.co/mp3-preview/2fee09555fd4e1b3a2713ad3de12f8f6f49fc281?cid=63a77ff40e794a12ae216a18befde98c,October Road,55,James Taylor,October Road (Special Edition),0.502,0.694,236667,0.51,0.128,4,0.112,-10.804,1,0.0355,144.947,0.384
chill,Easy On Sunday,37i9dQZF1DWZpGSuzrdTXg,2JqnpexlO9dmvjUMCaLCLJ,spotify:track:2JqnpexlO9dmvjUMCaLCLJ,https://p.scdn.co/mp3-preview/04cf58ec4116750b72117e8b2331f3b0e3ce884f?cid=63a77ff40e794a12ae216a18befde98c,Love Someone,81,Lukas Graham,Love Someone,0.161,0.55,205463,0.415,0.0,9,0.108,-6.557,0,0.052,172.065,0.274
chill,Easy On Sunday,37i9dQZF1DWZpGSuzrdTXg,54aVgftgHKZK3fmcGKQfN0,spotify:track:54aVgftgHKZK3fmcGKQfN0,https://p.scdn.co/mp3-preview/5621e5c04e13733ce6fd60243975f7d3fd82e035?cid=63a77ff40e794a12ae216a18befde98c,All Things Under The Sun,58,Wulf,All Things Under The Sun,0.185,0.639,186225,0.74,0.000132,2,0.183,-7.035,1,0.0314,128.096,0.783
chill,Easy On Sunday,37i9dQZF1DWZpGSuzrdTXg,561F1zqRwGPCTMRsLsXVtL,spotify:track:561F1zqRwGPCTMRsLsXVtL,https://p.scdn.co/mp3-preview/81da62da84116af30a16c958f4c95e522fc0d147?cid=63a77ff40e794a12ae216a18befde98c,Time In a Bottle,62,Jim Croce,You Don't Mess Around With Jim,0.848,0.544,146176,0.265,0.0,2,0.196,-11.952,1,0.035,133.837,0.7
