category_id,playlist_name,playlist_id,track_id,track_uri,track_preview_url,track_name,track_popularity,artist_name,album_name,acousticness,danceability,duration_ms,energy,instrumentalness,key,liveness,loudness,mode,speechiness,tempo,valence
classical,Romantic Era 50: Spotify Picks,37i9dQZF1DX8qDhzfjyTN6,2BoGqeQPudKngGagsPjSJW,spotify:track:2BoGqeQPudKngGagsPjSJW,,"Nocturne No.1 in E Flat Major, H.24",2,"John Field,Elizabeth Joy Roe",Field: Complete Nocturnes,0.993,0.321,221732,0.0272,0.919,3,0.0947,-25.066,1,0.037,74.69,0.0632
classical,Romantic Era 50: Spotify Picks,37i9dQZF1DX8qDhzfjyTN6,3CjSg4EZ5LkY15uQfKRu6S,spotify:track:3CjSg4EZ5LkY15uQfKRu6S,,"Piano Trio No.2 in E flat, Op.100 D.929: 2. Andante con moto",1,"Franz Schubert,Thomas Demenga,Hansheinz Schneeberger,Jörg Ewald Dähler","Schubert: Trio in Es-Dur, Notturno",0.975,0.32,543486,0.0214,0.381,0,0.0909,-23.235,0,0.0329,95.558,0.0929
classical,Romantic Era 50: Spotify Picks,37i9dQZF1DX8qDhzfjyTN6,0SifX43sqQ1b2SVaDzX4N9,spotify:track:0SifX43sqQ1b2SVaDzX4N9,,"Sonata for Viola and Piano No.2 in E flat, Op.120 No.2: 2. Appassionato, ma non troppo allegro",0,"Johannes Brahms,Kim Kashkashian,Robert Levin",Johannes Brahms - Sonaten für Viola und Klavier,0.987,0.275,330467,0.0637,0.807,11,0.117,-21.47,1,0.0374,96.208,0.12
classical,Romantic Era 50: Spotify Picks,37i9dQZF1DX8qDhzfjyTN6,6qVrJucvSFhQNnPUHUl0R4,spotify:track:6qVrJucvSFhQNnPUHUl0R4,,"Violin Concerto In D Minor, MVW O3: 3. Allegro",1,"Felix Mendelssohn,Daniel Hope,Kammerorchester Basel",My Tribute To Yehudi Menuhin,0.92,0.502,247521,0.193,0.363,2,0.297,-19.935,0,0.0481,81.064,0.415
classical,Romantic Era 50: Spotify Picks,37i9dQZF1DX8qDhzfjyTN6,0B6g9GP2NL2JffEgjsedQn,spotify:track:0B6g9GP2NL2JffEgjsedQn,https://p.scdn.co/mp3-preview/14514cd35db44b3a360cead992694499c4f2e25b?cid=63a77ff40e794a12ae216a18befde98c,"Symphony No. 5 in E Flat, Op. 82: I. Tempo molto moderato – Allegro moderato (ma poco a poco stretto) – Presto – Più presto",27,"Jean Sibelius,Sir Mark Elder,Hallé","Sibelius: Symphonies Nos. 5, 7 & En Saga",0.962,0.212,810360,0.0603,0.774,3,0.0787,-24.559,1,0.0406,132.298,0.0371
classical,Romantic Era 50: Spotify Picks,37i9dQZF1DX8qDhzfjyTN6,2zPXGvWygjsqhUJaguFHBF,spotify:track:2zPXGvWygjsqhUJaguFHBF,https://p.scdn.co/mp3-preview/4b975038859cd59382be0c2d1b91f3666ff14033?cid=63a77ff40e794a12ae216a18befde98c,"Märchenbilder pour alto et piano, Op. 113: I. Nicht schnell",29,"Robert Schumann,Eric Le Sage,Antoine Tamestit",Schumann: Klavierwerke & Kammermusik III,0.994,0.263,191053,0.0507,0.938,2,0.0757,-25.845,0,0.0387,77.879,0.124
classical,Romantic Era 50: Spotify Picks,37i9dQZF1DX8qDhzfjyTN6,13gK08r4KZarPPlJsh0s6f,spotify:track:13gK08r4KZarPPlJsh0s6f,https://p.scdn.co/mp3-preview/0ef85e145779d0412dfeafecbc53e9d47e4b1fe4?cid=63a77ff40e794a12ae216a18befde98c,"Symphony No. 3 in C Major, Op. 32: I. Moderato assai - Allegro",27,"Nikolai Rimsky-Korsakov,St. Petersburg State Symphony Orchestra,Andre Anichanov",Rimsky-Korsakov: Symphony No. 3 / Sinfonietta Op. 31,0.946,0.185,750467,0.0901,0.876,0,0.0968,-22.983,1,0.0359,94.772,0.0522
classical,Romantic Era 50: Spotify Picks,37i9dQZF1DX8qDhzfjyTN6,0gwZcxRLPyi77d9H2zIkQh,spotify:track:0gwZcxRLPyi77d9H2zIkQh,https://p.scdn.co/mp3-preview/daad2e73cefc1a8d8e0854430259c8f2aa3737b3?cid=63a77ff40e794a12ae216a18befde98c,"Berceuse in D-Flat Major, Op. 57",27,"Frédéric Chopin,Murray Perahia",Murray Perahia Plays Chopin,0.973,0.265,302613,0.0115,0.889,1,0.0904,-40.608,1,0.0371,73.378,0.14
classical,Romantic Era 50: Spotify Picks,37i9dQZF1DX8qDhzfjyTN6,4Au6Z1lmjAJR9Tuh9fiKG2,spotify:track:4Au6Z1lmjAJR9Tuh9fiKG2,https://p.scdn.co/mp3-preview/5dfb4cb832d98b0233cea84edff6637cd30aab77?cid=63a77ff40e794a12ae216a18befde98c,Piano Quintet in C Minor: I. Andante,26,"Alexander Borodin,Ilona Prunyi,New Budapest Quartet",Borodin: Piano Quintet / String Quintet,0.975,0.238,267000,0.0566,0.867,0,0.178,-23.192,0,0.0393,67.758,0.0908
classical,Romantic Era 50: Spotify Picks,37i9dQZF1DX8qDhzfjyTN6,0P3TUNfXfhdJ4rgdZAUL6i,spotify:track:0P3TUNfXfhdJ4rgdZAUL6i,https://p.scdn.co/mp3-preview/05d45d6387d5d91b8e3df231c7dd000d9b0d430e?cid=63a77ff40e794a12ae216a18befde98c,"Má vlast (My Country): No. 2, Vltava [Moldau]",45,"Bedřich Smetana,Polish National Radio Symphony Orchestra,Antoni Wit",Smetana: Ma Vlast (My Country),0.931,0.138,794000,0.114,0.909,7,0.0431,-21.041,1,0.0347,148.02,0.0387
classical,Romantic Era 50: Spotify Picks,37i9dQZF1DX8qDhzfjyTN6,5V6hWQU32HFknN9nk7qftL,spotify:track:5V6hWQU32HFknN9nk7qftL,https://p.scdn.co/mp3-preview/9368de1995a7ab433558dbe505e9281db6c41e1a?cid=63a77ff40e794a12ae216a18befde98c,"Pictures at an Exhibition: The Old Castle, Andantino molto",26,"Modest Mussorgsky,Boris Giltburg",Piano Recital,0.993,0.309,251067,0.00262,0.943,8,0.0901,-40.5,0,0.0591,84.466,0.0693
classical,Romantic Era 50: Spotify Picks,37i9dQZF1DX8qDhzfjyTN6,7jyfwmzGwIMA4iSomBF1oQ,spotify:track:7jyfwmzGwIMA4iSomBF1oQ,https://p.scdn.co/mp3-preview/a8f92b99e01e8d662f4375238baf3c7522138e01?cid=63a77ff40e794a12ae216a18befde98c,"String Sextet in D Major, Op. 10: I. Moderato - Allegro",24,"Erich Wolfgang Korngold,Aron Quartet,Thomas Selditz,Màrius Díaz","Korngold: String Sextet, Op. 10 & Suite, Op. 23",0.907,0.243,575253,0.121,0.587,7,0.104,-17.782,1,0.0469,85.485,0.084
classical,Romantic Era 50: Spotify Picks,37i9dQZF1DX8qDhzfjyTN6,7FibPRYvDwas0nIbooJzhR,spotify:track:7FibPRYvDwas0nIbooJzhR,,"Symphony No.10 In F Sharp (Unfinished): Adagio - Live From Severance Hall, Cleveland / 2010",20,"Gustav Mahler,Cleveland Orchestra,Pierre Boulez",Mahler: Des Knaben Wunderhorn; Adagio from Symphony No.10,0.878,0.13,1443352,0.0506,0.605,6,0.211,-24.031,1,0.0408,83.364,0.0308
classical,Romantic Era 50: Spotify Picks,37i9dQZF1DX8qDhzfjyTN6,2UR2MA93fn1ee655RysExw,spotify:track:2UR2MA93fn1ee655RysExw,,Parsifal: Prelude,0,"Richard Wagner,Bayreuth Festival Orchestra,Pierre Boulez",Wagner: Parsifal,0.986,0.0798,627333,0.0631,0.91,8,0.0695,-24.093,1,0.0431,80.977,0.0286
classical,Romantic Era 50: Spotify Picks,37i9dQZF1DX8qDhzfjyTN6,477LkJPK148MIlA7vHCvdy,spotify:track:477LkJPK148MIlA7vHCvdy,,"Pierrot Lunaire, Op.21 (1912) / Part 1: 1. Mondestrunken",0,"Arnold Schoenberg,Christine Schäfer,Ensemble Intercontemporain,Pierre Boulez",Schoenberg: Pierrot Lunaire; Herzgewächse; Ode to Napoleon,0.971,0.407,99093,0.021,2.35e-06,6,0.224,-28.367,0,0.0453,130.368,0.243
classical,Romantic Era 50: Spotify Picks,37i9dQZF1DX8qDhzfjyTN6,0AsQtUFOE22KA3LAAF1kJa,spotify:track:0AsQtUFOE22KA3LAAF1kJa,,"Symphony No.8 In C Minor, WAB 108 - Ed. Haas: 1. Allegro moderato",0,"Anton Bruckner,Wiener Philharmoniker,Pierre Boulez",Bruckner: Symphony No.8,0.906,0.176,910000,0.0828,0.915,10,0.0581,-19.218,0,0.0417,110.431,0.0342
classical,Romantic Era 50: Spotify Picks,37i9dQZF1DX8qDhzfjyTN6,4WV6VQ8NmHjmM5FMdUGtzd,spotify:track:4WV6VQ8NmHjmM5FMdUGtzd,https://p.scdn.co/mp3-preview/9df20b2d542fe2063a55bb40c64ff7db96bb37a3?cid=63a77ff40e794a12ae216a18befde98c,Trio pathetique in D Minor: I. Allegro moderato,21,"Mikhail Glinka,London Conchord Ensemble",St Petersburg,0.986,0.253,309133,0.128,0.917,10,0.0979,-18.849,1,0.0429,69.324,0.104
classical,Romantic Era 50: Spotify Picks,37i9dQZF1DX8qDhzfjyTN6,4TQwKe0HzlChHujpDfuv8I,spotify:track:4TQwKe0HzlChHujpDfuv8I,https://p.scdn.co/mp3-preview/946b1a3bc7a782e2da3ce72dd2cd965e1e442d8b?cid=63a77ff40e794a12ae216a18befde98c,"Konzertstuck in F Minor, J. 282, Op. 79",22,"Carl Maria von Weber,Benjamin Frith,RTE Sinfonietta,Proinnsias O'Duinn",Weber: Piano Concertos Nos. 1 and 2 / Polacca Brillante,0.975,0.307,1003627,0.0724,0.892,0,0.0717,-25.339,1,0.0445,120.088,0.0398
classical,Romantic Era 50: Spotify Picks,37i9dQZF1DX8qDhzfjyTN6,5hBIxDkdjLZvVqxhLR2GjP,spotify:track:5hBIxDkdjLZvVqxhLR2GjP,https://p.scdn.co/mp3-preview/2866708e9e8517f01a8611bdb883928c91bd0db8?cid=63a77ff40e794a12ae216a18befde98c,"Dvorak: String Quartet No. 12 in F Major, Op. 96, 'American': I. Allegro, ma non troppo",20,"Antonín Dvořák,Keller Quartett",Dvorák : String Quartet No.12 & String Quintet in E flat major (Apex),0.965,0.295,550800,0.118,0.81,5,0.082,-20.226,1,0.0427,115.714,0.094
classical,Romantic Era 50: Spotify Picks,37i9dQZF1DX8qDhzfjyTN6,3sJYpe3HuBfTRBnkUijRz6,spotify:track:3sJYpe3HuBfTRBnkUijRz6,https://p.scdn.co/mp3-preview/1845740248f27fadcd544bef5dcf01224cb5f74e?cid=63a77ff40e794a12ae216a18befde98c,"Symphony No. 3 in C Major, ""Sinfonie singuliere"": I. Allegro fuocoso",20,"Franz Berwald,Niklas Sivelov,Helsingborg Symphony Orchestra,Okko Kamu",Berwald: Symphonies Nos. 3 and 4 / Piano Concerto,0.874,0.22,707440,0.0675,0.585,0,0.111,-22.924,1,0.0377,76.253,0.102
classical,Romantic Era 50: Spotify Picks,37i9dQZF1DX8qDhzfjyTN6,1txHASBG3LAghtUK4YTUTt,spotify:track:1txHASBG3LAghtUK4YTUTt,https://p.scdn.co/mp3-preview/d3086540db6eee281bd939a6467624c4a7d30790?cid=63a77ff40e794a12ae216a18befde98c,Allegro brillante in E-Flat Major,20,"Wilhelm Stenhammar,Lucia Negro,Patrik Swedrup,Ingegerd Kierkegaard,Helena Nilsson",Stenhammar: Chamber Music With Piano,0.979,0.254,758000,0.0669,0.816,3,0.0721,-20.583,1,0.0358,100.254,0.0765
classical,Romantic Era 50: Spotify Picks,37i9dQZF1DX8qDhzfjyTN6,2JOGLOWUE4E8j7vWVfCXOM,spotify:track:2JOGLOWUE4E8j7vWVfCXOM,https://p.scdn.co/mp3-preview/477138eea30bd1e6e8d87b6742658d9f1da160d7?cid=63a77ff40e794a12ae216a18befde98c,Dvorák : The Wild Dove Op.110,20,"Antonín Dvořák,Nikolaus Harnoncourt,Royal Concertgebouw Orchestra",Dvorák : Symphonic Poems,0.911,0.186,1196440,0.0426,0.382,8,0.101,-23.087,1,0.0433,113.089,0.0371
classical,Romantic Era 50: Spotify Picks,37i9dQZF1DX8qDhzfjyTN6,3lZicqvp1acxlqvDmcU91w,spotify:track:3lZicqvp1acxlqvDmcU91w,https://p.scdn.co/mp3-preview/f11250995da45969812f686ce589d8724f4c7541?cid=63a77ff40e794a12ae216a18befde98c,"Cello Sonata No. 4 in A Minor, Op. 116: I. Allegro moderato",20,"Max Reger,Reimund Korupp,Rudolf Meister",Reger: Cello Sonatas Nos. 1 & 4,0.974,0.21,659027,0.128,0.927,7,0.0925,-20.309,1,0.0384,86.545,0.0388
classical,Romantic Era 50: Spotify Picks,37i9dQZF1DX8qDhzfjyTN6,3aJFln9CDxao8xT2v8CO7Q,spotify:track:3aJFln9CDxao8xT2v8CO7Q,https://p.scdn.co/mp3-preview/e259ee6194714be3a0e9991b92ecfbf1ed789ed5?cid=63a77ff40e794a12ae216a18befde98c,"Nocturne No. 13 in B minor, Op. 119",20,"Gabriel Fauré,Paul Crossley",Fauré: The Nocturnes 8-13 / Pieces Breves Op.84,0.991,0.321,465200,0.0768,0.914,4,0.0725,-20.724,0,0.0402,61.954,0.0393
classical,Romantic Era 50: Spotify Picks,37i9dQZF1DX8qDhzfjyTN6,0H7X4DpudXgwcp5W0Ivbti,spotify:track:0H7X4DpudXgwcp5W0Ivbti,https://p.scdn.co/mp3-preview/1db66cec0e24400ce012275e5cce2303429063fe?cid=63a77ff40e794a12ae216a18befde98c,"Souvenir de Florence, Op. 70, TH 118: I. Allegro con spirito",23,"Pyotr Ilyich Tchaikovsky,Emerson String Quartet,Paul Neubauer,Colin Carr",Journeys,0.939,0.366,646907,0.248,0.791,2,0.353,-16.209,0,0.0422,110.161,0.298
classical,Romantic Era 50: Spotify Picks,37i9dQZF1DX8qDhzfjyTN6,0C7vjcFzE0V3TvyAhOmLWD,spotify:track:0C7vjcFzE0V3TvyAhOmLWD,,"24 Préludes, Op.28: 17. In A Flat Major",0,"Frédéric Chopin,Rafał Blechacz",Chopin: Préludes,0.995,0.336,195667,0.0348,0.895,8,0.109,-28.089,1,0.039,69.737,0.0426
classical,Romantic Era 50: Spotify Picks,37i9dQZF1DX8qDhzfjyTN6,5K2w1Lvu1QfVzu6WXthV9f,spotify:track:5K2w1Lvu1QfVzu6WXthV9f,https://p.scdn.co/mp3-preview/767603dacccffd9fbf352e640e4935c0e8d70b17?cid=63a77ff40e794a12ae216a18befde98c,String Quintet in A Minor: I. Allegro,28,"Max Bruch,Vadim Gluzman,Sandis Steinbergs,Maxim Rysanov,Ilze Klava,Reinis Birznieks",Bruch: Violin Concerto - Romanze,0.78,0.253,586200,0.11,0.773,9,0.0643,-22.089,0,0.0391,83.663,0.133
classical,Romantic Era 50: Spotify Picks,37i9dQZF1DX8qDhzfjyTN6,6tTK8DP8scr5ZXQ29H9Xi3,spotify:track:6tTK8DP8scr5ZXQ29H9Xi3,,Symphony No 3: i. Allegro espansivo,0,"Carl Nielsen,Sir Colin Davis,London Symphony Orchestra",Nielsen: Symphonies Nos 2 & 3,0.948,0.289,688347,0.0925,0.887,5,0.108,-19.879,1,0.0339,100.736,0.126
classical,Romantic Era 50: Spotify Picks,37i9dQZF1DX8qDhzfjyTN6,2wglAQW5LXaIJ8bEt6Tyab,spotify:track:2wglAQW5LXaIJ8bEt6Tyab,https://p.scdn.co/mp3-preview/defc7cfbb00177d02f79111f783e8b243c54e74e?cid=63a77ff40e794a12ae216a18befde98c,"Manfred, Op. 58: I. Lento lugubre - Moderato con moto",20,"Pyotr Ilyich Tchaikovsky,Norbert Gembaczka,Russian National Orchestra,Mikhail Pletnev",Tchaikovsky: Manfred Symphony,0.958,0.075,1051013,0.0525,0.827,11,0.0693,-24.026,0,0.0433,58.754,0.0387
classical,Romantic Era 50: Spotify Picks,37i9dQZF1DX8qDhzfjyTN6,4vJRaqFE8zcvpZksJZxvvB,spotify:track:4vJRaqFE8zcvpZksJZxvvB,https://p.scdn.co/mp3-preview/1e2a7a7551ed6dc55a073b06817a87308ff5bad8?cid=63a77ff40e794a12ae216a18befde98c,"Oboe Sonata in D Major, Op. 166: I. Andantino",20,"Camille Saint-Saëns,Allan Vogel,Bryan Pezzone","Saint-Saens, C.: Oboe Sonata in D Major / Poulenc, F.: Oboe Sonata / Britten, B.: 6 Metamorphoses After Ovid / Schumann, R.: 3 Romanzen",0.992,0.262,232293,0.0496,0.901,2,0.0535,-23.929,1,0.0423,76.582,0.156
classical,Romantic Era 50: Spotify Picks,37i9dQZF1DX8qDhzfjyTN6,0mkoOsSP7BsaBI65XwBncK,spotify:track:0mkoOsSP7BsaBI65XwBncK,https://p.scdn.co/mp3-preview/717fe423a50a242e05a97e66147a4fe3d4a41aa5?cid=63a77ff40e794a12ae216a18befde98c,"Pelleas and Melisande Suite, Op. 46, JS 147: Act V Scene 2: Prelude: Andante",28,"Jean Sibelius,Turku Philharmonic Orchestra,Leif Segerstam","Sibelius: Pelleas and Melisande Suite, Musik zu einer Szene & 3 Pièces pour orchestre",0.957,0.155,444547,0.00976,0.965,2,0.0589,-29.809,0,0.0413,61.581,0.0324
classical,Romantic Era 50: Spotify Picks,37i9dQZF1DX8qDhzfjyTN6,7jwJ2lXaMN9ze34cz1jrDT,spotify:track:7jwJ2lXaMN9ze34cz1jrDT,https://p.scdn.co/mp3-preview/74d790d1fabd6c03d9a0ea8e2e9daeb3843555c0?cid=63a77ff40e794a12ae216a18befde98c,"Sinfonie Nr. 3 c-Moll, Op. 78, ""Orgelsinfonie"": 2. Maestoso - Allegro - Più allegro - Molto allegro - Pesante (Ein Schweinchen names Babe): I. Adagio - Allegro moderato -",25,"Camille Saint-Saëns,Imrich Szabo,Slovak Radio Symphony Orchestra,Stephen Gunzenhauser",Saint-Saens: Symphony No. 3 / Piano Concerto No. 2,0.96,0.222,621640,0.0556,0.832,1,0.0718,-25.25,1,0.0439,115.812,0.0557
classical,Romantic Era 50: Spotify Picks,37i9dQZF1DX8qDhzfjyTN6,45EgNIaPE3Nrkpo1Nszn5L,spotify:track:45EgNIaPE3Nrkpo1Nszn5L,https://p.scdn.co/mp3-preview/804fe85a9a3cfe03294034d244bba8c9a55e65fb?cid=63a77ff40e794a12ae216a18befde98c,Clarinet Sonata in E-Flat Major: I. Adagio - Allegro moderato,20,"Felix Mendelssohn,Eduard Brunner,Adrian Oetiker","Mendelssohn: Trio for Violin, Viola and Piano - Sonatas for Viola and Clarinet",0.991,0.269,654013,0.115,0.665,10,0.171,-19.217,1,0.0363,83.668,0.132
classical,Romantic Era 50: Spotify Picks,37i9dQZF1DX8qDhzfjyTN6,0gJAZhYOkVF1APy8PnkZ9a,spotify:track:0gJAZhYOkVF1APy8PnkZ9a,https://p.scdn.co/mp3-preview/cabee822f61f41c8d1e398dfc554445326dd378a?cid=63a77ff40e794a12ae216a18befde98c,"Winterreise, D. 911: Winterreise, D. 911: Der Lindenbaum",20,"Franz Schubert,Matthias Goerne,Christoph Eschenbach",Schubert: Winterreise D. 911,0.988,0.149,319880,0.00712,0.000706,4,0.0726,-32.381,1,0.0523,174.677,0.0852
classical,Romantic Era 50: Spotify Picks,37i9dQZF1DX8qDhzfjyTN6,2qspLJIbR4qj4X17dZAB1u,spotify:track:2qspLJIbR4qj4X17dZAB1u,https://p.scdn.co/mp3-preview/99b8b0ffa0835c42e277f4c3b4a60887e4250e11?cid=63a77ff40e794a12ae216a18befde98c,"""Trout"" Quintet in A, Op. 114 (Die Forelle/La Truite): ""Trout"" Quintet in A, Op. 114 (Die Forelle/La Truite): II. Andante",42,"Franz Schubert,Christophe Gaugué,Trio Wanderer,Stéphane Logerot","Schubert: ""Trout Quintet"", Op. 114 D 667",0.95,0.325,401933,0.0716,0.844,0,0.12,-26.806,1,0.0516,121.363,0.148
classical,Romantic Era 50: Spotify Picks,37i9dQZF1DX8qDhzfjyTN6,4aPO3BAhlMQ5BeDoCBAc7C,spotify:track:4aPO3BAhlMQ5BeDoCBAc7C,https://p.scdn.co/mp3-preview/2831a5f64e4688b737fa7c3964e87dfa7ff92e75?cid=63a77ff40e794a12ae216a18befde98c,"Symphony No. 5 in B-Flat Major, D. 485: I. Allegro",23,"Franz Schubert,Bamberg Symphony,Jonathan Nott",Franz Schubert: The Symphonies,0.953,0.375,434000,0.115,0.895,10,0.158,-16.797,1,0.0404,120.478,0.208
classical,Romantic Era 50: Spotify Picks,37i9dQZF1DX8qDhzfjyTN6,52oI47U6wzXOfmqbRv1Duq,spotify:track:52oI47U6wzXOfmqbRv1Duq,https://p.scdn.co/mp3-preview/17150a69028cb679f71551c5075f2aa16af87862?cid=63a77ff40e794a12ae216a18befde98c,"12 Etudes dans les tons majeurs, Op. 35: Etude No. 7 in E-Flat Major. L'incendie au village voisin",19,"Charles-Valentin Alkan,Bernard Ringeissen","Alkan: 12 Etudes, Op. 35 / Le Festin D'Esope / Scherzo Diabolico",0.981,0.38,666000,0.128,0.887,3,0.274,-20.012,1,0.0407,118.203,0.0373
classical,Romantic Era 50: Spotify Picks,37i9dQZF1DX8qDhzfjyTN6,2Z4aQJh0kesRMookvtfR4y,spotify:track:2Z4aQJh0kesRMookvtfR4y,https://p.scdn.co/mp3-preview/eff0bdf3e282a3e59114c24dd5453e7d549f07c3?cid=63a77ff40e794a12ae216a18befde98c,"Piano Concerto in A Minor, Op.16: I. Allegro molto moderato",46,"Edvard Grieg,Javier Perianes,BBC Symphony Orchestra,Sakari Oramo",Grieg: Piano Concerto & Lyric Pieces,0.975,0.303,820853,0.119,0.88,9,0.112,-18.055,0,0.0386,94.868,0.038
classical,Romantic Era 50: Spotify Picks,37i9dQZF1DX8qDhzfjyTN6,0agc2Ck5IQvbRWs0ltSIWA,spotify:track:0agc2Ck5IQvbRWs0ltSIWA,,"Années de pèlerinage: Première année: Suisse, S.160: 1. La Chapelle de Guilaume Tell",22,"Franz Liszt,Lazar Berman",Liszt: Années de Pèlerinage,0.991,0.414,402000,0.0583,0.892,0,0.087,-20.382,1,0.0588,139.086,0.0375
classical,Romantic Era 50: Spotify Picks,37i9dQZF1DX8qDhzfjyTN6,2DcW6HcJIbIVxfgmr8wlXS,spotify:track:2DcW6HcJIbIVxfgmr8wlXS,https://p.scdn.co/mp3-preview/ba4ce900547abccf9ed39cdc02629a3a47aa4338?cid=63a77ff40e794a12ae216a18befde98c,"Symphonie fantastique, Op. 14: III. Scene aux champs: Adagio",19,"Hector Berlioz,San Diego Symphony Orchestra,Yoav Talmi","Berlioz: Symphonie Fantastique, Op. 14",0.9,0.0942,934067,0.0196,0.152,5,0.0827,-27.169,1,0.0464,77.128,0.0376
classical,Romantic Era 50: Spotify Picks,37i9dQZF1DX8qDhzfjyTN6,3xMgBRRzLV7xhS72utPscY,spotify:track:3xMgBRRzLV7xhS72utPscY,https://p.scdn.co/mp3-preview/0669d27b5da574a1abf9d5f461e9de533746b0e0?cid=63a77ff40e794a12ae216a18befde98c,"Sonata for Violin & Piano in A Major, FWV 8: I. Allegro moderato",39,"César Franck,Louis Pantillon,Steve Huter","Guillaume Lekeu: Sonata for Violin & Piano in G Major - César Franck: Sonata for Violin & Piano in A Major, FWV 8",0.987,0.146,373333,0.0472,0.24,9,0.0644,-27.847,1,0.0466,62.056,0.0356
classical,Romantic Era 50: Spotify Picks,37i9dQZF1DX8qDhzfjyTN6,4CXaNFPQS4Wpust01xJEeM,spotify:track:4CXaNFPQS4Wpust01xJEeM,https://p.scdn.co/mp3-preview/01d0801918052cbfb3f6745a9611bd89b82589a4?cid=63a77ff40e794a12ae216a18befde98c,Cello Concerto in D Minor: III. Introduction: Andante - Allegro vivace,20,"Édouard Lalo,Johannes Moser,Pražská komorní filharmonie,Jakub Hrůša",Dvořák & Lalo: Cello Concertos,0.969,0.35,457813,0.0918,0.868,9,0.0574,-24.683,0,0.044,84.835,0.235
classical,Romantic Era 50: Spotify Picks,37i9dQZF1DX8qDhzfjyTN6,0WlaCTAy4ZrWC3wJbz52z7,spotify:track:0WlaCTAy4ZrWC3wJbz52z7,https://p.scdn.co/mp3-preview/28d0e424f9f3a73dcc2a0aeca360070dd986c12b?cid=63a77ff40e794a12ae216a18befde98c,"Violin Concerto No. 2 in B Minor, Op. 7, ""La campanella"": III. Rondo",43,"Niccolò Paganini,Netherlands Symphony Orchestra,Rudolf Koelman,Jan Willem de Vriend",Paganini: Violin Concerto's Nos. 1 & 2,0.517,0.468,523427,0.177,0.307,11,0.367,-23.55,0,0.0765,104.939,0.241
classical,Romantic Era 50: Spotify Picks,37i9dQZF1DX8qDhzfjyTN6,7GsdIATBI5V3RWRJcQ6n41,spotify:track:7GsdIATBI5V3RWRJcQ6n41,,"Tritsch-Tratsch-Polka, Op.214",0,"Johann Strauss II,Wiener Philharmoniker,Willi Boskovsky","Strauss, J.II: Waltzes, Polkas & Marches (6 CDs)",0.907,0.622,153693,0.408,0.14,9,0.129,-16.961,1,0.0578,82.781,0.73
classical,Romantic Era 50: Spotify Picks,37i9dQZF1DX8qDhzfjyTN6,76bzcAMft1MGxK5BCjmA0T,spotify:track:76bzcAMft1MGxK5BCjmA0T,https://p.scdn.co/mp3-preview/165d4c3c6483c85525ae35135e23c4e9e519a06d?cid=63a77ff40e794a12ae216a18befde98c,"Elgar: Cello Concerto in E Minor, Op. 85: I. Adagio - Moderato",35,"Edward Elgar,Jacqueline du Pré,Sir John Barbirolli,London Symphony Orchestra",Dvorák/Elgar Cello Concertos,0.95,0.133,480240,0.104,0.233,4,0.279,-22.882,0,0.0443,82.118,0.0451
classical,Romantic Era 50: Spotify Picks,37i9dQZF1DX8qDhzfjyTN6,5jPhzpRhYMSvkTs33Y3IT7,spotify:track:5jPhzpRhYMSvkTs33Y3IT7,https://p.scdn.co/mp3-preview/785891513862cdcdac9494caa40c6adfbaa685c7?cid=63a77ff40e794a12ae216a18befde98c,"Lyric Pieces, Book 1, Op. 12: No. 5, Popular Melody",19,"Edvard Grieg,Janina Fialkowska",Grieg: Lyric Pieces,0.996,0.386,86093,0.0259,0.912,6,0.0841,-28.976,0,0.0501,69.136,0.318
classical,Romantic Era 50: Spotify Picks,37i9dQZF1DX8qDhzfjyTN6,7bp7o9vZokHlGw0PqmAvMA,spotify:track:7bp7o9vZokHlGw0PqmAvMA,https://p.scdn.co/mp3-preview/e04b4cb6a8a7620fb07483cd04b138151f95c3b9?cid=63a77ff40e794a12ae216a18befde98c,"Symphony No. 2 in D Major, Op. 73: I. Allegro non troppo - Live",20,"Johannes Brahms,Detroit Symphony Orchestra,Leonard Slatkin",Brahms: The Four Symphonies (Live),0.953,0.183,1324693,0.0706,0.925,2,0.165,-20.391,1,0.0368,106.659,0.0398
classical,Romantic Era 50: Spotify Picks,37i9dQZF1DX8qDhzfjyTN6,4gtCoMUI1VshM3COoy9SOk,spotify:track:4gtCoMUI1VshM3COoy9SOk,https://p.scdn.co/mp3-preview/4d42aaa50c66f463e65ccab4eab36b97d457120b?cid=63a77ff40e794a12ae216a18befde98c,"Violin Concerto in D Minor, WoO 23: I. In kraftigem, nicht zu schnellem Tempo",20,"Robert Schumann,Baiba Skride,Danish National Symphony Orchestra,John Storgårds","Schumann: Violin Concertos & Phantasie in C Major, Op. 131",0.936,0.179,981707,0.0781,0.133,2,0.0687,-20.265,0,0.0469,172.857,0.0802
classical,Romantic Era 50: Spotify Picks,37i9dQZF1DX8qDhzfjyTN6,1T42eM3xwIUufV8OeN3c5E,spotify:track:1T42eM3xwIUufV8OeN3c5E,,"Lyrische Symphonie, Op.18: 1. Langsam",14,"Alexander von Zemlinsky,Håkan Hagegård,Royal Concertgebouw Orchestra,Riccardo Chailly",Zemlinsky: Lyric Symphony,0.939,0.164,637467,0.198,0.692,2,0.0993,-19.206,1,0.04,93.424,0.0509
classical,Romantic Era 50: Spotify Picks,37i9dQZF1DX8qDhzfjyTN6,6HknmqIWc2Oy4BbQ4HGoT8,spotify:track:6HknmqIWc2Oy4BbQ4HGoT8,https://p.scdn.co/mp3-preview/36eea2954d3c006b2c8797a929ccb8fe48342591?cid=63a77ff40e794a12ae216a18befde98c,"4 Letzte Lieder (4 Last Songs), TrV 296: No. 4. Im Abendrot",23,"Richard Strauss,Soile Isokoski,Berlin Rundfunkorchester,Marek Janowski","Strauss, R.: 4 Last Songs / Orchestral Songs",0.986,0.0982,460600,0.0406,0.741,3,0.256,-27.973,1,0.0418,88.686,0.0304
