category_id,playlist_name,playlist_id,track_id,track_uri,track_preview_url,track_name,track_popularity,artist_name,album_name,acousticness,danceability,duration_ms,energy,instrumentalness,key,liveness,loudness,mode,speechiness,tempo,valence
chill,Relax & Unwind,37i9dQZF1DWU0ScTcjJBdj,1HNywa8Bk0TmzRwQrzhtPo,spotify:track:1HNywa8Bk0TmzRwQrzhtPo,https://p.scdn.co/mp3-preview/62e7f2981c16230915de46596ff08a27a9bc8e1b?cid=63a77ff40e794a12ae216a18befde98c,I Guess I Just Feel Like,76,John Mayer,I Guess I Just Feel Like,0.615,0.556,285480,0.528,0.0964,4,0.122,-8.033,1,0.0266,159.821,0.163
chill,Relax & Unwind,37i9dQZF1DWU0ScTcjJBdj,0jZO7p0nBUi9VHedWUBS9l,spotify:track:0jZO7p0nBUi9VHedWUBS9l,,The Night We Met (feat. Phoebe Bridgers),71,"Lord Huron,Phoebe Bridgers",13 Reasons Why (Season 2),0.962,0.424,208173,0.437,0.336,2,0.664,-8.588,1,0.0355,174.127,0.131
chill,Relax & Unwind,37i9dQZF1DWU0ScTcjJBdj,1fYouLdK3PkOMPnx4CPxTY,spotify:track:1fYouLdK3PkOMPnx4CPxTY,https://p.scdn.co/mp3-preview/3e973fc6390960d0dafd0bd580f8ce360cfa7fbf?cid=63a77ff40e794a12ae216a18befde98c,Such A Simple Thing,68,Ray LaMontagne,Such A Simple Thing,0.86,0.522,296387,0.256,0.000825,10,0.142,-11.216,1,0.0258,76.35,0.13
chill,Relax & Unwind,37i9dQZF1DWU0ScTcjJBdj,4d4OJTq2Yl7TyiuGMLxa1h,spotify:track:4d4OJTq2Yl7TyiuGMLxa1h,https://p.scdn.co/mp3-preview/abc10b3eb7d0286cb08486d2be06f806d659c6c7?cid=63a77ff40e794a12ae216a18befde98c,Olalla,69,Blanco White,Olalla,0.662,0.572,247373,0.409,0.296,3,0.125,-11.384,1,0.0377,129.983,0.351
chill,Relax & Unwind,37i9dQZF1DWU0ScTcjJBdj,3nnXAqJVpdiwYKAXFBpnlG,spotify:track:3nnXAqJVpdiwYKAXFBpnlG,,Foreign Hands,18,George Ogilvie,Foreign Hands,0.365,0.684,258651,0.543,2.07e-06,3,0.113,-5.579,0,0.0281,140.996,0.361
chill,Relax & Unwind,37i9dQZF1DWU0ScTcjJBdj,4Of7rzpRpV1mWRbhp5rAqG,spotify:track:4Of7rzpRpV1mWRbhp5rAqG,,Bruises,80,Lewis Capaldi,Divinely Uninspired To A Hellish Extent,0.946,0.736,220492,0.308,0.0,4,0.186,-7.83,1,0.0677,111.202,0.361
chill,Relax & Unwind,37i9dQZF1DWU0ScTcjJBdj,7vVtCG0LmChEV6NaIwALOh,spotify:track:7vVtCG0LmChEV6NaIwALOh,https://p.scdn.co/mp3-preview/81d8aa4bf35a8136839c5d43359c66ef91911b6b?cid=63a77ff40e794a12ae216a18befde98c,People Need A Melody,63,The Head and the Heart,People Need A Melody,0.192,0.586,252302,0.54,0.0,0,0.127,-5.761,1,0.0255,82.156,0.162
chill,Relax & Unwind,37i9dQZF1DWU0ScTcjJBdj,3Ed55g8hCz1GmqRTelIPIW,spotify:track:3Ed55g8hCz1GmqRTelIPIW,https://p.scdn.co/mp3-preview/cb67621ac7b5dd8ff371bc791e6c30dbcc4719ac?cid=63a77ff40e794a12ae216a18befde98c,People Change,64,Mipso,People Change,0.884,0.374,212853,0.276,0.0123,7,0.122,-14.945,1,0.0353,80.169,0.412
chill,Relax & Unwind,37i9dQZF1DWU0ScTcjJBdj,3wQXP3617fqclHgzA7dONN,spotify:track:3wQXP3617fqclHgzA7dONN,https://p.scdn.co/mp3-preview/10d13df982c52edc9cdf94a158b08c572c494a53?cid=63a77ff40e794a12ae216a18befde98c,The Meetings of the Waters,60,Fionn Regan,The Meetings of the Waters,0.759,0.636,300278,0.379,0.852,11,0.114,-16.21,1,0.029,105.016,0.341
chill,Relax & Unwind,37i9dQZF1DWU0ScTcjJBdj,1TVd8FHpeg1Afa92kaO0kR,spotify:track:1TVd8FHpeg1Afa92kaO0kR,https://p.scdn.co/mp3-preview/5e1ff5772c07c211284b82c5912ad7131d6b77fe?cid=63a77ff40e794a12ae216a18befde98c,Petals,63,Bibio,A Mineral Love,0.908,0.359,152333,0.286,0.0036,9,0.109,-10.172,0,0.0338,152.205,0.229
chill,Relax & Unwind,37i9dQZF1DWU0ScTcjJBdj,04XeEuHyG4Z3NKY1zgAYEO,spotify:track:04XeEuHyG4Z3NKY1zgAYEO,https://p.scdn.co/mp3-preview/f5a0ef23627cb9870971c82b30a539acaa97036e?cid=63a77ff40e794a12ae216a18befde98c,The Barrel,57,Aldous Harding,Designer,0.747,0.732,299440,0.408,0.000229,11,0.069,-8.475,1,0.036,87.016,0.663
chill,Relax & Unwind,37i9dQZF1DWU0ScTcjJBdj,6Qk4zqHRjy4huavhMyQ5co,spotify:track:6Qk4zqHRjy4huavhMyQ5co,https://p.scdn.co/mp3-preview/31c69b310a5f9f441956692095048c625bfa2fe0?cid=63a77ff40e794a12ae216a18befde98c,For a While,61,Fenne Lily,For a While,0.863,0.38,234618,0.275,1.08e-05,2,0.107,-12.405,1,0.0373,115.343,0.156
chill,Relax & Unwind,37i9dQZF1DWU0ScTcjJBdj,6jpGOHqUjLhWkrkzvJUdqq,spotify:track:6jpGOHqUjLhWkrkzvJUdqq,https://p.scdn.co/mp3-preview/269331ea7a78a1422006d05f6bf8acc0929db4da?cid=63a77ff40e794a12ae216a18befde98c,No Sleep,53,Caamp,No Sleep,0.533,0.704,237760,0.71,0.0011,8,0.148,-7.387,1,0.0284,123.89,0.897
chill,Relax & Unwind,37i9dQZF1DWU0ScTcjJBdj,0iWUW8UNkmyUa8Aa6anow6,spotify:track:0iWUW8UNkmyUa8Aa6anow6,https://p.scdn.co/mp3-preview/5745f1181b155fa923204e4435b610c4b4443700?cid=63a77ff40e794a12ae216a18befde98c,Call It Dreaming,66,Iron & Wine,Call It Dreaming,0.61,0.519,231760,0.515,5.66e-05,5,0.107,-9.448,1,0.031,80.329,0.714
chill,Relax & Unwind,37i9dQZF1DWU0ScTcjJBdj,3HAgxyWGeJtIVabS2mTREt,spotify:track:3HAgxyWGeJtIVabS2mTREt,https://p.scdn.co/mp3-preview/25474a5f6cbe1972aaebcd9de24094dc082411a5?cid=63a77ff40e794a12ae216a18befde98c,Vagabond,65,Caamp,Caamp,0.766,0.571,129464,0.399,0.0146,4,0.0926,-11.919,1,0.0364,141.922,0.611
chill,Relax & Unwind,37i9dQZF1DWU0ScTcjJBdj,1vNfYCzcCJz0FY7MVVA9lM,spotify:track:1vNfYCzcCJz0FY7MVVA9lM,https://p.scdn.co/mp3-preview/3990bdd69531e6bbda0a79e90ed4a1b797015b82?cid=63a77ff40e794a12ae216a18befde98c,Recording 15,63,Shannon Lay,Living Water,0.956,0.552,242000,0.126,0.0153,11,0.109,-18.014,1,0.0306,92.441,0.439
chill,Relax & Unwind,37i9dQZF1DWU0ScTcjJBdj,3BxzQaXrfoWo1lYLZjJqyD,spotify:track:3BxzQaXrfoWo1lYLZjJqyD,,Bruises,19,Lewis Capaldi,Bruises,0.963,0.572,218492,0.319,0.0,4,0.161,-6.206,1,0.0685,110.922,0.359
chill,Relax & Unwind,37i9dQZF1DWU0ScTcjJBdj,47rNYq9IUveetu35c65xTw,spotify:track:47rNYq9IUveetu35c65xTw,,Power Over Me - Acoustic,63,Dermot Kennedy,Power Over Me,0.85,0.609,200436,0.489,0.0,9,0.104,-6.001,0,0.0424,115.902,0.567
chill,Relax & Unwind,37i9dQZF1DWU0ScTcjJBdj,25fcj6d2W1l8DQL11Czdzb,spotify:track:25fcj6d2W1l8DQL11Czdzb,https://p.scdn.co/mp3-preview/07a4ce90f18e8c0cbc7c82588067fd9eb9adf7bd?cid=63a77ff40e794a12ae216a18befde98c,Party Of One (feat. Sam Smith),65,"Brandi Carlile,Sam Smith",Party Of One (feat. Sam Smith),0.779,0.354,259559,0.206,0.00021,0,0.0959,-11.799,1,0.0365,139.056,0.202
chill,Relax & Unwind,37i9dQZF1DWU0ScTcjJBdj,04BGOF5G8ztSjRkhhM0SmE,spotify:track:04BGOF5G8ztSjRkhhM0SmE,https://p.scdn.co/mp3-preview/fce74aa7dc7fa42d011e9b0d3ec6793ed5c99725?cid=63a77ff40e794a12ae216a18befde98c,Permanent Way,63,Charlie Cunningham,Permanent Way,0.77,0.561,252080,0.55,0.476,8,0.0921,-17.419,1,0.037,147.01,0.446
chill,Relax & Unwind,37i9dQZF1DWU0ScTcjJBdj,3pC8tUjIZPORslYYmJbJcz,spotify:track:3pC8tUjIZPORslYYmJbJcz,https://p.scdn.co/mp3-preview/4fef21ed4c480d6da17f125410dde38437c13525?cid=63a77ff40e794a12ae216a18befde98c,Sinking Ship,60,Wild Child,Sinking Ship / Back & Forth,0.95,0.37,247493,0.174,0.0029,4,0.11,-19.316,0,0.0377,92.75,0.181
chill,Relax & Unwind,37i9dQZF1DWU0ScTcjJBdj,7kqnoZSZUifYDyR5jzJN6v,spotify:track:7kqnoZSZUifYDyR5jzJN6v,https://p.scdn.co/mp3-preview/03189341d85cd17149a0270fbb543a19f1e301d5?cid=63a77ff40e794a12ae216a18befde98c,Silver Lining - Recorded at Spotify Studios NYC,57,Mt. Joy,Spotify Singles,0.834,0.488,209027,0.31,0.0,0,0.166,-10.673,1,0.0308,138.893,0.338
chill,Relax & Unwind,37i9dQZF1DWU0ScTcjJBdj,6Fha6tXHkL3r9m9nNqQG8p,spotify:track:6Fha6tXHkL3r9m9nNqQG8p,https://p.scdn.co/mp3-preview/56b0ed77bb0313edab50d2e62589fe7187de254a?cid=63a77ff40e794a12ae216a18befde98c,Georgia,65,Vance Joy,Dream Your Life Away,0.312,0.388,230507,0.66,0.000307,11,0.0943,-7.372,1,0.0308,143.554,0.401
chill,Relax & Unwind,37i9dQZF1DWU0ScTcjJBdj,083PU4XnYAOMAGVruma3vb,spotify:track:083PU4XnYAOMAGVruma3vb,https://p.scdn.co/mp3-preview/897f81256624dd8c5915c5698a8b1f13b1a841a5?cid=63a77ff40e794a12ae216a18befde98c,Shrike,64,Hozier,"Wasteland, Baby!",0.494,0.506,298880,0.275,0.00377,7,0.101,-8.464,0,0.0292,153.769,0.0639
chill,Relax & Unwind,37i9dQZF1DWU0ScTcjJBdj,5esPpmrM2AsyDVgOKzWQwU,spotify:track:5esPpmrM2AsyDVgOKzWQwU,https://p.scdn.co/mp3-preview/c2ec433b724bbd36f0761809d78ec46fc272da55?cid=63a77ff40e794a12ae216a18befde98c,Beyond,70,Leon Bridges,Beyond,0.229,0.58,240600,0.687,0.0,6,0.109,-5.4,1,0.106,76.014,0.187
chill,Relax & Unwind,37i9dQZF1DWU0ScTcjJBdj,1vG6jMgSoqT3zG9tuDrL2E,spotify:track:1vG6jMgSoqT3zG9tuDrL2E,https://p.scdn.co/mp3-preview/b8470d1a377c18d7f6f068184cf25b9603b24c18?cid=63a77ff40e794a12ae216a18befde98c,Spirit Cold,63,Tall Heights,Neptune,0.211,0.426,222293,0.662,0.00652,11,0.176,-6.158,1,0.0319,78.247,0.359
chill,Relax & Unwind,37i9dQZF1DWU0ScTcjJBdj,6H9Bc39zoXOUhzl5QJb3KQ,spotify:track:6H9Bc39zoXOUhzl5QJb3KQ,https://p.scdn.co/mp3-preview/f4854a02a7b97c7618aaadb4f827f3787c7d374a?cid=63a77ff40e794a12ae216a18befde98c,Where's My Love,66,SYML,Where's My Love,0.853,0.598,202107,0.343,0.0219,0,0.123,-11.04,0,0.025,103.984,0.419
chill,Relax & Unwind,37i9dQZF1DWU0ScTcjJBdj,1NCAKlp1bFHYbSSDQxfbJ1,spotify:track:1NCAKlp1bFHYbSSDQxfbJ1,,Even The Darkness Has Arms,18,The Barr Brothers,Sleeping Operator,0.813,0.513,230520,0.662,0.18,11,0.288,-12.787,1,0.0435,101.275,0.734
chill,Relax & Unwind,37i9dQZF1DWU0ScTcjJBdj,2Sqv9Ne6ibOZsKxY7o0t6t,spotify:track:2Sqv9Ne6ibOZsKxY7o0t6t,https://p.scdn.co/mp3-preview/2ca29ac03b88d30f86ad2458789ab9e4a6495f5b?cid=63a77ff40e794a12ae216a18befde98c,All The Pretty Girls - Recorded at Spotify Studios NYC,61,KALEO,Spotify Singles,0.845,0.471,307173,0.273,0.0,1,0.12,-10.072,1,0.0324,138.683,0.188
chill,Relax & Unwind,37i9dQZF1DWU0ScTcjJBdj,359lSGQwvAM3aZA5UNwqiQ,spotify:track:359lSGQwvAM3aZA5UNwqiQ,,If You Ever Wanna Be In Love - James Bay Spotify Session 2015,70,James Bay,James Bay Spotify Session 2015,0.913,0.679,236787,0.321,0.0,11,0.711,-8.403,1,0.0396,117.622,0.362
chill,Relax & Unwind,37i9dQZF1DWU0ScTcjJBdj,6qUcJCdjOi2OtSMBSvR3Vb,spotify:track:6qUcJCdjOi2OtSMBSvR3Vb,,Notion,16,Tash Sultana,Notion - EP,0.391,0.352,341000,0.414,0.00831,4,0.185,-6.6,0,0.0254,60.042,0.0688
chill,Relax & Unwind,37i9dQZF1DWU0ScTcjJBdj,58h15p2z6LMURhFn3G18a4,spotify:track:58h15p2z6LMURhFn3G18a4,,Change It All,17,Harrison Storm,Change It All,0.631,0.445,247413,0.304,0.00519,10,0.118,-12.504,1,0.0441,120.631,0.24
chill,Relax & Unwind,37i9dQZF1DWU0ScTcjJBdj,5MMZJtHOiH1RmQSSe3DJdg,spotify:track:5MMZJtHOiH1RmQSSe3DJdg,https://p.scdn.co/mp3-preview/663543e1a5602369eaf8cafa1b55eab6ac4ecc9a?cid=63a77ff40e794a12ae216a18befde98c,Sleep On The Floor,66,The Lumineers,Cleopatra,0.249,0.389,211851,0.431,0.0,7,0.13,-8.061,1,0.0344,142.14,0.275
chill,Relax & Unwind,37i9dQZF1DWU0ScTcjJBdj,4JKHACLkotsxdKNF9vJYOS,spotify:track:4JKHACLkotsxdKNF9vJYOS,,Nothing Arrived - Live from Spotify London,24,Villagers,Spotify Sessions,0.929,0.579,219093,0.415,0.0018,7,0.671,-11.599,1,0.0397,102.713,0.42
chill,Relax & Unwind,37i9dQZF1DWU0ScTcjJBdj,4fbvXwMTXPWaFyaMWUm9CR,spotify:track:4fbvXwMTXPWaFyaMWUm9CR,https://p.scdn.co/mp3-preview/a07bbe36e9ce8fc15114becac8876d3a20517cf2?cid=63a77ff40e794a12ae216a18befde98c,Holocene,68,Bon Iver,Bon Iver,0.943,0.375,336613,0.304,0.303,1,0.126,-14.52,1,0.0302,147.989,0.147
chill,Relax & Unwind,37i9dQZF1DWU0ScTcjJBdj,0szmjOw9XbtbQYWz0GvXSp,spotify:track:0szmjOw9XbtbQYWz0GvXSp,https://p.scdn.co/mp3-preview/ccc706f477ae61b06a968e38f4099b82da059021?cid=63a77ff40e794a12ae216a18befde98c,Horse to Water,63,Tall Heights,Neptune,0.344,0.517,244960,0.622,0.0699,6,0.498,-9.135,0,0.0337,96.964,0.51
chill,Relax & Unwind,37i9dQZF1DWU0ScTcjJBdj,1g2eirb8uaYn54iEYZl3CS,spotify:track:1g2eirb8uaYn54iEYZl3CS,,reverie,52,isaac gracie,reverie,0.841,0.279,343249,0.252,0.708,8,0.109,-11.106,1,0.0292,154.373,0.0619
chill,Relax & Unwind,37i9dQZF1DWU0ScTcjJBdj,1WwAqeweh8B5WVO041pRFf,spotify:track:1WwAqeweh8B5WVO041pRFf,https://p.scdn.co/mp3-preview/5525a273d9c676ccf5868df8fb208783438fdae6?cid=63a77ff40e794a12ae216a18befde98c,Weather,55,Molly Parden,With Me in the Summer,0.417,0.472,300896,0.57,0.00118,11,0.103,-7.569,1,0.0357,131.988,0.15
chill,Relax & Unwind,37i9dQZF1DWU0ScTcjJBdj,1GIBQJItFW5tFPrilr6M6o,spotify:track:1GIBQJItFW5tFPrilr6M6o,https://p.scdn.co/mp3-preview/5d585e1214e2e59d21e23e8c8217b97ed79e2117?cid=63a77ff40e794a12ae216a18befde98c,Hollow (Acoustic),60,Belle Mt,Hollow (Acoustic),0.822,0.499,236618,0.229,4.59e-06,11,0.0914,-9.642,1,0.0361,178.461,0.239
chill,Relax & Unwind,37i9dQZF1DWU0ScTcjJBdj,7d0XkI4iJ32nxeFAHFXbLQ,spotify:track:7d0XkI4iJ32nxeFAHFXbLQ,https://p.scdn.co/mp3-preview/d6cf39b27a22f2004b03c779c9ef793aa1c75ba1?cid=63a77ff40e794a12ae216a18befde98c,"If You Need To, Keep Time On Me",66,Fleet Foxes,Crack-Up,0.647,0.521,210507,0.22,0.00814,9,0.179,-10.202,1,0.0314,104.03,0.135
chill,Relax & Unwind,37i9dQZF1DWU0ScTcjJBdj,23Zlb66N7xcIWbpt2C1bsi,spotify:track:23Zlb66N7xcIWbpt2C1bsi,,Boardwalks - Remastered 2015/ Bonus Track,58,Little May,For The Company,0.775,0.662,199360,0.384,0.0565,6,0.117,-12.634,1,0.0281,128.992,0.261
chill,Relax & Unwind,37i9dQZF1DWU0ScTcjJBdj,6itWAD2WxmAVQgWuk85yXx,spotify:track:6itWAD2WxmAVQgWuk85yXx,,Stay With Me - Live From Spotify Berlin,53,Angus & Julia Stone,Spotify Sessions,0.808,0.529,174373,0.0964,0.0628,0,0.709,-22.052,1,0.0459,151.286,0.142
chill,Relax & Unwind,37i9dQZF1DWU0ScTcjJBdj,5kCAUVS30fqaQXcI1j4nIe,spotify:track:5kCAUVS30fqaQXcI1j4nIe,,Younger Years,16,The Milk Carton Kids,Younger Years,0.858,0.613,229760,0.441,0.0788,5,0.108,-12.808,1,0.0366,105.83,0.533
chill,Relax & Unwind,37i9dQZF1DWU0ScTcjJBdj,5ZUObJNpVt2l9GogUSfALc,spotify:track:5ZUObJNpVt2l9GogUSfALc,https://p.scdn.co/mp3-preview/cdd9c93542f850d4fb954b19d1f0c2b398281563?cid=63a77ff40e794a12ae216a18befde98c,The Trouble with Wanting,60,Joy Williams,Front Porch,0.912,0.396,235587,0.198,0.0,2,0.0972,-9.096,1,0.031,138.624,0.19
chill,Relax & Unwind,37i9dQZF1DWU0ScTcjJBdj,7CeJuYHjC7wmtwMWBDKcvV,spotify:track:7CeJuYHjC7wmtwMWBDKcvV,,The Great Unknown,57,Mighty Oaks,Dreamers,0.31,0.493,252293,0.533,3.32e-05,0,0.159,-7.406,0,0.0408,169.834,0.329
chill,Relax & Unwind,37i9dQZF1DWU0ScTcjJBdj,1OwHOfTeJkdRhdqq93y2XV,spotify:track:1OwHOfTeJkdRhdqq93y2XV,,Need The Sun To Break,58,James Bay,Chaos And The Calm,0.102,0.537,224813,0.485,3.83e-06,2,0.319,-8.131,1,0.0332,152.012,0.293
chill,Relax & Unwind,37i9dQZF1DWU0ScTcjJBdj,0IcYIjsfFEOIY1GI4t7dLu,spotify:track:0IcYIjsfFEOIY1GI4t7dLu,https://p.scdn.co/mp3-preview/73a1d63c5a3644067d73a50e91e628c677f23fbe?cid=63a77ff40e794a12ae216a18befde98c,Like Gold,55,Vance Joy,Like Gold,0.273,0.691,223883,0.707,8.67e-06,7,0.118,-6.771,1,0.0373,110.026,0.479
chill,Relax & Unwind,37i9dQZF1DWU0ScTcjJBdj,4FwaJmXeZxr1096KItcUQq,spotify:track:4FwaJmXeZxr1096KItcUQq,,Minimum,27,Charlie Cunningham,Minimum,0.729,0.492,194907,0.841,0.00027,0,0.101,-9.181,0,0.0904,177.869,0.313
chill,Relax & Unwind,37i9dQZF1DWU0ScTcjJBdj,1IkjoLXB9LEf3w32Wk07X3,spotify:track:1IkjoLXB9LEf3w32Wk07X3,https://p.scdn.co/mp3-preview/e5c9d16355c1f0df4bc31b7e099cf3182f786410?cid=63a77ff40e794a12ae216a18befde98c,Melatonin (Unplugged),58,Phoria,Melatonin (Unplugged),0.88,0.54,325281,0.222,0.000587,8,0.346,-12.846,0,0.0321,128.871,0.28
chill,Relax & Unwind,37i9dQZF1DWU0ScTcjJBdj,4oe1xMMvznxdsrSKx2jL6w,spotify:track:4oe1xMMvznxdsrSKx2jL6w,https://p.scdn.co/mp3-preview/1558fa2062396564d4a47142d882634ad6560ae0?cid=63a77ff40e794a12ae216a18befde98c,Won't Be Long,55,The Dead Tongues,Unsung Passage,0.201,0.49,225867,0.576,1.44e-06,9,0.0909,-5.648,1,0.029,114.963,0.449
chill,Relax & Unwind,37i9dQZF1DWU0ScTcjJBdj,0QB71BDzh36guAExsTIgNO,spotify:track:0QB71BDzh36guAExsTIgNO,,Only Love,24,Ben Howard,Every Kingdom,0.3,0.545,249173,0.485,0.00137,8,0.119,-9.941,1,0.151,80.401,0.341
chill,Relax & Unwind,37i9dQZF1DWU0ScTcjJBdj,0NeJjNlprGfZpeX2LQuN6c,spotify:track:0NeJjNlprGfZpeX2LQuN6c,https://p.scdn.co/mp3-preview/3a8497767824cf218a9b5247c3c17b526cede1a8?cid=63a77ff40e794a12ae216a18befde98c,River,72,Leon Bridges,Coming Home,0.689,0.658,238560,0.179,0.0,8,0.17,-10.866,1,0.0448,128.128,0.191
chill,Relax & Unwind,37i9dQZF1DWU0ScTcjJBdj,0zswVEAFordAn8lbrgWsb6,spotify:track:0zswVEAFordAn8lbrgWsb6,,Real Peach,19,Henry Jamison,Real Peach,0.398,0.579,233289,0.559,0.000206,1,0.0817,-7.338,1,0.0325,151.985,0.328
chill,Relax & Unwind,37i9dQZF1DWU0ScTcjJBdj,4gFakkHz0RjUrbf9Ufilb7,spotify:track:4gFakkHz0RjUrbf9Ufilb7,https://p.scdn.co/mp3-preview/781bdd8328f7dd62a421704f7382c9eb3f09d60e?cid=63a77ff40e794a12ae216a18befde98c,Into The Sun - EP Version,61,Sons Of The East,Already Gone,0.585,0.585,300499,0.348,7.47e-05,11,0.101,-10.268,1,0.0361,109.97,0.101
chill,Relax & Unwind,37i9dQZF1DWU0ScTcjJBdj,64PvmmEK0qTUaVUVvrYR7W,spotify:track:64PvmmEK0qTUaVUVvrYR7W,https://p.scdn.co/mp3-preview/1e17f57370ada5050053735777d5a71bbd5e29c6?cid=63a77ff40e794a12ae216a18befde98c,James,54,Sam Brookes,Kairos,0.641,0.581,211107,0.451,0.00141,0,0.266,-14.681,1,0.0498,86.785,0.35
chill,Relax & Unwind,37i9dQZF1DWU0ScTcjJBdj,2EH99L821vO7FTvKVo5YnJ,spotify:track:2EH99L821vO7FTvKVo5YnJ,https://p.scdn.co/mp3-preview/10d13df982c52edc9cdf94a158b08c572c494a53?cid=63a77ff40e794a12ae216a18befde98c,The Meetings of the Waters,56,Fionn Regan,The Meetings of the Waters,0.759,0.636,300278,0.379,0.852,11,0.114,-16.21,1,0.029,105.016,0.341
chill,Relax & Unwind,37i9dQZF1DWU0ScTcjJBdj,0ZNYGrmcehorhh9JOeg5Iv,spotify:track:0ZNYGrmcehorhh9JOeg5Iv,,Stay Alive,66,José González,Stay Alive (From The Secret Life Of Walter Mitty),0.736,0.718,266907,0.302,0.163,6,0.0887,-12.086,1,0.0372,129.999,0.333
chill,Relax & Unwind,37i9dQZF1DWU0ScTcjJBdj,2PfnAaQIMwHPvmda8MG5jm,spotify:track:2PfnAaQIMwHPvmda8MG5jm,,Slow And Steady,51,Of Monsters and Men,My Head Is An Animal,0.0227,0.322,301613,0.808,0.132,11,0.403,-7.098,1,0.0617,116.535,0.417
chill,Relax & Unwind,37i9dQZF1DWU0ScTcjJBdj,2RmH5VLkfdILc6wTK1LWkH,spotify:track:2RmH5VLkfdILc6wTK1LWkH,https://p.scdn.co/mp3-preview/d1b72d3e82c96fce0489e68277f025c164f14432?cid=63a77ff40e794a12ae216a18befde98c,Heavy,65,Birdtalker,Heavy,0.286,0.614,264151,0.549,2.64e-06,5,0.142,-6.986,1,0.0516,77.926,0.258
chill,Relax & Unwind,37i9dQZF1DWU0ScTcjJBdj,7gYwIAHB6VxzLJFSZMMv8i,spotify:track:7gYwIAHB6VxzLJFSZMMv8i,,I Forget Where We Were,63,Ben Howard,I Forget Where We Were,0.475,0.305,281213,0.462,0.122,0,0.0916,-9.57,1,0.0338,113.47,0.181
chill,Relax & Unwind,37i9dQZF1DWU0ScTcjJBdj,43bkejyRlzXjVGKvXYLHzg,spotify:track:43bkejyRlzXjVGKvXYLHzg,https://p.scdn.co/mp3-preview/223c29ca46efb97ba551ef58d722e54487080d96?cid=63a77ff40e794a12ae216a18befde98c,Coming Down the Mountain,58,Mipso,Coming Down the Mountain,0.857,0.582,273959,0.344,0.0871,4,0.15,-9.148,1,0.0278,140.013,0.374
chill,Relax & Unwind,37i9dQZF1DWU0ScTcjJBdj,0PZLSFZUf910nZ9qFtQqAf,spotify:track:0PZLSFZUf910nZ9qFtQqAf,,Dreamer,20,Isbells,Isbells,0.735,0.629,265013,0.383,0.0259,8,0.0928,-13.195,1,0.044,154.001,0.421
chill,Relax & Unwind,37i9dQZF1DWU0ScTcjJBdj,2okaCGJegLC7oK8z7OXutm,spotify:track:2okaCGJegLC7oK8z7OXutm,https://p.scdn.co/mp3-preview/3b515726ca8302ea41890e73063b0fac55c6d3a6?cid=63a77ff40e794a12ae216a18befde98c,Don't You Cry For Me - Acoustic,55,Cobi,Don't You Cry For Me (Acoustic),0.877,0.554,275564,0.282,0.0,9,0.112,-8.419,0,0.0355,120.048,0.323
chill,Relax & Unwind,37i9dQZF1DWU0ScTcjJBdj,371akJ9fYgSkrAFMyWoTdL,spotify:track:371akJ9fYgSkrAFMyWoTdL,https://p.scdn.co/mp3-preview/9e36001f7571590b396215fd4400307868f96b53?cid=63a77ff40e794a12ae216a18befde98c,No One's Gonna Love You (Stockholm Version),64,Band of Horses,No One's Gonna Love You (Stockholm Version),0.953,0.599,228646,0.198,0.000127,1,0.0994,-8.557,1,0.0581,141.987,0.214
chill,Relax & Unwind,37i9dQZF1DWU0ScTcjJBdj,4MKTyMpljQlY0KQWLR8194,spotify:track:4MKTyMpljQlY0KQWLR8194,,Crack The Case,15,Dawes,Living In The Future / Crack The Case,0.629,0.531,354842,0.476,0.00257,5,0.0801,-11.328,1,0.0345,130.232,0.239
chill,Relax & Unwind,37i9dQZF1DWU0ScTcjJBdj,2BzYOfztRMaIVKTfYOGQgR,spotify:track:2BzYOfztRMaIVKTfYOGQgR,,Only Lonely,17,The Ballroom Thieves,Only Lonely,0.898,0.412,217557,0.276,0.000372,7,0.0955,-11.711,1,0.0296,90.781,0.214
chill,Relax & Unwind,37i9dQZF1DWU0ScTcjJBdj,2iddHfAqBKMJkXerLA9F9I,spotify:track:2iddHfAqBKMJkXerLA9F9I,https://p.scdn.co/mp3-preview/770c05d4329101d9ed93b37ed60a0d1ea2bca4fa?cid=63a77ff40e794a12ae216a18befde98c,Bones,56,Dustin Tebbutt,Bones EP,0.596,0.555,265098,0.652,0.316,2,0.1,-9.093,1,0.0358,77.028,0.188
chill,Relax & Unwind,37i9dQZF1DWU0ScTcjJBdj,5DVKKqwLGjvK9ojz3zLjB7,spotify:track:5DVKKqwLGjvK9ojz3zLjB7,,There Will Be Time,23,"Mumford & Sons,Baaba Maal",There Will Be Time,0.0137,0.481,267947,0.703,0.0,1,0.0879,-8.344,0,0.0466,149.951,0.225
chill,Relax & Unwind,37i9dQZF1DWU0ScTcjJBdj,7FCYixd46BlSiO2memrsPo,spotify:track:7FCYixd46BlSiO2memrsPo,https://p.scdn.co/mp3-preview/742d02f40ca5224c3b576d6ff85162dd134abed2?cid=63a77ff40e794a12ae216a18befde98c,Older Chests,51,Damien Rice,O,0.894,0.507,282067,0.129,0.0026,0,0.0983,-15.846,1,0.031,110.887,0.158
chill,Relax & Unwind,37i9dQZF1DWU0ScTcjJBdj,4HLnKxeTmOuyD81L4lX3t7,spotify:track:4HLnKxeTmOuyD81L4lX3t7,,Nervous,50,Gavin James,Bitter Pill,0.383,0.405,216133,0.687,6.08e-05,7,0.124,-10.08,1,0.0456,82.812,0.151
chill,Relax & Unwind,37i9dQZF1DWU0ScTcjJBdj,1djzKW3eYLyzjjHXazEWWh,spotify:track:1djzKW3eYLyzjjHXazEWWh,https://p.scdn.co/mp3-preview/3c925c148beb61d52f9973cda02b03555e474dac?cid=63a77ff40e794a12ae216a18befde98c,Movement,67,Hozier,"Wasteland, Baby!",0.16,0.381,237800,0.502,6.98e-05,1,0.0842,-5.505,0,0.0368,144.3,0.147
chill,Relax & Unwind,37i9dQZF1DWU0ScTcjJBdj,736Jy0aC33icgo4VWXgnU6,spotify:track:736Jy0aC33icgo4VWXgnU6,https://p.scdn.co/mp3-preview/d691eb3f2ece8661ed0b0d63143f2d4d27faa7f9?cid=63a77ff40e794a12ae216a18befde98c,Asylum,54,Chloe Foy,Asylum,0.122,0.436,231200,0.388,2.79e-06,7,0.198,-9.765,1,0.0303,128.97,0.217
chill,Relax & Unwind,37i9dQZF1DWU0ScTcjJBdj,6PRotAx0lUWP0bHBr6jm42,spotify:track:6PRotAx0lUWP0bHBr6jm42,https://p.scdn.co/mp3-preview/574e7321aaf0a57cc5f0f926f8d0c34b4fa10b9e?cid=63a77ff40e794a12ae216a18befde98c,little light - acoustic version,64,Lewis Watson,little light (acoustic version),0.685,0.67,256415,0.294,0.0,7,0.147,-8.114,1,0.0341,119.856,0.515
chill,Relax & Unwind,37i9dQZF1DWU0ScTcjJBdj,2UcrOnNw5WJr6Xu2q8QAPI,spotify:track:2UcrOnNw5WJr6Xu2q8QAPI,https://p.scdn.co/mp3-preview/3974021e1682ccd40909a93ec479298040be8db3?cid=63a77ff40e794a12ae216a18befde98c,In Your Arms,58,"Felix Riebl,Martha Wainwright",In Your Arms,0.662,0.476,208853,0.592,0.000123,7,0.183,-8.852,1,0.032,96.047,0.371
chill,Relax & Unwind,37i9dQZF1DWU0ScTcjJBdj,6MGjkhfrqfWmZBETFg5VpP,spotify:track:6MGjkhfrqfWmZBETFg5VpP,,Tilikum,13,Benjamin Francis Leftwich,Tilikum,0.923,0.458,286747,0.347,0.00983,6,0.105,-14.41,1,0.0306,129.156,0.37
chill,Relax & Unwind,37i9dQZF1DWU0ScTcjJBdj,16IXvk7noDMknHNqmSYvwC,spotify:track:16IXvk7noDMknHNqmSYvwC,,Sailing Away,13,AVEC,Heartbeats - EP,0.653,0.528,256463,0.258,0.000106,7,0.0882,-10.238,0,0.0394,121.328,0.121
chill,Relax & Unwind,37i9dQZF1DWU0ScTcjJBdj,567EmmCbOtpEuaVC2zznU6,spotify:track:567EmmCbOtpEuaVC2zznU6,,Dirty Old Town,23,Craig Cardiff,Goodnight (Go Home) - CC010,0.309,0.555,246453,0.418,0.00119,0,0.237,-12.7,1,0.0455,159.764,0.328
chill,Relax & Unwind,37i9dQZF1DWU0ScTcjJBdj,4ld2TeVRlaYNHWzi52dWsZ,spotify:track:4ld2TeVRlaYNHWzi52dWsZ,https://p.scdn.co/mp3-preview/15fb26457372a73b234aeee309185c062e98e53c?cid=63a77ff40e794a12ae216a18befde98c,Cologne,59,Haux,Cologne,0.911,0.27,251000,0.463,0.013,4,0.0835,-13.774,1,0.288,76.221,0.0557
chill,Relax & Unwind,37i9dQZF1DWU0ScTcjJBdj,5gqcOwKXxGTth8CUfN8woT,spotify:track:5gqcOwKXxGTth8CUfN8woT,,Brave,41,Riley Pearce,Outside The Lines,0.569,0.505,247793,0.409,0.00228,4,0.153,-10.588,0,0.0304,116.05,0.228
chill,Relax & Unwind,37i9dQZF1DWU0ScTcjJBdj,3iK2TtvEnhBXHqm0e98dCA,spotify:track:3iK2TtvEnhBXHqm0e98dCA,,Home,16,Hollow Coves,Home,0.864,0.51,202441,0.487,0.00352,1,0.117,-11.799,1,0.0251,85.01,0.274
chill,Relax & Unwind,37i9dQZF1DWU0ScTcjJBdj,0NJ1LV5VblYyJsJt3EbAx7,spotify:track:0NJ1LV5VblYyJsJt3EbAx7,https://p.scdn.co/mp3-preview/08e6d81f14109ba3cd0eff7799cd58164effddd2?cid=63a77ff40e794a12ae216a18befde98c,Rose Petals,65,S. Carey,Hundred Acres,0.888,0.562,213667,0.282,0.00297,10,0.0812,-11.956,1,0.0302,127.964,0.172
chill,Relax & Unwind,37i9dQZF1DWU0ScTcjJBdj,3zBpEVhApiaNAKOgy1rxY6,spotify:track:3zBpEVhApiaNAKOgy1rxY6,https://p.scdn.co/mp3-preview/29e8c3cdc46bcb414519d181046f11d04a21f29a?cid=63a77ff40e794a12ae216a18befde98c,Matchbox,52,David Keenan,"Strip Me Bare, Vol. 2",0.539,0.437,250165,0.289,0.0,2,0.109,-10.749,1,0.0521,102.395,0.434
chill,Relax & Unwind,37i9dQZF1DWU0ScTcjJBdj,1LF3VWJhOqD2VuuruLMSmu,spotify:track:1LF3VWJhOqD2VuuruLMSmu,https://p.scdn.co/mp3-preview/9c465d0480cf2c60de2272f47e4260e64b0a9eaa?cid=63a77ff40e794a12ae216a18befde98c,"I Should Live in Salt - The National Cover - Live from Spotify, London",51,Ásgeir,Spotify Live,0.893,0.545,252640,0.264,2.63e-05,2,0.693,-10.228,1,0.0349,128.96,0.159
chill,Relax & Unwind,37i9dQZF1DWU0ScTcjJBdj,2FL7TC4SZlGZ5GHcFcnHJV,spotify:track:2FL7TC4SZlGZ5GHcFcnHJV,,The Spark - Bonus Track,13,Joshua Hyslop,The Spark,0.774,0.596,201933,0.429,0.0107,3,0.0962,-10.16,1,0.0377,148.088,0.229
chill,Relax & Unwind,37i9dQZF1DWU0ScTcjJBdj,0xVrusjXiWhqSQ5dPoiiWX,spotify:track:0xVrusjXiWhqSQ5dPoiiWX,,A closeness,67,Dermot Kennedy,Doves & Ravens,0.766,0.47,251173,0.451,0.000232,5,0.108,-9.369,1,0.0412,77.109,0.501
chill,Relax & Unwind,37i9dQZF1DWU0ScTcjJBdj,4Yj0zFarMIlpNj8eyQPq53,spotify:track:4Yj0zFarMIlpNj8eyQPq53,https://p.scdn.co/mp3-preview/470e5e46e10824a2cf73d7a1e4e3b11ee2f2a3b6?cid=63a77ff40e794a12ae216a18befde98c,Hours Are the New Days,53,Mary Glenn,Hours Are the New Days,0.956,0.6,244664,0.163,0.0239,0,0.108,-13.333,1,0.0314,80.052,0.076
chill,Relax & Unwind,37i9dQZF1DWU0ScTcjJBdj,30pZDEwDIFm9atVZo8Jlag,spotify:track:30pZDEwDIFm9atVZo8Jlag,,Old Soul - Acoustic,15,Hudson Taylor,Old Soul (Acoustic),0.348,0.296,282659,0.249,7.41e-05,2,0.152,-12.876,1,0.0283,141.198,0.303
chill,Relax & Unwind,37i9dQZF1DWU0ScTcjJBdj,4UAU42ODxTYJg1cJR0yewL,spotify:track:4UAU42ODxTYJg1cJR0yewL,,I Still Remain,12,The Western Den,I Still Remain,0.83,0.532,269747,0.299,4.04e-06,1,0.129,-11.38,1,0.0301,118.862,0.11
chill,Relax & Unwind,37i9dQZF1DWU0ScTcjJBdj,0oiiHes8LMjKbofgD1aDcA,spotify:track:0oiiHes8LMjKbofgD1aDcA,,Punta Cometa - Dancing For The Answers Alt Version,57,Nick Mulvey,Dancing For The Answers - EP,0.644,0.573,216753,0.553,0.896,7,0.0878,-11.031,1,0.0371,122.313,0.567
chill,Relax & Unwind,37i9dQZF1DWU0ScTcjJBdj,41gy9IvzwghcHdoKHR4PNw,spotify:track:41gy9IvzwghcHdoKHR4PNw,https://p.scdn.co/mp3-preview/1a8fc7c3478a6ebbe0c23e520648b0a524c7d7f6?cid=63a77ff40e794a12ae216a18befde98c,Sausalito,51,Lydia Luce,Azalea,0.826,0.347,222859,0.183,2.94e-05,2,0.126,-11.149,1,0.0338,149.681,0.24
chill,Relax & Unwind,37i9dQZF1DWU0ScTcjJBdj,5lE1pKNO1v5diMfRhHHUMn,spotify:track:5lE1pKNO1v5diMfRhHHUMn,,Cathedral - Acoustic,21,Jade Bird,Cathedral (Acoustic),0.786,0.575,167526,0.286,0.0,10,0.123,-7.268,1,0.0543,97.422,0.314
chill,Relax & Unwind,37i9dQZF1DWU0ScTcjJBdj,1o6O7ZPptHa5Rv2VEtfAM2,spotify:track:1o6O7ZPptHa5Rv2VEtfAM2,,Stay Alive,48,Roo Panes,Stay Alive,0.847,0.382,233347,0.329,4.19e-05,9,0.105,-12.021,0,0.0344,147.381,0.224
chill,Relax & Unwind,37i9dQZF1DWU0ScTcjJBdj,1eDkdK7CVn0NRAvKM6xBiY,spotify:track:1eDkdK7CVn0NRAvKM6xBiY,https://p.scdn.co/mp3-preview/ec329624e12722cde001cf82cc7687f925957247?cid=63a77ff40e794a12ae216a18befde98c,Portland,51,Andrea von Kampen,Old Country,0.848,0.588,228500,0.2,0.00492,11,0.111,-14.244,1,0.032,51.945,0.152
chill,Relax & Unwind,37i9dQZF1DWU0ScTcjJBdj,2JxSX1MtCIAxHGlas7ysJs,spotify:track:2JxSX1MtCIAxHGlas7ysJs,https://p.scdn.co/mp3-preview/154904ca7fe551a67bbb71ce68718304c5d3125b?cid=63a77ff40e794a12ae216a18befde98c,Motion Sickness (Demo - Bonus Track),57,Phoebe Bridgers,Stranger in the Alps (Deluxe Edition),0.954,0.353,264452,0.239,3.68e-05,1,0.131,-11.059,1,0.0296,95.136,0.159
chill,Relax & Unwind,37i9dQZF1DWU0ScTcjJBdj,1iWmK4jR0AhIZB0gZG3NKA,spotify:track:1iWmK4jR0AhIZB0gZG3NKA,https://p.scdn.co/mp3-preview/3402a18c54bde0615f859b0992489e44924afab0?cid=63a77ff40e794a12ae216a18befde98c,Nocturne - Recorded at Spotify Studios NYC,54,Blanco White,Spotify Singles,0.94,0.323,292687,0.159,0.00532,4,0.0892,-16.517,0,0.0332,135.68,0.156
