category_id,playlist_name,playlist_id,track_id,track_uri,track_preview_url,track_name,track_popularity,artist_name,album_name,acousticness,danceability,duration_ms,energy,instrumentalness,key,liveness,loudness,mode,speechiness,tempo,valence
decades,Rahman Retrospective,37i9dQZF1DX695EFn59me7,5jyHsyGvIxawivb6enu5H3,spotify:track:5jyHsyGvIxawivb6enu5H3,,Kannanule - Bombay / Soundtrack Version,26,K. S. Chithra,Bombay,0.719,0.724,355587,0.222,0.0,9,0.0778,-19.44,0,0.0662,126.928,0.667
decades,Rahman Retrospective,37i9dQZF1DX695EFn59me7,08Zh9GFP2TKItpgcfRSHUV,spotify:track:08Zh9GFP2TKItpgcfRSHUV,https://p.scdn.co/mp3-preview/80ba9f1ea72209713d7892333edc3242cdae612e?cid=63a77ff40e794a12ae216a18befde98c,Vennelave Vennelave,26,"Hariharan,Sadhana Sargam,Arvind Swami,Prabhu Deva,Kajol,Nassar,S. P. Balasubrahmanyam,V.K. Ramaswamy",Merupu Kalalu,0.497,0.665,359773,0.19,1.1e-06,6,0.158,-17.811,1,0.0339,91.077,0.54
decades,Rahman Retrospective,37i9dQZF1DX695EFn59me7,7CEKMd44xqjr3ViLD3IHwm,spotify:track:7CEKMd44xqjr3ViLD3IHwm,https://p.scdn.co/mp3-preview/40d11a9e2d30e077fb348d9911104fe23974c5ec?cid=63a77ff40e794a12ae216a18befde98c,Paruvam Vanaga,21,"S. P. Balasubrahmanyam,Sujatha",Roja,0.559,0.591,314955,0.468,5.75e-05,5,0.143,-8.084,1,0.0359,61.037,0.248
decades,Rahman Retrospective,37i9dQZF1DX695EFn59me7,0XHI7qFNeVsVZ9dQE48W64,spotify:track:0XHI7qFNeVsVZ9dQE48W64,https://p.scdn.co/mp3-preview/b3604a32689026e6bb0b34ec104f070856984ad7?cid=63a77ff40e794a12ae216a18befde98c,Mustafa Mustafa,26,"A.R. Rahman,Abbas,Vineeth,Tabu",Prema Desam,0.0191,0.828,365192,0.292,9.23e-06,9,0.13,-15.337,0,0.0516,95.054,0.704
decades,Rahman Retrospective,37i9dQZF1DX695EFn59me7,6Iv9XZhzV7ayQxdpZuoybH,spotify:track:6Iv9XZhzV7ayQxdpZuoybH,https://p.scdn.co/mp3-preview/1b37ac1a631b5db2f272a3a83e845173c1c93fde?cid=63a77ff40e794a12ae216a18befde98c,Chiku Buku Raile,21,"Suresh Peters,Mst.G.V.Prakash Kumar",Gentleman,0.0157,0.859,320502,0.705,0.0,11,0.198,-6.7,0,0.216,97.032,0.787
decades,Rahman Retrospective,37i9dQZF1DX695EFn59me7,4M8dRVFWKMfh7hPzGCYxra,spotify:track:4M8dRVFWKMfh7hPzGCYxra,https://p.scdn.co/mp3-preview/aa5cff38956e89d1fc4c907dcd89fb3daa2c60e8?cid=63a77ff40e794a12ae216a18befde98c,Poovullo Daagunna,29,"Unnikrishnan,Sujatha,Prashanth,Aishwarya Rai Bachchan",Jeans,0.305,0.726,415504,0.642,0.0,7,0.128,-5.683,1,0.0324,103.986,0.368
decades,Rahman Retrospective,37i9dQZF1DX695EFn59me7,67uJogpIBq6BcNrIJaRSNN,spotify:track:67uJogpIBq6BcNrIJaRSNN,https://p.scdn.co/mp3-preview/b8a2fe824758de69b4eb74c1f3e0db627c0f94ea?cid=63a77ff40e794a12ae216a18befde98c,Urvashi Urvashi,23,"A.R. Rahman,Suresh Peters,Sahul Hameed",Premikudu,0.12,0.844,341290,0.425,0.0,0,0.147,-14.081,0,0.136,94.961,0.699
decades,Rahman Retrospective,37i9dQZF1DX695EFn59me7,72Lk8C1Eux8P0hahS3uesA,spotify:track:72Lk8C1Eux8P0hahS3uesA,https://p.scdn.co/mp3-preview/b49b478f2fabbb34e8c1034c3b500d05e5698655?cid=63a77ff40e794a12ae216a18befde98c,Anjali Anjali,18,"A.R. Rahman,S. P. Balasubrahmanyam,K. S. Chithra,Prabhu,Meenakshi Seshadri,Prakash Raj,Ramesh Aravind",Duet (Original Motion Picture Soundtrack),0.862,0.444,368467,0.372,0.000775,2,0.167,-13.765,1,0.0523,88.704,0.422
decades,Rahman Retrospective,37i9dQZF1DX695EFn59me7,0wSXz0wloKw82u0L3bDXvS,spotify:track:0wSXz0wloKw82u0L3bDXvS,https://p.scdn.co/mp3-preview/ca4521f3cc6766de3318666c75ad826c127d88c9?cid=63a77ff40e794a12ae216a18befde98c,Tilana Tilana,23,"Mano,Sujatha,Rajinikanth,Meena",Muthu,0.194,0.782,383640,0.733,0.00053,0,0.298,-9.442,1,0.155,105.767,0.623
decades,Rahman Retrospective,37i9dQZF1DX695EFn59me7,1QnKv3EZ8gC4BRk2EwY0Ib,spotify:track:1QnKv3EZ8gC4BRk2EwY0Ib,https://p.scdn.co/mp3-preview/c89a98d2ade67645d8bc373a2f42d5413f37ce8e?cid=63a77ff40e794a12ae216a18befde98c,Tholi Tholi,13,"S. P. Balasubrahmanyam,K. S. Chithra",Indira,0.227,0.416,321149,0.313,0.000147,4,0.0289,-19.409,1,0.078,175.954,0.501
decades,Rahman Retrospective,37i9dQZF1DX695EFn59me7,18YvBMDEs2pCphzzfypvjE,spotify:track:18YvBMDEs2pCphzzfypvjE,https://p.scdn.co/mp3-preview/cac2546ba9f8ea80bff660de8cb0661df98f9520?cid=63a77ff40e794a12ae216a18befde98c,Romeo Natyam Cheste,14,Hariharan,Mr. Romeo,0.07,0.883,339775,0.437,7.89e-05,9,0.0229,-15.432,0,0.0869,129.008,0.834
decades,Rahman Retrospective,37i9dQZF1DX695EFn59me7,7aAZiW4mhXrZC0uLNZQYug,spotify:track:7aAZiW4mhXrZC0uLNZQYug,,Prema Prema,0,"S. P. Balasubrahmanyam,O.S. Arun",Prema Desam (Original Motion Picture Soundtrack),0.0447,0.658,340000,0.582,0.0,6,0.312,-10.314,0,0.0793,93.001,0.369
decades,Rahman Retrospective,37i9dQZF1DX695EFn59me7,0Y72iK2KVUn7sWlr63vX24,spotify:track:0Y72iK2KVUn7sWlr63vX24,https://p.scdn.co/mp3-preview/500bf603dad3e8417403e340594bdbbbc182a6cc?cid=63a77ff40e794a12ae216a18befde98c,Kadhile Kalamey,19,"S. P. Balasubrahmanyam,S. Janaki,Prasanth,Simran",Jodi,0.443,0.734,296781,0.383,7.38e-05,6,0.182,-11.685,0,0.0418,104.039,0.648
decades,Rahman Retrospective,37i9dQZF1DX695EFn59me7,5AmRQEwX1YY65OH6nE5fkm,spotify:track:5AmRQEwX1YY65OH6nE5fkm,https://p.scdn.co/mp3-preview/56237b183349ca4525436810480f87285269751b?cid=63a77ff40e794a12ae216a18befde98c,Te Le Phone,16,"Hariharan,Harine",Bharateeyudu,0.00717,0.802,386187,0.383,0.00383,0,0.0557,-17.325,1,0.0774,93.027,0.576
decades,Rahman Retrospective,37i9dQZF1DX695EFn59me7,03puqRZHmxyRgX2c1onu84,spotify:track:03puqRZHmxyRgX2c1onu84,https://p.scdn.co/mp3-preview/a257feec28041a87f5c60ba6b725813465528c2e?cid=63a77ff40e794a12ae216a18befde98c,Manasuna Mansuga,21,"Hariharan,K. S. Chithra,Prabhu Deva,Nagma",Love Birds,0.279,0.411,429184,0.256,3.86e-06,2,0.08,-15.704,1,0.0992,175.705,0.213
decades,Rahman Retrospective,37i9dQZF1DX695EFn59me7,5yGdf9A3Hjn7oSMIE6Lx9Y,spotify:track:5yGdf9A3Hjn7oSMIE6Lx9Y,https://p.scdn.co/mp3-preview/e9e50488af12770c326bf78233f376e319056108?cid=63a77ff40e794a12ae216a18befde98c,Vurike Chilakaa - Bombay / Soundtrack Version,6,"Hariharan, Chitra",Bombay,0.342,0.531,437933,0.082,0.0,8,0.101,-21.65,1,0.0346,100.017,0.452
decades,Rahman Retrospective,37i9dQZF1DX695EFn59me7,7yPeu0DTn2eWgO2FmHCks0,spotify:track:7yPeu0DTn2eWgO2FmHCks0,https://p.scdn.co/mp3-preview/95d3a730d6d1ed16cba01adf328d95b564106448?cid=63a77ff40e794a12ae216a18befde98c,Nelluri Nerajana,22,"Hariharan,Mahalakshmi Iyer,Arjun,MansihaKoyirala",Oke Okkadu,0.172,0.657,404107,0.61,7.34e-05,7,0.32,-7.174,1,0.0644,77.0,0.613
decades,Rahman Retrospective,37i9dQZF1DX695EFn59me7,7DzGHdAzR6RSXRMH2YAQHx,spotify:track:7DzGHdAzR6RSXRMH2YAQHx,https://p.scdn.co/mp3-preview/060747283776f84b1d2390d10f69f6c5c128fe27?cid=63a77ff40e794a12ae216a18befde98c,Veera Bobbili Kotalo,17,"A.R. Rahman,Unni Menon,K. S. Chithra,Mano,Prashanth,Anand,Heera Rajagopal,Anu Agarwal,S. P. Balasubrahmanyam",Donga Donga (Original Motion Picture Soundtrack),0.844,0.716,383587,0.351,0.0121,2,0.177,-13.705,1,0.0744,127.91,0.35
decades,Rahman Retrospective,37i9dQZF1DX695EFn59me7,0vdM9rMNxaTrnzwij8Rnng,spotify:track:0vdM9rMNxaTrnzwij8Rnng,https://p.scdn.co/mp3-preview/ae26849fac39fbc252eaea8f067f6c706a8c44ea?cid=63a77ff40e794a12ae216a18befde98c,Sasivadane,19,"Unnikrishnan,Bombay Jayashri",Iddaru,0.461,0.483,382440,0.365,0.0,2,0.114,-14.812,1,0.0652,171.989,0.531
decades,Rahman Retrospective,37i9dQZF1DX695EFn59me7,02jifrdeifqCX4WfrBaiDn,spotify:track:02jifrdeifqCX4WfrBaiDn,https://p.scdn.co/mp3-preview/8e8c54b221d4022fd5ec8fbbbf0df43ec35607cb?cid=63a77ff40e794a12ae216a18befde98c,Kontegadni Kattuko,15,"S. P. Balasubrahmanyam,S. Janaki",Gentleman,0.0845,0.945,312930,0.541,6.76e-06,8,0.289,-5.813,1,0.0949,119.992,0.755
decades,Rahman Retrospective,37i9dQZF1DX695EFn59me7,3UZEzqkdi7iLG8yKqFXpf9,spotify:track:3UZEzqkdi7iLG8yKqFXpf9,https://p.scdn.co/mp3-preview/0870e5451583ffdfa5e733ba710d7599b3f90623?cid=63a77ff40e794a12ae216a18befde98c,Yemito Yemo,9,"Hariharan,Kavita Krishnamurthy,Aamir Khan,Jackie Shroff,Urmila Matondkar",Rangeli,0.46,0.571,298867,0.262,0.0,6,0.064,-12.265,0,0.0315,97.046,0.17
decades,Rahman Retrospective,37i9dQZF1DX695EFn59me7,6EIyxIKOv2vUu2m4Ghom8K,spotify:track:6EIyxIKOv2vUu2m4Ghom8K,https://p.scdn.co/mp3-preview/20e3f1dfa6c9b2ff807b99c64076b694105255ae?cid=63a77ff40e794a12ae216a18befde98c,Okade Okkadu,16,"S. P. Balasubrahmanyam,Rajinikanth,Meena",Muthu,0.205,0.771,379440,0.733,0.0,11,0.232,-8.95,0,0.0732,116.712,0.629
decades,Rahman Retrospective,37i9dQZF1DX695EFn59me7,5XJBYtJWgfwk18RTamYnCZ,spotify:track:5XJBYtJWgfwk18RTamYnCZ,https://p.scdn.co/mp3-preview/30bc9532eecf379ba4a4a640fc34fc8914713fd4?cid=63a77ff40e794a12ae216a18befde98c,Andamaina Premarani,19,"S. P. Balasubrahmanyam,Udit Narayan,S. P. B. Pallavi",Premikudu,0.00745,0.875,290194,0.218,7.14e-06,10,0.0991,-17.863,1,0.126,76.984,0.726
decades,Rahman Retrospective,37i9dQZF1DX695EFn59me7,7f9SuQYT1O9zvQip3QAMmB,spotify:track:7f9SuQYT1O9zvQip3QAMmB,,Nene Nine,0,"K. J. Yesudas,Sadhana Sargam",Rakshakudu (Original Motion Picture Soundtrack),0.117,0.696,416993,0.343,0.000152,2,0.11,-12.874,1,0.0317,90.991,0.22
decades,Rahman Retrospective,37i9dQZF1DX695EFn59me7,5cGXo8iTD8aN5IIVn3YbsO,spotify:track:5cGXo8iTD8aN5IIVn3YbsO,,Andaala Raakshsive,0,"S. P. Balasubrahmanyam,Harini",Oke Okkadu (Original Motion Picture Soundtrack),0.1,0.702,373827,0.572,6.53e-05,11,0.093,-9.362,0,0.0895,164.876,0.488
decades,Rahman Retrospective,37i9dQZF1DX695EFn59me7,1l6aUXQG24j0fTDsCvXlvZ,spotify:track:1l6aUXQG24j0fTDsCvXlvZ,https://p.scdn.co/mp3-preview/033855de9a5a952bd6fe7bcacf36f963986176e9?cid=63a77ff40e794a12ae216a18befde98c,Adi Arabi Kadalandam - Bombay / Soundtrack Version,6,Remo Fernandes,Bombay,0.0265,0.829,316533,0.453,7.15e-05,0,0.033,-17.226,1,0.123,95.039,0.821
decades,Rahman Retrospective,37i9dQZF1DX695EFn59me7,21D8yuZx0ZwNe5YTRe7weF,spotify:track:21D8yuZx0ZwNe5YTRe7weF,https://p.scdn.co/mp3-preview/21082d6fd6269c1ff1e354e444896eae551391b5?cid=63a77ff40e794a12ae216a18befde98c,Laali Laali,11,Hariharan,Indira,0.677,0.491,261538,0.168,0.0,2,0.115,-16.815,1,0.0286,94.949,0.275
decades,Rahman Retrospective,37i9dQZF1DX695EFn59me7,5QkzNqSJu7iPrun242wtZj,spotify:track:5QkzNqSJu7iPrun242wtZj,https://p.scdn.co/mp3-preview/ef16d4a717c3f3ada954672eb492913328bc3410?cid=63a77ff40e794a12ae216a18befde98c,Nanu Preminchananu,10,"Srini,Sujatha,Prasanth,Simran",Jodi,0.108,0.588,360950,0.689,0.0,9,0.136,-7.769,1,0.0623,89.932,0.553
decades,Rahman Retrospective,37i9dQZF1DX695EFn59me7,7wJkZ8z1WbadmcI4FlEwO2,spotify:track:7wJkZ8z1WbadmcI4FlEwO2,,O Vennela - Version 2,0,Unnikrishnan,Prema Desam (Original Motion Picture Soundtrack),0.63,0.373,294975,0.232,0.0,2,0.109,-12.793,1,0.0326,130.661,0.114
decades,Rahman Retrospective,37i9dQZF1DX695EFn59me7,6YPNHvJX43MzGkwd7Z8B8v,spotify:track:6YPNHvJX43MzGkwd7Z8B8v,https://p.scdn.co/mp3-preview/d60ab95f2732460bc18cfa6488c601f3313aef75?cid=63a77ff40e794a12ae216a18befde98c,Kotta Bangaru Lokam,15,"A.R. Rahman,Mano,K. S. Chithra,Prashanth,Anand,Heera Rajagopal,Anu Agarwal,S. P. Balasubrahmanyam",Donga Donga (Original Motion Picture Soundtrack),0.917,0.472,278800,0.418,0.121,2,0.414,-13.144,1,0.0433,95.456,0.537
decades,Rahman Retrospective,37i9dQZF1DX695EFn59me7,2n6hz4fQ9WJjqP9v6YvPZV,spotify:track:2n6hz4fQ9WJjqP9v6YvPZV,https://p.scdn.co/mp3-preview/efde0efcaab14458d7ccd270993501c2fffc57fe?cid=63a77ff40e794a12ae216a18befde98c,Kannulatho Choseve,19,"Nityasree,Prashanth,Aishwarya Rai Bachchan",Jeans,0.198,0.723,311824,0.834,0.0,5,0.0699,-4.918,0,0.0454,96.947,0.826
decades,Rahman Retrospective,37i9dQZF1DX695EFn59me7,1mqt9oz5SwbveiSXxx2yhl,spotify:track:1mqt9oz5SwbveiSXxx2yhl,https://p.scdn.co/mp3-preview/a6e5af38340aedb20ddc531d80beaebf723ac717?cid=63a77ff40e794a12ae216a18befde98c,Super Police,10,"A.R. Rahman,Suresh Peters,Anupama,Venkatesh,Nagma,Soundarya",Super Police (Original Motion Picture Soundtrack),0.00138,0.77,354480,0.296,0.00183,9,0.0812,-19.617,0,0.0489,120.982,0.428
decades,Rahman Retrospective,37i9dQZF1DX695EFn59me7,25sXPP0aTHi9PI1MN9nXVx,spotify:track:25sXPP0aTHi9PI1MN9nXVx,https://p.scdn.co/mp3-preview/ecac55ae911bfd9163e2b3f600fcdd87e207e0da?cid=63a77ff40e794a12ae216a18befde98c,Hello Hello Premalekha,8,"A.R. Rahman,S. P. Balasubrahmanyam,K. S. Chithra,Rajasekhar,Nagma,Brahmanandam",Gangmaster (Original Motion Picture Soundtrack),0.954,0.591,322613,0.487,0.0101,2,0.161,-14.01,1,0.321,95.771,0.622
