category_id,playlist_name,playlist_id,track_id,track_uri,track_preview_url,track_name,track_popularity,artist_name,album_name,acousticness,danceability,duration_ms,energy,instrumentalness,key,liveness,loudness,mode,speechiness,tempo,valence
country,Country Rocks,37i9dQZF1DWWH0izG4erma,0Mb1VQyXB8DcYBtCLN59gR,spotify:track:0Mb1VQyXB8DcYBtCLN59gR,,Not Like Us,61,Brantley Gilbert,Not Like Us,0.00287,0.534,183921,0.847,4.26e-06,9,0.162,-5.417,1,0.0388,74.986,0.733
country,Country Rocks,37i9dQZF1DWWH0izG4erma,2zGwTVTX72gsS91J7Tv8ug,spotify:track:2zGwTVTX72gsS91J7Tv8ug,https://p.scdn.co/mp3-preview/c2ea33066a3f183611d80b9f6db5d7f7b77b56a7?cid=63a77ff40e794a12ae216a18befde98c,I'm Done,55,Koe Wetzel,Noise Complaint,0.0907,0.655,210577,0.688,1.3e-06,0,0.0862,-7.247,1,0.037,129.963,0.173
country,Country Rocks,37i9dQZF1DWWH0izG4erma,2ZmbIdxBmYDtjWUyTtqZvr,spotify:track:2ZmbIdxBmYDtjWUyTtqZvr,https://p.scdn.co/mp3-preview/0b195cf625f4e3f2f4a818b57f0bd551780ec6fc?cid=63a77ff40e794a12ae216a18befde98c,Alright Alright Alright,44,Jack Ingram,Ridin' High...again,0.00201,0.428,335480,0.783,0.00246,7,0.318,-7.655,1,0.0388,117.193,0.585
country,Country Rocks,37i9dQZF1DWWH0izG4erma,57PiJkLJGT1TWaCFSxvlaL,spotify:track:57PiJkLJGT1TWaCFSxvlaL,https://p.scdn.co/mp3-preview/7205ab1ae211f1b9e82226bca4e6e348f0bf3f34?cid=63a77ff40e794a12ae216a18befde98c,Holy Smoke,47,Black Mountain Whiskey Rebellion,Holy Smoke,0.0505,0.264,277921,0.849,0.0,0,0.798,-4.975,1,0.0711,90.16,0.509
country,Country Rocks,37i9dQZF1DWWH0izG4erma,4iMEvUn6UWR8gFogtXcs1s,spotify:track:4iMEvUn6UWR8gFogtXcs1s,https://p.scdn.co/mp3-preview/bf0323655648e710818f6809cffec43874e6f000?cid=63a77ff40e794a12ae216a18befde98c,Pour Whiskey on My Grave,52,Jacob Bryant,Pour Whiskey on My Grave,0.000121,0.32,304247,0.832,0.00475,7,0.369,-4.856,1,0.0428,156.331,0.175
country,Country Rocks,37i9dQZF1DWWH0izG4erma,4ezCwgeG8vFDxvNtiUGMmm,spotify:track:4ezCwgeG8vFDxvNtiUGMmm,https://p.scdn.co/mp3-preview/8a59338672dbb1ba03345182ebfc4fc2a7b71cd4?cid=63a77ff40e794a12ae216a18befde98c,Understand Why,60,Cody Johnson,Ain't Nothin' to It,0.0444,0.524,190693,0.802,7.72e-06,7,0.187,-4.205,1,0.0351,140.064,0.601
country,Country Rocks,37i9dQZF1DWWH0izG4erma,5jROdl6MhcmP3O7h2sVgtw,spotify:track:5jROdl6MhcmP3O7h2sVgtw,,Parachute,71,Chris Stapleton,Traveller,0.00967,0.642,253200,0.762,5.72e-05,6,0.182,-7.411,1,0.0296,113.038,0.605
country,Country Rocks,37i9dQZF1DWWH0izG4erma,3MDC1gVjBJJdThcWMCgLhp,spotify:track:3MDC1gVjBJJdThcWMCgLhp,https://p.scdn.co/mp3-preview/ae0c088a2f0cddcb715dc9b04b95b67b72048b1e?cid=63a77ff40e794a12ae216a18befde98c,Lowdown & Lonesome,48,Kendell Marvel,Lowdown & Lonesome,0.00185,0.504,263000,0.874,0.000193,1,0.049,-7.09,1,0.037,180.009,0.867
country,Country Rocks,37i9dQZF1DWWH0izG4erma,5eDvChP4WAPPrtaQeI9MhT,spotify:track:5eDvChP4WAPPrtaQeI9MhT,https://p.scdn.co/mp3-preview/6a1fbf9017964d3ad2d1f11cf9288bc2eadd9c04?cid=63a77ff40e794a12ae216a18befde98c,Beer Never Broke My Heart,78,Luke Combs,Beer Never Broke My Heart,0.0138,0.54,186800,0.863,0.0,1,0.0871,-4.483,1,0.0481,77.0,0.64
country,Country Rocks,37i9dQZF1DWWH0izG4erma,0Rxgdpe1zgZ6ZzHgxSaYEJ,spotify:track:0Rxgdpe1zgZ6ZzHgxSaYEJ,https://p.scdn.co/mp3-preview/1332797926df33bd8fc811cb383af43d385def1f?cid=63a77ff40e794a12ae216a18befde98c,Waiting for the Thunder,54,Blackberry Smoke,Like an Arrow,0.102,0.582,247008,0.805,3.14e-06,9,0.271,-5.267,1,0.0301,144.047,0.895
country,Country Rocks,37i9dQZF1DWWH0izG4erma,1wUP6cJ84MIXEpoKHLWkEl,spotify:track:1wUP6cJ84MIXEpoKHLWkEl,https://p.scdn.co/mp3-preview/8ea933dc27cff2f8526eb8f03193cb1a4b3c45d6?cid=63a77ff40e794a12ae216a18befde98c,Back to It,46,Nate Moran,Back to It,0.00794,0.429,189480,0.935,0.0,1,0.0686,-3.874,1,0.0973,169.961,0.538
country,Country Rocks,37i9dQZF1DWWH0izG4erma,7MPc82UJLQm5VasRVkwquM,spotify:track:7MPc82UJLQm5VasRVkwquM,https://p.scdn.co/mp3-preview/b5496220169f1ce4657ccec31151f1044321e6ae?cid=63a77ff40e794a12ae216a18befde98c,Be Alright,61,Parmalee,Be Alright,0.0453,0.598,201027,0.861,0.0,10,0.257,-3.215,1,0.0424,128.025,0.325
country,Country Rocks,37i9dQZF1DWWH0izG4erma,7aQWQSrLhPuRbHUewe6HLB,spotify:track:7aQWQSrLhPuRbHUewe6HLB,https://p.scdn.co/mp3-preview/86fefb9d9c99f8187c30cad9e68e698ae1c07149?cid=63a77ff40e794a12ae216a18befde98c,Let the Rain Come Down,52,The Steel Woods,Straw in the Wind,0.14,0.644,199773,0.616,0.00178,2,0.0745,-5.755,0,0.0325,147.083,0.345
country,Country Rocks,37i9dQZF1DWWH0izG4erma,0abANNHp13fykWCm2PRDN6,spotify:track:0abANNHp13fykWCm2PRDN6,,"Red, White And Blue",51,Travis Denning,"Red, White And Blue",0.0756,0.497,206533,0.88,0.0,11,0.0651,-4.81,1,0.0589,74.976,0.273
country,Country Rocks,37i9dQZF1DWWH0izG4erma,2fvmEuEwISvAN0Rg10yjpe,spotify:track:2fvmEuEwISvAN0Rg10yjpe,https://p.scdn.co/mp3-preview/4868cf587e5da6e944c0cf6ef880fa9320470469?cid=63a77ff40e794a12ae216a18befde98c,John Wayne,49,J. Hartley,John Wayne,0.0246,0.569,158685,0.86,0.0,8,0.351,-4.701,0,0.0496,158.039,0.581
country,Country Rocks,37i9dQZF1DWWH0izG4erma,0NCnQYoe5YdxFjJQgEM5rX,spotify:track:0NCnQYoe5YdxFjJQgEM5rX,https://p.scdn.co/mp3-preview/0d7e82f282d36884fa7e90d23830839f65b4a9c6?cid=63a77ff40e794a12ae216a18befde98c,Fuss & Fight,55,Koe Wetzel,Noise Complaint,0.00486,0.652,240266,0.798,0.0,2,0.131,-5.592,0,0.0669,141.014,0.292
country,Country Rocks,37i9dQZF1DWWH0izG4erma,0NBaQcjwg7ROSc8qosY5Fj,spotify:track:0NBaQcjwg7ROSc8qosY5Fj,https://p.scdn.co/mp3-preview/25a23852f45c7f9843350d8a8e8642fde7a7ddb6?cid=63a77ff40e794a12ae216a18befde98c,Lightning Bugs and Rain,50,Whiskey Myers,Mud,0.00182,0.473,191866,0.888,0.0,9,0.0435,-6.343,1,0.0587,77.622,0.853
country,Country Rocks,37i9dQZF1DWWH0izG4erma,4ugWvzQsCcIisB5ouo3PHE,spotify:track:4ugWvzQsCcIisB5ouo3PHE,https://p.scdn.co/mp3-preview/22344901502e2d0d665ff804f603efd697941996?cid=63a77ff40e794a12ae216a18befde98c,Heartache Off My Back,43,Kendell Marvel,Heartache Off My Back,0.000656,0.561,198680,0.902,0.00103,11,0.0936,-6.155,0,0.0338,152.191,0.848
country,Country Rocks,37i9dQZF1DWWH0izG4erma,4F880Aeo2WO7N0lULjWgzm,spotify:track:4F880Aeo2WO7N0lULjWgzm,,Shoot From The Hip,51,Brothers Osborne,Brothers Osborne,0.0549,0.611,213827,0.946,1.53e-05,7,0.286,-4.8,1,0.0555,148.122,0.55
country,Country Rocks,37i9dQZF1DWWH0izG4erma,47yypFbq6fu3yUvFoaf2UN,spotify:track:47yypFbq6fu3yUvFoaf2UN,https://p.scdn.co/mp3-preview/5713597e4856d1f233c97d41aa6e31a6ea691bfe?cid=63a77ff40e794a12ae216a18befde98c,Cover Me Up,69,Morgan Wallen,Cover Me Up,0.235,0.461,292663,0.437,7.1e-06,2,0.121,-8.285,1,0.0284,128.132,0.194
country,Country Rocks,37i9dQZF1DWWH0izG4erma,0GGXjqYNIGd46cpCqfP928,spotify:track:0GGXjqYNIGd46cpCqfP928,https://p.scdn.co/mp3-preview/65aa7516e31eb84031c3194dac5e0cb1a7b82303?cid=63a77ff40e794a12ae216a18befde98c,Practice What I Preach,46,Jacob Bryant,Practice What I Preach,0.000113,0.448,202019,0.829,0.00561,1,0.118,-4.946,1,0.0394,92.972,0.32
country,Country Rocks,37i9dQZF1DWWH0izG4erma,4PegJujMIVkayRiuISF568,spotify:track:4PegJujMIVkayRiuISF568,,Crackin’ Cold Ones With The Boys,56,The Cadillac Three,Crackin' Cold Ones With The Boys,0.00438,0.602,154244,0.763,0.00733,2,0.0875,-5.331,1,0.0478,131.025,0.505
country,Country Rocks,37i9dQZF1DWWH0izG4erma,0YVdTI4w1BEqSjGNXcRjX1,spotify:track:0YVdTI4w1BEqSjGNXcRjX1,https://p.scdn.co/mp3-preview/bded85dfcb54d78b1a32e39912ecdfd83b691aed?cid=63a77ff40e794a12ae216a18befde98c,REDNECKER,63,HARDY,THIS OLE BOY,0.0506,0.538,201832,0.751,9.52e-05,7,0.1,-5.472,1,0.0343,143.964,0.51
country,Country Rocks,37i9dQZF1DWWH0izG4erma,686AJIGusblb5aCxd4h1dQ,spotify:track:686AJIGusblb5aCxd4h1dQ,https://p.scdn.co/mp3-preview/ee91c309f9e149b4aa232de2e7f2b7469a9eaada?cid=63a77ff40e794a12ae216a18befde98c,Southern Accents,48,The Steel Woods,Southern Accents,0.0936,0.294,284685,0.402,1.02e-05,7,0.106,-6.619,1,0.0291,99.953,0.245
country,Country Rocks,37i9dQZF1DWWH0izG4erma,7fKzBikb9ZOARSHLNqFmNj,spotify:track:7fKzBikb9ZOARSHLNqFmNj,https://p.scdn.co/mp3-preview/3e79043116913fa93943f01bbcbb37dc9eab0b47?cid=63a77ff40e794a12ae216a18befde98c,Never Left Memphis,45,Austin Jenckes,Never Left Memphis,0.00169,0.589,200712,0.844,2.45e-06,10,0.574,-6.356,1,0.0695,100.886,0.642
country,Country Rocks,37i9dQZF1DWWH0izG4erma,5AGcr7ylW6rE1ubX8EfYRR,spotify:track:5AGcr7ylW6rE1ubX8EfYRR,https://p.scdn.co/mp3-preview/5400371c537cd6e2aeccc2ce3110cc9cd68df6a3?cid=63a77ff40e794a12ae216a18befde98c,Bones,46,Carson Beyer,Bones,0.0343,0.423,237923,0.748,0.0,7,0.218,-3.681,1,0.0318,175.948,0.144
country,Country Rocks,37i9dQZF1DWWH0izG4erma,515UGTaaZQyCgthVxhWTbU,spotify:track:515UGTaaZQyCgthVxhWTbU,https://p.scdn.co/mp3-preview/8f85363e1152f3ac39ebb4986fa43e52b0c177fe?cid=63a77ff40e794a12ae216a18befde98c,Burning Down,42,Striking Matches,Morning,0.0053,0.641,189579,0.902,0.0,2,0.0723,-3.917,1,0.0373,94.946,0.667
country,Country Rocks,37i9dQZF1DWWH0izG4erma,2waqziap5FGmBpD17H9u4M,spotify:track:2waqziap5FGmBpD17H9u4M,https://p.scdn.co/mp3-preview/4aba2a92be584b73071bd7d8788bf1f4cd6b7ead?cid=63a77ff40e794a12ae216a18befde98c,More Than One Year,48,Jacob Bryant,More Than One Year,0.0123,0.473,232476,0.9,4.08e-06,2,0.825,-4.383,1,0.0537,88.016,0.444
country,Country Rocks,37i9dQZF1DWWH0izG4erma,7fjVLbamCgqD0CWNmW3C4C,spotify:track:7fjVLbamCgqD0CWNmW3C4C,https://p.scdn.co/mp3-preview/9d64bd2f4cc3e184e179b14718210e67d45ae2ca?cid=63a77ff40e794a12ae216a18befde98c,Didn't Come Here to Leave,44,Davisson Brothers Band,Fighter,0.0118,0.615,196414,0.76,0.0,0,0.0761,-3.891,1,0.0417,169.955,0.707
country,Country Rocks,37i9dQZF1DWWH0izG4erma,7KDyGBkjIGoyHN9i6vrQrR,spotify:track:7KDyGBkjIGoyHN9i6vrQrR,,Welcome To Hazeville,59,"Brantley Gilbert,Colt Ford,Lukas Nelson,Willie Nelson",Welcome To Hazeville,0.139,0.42,181167,0.651,0.0,6,0.25,-6.695,0,0.0611,131.954,0.475
country,Country Rocks,37i9dQZF1DWWH0izG4erma,13iwFAkP5vMi6oEwV3uUsP,spotify:track:13iwFAkP5vMi6oEwV3uUsP,https://p.scdn.co/mp3-preview/7ebe099292b6b7e42a1b2bc980dbcf88021547e1?cid=63a77ff40e794a12ae216a18befde98c,Alabama,50,Bishop Gunn,Natchez,0.312,0.472,214293,0.626,0.00243,9,0.121,-8.499,1,0.0849,75.007,0.296
country,Country Rocks,37i9dQZF1DWWH0izG4erma,612h6zDcpRvsRDmC78dTQH,spotify:track:612h6zDcpRvsRDmC78dTQH,https://p.scdn.co/mp3-preview/9c9629c6170ec5dccd915b032347e1ccc83457ed?cid=63a77ff40e794a12ae216a18befde98c,An Outlaw's Song,51,"Demun Jones,Upchurch",The Oven,0.00782,0.616,192555,0.92,0.0,0,0.161,-2.223,1,0.0763,123.213,0.553
country,Country Rocks,37i9dQZF1DWWH0izG4erma,6pE3yAnmPx0E3w5O4fEhpo,spotify:track:6pE3yAnmPx0E3w5O4fEhpo,https://p.scdn.co/mp3-preview/e8e7c8cddf76a81dffa271ecb4606d49f539cfad?cid=63a77ff40e794a12ae216a18befde98c,Diamond Rings & Cocaine,50,Kolby Cooper,"Good Ones Never Last, Pt. 1",0.00104,0.495,191512,0.876,1.38e-05,7,0.479,-3.611,1,0.0368,127.008,0.505
country,Country Rocks,37i9dQZF1DWWH0izG4erma,5u1gJ956WPF41Xqhf72d22,spotify:track:5u1gJ956WPF41Xqhf72d22,https://p.scdn.co/mp3-preview/8d46cabb740349cc06c4739a5e505142ddfa6dd3?cid=63a77ff40e794a12ae216a18befde98c,Long Haired Country Boy (feat. The Rockin' CJB),41,"Cody Johnson,The Rockin' CJB",Ain't Nothin' to It - EP,0.00228,0.539,257080,0.786,1.79e-05,6,0.121,-4.884,1,0.0269,88.969,0.503
country,Country Rocks,37i9dQZF1DWWH0izG4erma,7CH2lHI37sKoYXQOvX2Ltj,spotify:track:7CH2lHI37sKoYXQOvX2Ltj,https://p.scdn.co/mp3-preview/f3adf55d650305ffe6f97014a531c3611e1aa2b0?cid=63a77ff40e794a12ae216a18befde98c,Blaze of Somethin',46,A Thousand Horses,Bridges,0.0309,0.536,209580,0.825,0.0,6,0.11,-4.724,1,0.0623,99.94,0.779
country,Country Rocks,37i9dQZF1DWWH0izG4erma,4IXWlB6QT5Z2tizhSveFU2,spotify:track:4IXWlB6QT5Z2tizhSveFU2,https://p.scdn.co/mp3-preview/189ead4394fd67a84c7d3bbdfb99e4e7c0066029?cid=63a77ff40e794a12ae216a18befde98c,American Thread,46,Tim Montana,American Thread,0.128,0.445,199267,0.954,0.0,4,0.395,-5.417,1,0.117,170.073,0.543
country,Country Rocks,37i9dQZF1DWWH0izG4erma,1e6l0mH2m4zBJxrnZLIwo4,spotify:track:1e6l0mH2m4zBJxrnZLIwo4,https://p.scdn.co/mp3-preview/a83b0383445b996f16447f32854823d8fe26ff1c?cid=63a77ff40e794a12ae216a18befde98c,For a Beer,46,Taylor Phillips,Six Strings Attached,0.0629,0.605,164960,0.866,0.0,11,0.0323,-3.753,1,0.0413,168.208,0.674
country,Country Rocks,37i9dQZF1DWWH0izG4erma,2XhDuSWBXwf1WBYL42BQBe,spotify:track:2XhDuSWBXwf1WBYL42BQBe,https://p.scdn.co/mp3-preview/810629bdc38aaaa4d5fda4ea0a856f9b208a3daf?cid=63a77ff40e794a12ae216a18befde98c,All of These Years,48,The Steel Woods,All of These Years,0.00795,0.557,251498,0.652,0.00728,9,0.0989,-5.308,0,0.0287,92.062,0.484
country,Country Rocks,37i9dQZF1DWWH0izG4erma,0yaMn1bb6b5gJwR3eVudOK,spotify:track:0yaMn1bb6b5gJwR3eVudOK,https://p.scdn.co/mp3-preview/589947519c10c6d6ce53e21fad20f3d97df496b6?cid=63a77ff40e794a12ae216a18befde98c,We The People,51,Colt Ford,We The People,0.0524,0.574,153643,0.696,0.0,7,0.222,-5.08,1,0.0413,168.219,0.798
country,Country Rocks,37i9dQZF1DWWH0izG4erma,3lIseaWnhgvIcklKySbCJV,spotify:track:3lIseaWnhgvIcklKySbCJV,https://p.scdn.co/mp3-preview/b09dd7e0964cc44b388ad1dedd8041b328fa0f0a?cid=63a77ff40e794a12ae216a18befde98c,Don't Tell Me,50,Read Southall Band,Borrowed Time,0.00129,0.559,220650,0.668,0.000108,2,0.077,-5.347,0,0.0264,150.026,0.721
country,Country Rocks,37i9dQZF1DWWH0izG4erma,1mMLMZYXkMueg65jRRWG1l,spotify:track:1mMLMZYXkMueg65jRRWG1l,https://p.scdn.co/mp3-preview/0a2f1abdc6a4b5e7112320dd098aa910ff0d1207?cid=63a77ff40e794a12ae216a18befde98c,When It Rains It Pours,77,Luke Combs,This One's for You,0.013,0.551,240760,0.801,6.03e-06,6,0.265,-5.069,1,0.0303,128.027,0.625
country,Country Rocks,37i9dQZF1DWWH0izG4erma,6qiXPsQCoy5qNSXbjShJ40,spotify:track:6qiXPsQCoy5qNSXbjShJ40,https://p.scdn.co/mp3-preview/151a41b2dbad32508e3671730c76a4666411a5d0?cid=63a77ff40e794a12ae216a18befde98c,High on That Mountain,44,Yankton,High on That Mountain,0.00479,0.645,184917,0.929,0.000305,7,0.257,-4.324,1,0.0618,110.016,0.399
country,Country Rocks,37i9dQZF1DWWH0izG4erma,0oTGa77jJ1H5joTG5SvxFj,spotify:track:0oTGa77jJ1H5joTG5SvxFj,,Second One To Know,58,Chris Stapleton,From A Room: Volume 1,0.0244,0.527,176067,0.893,0.000753,0,0.343,-6.061,0,0.0396,96.73,0.892
country,Country Rocks,37i9dQZF1DWWH0izG4erma,6TkgceJOWN9NbZl42rM98v,spotify:track:6TkgceJOWN9NbZl42rM98v,https://p.scdn.co/mp3-preview/a7b35e58b3dd4536e0e04ce3c9cc845693c75777?cid=63a77ff40e794a12ae216a18befde98c,Restless Ways,44,Gethen Jenkins,Restless Ways,0.000409,0.519,222520,0.918,0.0469,7,0.0558,-4.928,1,0.0799,113.573,0.624
country,Country Rocks,37i9dQZF1DWWH0izG4erma,05CyhYbYmIU6JtmprusF2f,spotify:track:05CyhYbYmIU6JtmprusF2f,https://p.scdn.co/mp3-preview/edfe1f4bafd8727bf18cfc14fe4f2934a54d853d?cid=63a77ff40e794a12ae216a18befde98c,Po' Boyz,45,Davisson Brothers Band,Po' Boyz,0.165,0.561,206388,0.699,0.0,8,0.231,-2.686,1,0.0394,167.007,0.209
country,Country Rocks,37i9dQZF1DWWH0izG4erma,5jsFP9UeOXngDEslmUVozc,spotify:track:5jsFP9UeOXngDEslmUVozc,https://p.scdn.co/mp3-preview/03476e952b9c6d9b6a9fda532dcfb83f670c74a9?cid=63a77ff40e794a12ae216a18befde98c,Till the Wheels Fall Off,47,Blackberry Smoke,Find a Light,0.000964,0.496,225165,0.755,0.0876,9,0.374,-4.408,0,0.0277,90.0,0.421
country,Country Rocks,37i9dQZF1DWWH0izG4erma,08wJ1B9yu9sPeoRa5fbpr3,spotify:track:08wJ1B9yu9sPeoRa5fbpr3,,It Ain't My Fault,65,Brothers Osborne,Pawn Shop,0.00166,0.735,216800,0.831,0.217,9,0.291,-5.898,1,0.0332,123.017,0.756
country,Country Rocks,37i9dQZF1DWWH0izG4erma,3sEa95MTLJ8JcoP5A97bWl,spotify:track:3sEa95MTLJ8JcoP5A97bWl,,Mr. Lonely,62,Midland,Mr. Lonely,0.0328,0.594,179135,0.859,4.68e-06,4,0.426,-5.004,1,0.0365,149.929,0.851
country,Country Rocks,37i9dQZF1DWWH0izG4erma,1owAc7B3hoCvn2GXHMUHPJ,spotify:track:1owAc7B3hoCvn2GXHMUHPJ,,Can’t Hide Red,55,"Florida Georgia Line,Jason Aldean",Can't Hide Red,0.0256,0.514,181600,0.864,0.0,4,0.103,-3.246,0,0.0502,94.927,0.471
country,Country Rocks,37i9dQZF1DWWH0izG4erma,6tInq1Sn2eehdsQGA9Aafh,spotify:track:6tInq1Sn2eehdsQGA9Aafh,,Midnight Train To Memphis,61,Chris Stapleton,From A Room: Volume 2,0.00148,0.281,222653,0.929,0.00708,9,0.373,-7.639,1,0.11,178.029,0.636
country,Country Rocks,37i9dQZF1DWWH0izG4erma,21xngRe3P8ZaytDVa4d4gD,spotify:track:21xngRe3P8ZaytDVa4d4gD,,New Buzz,2,Randy Houser,New Buzz,0.206,0.686,178973,0.837,5.8e-05,0,0.213,-4.591,1,0.0452,155.951,0.829
