category_id,playlist_name,playlist_id,track_id,track_uri,track_preview_url,track_name,track_popularity,artist_name,album_name,acousticness,danceability,duration_ms,energy,instrumentalness,key,liveness,loudness,mode,speechiness,tempo,valence
chill,Chill Mode: On,37i9dQZF1DX9FcC8tuoPzi,3UcrZK7LLThTmPJgyizzyk,spotify:track:3UcrZK7LLThTmPJgyizzyk,https://p.scdn.co/mp3-preview/0fc5f5f9403b0f430b9e7f35848200cf1ae3c442?cid=63a77ff40e794a12ae216a18befde98c,Is It Too Early? (Kilmainham),45,Saint Sister,Is it too early? (Kilmainham),0.725,0.567,198588,0.449,0.0591,0,0.379,-11.711,1,0.043,82.971,0.0781
chill,Chill Mode: On,37i9dQZF1DX9FcC8tuoPzi,277gMvnkcc40Cvmb4XPTmA,spotify:track:277gMvnkcc40Cvmb4XPTmA,https://p.scdn.co/mp3-preview/e52a94852393a4e116e9a9c7ec400340897b5593?cid=63a77ff40e794a12ae216a18befde98c,Cutting Ties,26,Sophie VanHasselt,Cutting Ties,0.598,0.713,204255,0.612,6.34e-05,9,0.0963,-6.669,0,0.0903,94.013,0.479
chill,Chill Mode: On,37i9dQZF1DX9FcC8tuoPzi,36w9nXsRCq0FGJ3tPSJ82y,spotify:track:36w9nXsRCq0FGJ3tPSJ82y,https://p.scdn.co/mp3-preview/9b7da8ee8cc45cacf12185bbc2d00f417e4c8375?cid=63a77ff40e794a12ae216a18befde98c,Hey Love,19,Ella East,Hey Love,0.407,0.508,209396,0.294,0.00308,1,0.102,-11.604,0,0.0656,179.728,0.229
chill,Chill Mode: On,37i9dQZF1DX9FcC8tuoPzi,1WSH1EWNAQbcXs9uaUxgJb,spotify:track:1WSH1EWNAQbcXs9uaUxgJb,https://p.scdn.co/mp3-preview/e962a8c71c06b656196037991a843d98ff29932a?cid=63a77ff40e794a12ae216a18befde98c,All My Friends,44,TRACE,All My Friends,0.426,0.637,231047,0.534,7.09e-05,0,0.102,-7.798,1,0.0452,135.619,0.206
chill,Chill Mode: On,37i9dQZF1DX9FcC8tuoPzi,174Yx9BLQ3Ix5Ci2ARAnEj,spotify:track:174Yx9BLQ3Ix5Ci2ARAnEj,,Nev•er Break,2,"Couros,Alyss",Jupiter,0.201,0.479,200816,0.543,0.00445,6,0.434,-6.933,0,0.329,90.861,0.549
chill,Chill Mode: On,37i9dQZF1DX9FcC8tuoPzi,7MCFuL1QjxbaQ1exMCQei0,spotify:track:7MCFuL1QjxbaQ1exMCQei0,,To Build A House,1,Cosima,To Build A House,0.427,0.491,217502,0.307,3.9e-05,7,0.111,-12.649,0,0.0363,72.552,0.059
chill,Chill Mode: On,37i9dQZF1DX9FcC8tuoPzi,6UUKUwdduulYycnMcImELo,spotify:track:6UUKUwdduulYycnMcImELo,https://p.scdn.co/mp3-preview/f78fc49a0af1dd8eaf6e2fa0b7675ee918f7e8e8?cid=63a77ff40e794a12ae216a18befde98c,Alice,24,"Timid, the Brave",Alice,0.696,0.608,241310,0.297,0.000787,0,0.108,-14.587,1,0.0318,110.985,0.229
chill,Chill Mode: On,37i9dQZF1DX9FcC8tuoPzi,5LSwHMJXjBMZUX4MQNmqhS,spotify:track:5LSwHMJXjBMZUX4MQNmqhS,https://p.scdn.co/mp3-preview/7ef1d31b83250c13236be5c612b2496e0d086210?cid=63a77ff40e794a12ae216a18befde98c,Connor,46,SYML,SYML,0.759,0.341,298493,0.313,0.28,5,0.102,-13.025,1,0.059,86.761,0.183
chill,Chill Mode: On,37i9dQZF1DX9FcC8tuoPzi,01MjAvFr92bfvcwxMo7jqN,spotify:track:01MjAvFr92bfvcwxMo7jqN,https://p.scdn.co/mp3-preview/6e04e326c88ef23b1b1e32acd387f7d456fb3211?cid=63a77ff40e794a12ae216a18befde98c,Holding On,30,"Gost,Loic Fleury",Holding On,0.646,0.511,201487,0.558,0.0168,9,0.0934,-10.618,0,0.0758,75.042,0.161
chill,Chill Mode: On,37i9dQZF1DX9FcC8tuoPzi,4yN8JVt7toCBmb2XiQhgX9,spotify:track:4yN8JVt7toCBmb2XiQhgX9,https://p.scdn.co/mp3-preview/8bdd0e4b6515aa24862625330ac1b50dfe99e9e7?cid=63a77ff40e794a12ae216a18befde98c,nights,31,Makk Mikkael,nights,0.635,0.714,166400,0.392,0.000209,1,0.102,-8.772,1,0.0294,149.957,0.378
chill,Chill Mode: On,37i9dQZF1DX9FcC8tuoPzi,3vAtTm0oVtCoPyzCsEYolL,spotify:track:3vAtTm0oVtCoPyzCsEYolL,https://p.scdn.co/mp3-preview/c05b1f2550a909557adb86822c643d6577a39e74?cid=63a77ff40e794a12ae216a18befde98c,7 Senses,32,"Mocean,Kirsa Moonlight",7 Senses,0.881,0.409,189520,0.259,0.0275,10,0.0862,-17.125,0,0.219,180.099,0.294
chill,Chill Mode: On,37i9dQZF1DX9FcC8tuoPzi,4mMpmmYC1IZb4hplO3Gmai,spotify:track:4mMpmmYC1IZb4hplO3Gmai,https://p.scdn.co/mp3-preview/7ba4f333cb648a2221f4afa959419e46f8dc0ed0?cid=63a77ff40e794a12ae216a18befde98c,Parts,27,Ayelle,Parts,0.663,0.586,191633,0.476,6.25e-06,5,0.133,-7.721,0,0.0488,97.822,0.0638
chill,Chill Mode: On,37i9dQZF1DX9FcC8tuoPzi,573LAQeavCiXonhqTVyDx9,spotify:track:573LAQeavCiXonhqTVyDx9,https://p.scdn.co/mp3-preview/225579ea271a614882ad681605c4a25e8818ee06?cid=63a77ff40e794a12ae216a18befde98c,Stfu,7,So Unknown,Stfu,0.592,0.788,201321,0.293,0.000763,11,0.105,-10.215,0,0.0835,123.886,0.0986
chill,Chill Mode: On,37i9dQZF1DX9FcC8tuoPzi,3qUjjFXRuHWjUXapk2lq4w,spotify:track:3qUjjFXRuHWjUXapk2lq4w,https://p.scdn.co/mp3-preview/e272a777aaefe7d876831ea6ce68b006a58848ad?cid=63a77ff40e794a12ae216a18befde98c,One Man Show,30,Rui,One Man Show,0.552,0.782,224821,0.418,0.000396,6,0.147,-8.858,0,0.0605,147.964,0.593
chill,Chill Mode: On,37i9dQZF1DX9FcC8tuoPzi,6bzEcTXBs123CgRWKGnr6P,spotify:track:6bzEcTXBs123CgRWKGnr6P,https://p.scdn.co/mp3-preview/493858c40eabfadea9043cc25bf2ea399d9ddb1f?cid=63a77ff40e794a12ae216a18befde98c,Could Be,46,Glded,Could Be,0.66,0.572,224358,0.368,0.804,4,0.0975,-20.157,1,0.0371,106.012,0.102
chill,Chill Mode: On,37i9dQZF1DX9FcC8tuoPzi,4JJjiHPX2OEea3xqIosBcJ,spotify:track:4JJjiHPX2OEea3xqIosBcJ,https://p.scdn.co/mp3-preview/1b06743b2218bd00c36050552966fa5926c82dd6?cid=63a77ff40e794a12ae216a18befde98c,Away From Me,46,CHINAH,Once The Lights Are On,0.667,0.473,236134,0.286,0.00988,10,0.125,-9.881,0,0.0471,128.067,0.0729
chill,Chill Mode: On,37i9dQZF1DX9FcC8tuoPzi,0CfKlnp6Jc9kRv8ibScTUC,spotify:track:0CfKlnp6Jc9kRv8ibScTUC,https://p.scdn.co/mp3-preview/80e521640d26c0cc2dc08d7f7106a58eb9c69038?cid=63a77ff40e794a12ae216a18befde98c,Midnight,29,"ROOM8,morgxn",Midnight,0.0871,0.422,189332,0.606,0.0,7,0.111,-3.901,0,0.112,87.276,0.0737
chill,Chill Mode: On,37i9dQZF1DX9FcC8tuoPzi,4bO0T0zq00ZjJDebEgbw4p,spotify:track:4bO0T0zq00ZjJDebEgbw4p,https://p.scdn.co/mp3-preview/0cb1ed21f5fd91253565fd8ef3f059024b1e1444?cid=63a77ff40e794a12ae216a18befde98c,Polder,25,CAH,Polder,0.674,0.682,228500,0.41,0.00138,2,0.0881,-8.877,0,0.29,168.17,0.169
chill,Chill Mode: On,37i9dQZF1DX9FcC8tuoPzi,63taWnwpUUWb5cEBd0OHSm,spotify:track:63taWnwpUUWb5cEBd0OHSm,,Lifeline,37,Rosie Lowe,YU,0.947,0.305,143683,0.0553,0.95,9,0.117,-18.939,0,0.0333,130.277,0.065
chill,Chill Mode: On,37i9dQZF1DX9FcC8tuoPzi,6dvHjr6kOqEnKeQyd3Tozs,spotify:track:6dvHjr6kOqEnKeQyd3Tozs,,Wicked Dreams,58,Rhye,Spirit,0.888,0.76,271507,0.269,0.524,2,0.0838,-14.264,1,0.0329,141.05,0.472
chill,Chill Mode: On,37i9dQZF1DX9FcC8tuoPzi,20z5VnuRJkpxcokwAu9VtP,spotify:track:20z5VnuRJkpxcokwAu9VtP,https://p.scdn.co/mp3-preview/ba463b87179425a59aaddbf5a59c087ba597448f?cid=63a77ff40e794a12ae216a18befde98c,Lead Me Back,57,San Holo,Lead Me Back,0.0992,0.498,284493,0.798,3.47e-06,3,0.119,-4.637,1,0.0902,138.058,0.369
chill,Chill Mode: On,37i9dQZF1DX9FcC8tuoPzi,1EWDcXSUuJQx7zCAoBCdqc,spotify:track:1EWDcXSUuJQx7zCAoBCdqc,https://p.scdn.co/mp3-preview/1cdd262e8146b721480422a299b3bbce2ed93a91?cid=63a77ff40e794a12ae216a18befde98c,"One, Two",48,((( O ))),"One, Two",0.787,0.618,236142,0.28,0.141,6,0.104,-8.2,0,0.0391,139.966,0.0552
chill,Chill Mode: On,37i9dQZF1DX9FcC8tuoPzi,1ThbK3oE3MKzDxDCymn5xX,spotify:track:1ThbK3oE3MKzDxDCymn5xX,,How Do We Make It,2,Jarryd James,How Do We Make It,0.29,0.652,264413,0.479,0.0,4,0.0725,-8.56,1,0.0534,138.992,0.553
chill,Chill Mode: On,37i9dQZF1DX9FcC8tuoPzi,1eI96gvZFDYNrwUiCWkwZQ,spotify:track:1eI96gvZFDYNrwUiCWkwZQ,https://p.scdn.co/mp3-preview/01ab7bcf964870c15e26f26b577e49d2e1895934?cid=63a77ff40e794a12ae216a18befde98c,Wicked Game,23,LAKSHMI,Wicked Game,0.686,0.422,257455,0.249,0.000122,10,0.111,-12.081,1,0.0316,108.696,0.0673
chill,Chill Mode: On,37i9dQZF1DX9FcC8tuoPzi,0PbODwDZTiGLmXaHI5LbVq,spotify:track:0PbODwDZTiGLmXaHI5LbVq,https://p.scdn.co/mp3-preview/eacf3192a541e078e97c12b8815e9819ef39ec02?cid=63a77ff40e794a12ae216a18befde98c,Not Enough,38,Yurrit,Not Enough,0.466,0.798,193526,0.564,7.21e-05,6,0.0928,-7.579,0,0.0734,113.028,0.485
chill,Chill Mode: On,37i9dQZF1DX9FcC8tuoPzi,2E3AMbPPu0hiS2BYLBtTP9,spotify:track:2E3AMbPPu0hiS2BYLBtTP9,https://p.scdn.co/mp3-preview/8aa03c710ca2dc81c2226f2d70511c51a43b2794?cid=63a77ff40e794a12ae216a18befde98c,Distance,27,Felicitas,Distance,0.317,0.701,206024,0.349,0.213,0,0.122,-12.247,1,0.0443,166.132,0.592
chill,Chill Mode: On,37i9dQZF1DX9FcC8tuoPzi,4ZLzoOkj0MPWrTLvooIuaa,spotify:track:4ZLzoOkj0MPWrTLvooIuaa,https://p.scdn.co/mp3-preview/d5c74a622751ac0537d769bf795cb728b33ff285?cid=63a77ff40e794a12ae216a18befde98c,Get You The Moon (feat. Snøw),86,"Kina,Snøw",Get You The Moon (feat. Snøw),0.72,0.498,179080,0.235,0.0,1,0.144,-16.541,0,0.188,118.917,0.0895
chill,Chill Mode: On,37i9dQZF1DX9FcC8tuoPzi,5nF0LGErhMCQrld6rMNPBN,spotify:track:5nF0LGErhMCQrld6rMNPBN,https://p.scdn.co/mp3-preview/c67421f14dd126f9389f4c7d706892628662ca62?cid=63a77ff40e794a12ae216a18befde98c,Secrets,32,"Polar Youth,ÊMIA",Secrets,0.564,0.424,190227,0.47,0.0,6,0.12,-7.225,1,0.183,176.28,0.254
chill,Chill Mode: On,37i9dQZF1DX9FcC8tuoPzi,70fk2i1PptdZNBCyQD8M6h,spotify:track:70fk2i1PptdZNBCyQD8M6h,https://p.scdn.co/mp3-preview/5b20d6abcf4bc0cda02dbb40daa85036c6912cb7?cid=63a77ff40e794a12ae216a18befde98c,Les Larmes,21,Ocean Avenue,Les Larmes,0.723,0.558,206399,0.32,0.000717,7,0.107,-8.856,0,0.345,120.924,0.359
chill,Chill Mode: On,37i9dQZF1DX9FcC8tuoPzi,5QwzNsOFbrI9maJ5bGhDSI,spotify:track:5QwzNsOFbrI9maJ5bGhDSI,https://p.scdn.co/mp3-preview/82d105beb56745d5ddeb40b8e73535eb0e3904e5?cid=63a77ff40e794a12ae216a18befde98c,Stoned On You,35,Jaymes Young,Stoned On You,0.593,0.683,204344,0.515,0.162,5,0.0978,-9.33,0,0.0382,154.059,0.772
chill,Chill Mode: On,37i9dQZF1DX9FcC8tuoPzi,2YaGzHnKiOaUJx0FlxbFuK,spotify:track:2YaGzHnKiOaUJx0FlxbFuK,https://p.scdn.co/mp3-preview/cbc7678019f2a9b8098e67dcd3560c86fd3dd430?cid=63a77ff40e794a12ae216a18befde98c,Mercy,38,"MJ Cole,Kudu Blue",Mercy,0.679,0.54,252583,0.455,0.0278,0,0.119,-9.276,1,0.0317,127.928,0.0753
chill,Chill Mode: On,37i9dQZF1DX9FcC8tuoPzi,5nuuj076qT094HYakrtfhC,spotify:track:5nuuj076qT094HYakrtfhC,,Silhouette,1,Aquilo,Silhouette,0.704,0.258,230417,0.411,0.0,1,0.0393,-8.331,1,0.0425,87.988,0.136
chill,Chill Mode: On,37i9dQZF1DX9FcC8tuoPzi,2N0rHlYG5N4fN9HnVis9yj,spotify:track:2N0rHlYG5N4fN9HnVis9yj,https://p.scdn.co/mp3-preview/60fdfdf61d8150858a1e6875d6095a3f7ef283e3?cid=63a77ff40e794a12ae216a18befde98c,Old Fashioned,60,Bruno Major,Old Fashioned,0.736,0.74,199904,0.242,0.00156,2,0.0972,-9.003,1,0.0472,131.987,0.331
chill,Chill Mode: On,37i9dQZF1DX9FcC8tuoPzi,4yAgE7uilyUEcZtMPBx9vr,spotify:track:4yAgE7uilyUEcZtMPBx9vr,,Prism of Love,9,"Blakey,JONES",Prism of Love,0.825,0.623,180076,0.498,0.000484,3,0.111,-10.899,1,0.0601,138.032,0.24
chill,Chill Mode: On,37i9dQZF1DX9FcC8tuoPzi,1J2tdIPzZDMMAfqa0txhku,spotify:track:1J2tdIPzZDMMAfqa0txhku,https://p.scdn.co/mp3-preview/b3ab6c4c122e9a6045cc38686b7b45b1ecda9775?cid=63a77ff40e794a12ae216a18befde98c,Rx,31,Wallice,Rx,0.673,0.649,250733,0.46,7.1e-06,9,0.21,-5.83,0,0.0406,128.051,0.249
chill,Chill Mode: On,37i9dQZF1DX9FcC8tuoPzi,3GoulUEnNu95VvgCUpJcrs,spotify:track:3GoulUEnNu95VvgCUpJcrs,https://p.scdn.co/mp3-preview/af9b08b19dd93de25f22a8c208bb464af0611120?cid=63a77ff40e794a12ae216a18befde98c,Naked.,23,Angelo Harris,Naked.,0.355,0.412,195005,0.323,3e-05,4,0.163,-10.139,0,0.0331,119.693,0.148
chill,Chill Mode: On,37i9dQZF1DX9FcC8tuoPzi,3vHTlIT5uIilAFf6Cy69tr,spotify:track:3vHTlIT5uIilAFf6Cy69tr,https://p.scdn.co/mp3-preview/bd3406a0837816d456c8ce948f7ebbb06044c8be?cid=63a77ff40e794a12ae216a18befde98c,Bloodstain,59,Wrabel,Bloodstain,0.0244,0.564,168094,0.668,1.15e-05,6,0.168,-6.578,0,0.0442,79.99,0.32
chill,Chill Mode: On,37i9dQZF1DX9FcC8tuoPzi,45fAUkBTqnLogZ0tRDchFi,spotify:track:45fAUkBTqnLogZ0tRDchFi,https://p.scdn.co/mp3-preview/068fe5124987ca0783f98b6f272be6cfb18ce7b4?cid=63a77ff40e794a12ae216a18befde98c,Lovers,60,Anna Of The North,Lovers,0.488,0.609,215773,0.488,0.00632,8,0.135,-8.858,1,0.0356,94.941,0.425
chill,Chill Mode: On,37i9dQZF1DX9FcC8tuoPzi,0m2arsOQumfj6j7bm4PiiJ,spotify:track:0m2arsOQumfj6j7bm4PiiJ,,Needed,51,Rhye,Needed,0.861,0.678,318693,0.0611,0.0991,2,0.113,-19.514,0,0.0335,148.008,0.18
chill,Chill Mode: On,37i9dQZF1DX9FcC8tuoPzi,47ZKrqlmvLT1QnlYpVe8hz,spotify:track:47ZKrqlmvLT1QnlYpVe8hz,,Canada,1,WIINSTON,Canada,0.0438,0.526,195370,0.666,0.000103,6,0.0941,-5.133,0,0.0478,172.13,0.144
chill,Chill Mode: On,37i9dQZF1DX9FcC8tuoPzi,0GVOIQYC0yNb7S6BatGiL4,spotify:track:0GVOIQYC0yNb7S6BatGiL4,https://p.scdn.co/mp3-preview/d19707cd12f517980eb7e01bf331b6ad2c6e8cf7?cid=63a77ff40e794a12ae216a18befde98c,Childish,34,aiwake,Childish,0.224,0.623,180000,0.349,0.00453,8,0.166,-8.658,0,0.0388,87.994,0.182
chill,Chill Mode: On,37i9dQZF1DX9FcC8tuoPzi,4Wwtu5WxyNU16V3fPlAAmw,spotify:track:4Wwtu5WxyNU16V3fPlAAmw,https://p.scdn.co/mp3-preview/4c4b01cfe160a96dca800918dab525a4a9baa3f2?cid=63a77ff40e794a12ae216a18befde98c,Roots,37,Refs,Roots,0.558,0.481,165570,0.438,0.000102,1,0.104,-10.402,0,0.0469,143.573,0.103
chill,Chill Mode: On,37i9dQZF1DX9FcC8tuoPzi,1u2Qw0KqZCsAOStlSGvxA4,spotify:track:1u2Qw0KqZCsAOStlSGvxA4,https://p.scdn.co/mp3-preview/b4f76cfd190151a7612e57b52452946da624bd43?cid=63a77ff40e794a12ae216a18befde98c,Running (feat. Josephine Philip),44,"Christian Löffler,Josephine Philip",Graal (Prologue),0.486,0.517,229260,0.526,0.324,11,0.102,-12.25,1,0.0569,119.936,0.128
chill,Chill Mode: On,37i9dQZF1DX9FcC8tuoPzi,2xi7P2TRZmbCPgNuyntu8w,spotify:track:2xi7P2TRZmbCPgNuyntu8w,https://p.scdn.co/mp3-preview/5b2c5d526180cc4932354618808bdad382e7d02d?cid=63a77ff40e794a12ae216a18befde98c,Fall on My Feet,32,Tragic Sasha,Fall on My Feet,0.95,0.411,231549,0.325,0.00479,2,0.182,-12.419,1,0.0334,141.62,0.246
chill,Chill Mode: On,37i9dQZF1DX9FcC8tuoPzi,1SA4G2BsepZ4ugz2CfrQ4e,spotify:track:1SA4G2BsepZ4ugz2CfrQ4e,https://p.scdn.co/mp3-preview/0710691d553f7390f15435ee7f88d8c37e780897?cid=63a77ff40e794a12ae216a18befde98c,Lukewarm - Only You,42,Saux,Lukewarm (Only You),0.446,0.929,216788,0.294,0.00804,3,0.113,-12.699,1,0.22,104.024,0.382
chill,Chill Mode: On,37i9dQZF1DX9FcC8tuoPzi,57gH2c3ZJJTUkWLsbAAd74,spotify:track:57gH2c3ZJJTUkWLsbAAd74,https://p.scdn.co/mp3-preview/457dd56d9aa003a0c49b474739e02cfffa36a382?cid=63a77ff40e794a12ae216a18befde98c,Call,34,WENS,Call,0.66,0.451,210359,0.272,2.17e-05,9,0.106,-9.787,0,0.043,124.92,0.134
chill,Chill Mode: On,37i9dQZF1DX9FcC8tuoPzi,59QJVIxXBUTY5lToayxjat,spotify:track:59QJVIxXBUTY5lToayxjat,https://p.scdn.co/mp3-preview/47ae56fb15dae3bce6f2ee2a5ca0fb1a6241dab9?cid=63a77ff40e794a12ae216a18befde98c,Moondancer,35,"Saturday, Monday,Richard Smitt",Moondancer,0.536,0.633,199422,0.457,0.000114,1,0.0906,-10.38,1,0.0594,105.908,0.138
chill,Chill Mode: On,37i9dQZF1DX9FcC8tuoPzi,14IHkDO2G3yG997LfffQJN,spotify:track:14IHkDO2G3yG997LfffQJN,https://p.scdn.co/mp3-preview/06f14d01babdf6067bd2923461dcc3e6b7a5604c?cid=63a77ff40e794a12ae216a18befde98c,The Absolute,32,Jackson Dyer,The Absolute,0.663,0.439,182097,0.302,1.32e-05,2,0.0246,-9.329,0,0.0294,101.548,0.144
chill,Chill Mode: On,37i9dQZF1DX9FcC8tuoPzi,3YWJbv4CeZ1508JfmGNVL6,spotify:track:3YWJbv4CeZ1508JfmGNVL6,https://p.scdn.co/mp3-preview/150fba8ea1e5742c65de9aea4c5f60a7591ec497?cid=63a77ff40e794a12ae216a18befde98c,Nighttime,41,RIMON,Nighttime,0.254,0.568,231124,0.444,0.000175,6,0.117,-9.996,0,0.0354,59.796,0.357
chill,Chill Mode: On,37i9dQZF1DX9FcC8tuoPzi,5eICircAQT9O0gIlTzxf58,spotify:track:5eICircAQT9O0gIlTzxf58,https://p.scdn.co/mp3-preview/6d074fb5a2d149013eaff8dc76b50aa32d5c8f8f?cid=63a77ff40e794a12ae216a18befde98c,Nothing New,52,Charlotte Day Wilson,Nothing New,0.241,0.464,193985,0.347,0.0614,7,0.0977,-8.847,0,0.048,150.028,0.556
chill,Chill Mode: On,37i9dQZF1DX9FcC8tuoPzi,4fm8gzCSzpVaQVRHtGjt0Z,spotify:track:4fm8gzCSzpVaQVRHtGjt0Z,https://p.scdn.co/mp3-preview/0be1af91da503fb7bf5b3de39739272927cd5ee6?cid=63a77ff40e794a12ae216a18befde98c,All I Want,15,Dawn Golden,Still Life,0.305,0.396,214293,0.597,0.00967,0,0.0998,-7.594,1,0.0469,158.015,0.247
chill,Chill Mode: On,37i9dQZF1DX9FcC8tuoPzi,24aOsDgIOcivmr0q2sfLt3,spotify:track:24aOsDgIOcivmr0q2sfLt3,https://p.scdn.co/mp3-preview/d80654b9179a932111c8157da1b95ed834d6b890?cid=63a77ff40e794a12ae216a18befde98c,Falling Night,39,Nuit Oceān,Island - EP,0.489,0.467,239266,0.362,0.0586,9,0.111,-12.312,0,0.0404,124.984,0.192
chill,Chill Mode: On,37i9dQZF1DX9FcC8tuoPzi,1GKnITjJOrmVtagGvvvUU5,spotify:track:1GKnITjJOrmVtagGvvvUU5,,falling down (feat. shiloh),4,Nohidea,Esuna,0.909,0.783,96000,0.319,0.157,6,0.326,-16.088,1,0.285,80.102,0.525
chill,Chill Mode: On,37i9dQZF1DX9FcC8tuoPzi,3BAGIvDjEkxlLA4lsxmVLb,spotify:track:3BAGIvDjEkxlLA4lsxmVLb,https://p.scdn.co/mp3-preview/c2582bcc919e19830f658553a08e2e2a69dbeb52?cid=63a77ff40e794a12ae216a18befde98c,Around Me,31,Sita,Around Me,0.207,0.593,196031,0.546,0.0379,9,0.101,-8.649,1,0.0595,130.88,0.363
chill,Chill Mode: On,37i9dQZF1DX9FcC8tuoPzi,6d3qn99YVl3IrTQH68lE5t,spotify:track:6d3qn99YVl3IrTQH68lE5t,,Body High,3,Harrison Brome,Body High,0.534,0.431,189573,0.579,0.0689,1,0.132,-8.475,1,0.0511,128.954,0.515
chill,Chill Mode: On,37i9dQZF1DX9FcC8tuoPzi,4uPW3W0rQ1rRPX5CvNdH5w,spotify:track:4uPW3W0rQ1rRPX5CvNdH5w,,In My Head,1,Peter Manos,In My Head,0.745,0.499,214533,0.181,0.00123,9,0.106,-15.359,0,0.0429,111.956,0.0747
chill,Chill Mode: On,37i9dQZF1DX9FcC8tuoPzi,3RO8tQsiLI0cJFcWGTUZKk,spotify:track:3RO8tQsiLI0cJFcWGTUZKk,,im closing my eyes (feat. shiloh),10,potsu,im closing my eyes (feat. shiloh),0.534,0.895,118302,0.109,0.549,0,0.106,-13.853,0,0.0996,134.067,0.546
chill,Chill Mode: On,37i9dQZF1DX9FcC8tuoPzi,3nyOsVpyffk4ApnldZ8qrt,spotify:track:3nyOsVpyffk4ApnldZ8qrt,https://p.scdn.co/mp3-preview/1efa32a85e0568559ef7c5a2ea041f728be5798d?cid=63a77ff40e794a12ae216a18befde98c,Cigarette,14,GOSTO,Cigarette,0.594,0.56,194040,0.491,0.00217,9,0.309,-11.012,1,0.0587,74.336,0.842
chill,Chill Mode: On,37i9dQZF1DX9FcC8tuoPzi,1UMB3TtruOojfm4EXqP34t,spotify:track:1UMB3TtruOojfm4EXqP34t,https://p.scdn.co/mp3-preview/9d381c09dae0f460e1b5072f39e2547e486219b4?cid=63a77ff40e794a12ae216a18befde98c,lucid,44,slenderbodies,lucid,0.847,0.716,260625,0.536,0.21,9,0.439,-11.236,0,0.0497,101.866,0.362
chill,Chill Mode: On,37i9dQZF1DX9FcC8tuoPzi,2jevVRbrI8eo7VI0m4pWnL,spotify:track:2jevVRbrI8eo7VI0m4pWnL,https://p.scdn.co/mp3-preview/f5ab1572b6dafa435f4157137653d663fab19d7a?cid=63a77ff40e794a12ae216a18befde98c,Bury My Heart,38,Allman Brown,Bury My Heart,0.72,0.684,217212,0.295,0.00805,6,0.114,-12.315,0,0.038,96.995,0.165
chill,Chill Mode: On,37i9dQZF1DX9FcC8tuoPzi,4aFBKIxSfRgHaVezDwMEyY,spotify:track:4aFBKIxSfRgHaVezDwMEyY,https://p.scdn.co/mp3-preview/d6f141e9403cd2913c205a89229ff5db244b0fac?cid=63a77ff40e794a12ae216a18befde98c,In Your Mind,22,Jesse Hite,In Your Mind,0.247,0.673,247639,0.655,0.0853,5,0.912,-6.635,0,0.0556,74.005,0.376
chill,Chill Mode: On,37i9dQZF1DX9FcC8tuoPzi,4beYZ8VXEDiiWitNS4XJNE,spotify:track:4beYZ8VXEDiiWitNS4XJNE,https://p.scdn.co/mp3-preview/643a68187d5fc4efb1ebdf0924b6f8cec31173a9?cid=63a77ff40e794a12ae216a18befde98c,BLISS,26,D.Y.L.I.,BLISS,0.0215,0.749,191354,0.55,0.00039,5,0.161,-6.408,0,0.0813,111.053,0.263
chill,Chill Mode: On,37i9dQZF1DX9FcC8tuoPzi,2xzHM5HxH8V7f4tIK79h0L,spotify:track:2xzHM5HxH8V7f4tIK79h0L,https://p.scdn.co/mp3-preview/f83ad243b9e27124ed16c88278a62c7ce45a5afe?cid=63a77ff40e794a12ae216a18befde98c,The Bird,53,SYML,The Bird,0.37,0.418,274347,0.484,0.46,2,0.111,-10.385,1,0.0304,109.011,0.0311
chill,Chill Mode: On,37i9dQZF1DX9FcC8tuoPzi,1qIHzwG1NhwjgAwRqF7qtD,spotify:track:1qIHzwG1NhwjgAwRqF7qtD,https://p.scdn.co/mp3-preview/4d0758b0a03c4837ec40ce161c13fb4273877ff4?cid=63a77ff40e794a12ae216a18befde98c,Homme,32,"Instupendo,Benny Sings",Friend of a Friend,0.99,0.601,198942,0.0398,0.831,4,0.0848,-23.154,1,0.0471,134.99,0.19
chill,Chill Mode: On,37i9dQZF1DX9FcC8tuoPzi,7pwjRBUBgHzBMSEgGhd0Je,spotify:track:7pwjRBUBgHzBMSEgGhd0Je,,Pools,1,Harrison Brome,Pools,0.557,0.597,142400,0.426,0.117,10,0.129,-10.952,1,0.0318,75.007,0.119
chill,Chill Mode: On,37i9dQZF1DX9FcC8tuoPzi,6pl36nfYAnXSJX64InbdPr,spotify:track:6pl36nfYAnXSJX64InbdPr,,Got Me,27,St. South,Nervous Energy,0.63,0.559,232542,0.38,0.0551,11,0.0989,-13.073,1,0.128,182.063,0.128
chill,Chill Mode: On,37i9dQZF1DX9FcC8tuoPzi,7pPqbCqXIeDxUC8Vk4KqAi,spotify:track:7pPqbCqXIeDxUC8Vk4KqAi,,Curse,0,Felix Pallas,Curse,0.112,0.494,212643,0.409,4.47e-05,10,0.133,-9.134,0,0.0336,128.957,0.154
chill,Chill Mode: On,37i9dQZF1DX9FcC8tuoPzi,5LbXnDbn75IQSm5FCTANHd,spotify:track:5LbXnDbn75IQSm5FCTANHd,,All Year,60,11:11,All Year,0.189,0.541,209579,0.55,0.000728,5,0.11,-8.051,0,0.0949,155.767,0.253
chill,Chill Mode: On,37i9dQZF1DX9FcC8tuoPzi,6m6W0StXv1MyVKsPTl3k2s,spotify:track:6m6W0StXv1MyVKsPTl3k2s,https://p.scdn.co/mp3-preview/16766e19fc6892a94d34195cd7d55ae795a031a1?cid=63a77ff40e794a12ae216a18befde98c,Out Of Line,33,D.Y.L.I.,Out Of Line,0.287,0.584,202545,0.502,0.0,1,0.107,-8.128,1,0.137,80.675,0.349
chill,Chill Mode: On,37i9dQZF1DX9FcC8tuoPzi,6JUZ97uMRSB2bKr0CMKyys,spotify:track:6JUZ97uMRSB2bKr0CMKyys,https://p.scdn.co/mp3-preview/fc3a2ace7c6907330955e313259071de5028c552?cid=63a77ff40e794a12ae216a18befde98c,Strange Roses,51,Ady Suleiman,Strange Roses,0.664,0.598,212320,0.315,4.26e-05,1,0.105,-9.544,1,0.0425,119.366,0.191
chill,Chill Mode: On,37i9dQZF1DX9FcC8tuoPzi,1A30A6sCjAh4FFl6hTT2aF,spotify:track:1A30A6sCjAh4FFl6hTT2aF,https://p.scdn.co/mp3-preview/d4c5a89adc82cda3f8843e037d652d81488eca06?cid=63a77ff40e794a12ae216a18befde98c,Know the Light,27,Tsörf,Know the Light,0.228,0.624,231608,0.539,0.00433,7,0.148,-7.03,0,0.0571,83.008,0.408
chill,Chill Mode: On,37i9dQZF1DX9FcC8tuoPzi,4BAWAYWzoi2EAEBeOKFHUm,spotify:track:4BAWAYWzoi2EAEBeOKFHUm,https://p.scdn.co/mp3-preview/986261e8acb26d007bb7d3e1482a6123098f8ed7?cid=63a77ff40e794a12ae216a18befde98c,Alive,35,Khai,Alive,0.687,0.518,179333,0.511,0.0825,0,0.0838,-11.346,1,0.523,88.656,0.118
chill,Chill Mode: On,37i9dQZF1DX9FcC8tuoPzi,0QMor7DKlDrb1UGYKlBiY1,spotify:track:0QMor7DKlDrb1UGYKlBiY1,https://p.scdn.co/mp3-preview/153dcda0584f462c4c891c81bcfc0431602aa519?cid=63a77ff40e794a12ae216a18befde98c,Ya Ya Ya Ya,50,Jon Bryant,Ya Ya Ya Ya,0.701,0.721,224267,0.418,0.000931,9,0.124,-9.097,0,0.028,79.971,0.376
chill,Chill Mode: On,37i9dQZF1DX9FcC8tuoPzi,2bQsVhmshdC6QhJKISSgCi,spotify:track:2bQsVhmshdC6QhJKISSgCi,,From Afar,32,Scott Quinn,From Afar,0.37,0.533,216413,0.587,0.00815,6,0.0956,-9.243,0,0.0399,122.062,0.356
chill,Chill Mode: On,37i9dQZF1DX9FcC8tuoPzi,7cqJsADRExWAWvC0YROmPo,spotify:track:7cqJsADRExWAWvC0YROmPo,https://p.scdn.co/mp3-preview/0fb6aa1e2fef635fd333217b52783e4016bc2cde?cid=63a77ff40e794a12ae216a18befde98c,Twelve,28,Ivy Falls,Twelve,0.601,0.71,223582,0.405,3.67e-05,4,0.106,-10.189,1,0.0318,89.976,0.213
chill,Chill Mode: On,37i9dQZF1DX9FcC8tuoPzi,3RaH9fxrZ541JcayzhcuzX,spotify:track:3RaH9fxrZ541JcayzhcuzX,https://p.scdn.co/mp3-preview/ed5ce081d14b67707e5d81aa62d27cdf7fc6d243?cid=63a77ff40e794a12ae216a18befde98c,Second Nature,47,Stalking Gia,Second Nature,0.652,0.865,246610,0.548,0.0161,10,0.113,-7.379,0,0.192,109.989,0.887
chill,Chill Mode: On,37i9dQZF1DX9FcC8tuoPzi,4q2ZKCaBrAZUmPaLqvBfkt,spotify:track:4q2ZKCaBrAZUmPaLqvBfkt,,In the End,1,Vancouver Sleep Clinic,Therapy Phase 01,0.428,0.733,160000,0.633,0.0248,0,0.271,-9.572,1,0.0401,102.007,0.222
chill,Chill Mode: On,37i9dQZF1DX9FcC8tuoPzi,55fmthmn3rgnk9Wyx7G5dU,spotify:track:55fmthmn3rgnk9Wyx7G5dU,,Orbit,5,"SŸDE,Ashe",Orbit,0.217,0.796,178920,0.611,0.0507,4,0.112,-8.559,0,0.0329,117.994,0.241
chill,Chill Mode: On,37i9dQZF1DX9FcC8tuoPzi,6omsLkEQDeDHtILgj3Vkmn,spotify:track:6omsLkEQDeDHtILgj3Vkmn,https://p.scdn.co/mp3-preview/4ceaf4666e16d25a7924c25abf32a0f43b90de6e?cid=63a77ff40e794a12ae216a18befde98c,Breathe - CamelPhat Just Chill Mix,50,"CamelPhat,Cristoph,Jem Cooke",Breathe (CamelPhat Just Chill Mix),0.0694,0.534,271488,0.758,0.0462,9,0.0838,-7.205,0,0.041,97.968,0.334
chill,Chill Mode: On,37i9dQZF1DX9FcC8tuoPzi,3p10Uj0mYylRjO2PQl3iZM,spotify:track:3p10Uj0mYylRjO2PQl3iZM,https://p.scdn.co/mp3-preview/cce980aee7f287eb0efcefab095b430dcbdffd72?cid=63a77ff40e794a12ae216a18befde98c,Arc,55,Yoste,Arc,0.886,0.366,202560,0.379,0.0219,6,0.102,-11.534,1,0.0362,139.473,0.0753
chill,Chill Mode: On,37i9dQZF1DX9FcC8tuoPzi,1SnOurUDxOcvjW37WRUOOp,spotify:track:1SnOurUDxOcvjW37WRUOOp,https://p.scdn.co/mp3-preview/173647057685c1b1db9035e26535b872ff3ea298?cid=63a77ff40e794a12ae216a18befde98c,Light and Dark (feat. Pete Philly),24,"iET,Pete Philly",Clarity,0.841,0.67,219473,0.482,0.175,10,0.119,-10.194,1,0.0273,110.02,0.355
chill,Chill Mode: On,37i9dQZF1DX9FcC8tuoPzi,7Lb6NzZY3H4NT73qlEznEk,spotify:track:7Lb6NzZY3H4NT73qlEznEk,,World Demands It,2,Two Another,World Demands It,0.0193,0.798,221594,0.727,0.0588,11,0.115,-8.605,0,0.0422,103.993,0.205
chill,Chill Mode: On,37i9dQZF1DX9FcC8tuoPzi,7t79jA0hwtHTQm7yAnf1qx,spotify:track:7t79jA0hwtHTQm7yAnf1qx,,Craving,1,Matt Woods,Craving,0.863,0.51,266949,0.199,6.41e-05,9,0.0897,-13.738,1,0.0655,118.128,0.0597
chill,Chill Mode: On,37i9dQZF1DX9FcC8tuoPzi,3TTWpDAiJfyoJDd5v2F8C3,spotify:track:3TTWpDAiJfyoJDd5v2F8C3,,Throwaway (with Clairo),71,"SG Lewis,Clairo",Throwaway (with Clairo),0.784,0.789,180000,0.49,0.000598,2,0.112,-6.588,1,0.0392,140.034,0.869
chill,Chill Mode: On,37i9dQZF1DX9FcC8tuoPzi,3uSwz1gv799BQhkqgIgfSz,spotify:track:3uSwz1gv799BQhkqgIgfSz,https://p.scdn.co/mp3-preview/89b98fa59e9f1f7fd605c41907e6fc5005bebef4?cid=63a77ff40e794a12ae216a18befde98c,Begin (feat. Wales),60,"Shallou,Wales",Begin (feat. Wales),0.815,0.601,242860,0.499,0.712,6,0.109,-11.131,1,0.0343,96.981,0.531
chill,Chill Mode: On,37i9dQZF1DX9FcC8tuoPzi,7dZLBSleDNn72NPbOw9pqR,spotify:track:7dZLBSleDNn72NPbOw9pqR,https://p.scdn.co/mp3-preview/b8dc8e11cc97c3cb55c6df5aaa4bfecf5273ba29?cid=63a77ff40e794a12ae216a18befde98c,morning might turn things around,29,"Flaws,ILIVEHERE.",morning might turn things around,0.243,0.447,230288,0.652,0.0972,1,0.0822,-8.195,1,0.031,97.653,0.0568
chill,Chill Mode: On,37i9dQZF1DX9FcC8tuoPzi,547UoqqkKsKcfbb9WWh0LE,spotify:track:547UoqqkKsKcfbb9WWh0LE,https://p.scdn.co/mp3-preview/2f766ca2fe50a84b84f4de8fb344000f985ae9da?cid=63a77ff40e794a12ae216a18befde98c,utopia,47,Lykke Li,utopia,0.547,0.364,223267,0.413,0.000733,0,0.105,-6.506,1,0.0286,83.678,0.313
chill,Chill Mode: On,37i9dQZF1DX9FcC8tuoPzi,4cQrSREMqBSvJ8ZzBZjVb8,spotify:track:4cQrSREMqBSvJ8ZzBZjVb8,,Mile High (feat. Travis Scott & Metro Boomin),71,"James Blake,Travis Scott,Metro Boomin",Assume Form,0.403,0.754,193600,0.37,6.22e-05,6,0.107,-9.854,0,0.12,114.941,0.228
chill,Chill Mode: On,37i9dQZF1DX9FcC8tuoPzi,1rnhEFrn86ZZlQoMNuZeMd,spotify:track:1rnhEFrn86ZZlQoMNuZeMd,https://p.scdn.co/mp3-preview/27fabed4a2526f8af906da2ef83dd54133a8285d?cid=63a77ff40e794a12ae216a18befde98c,Fast Lane,46,Rationale,Fast Lane,0.58,0.762,155000,0.583,0.0103,0,0.134,-6.409,1,0.0405,95.983,0.595
chill,Chill Mode: On,37i9dQZF1DX9FcC8tuoPzi,3tKim8f5yDhuA0J8GtfKaP,spotify:track:3tKim8f5yDhuA0J8GtfKaP,https://p.scdn.co/mp3-preview/8aefdeb6704210d7aa4d328cfd9fd55fcd1db974?cid=63a77ff40e794a12ae216a18befde98c,Symbolic Love,35,City Park,Symbolic Love,0.0567,0.873,204064,0.197,0.0037,11,0.125,-10.047,0,0.118,83.015,0.605
chill,Chill Mode: On,37i9dQZF1DX9FcC8tuoPzi,6Nm4TzfSnFON25PEncPmhc,spotify:track:6Nm4TzfSnFON25PEncPmhc,,Blunder,0,Michael Blume,Blunder,0.294,0.502,182029,0.532,0.0,5,0.15,-7.005,0,0.112,78.084,0.491
chill,Chill Mode: On,37i9dQZF1DX9FcC8tuoPzi,7biTdpboxtQ5apJezizdzh,spotify:track:7biTdpboxtQ5apJezizdzh,https://p.scdn.co/mp3-preview/8dd12d0b5db37e1a673541e3b7d3ce75c19bbf09?cid=63a77ff40e794a12ae216a18befde98c,Dancer,37,Cero Ismael,Dancer,0.465,0.643,176573,0.664,7.87e-05,1,0.138,-6.719,1,0.287,91.727,0.26
chill,Chill Mode: On,37i9dQZF1DX9FcC8tuoPzi,0MHdWEBF8LfvqGktmhycmw,spotify:track:0MHdWEBF8LfvqGktmhycmw,https://p.scdn.co/mp3-preview/6bda38fe007505429818a9c27181f01f02df3224?cid=63a77ff40e794a12ae216a18befde98c,Oh Well,36,More Ease,Oh Well,0.673,0.856,211089,0.463,7.95e-05,5,0.158,-10.152,1,0.288,124.056,0.43
chill,Chill Mode: On,37i9dQZF1DX9FcC8tuoPzi,5548kKQ8H8pRjUj2Pz0w57,spotify:track:5548kKQ8H8pRjUj2Pz0w57,https://p.scdn.co/mp3-preview/5705adda6b5c2bda410d176f8b4cf7f7be07b9de?cid=63a77ff40e794a12ae216a18befde98c,Can't Buy The Mood,37,Tora,Can't Buy The Mood,0.859,0.647,197647,0.509,7.68e-05,9,0.139,-9.474,0,0.106,135.864,0.16
chill,Chill Mode: On,37i9dQZF1DX9FcC8tuoPzi,70pUdCxo01XzSOuBptI9ii,spotify:track:70pUdCxo01XzSOuBptI9ii,https://p.scdn.co/mp3-preview/d55ab16aa2d07fe89c8fa8daf0b053c9ded4c4e6?cid=63a77ff40e794a12ae216a18befde98c,Sixteen,27,RZLZ,Sixteen,0.231,0.617,201328,0.71,0.283,4,0.145,-7.953,0,0.1,159.99,0.186
chill,Chill Mode: On,37i9dQZF1DX9FcC8tuoPzi,7EriBBCjmm3KEnRFhLKCFY,spotify:track:7EriBBCjmm3KEnRFhLKCFY,https://p.scdn.co/mp3-preview/5f3dc609b4721cb3f48074531f5c2243c5b8527a?cid=63a77ff40e794a12ae216a18befde98c,Late Bloomers Brigade,25,"Faradays,Jay-Way",Memories,0.75,0.732,253280,0.438,0.000318,6,0.108,-12.719,1,0.125,128.923,0.523
chill,Chill Mode: On,37i9dQZF1DX9FcC8tuoPzi,01e0Fz4iJU1I0PSyYoikAL,spotify:track:01e0Fz4iJU1I0PSyYoikAL,https://p.scdn.co/mp3-preview/1b2700a34fe5b83775ce196f4add64c0ca4427d8?cid=63a77ff40e794a12ae216a18befde98c,By Myself,27,OIJ,By Myself,0.1,0.609,180627,0.559,0.00304,0,0.154,-9.033,1,0.0475,133.977,0.687
chill,Chill Mode: On,37i9dQZF1DX9FcC8tuoPzi,1CW0Pobyy3DMLNcE9dm80S,spotify:track:1CW0Pobyy3DMLNcE9dm80S,https://p.scdn.co/mp3-preview/0d6f6bd0fb27f06d4fb249ecc048150d4c0d000c?cid=63a77ff40e794a12ae216a18befde98c,To Come Back Home,28,Saux,To Come Back Home,0.235,0.945,189818,0.4,0.000211,10,0.075,-8.45,1,0.0625,117.982,0.444
chill,Chill Mode: On,37i9dQZF1DX9FcC8tuoPzi,1FjHxl8B28sXj7eVfxdST4,spotify:track:1FjHxl8B28sXj7eVfxdST4,https://p.scdn.co/mp3-preview/5b53c359a0a9f5464bcd9215db9b127d32e58bd2?cid=63a77ff40e794a12ae216a18befde98c,Better With You,59,Michl,Better With You,0.265,0.784,196018,0.437,6.98e-05,5,0.126,-7.868,1,0.0509,90.003,0.47
