category_id,playlist_name,playlist_id,track_id,track_uri,track_preview_url,track_name,track_popularity,artist_name,album_name,acousticness,danceability,duration_ms,energy,instrumentalness,key,liveness,loudness,mode,speechiness,tempo,valence
afro,Carnival,37i9dQZF1DX0rM1NjYKMJa,368uEw53bISPqdJC2cgHy1,spotify:track:368uEw53bISPqdJC2cgHy1,https://p.scdn.co/mp3-preview/da3c5fd1cc2cc034363f1bc28160365c85307cd1?cid=63a77ff40e794a12ae216a18befde98c,Oh Yay - Remix,43,"Olatunji,Runtown",Awakening,0.0279,0.74,211875,0.788,0.000764,6,0.0703,-5.307,1,0.0605,127.995,0.934
afro,Carnival,37i9dQZF1DX0rM1NjYKMJa,6G6dpFTQdc4K9WCdrcZFTr,spotify:track:6G6dpFTQdc4K9WCdrcZFTr,https://p.scdn.co/mp3-preview/d33de060b303a2485eab022248b3243074f4c7e2?cid=63a77ff40e794a12ae216a18befde98c,Wotless,44,KES the Band,Wotless Carnival Album,0.0671,0.843,218228,0.792,5.02e-05,9,0.0694,-3.672,1,0.0542,119.992,0.9
afro,Carnival,37i9dQZF1DX0rM1NjYKMJa,6jSgUkkyEUVYoHY48v030z,spotify:track:6jSgUkkyEUVYoHY48v030z,https://p.scdn.co/mp3-preview/75a97892a7d05af036a074c7871df8ed0e9cf208?cid=63a77ff40e794a12ae216a18befde98c,N.O.W. (No One Waiting),38,"Nadia Batson,Destra Garcia",N.O.W. (No One Waiting),0.0151,0.683,216731,0.876,1.02e-05,6,0.0589,-3.277,1,0.111,156.033,0.823
afro,Carnival,37i9dQZF1DX0rM1NjYKMJa,1mSzZKMIPZIkn3jFV7v62b,spotify:track:1mSzZKMIPZIkn3jFV7v62b,,Gyal You A Party Animal,8,Charly Black,Gyal You A Party Animal,0.0272,0.599,214867,0.838,0.0,0,0.33,-5.16,1,0.0996,128.854,0.847
afro,Carnival,37i9dQZF1DX0rM1NjYKMJa,5BtqbNEoeP2W2YY7NOObgn,spotify:track:5BtqbNEoeP2W2YY7NOObgn,,Bruk Off Yuh Back,3,Konshens,Bruk Off Yuh Back - Single,0.191,0.834,173531,0.882,0.0,7,0.0626,-2.563,1,0.173,100.935,0.963
afro,Carnival,37i9dQZF1DX0rM1NjYKMJa,6UNBB3NvtQ2DIb8BOBpJeR,spotify:track:6UNBB3NvtQ2DIb8BOBpJeR,https://p.scdn.co/mp3-preview/599b85daa2fc9a22010b41d8b66b06a500082595?cid=63a77ff40e794a12ae216a18befde98c,Hold You,32,Gyptian,Ragga Ragga Ragga 2010,0.284,0.695,233093,0.633,1.3e-06,8,0.0947,-3.103,1,0.0504,133.332,0.505
afro,Carnival,37i9dQZF1DX0rM1NjYKMJa,5xztaThsQ4Gx1xNuF57WFV,spotify:track:5xztaThsQ4Gx1xNuF57WFV,https://p.scdn.co/mp3-preview/a95849b550da13c9521f3026bb039870f0648af9?cid=63a77ff40e794a12ae216a18befde98c,Million Pound Girl (Badder Than Bad) - Edit,50,Fuse ODG,Million Pound Girl (Badder than Bad),0.0808,0.605,246602,0.938,0.0,1,0.0569,-1.197,1,0.076,199.887,0.734
afro,Carnival,37i9dQZF1DX0rM1NjYKMJa,280GUUkqaTBa12SCpQdlip,spotify:track:280GUUkqaTBa12SCpQdlip,,Murder She Wrote,6,Chaka Demus & Pliers,Tease Me,0.161,0.884,244785,0.747,0.000242,11,0.332,-9.153,0,0.12,95.103,0.941
afro,Carnival,37i9dQZF1DX0rM1NjYKMJa,6RgWgIGkQCIMIkzxTc5A2h,spotify:track:6RgWgIGkQCIMIkzxTc5A2h,https://p.scdn.co/mp3-preview/6348a2c3f28d1b9cc4e069dca03a801129bd6f7e?cid=63a77ff40e794a12ae216a18befde98c,J'ouvert Morning (millenium),32,Flava,J.W. Calypsoca 99' Vol. 1,0.0536,0.714,270373,0.939,0.0049,1,0.365,-5.926,1,0.0487,123.015,0.965
afro,Carnival,37i9dQZF1DX0rM1NjYKMJa,2RQ2CwHD5mJBox0Hc6HYRc,spotify:track:2RQ2CwHD5mJBox0Hc6HYRc,https://p.scdn.co/mp3-preview/b65ca2558c35018d0c94de9304463a876878a75d?cid=63a77ff40e794a12ae216a18befde98c,Fast Wine,51,Machel Montano,Fast Wine,0.0381,0.887,204828,0.892,3.27e-05,2,0.0787,-2.346,1,0.0473,107.996,0.574
afro,Carnival,37i9dQZF1DX0rM1NjYKMJa,3WU2blK7YBcugEEU9CATvF,spotify:track:3WU2blK7YBcugEEU9CATvF,https://p.scdn.co/mp3-preview/ffb2f0954426d390c6d20b0429d7adc53ad6d280?cid=63a77ff40e794a12ae216a18befde98c,No Games,61,Serani,No Games,0.000755,0.741,188200,0.79,0.0,2,0.0345,-5.056,1,0.284,185.779,0.806
afro,Carnival,37i9dQZF1DX0rM1NjYKMJa,0RmXtDH1cBMGImRrmn5xL6,spotify:track:0RmXtDH1cBMGImRrmn5xL6,https://p.scdn.co/mp3-preview/25983983d1f5c1da2bee20e2e828789859f532b8?cid=63a77ff40e794a12ae216a18befde98c,Turn Me On,66,Kevin Lyttle,Turn Me On (Online Music),0.0405,0.677,192107,0.682,0.0,9,0.0351,-6.879,1,0.0361,106.279,0.875
afro,Carnival,37i9dQZF1DX0rM1NjYKMJa,0k2GOhqsrxDTAbFFSdNJjT,spotify:track:0k2GOhqsrxDTAbFFSdNJjT,https://p.scdn.co/mp3-preview/c1ee0ed6fce41fc3ab320cbacdbfcffd197af3a3?cid=63a77ff40e794a12ae216a18befde98c,Temperature,75,Sean Paul,The Trinity,0.106,0.951,218573,0.6,0.0,0,0.0712,-4.675,0,0.0685,125.04,0.822
afro,Carnival,37i9dQZF1DX0rM1NjYKMJa,0fg8CqpjdojMyXLNzM2PaJ,spotify:track:0fg8CqpjdojMyXLNzM2PaJ,,Run Up (feat. PARTYNEXTDOOR & Nicki Minaj),11,"Major Lazer,PARTYNEXTDOOR,Nicki Minaj",Run Up (feat. PARTYNEXTDOOR & Nicki Minaj),0.105,0.803,203180,0.743,2.12e-06,1,0.099,-3.602,0,0.0681,108.005,0.674
afro,Carnival,37i9dQZF1DX0rM1NjYKMJa,1xznGGDReH1oQq0xzbwXa3,spotify:track:1xznGGDReH1oQq0xzbwXa3,,One Dance,23,"Drake,WizKid,Kyla",Views,0.00784,0.791,173987,0.619,0.00423,1,0.351,-5.886,1,0.0532,103.989,0.371
afro,Carnival,37i9dQZF1DX0rM1NjYKMJa,5dWfl2PBpKHpBVdz95wxK1,spotify:track:5dWfl2PBpKHpBVdz95wxK1,https://p.scdn.co/mp3-preview/6dbbbdd3ef30c2292246d582ec64c41060ffab26?cid=63a77ff40e794a12ae216a18befde98c,No Letting Go,61,Wayne Wonder,No Holding Back,0.0479,0.495,202013,0.819,0.000215,5,0.177,-5.656,0,0.0444,100.213,0.318
afro,Carnival,37i9dQZF1DX0rM1NjYKMJa,3Hc5FvTzjtxF7DmOK6MaXV,spotify:track:3Hc5FvTzjtxF7DmOK6MaXV,https://p.scdn.co/mp3-preview/66ac669ec538565d93f0dbcc70203acbe337f059?cid=63a77ff40e794a12ae216a18befde98c,Hello,54,Kes,Folklore Riddim,0.029,0.757,198857,0.899,1.82e-05,6,0.303,-4.301,1,0.0442,105.163,0.558
afro,Carnival,37i9dQZF1DX0rM1NjYKMJa,3ZzGVQUqnuAZotvLl5tRqH,spotify:track:3ZzGVQUqnuAZotvLl5tRqH,,Im Drinking Rum & Red Bull,4,Beenie Man,I'm Drinking / Rum & Red Bull,0.0321,0.783,201600,0.853,0.0,2,0.196,-2.994,1,0.174,133.303,0.867
afro,Carnival,37i9dQZF1DX0rM1NjYKMJa,7h6GwtJG2EgQoQzYATWFgM,spotify:track:7h6GwtJG2EgQoQzYATWFgM,https://p.scdn.co/mp3-preview/6a06212aace7b90a21f6126d05939e62a566ee46?cid=63a77ff40e794a12ae216a18befde98c,Heavy Fetein,37,"Travis World,Pternsky",Heavy Fetein,0.111,0.79,212812,0.921,0.0,9,0.0748,-4.935,0,0.172,127.996,0.704
afro,Carnival,37i9dQZF1DX0rM1NjYKMJa,7cRPmS5EeTdWPjgNiDep8e,spotify:track:7cRPmS5EeTdWPjgNiDep8e,https://p.scdn.co/mp3-preview/a02490ca57b6ec22ac5b7c9d67b362ec8d936417?cid=63a77ff40e794a12ae216a18befde98c,Full Extreme,38,Ultimate Rejects,Full Extreme,0.0657,0.781,232500,0.899,0.0,11,0.0575,-4.363,0,0.052,127.787,0.476
afro,Carnival,37i9dQZF1DX0rM1NjYKMJa,3147GyWiVppmjCXrcKUI8n,spotify:track:3147GyWiVppmjCXrcKUI8n,https://p.scdn.co/mp3-preview/85a5816e8aad027a9d2dc7f7880699c33a97234f?cid=63a77ff40e794a12ae216a18befde98c,Criminal Wine,43,"Lyrikal,Patrice Roberts,Millbeatz",Criminal Wine,0.436,0.793,226772,0.898,0.0,9,0.0817,-4.634,1,0.0598,127.024,0.83
afro,Carnival,37i9dQZF1DX0rM1NjYKMJa,7bXT3nSlUxrx9VuZuWED3R,spotify:track:7bXT3nSlUxrx9VuZuWED3R,https://p.scdn.co/mp3-preview/99a86b6f95575bac40e3a8102c67b4a8888d9cfe?cid=63a77ff40e794a12ae216a18befde98c,Soca Kingdom,45,"Machel Montano,Super Blue",Soca Kingdom,0.121,0.631,202247,0.795,0.0,1,0.0931,-10.14,1,0.181,160.019,0.46
afro,Carnival,37i9dQZF1DX0rM1NjYKMJa,5XWjx5tHMsOI7BZh8wjeSu,spotify:track:5XWjx5tHMsOI7BZh8wjeSu,,Dude,50,"Beenie Man,Ms. Thing",From Kingston To King Of The Dancehall: A Collection Of Dancehall Favorites,0.111,0.71,254867,0.653,0.0,5,0.11,-8.305,1,0.236,94.007,0.943
afro,Carnival,37i9dQZF1DX0rM1NjYKMJa,3SCVtAJq8li6HlKfM4M08u,spotify:track:3SCVtAJq8li6HlKfM4M08u,https://p.scdn.co/mp3-preview/7ecd260b83dd1f3233762cf3724079910b179523?cid=63a77ff40e794a12ae216a18befde98c,Gimme the Light,57,Sean Paul,Dutty Rock,0.141,0.778,228000,0.761,4.61e-05,2,0.0441,-5.529,1,0.0525,107.288,0.923
afro,Carnival,37i9dQZF1DX0rM1NjYKMJa,3tnCrP8UtF8wnsTx2qorND,spotify:track:3tnCrP8UtF8wnsTx2qorND,https://p.scdn.co/mp3-preview/3db62ef27a733fae9846cb4bd3598ada9991fdaa?cid=63a77ff40e794a12ae216a18befde98c,Miss Fatty,59,Million Stylez,Future Sound Of Reggae Vol. 1,0.0986,0.943,238190,0.479,0.0,2,0.155,-6.172,1,0.289,109.3,0.921
afro,Carnival,37i9dQZF1DX0rM1NjYKMJa,7dOiEwSJhzv3GpB6HU8Uzf,spotify:track:7dOiEwSJhzv3GpB6HU8Uzf,https://p.scdn.co/mp3-preview/256557749ad3c0085c83cbcfb4f6c76c50857fcb?cid=63a77ff40e794a12ae216a18befde98c,Can't Believe (feat. Ty Dolla $ign & WizKid),46,"Kranium,Ty Dolla $ign,WizKid",Can't Believe (feat. Ty Dolla $ign & WizKid),0.00117,0.725,213306,0.764,8.93e-06,6,0.0773,-4.893,0,0.0843,99.962,0.611
afro,Carnival,37i9dQZF1DX0rM1NjYKMJa,5QaUy0q3xCIRtjdtV28WxR,spotify:track:5QaUy0q3xCIRtjdtV28WxR,https://p.scdn.co/mp3-preview/57be26387b0488e559bc97c168591cb6efedea35?cid=63a77ff40e794a12ae216a18befde98c,Splinters,46,Shal Marshall,The 2:00AM Project,0.317,0.854,215334,0.878,0.0196,2,0.102,-2.248,1,0.0644,107.94,0.557
afro,Carnival,37i9dQZF1DX0rM1NjYKMJa,0PwZUZWh5IEj00GQJQLGpt,spotify:track:0PwZUZWh5IEj00GQJQLGpt,https://p.scdn.co/mp3-preview/e4ef653af875fcce9132b66f99fdaa0e5f836f36?cid=63a77ff40e794a12ae216a18befde98c,She Bad - Remix,36,"Turner,Machel Montano,Flavour",She Bad (Remix),0.0792,0.773,206144,0.88,0.0,9,0.0922,-4.631,1,0.15,104.011,0.962
afro,Carnival,37i9dQZF1DX0rM1NjYKMJa,4ytpzDlBvbKyp3zw5L60Oz,spotify:track:4ytpzDlBvbKyp3zw5L60Oz,https://p.scdn.co/mp3-preview/477eee54a894b6e611c4a32f2f693e9d09c3f5d0?cid=63a77ff40e794a12ae216a18befde98c,Dutty Wine,31,Tony Matterhorn,Reggae Mix USA [Mixed By Jabba],0.0965,0.49,178347,0.92,0.0,5,0.377,-5.12,0,0.362,158.754,0.89
afro,Carnival,37i9dQZF1DX0rM1NjYKMJa,3WXqueAofNN3Lfe7n82QTW,spotify:track:3WXqueAofNN3Lfe7n82QTW,https://p.scdn.co/mp3-preview/4c6d4ed66ac9aaa815ac38b734b575dfdb96ec93?cid=63a77ff40e794a12ae216a18befde98c,Look Fuh Dat (Trinidad and Tobago Carnival Soca 2015),36,KES the Band,Jam Band Riddim (Trinidad and Tobago Carnival Soca 2015),0.235,0.525,209422,0.83,0.0,0,0.108,-4.832,1,0.262,87.852,0.823
afro,Carnival,37i9dQZF1DX0rM1NjYKMJa,0el9zf10gB4tsomc1MHRFY,spotify:track:0el9zf10gB4tsomc1MHRFY,https://p.scdn.co/mp3-preview/3449aa8bd14d5ddecdb9f5b363a6c1bb6daf785f?cid=63a77ff40e794a12ae216a18befde98c,Doh Play Dat,40,Machel Montano,Doh Play Dat,0.0865,0.747,188941,0.919,6.93e-05,0,0.168,-3.415,1,0.266,160.041,0.694
afro,Carnival,37i9dQZF1DX0rM1NjYKMJa,0WWv6iJZPvlStwJq5fZCXT,spotify:track:0WWv6iJZPvlStwJq5fZCXT,https://p.scdn.co/mp3-preview/c25c882e196ce2882e5cf9c819c58c41817b8ff9?cid=63a77ff40e794a12ae216a18befde98c,Na Na Ey,32,Miguel Maestre,Na Na Ey,0.122,0.842,216787,0.85,0.0,4,0.121,-4.895,1,0.0403,124.002,0.947
afro,Carnival,37i9dQZF1DX0rM1NjYKMJa,5nLmO6pp71pmiVZwyTPfq9,spotify:track:5nLmO6pp71pmiVZwyTPfq9,https://p.scdn.co/mp3-preview/034fb24379b6df8105e07cef223149549f80dbe8?cid=63a77ff40e794a12ae216a18befde98c,Nobody Has to Know,57,Kranium,Rumors,0.00168,0.792,222893,0.682,0.0,11,0.169,-4.96,0,0.173,84.983,0.666
afro,Carnival,37i9dQZF1DX0rM1NjYKMJa,6F609ICg9Spjrw1epsAnpa,spotify:track:6F609ICg9Spjrw1epsAnpa,,Controlla,13,Drake,Views,0.0773,0.607,245227,0.476,0.0,10,0.113,-11.076,0,0.249,122.976,0.347
afro,Carnival,37i9dQZF1DX0rM1NjYKMJa,5J4FiKDJIdJ8AKx2gaWMt4,spotify:track:5J4FiKDJIdJ8AKx2gaWMt4,https://p.scdn.co/mp3-preview/37a0315a6e8f2c58905f038f5bff27fddb932c9a?cid=63a77ff40e794a12ae216a18befde98c,Your Number,60,Ayo Jay,Your Number,0.534,0.588,204081,0.61,0.0,9,0.303,-5.008,0,0.234,99.926,0.645
afro,Carnival,37i9dQZF1DX0rM1NjYKMJa,54YHMg3PdAKeQntpdNFaGD,spotify:track:54YHMg3PdAKeQntpdNFaGD,,Call Mi A Leader,38,Stylo G,Call Mi A Leader,0.0311,0.667,249320,0.779,1.14e-06,11,0.182,-3.934,0,0.224,206.005,0.761
afro,Carnival,37i9dQZF1DX0rM1NjYKMJa,5rLbZoboIdiDAfcY4FN0q8,spotify:track:5rLbZoboIdiDAfcY4FN0q8,,The Thing - Radio Edit,0,Drumz,The Thing,0.539,0.783,165120,0.913,0.0,6,0.116,-2.951,0,0.0777,125.036,0.967
afro,Carnival,37i9dQZF1DX0rM1NjYKMJa,5hWqzvli5G9puxbZSAfi7y,spotify:track:5hWqzvli5G9puxbZSAfi7y,,Move Ya Body,41,"Nina Sky,Jabba",Nina Sky,0.0218,0.869,232000,0.724,0.000663,11,0.0572,-6.301,0,0.0427,121.057,0.896
afro,Carnival,37i9dQZF1DX0rM1NjYKMJa,1nSQkkzQvanTiThhG7bHlG,spotify:track:1nSQkkzQvanTiThhG7bHlG,https://p.scdn.co/mp3-preview/24b808819dffe0afd8b645c5ef6b357ecc7207ab?cid=63a77ff40e794a12ae216a18befde98c,Fine Wine,58,"Yxng Bane,Kojo Funds",Fine Wine,0.301,0.621,167027,0.57,0.0,7,0.0873,-4.217,0,0.156,92.276,0.648
afro,Carnival,37i9dQZF1DX0rM1NjYKMJa,0RQEpWykgNyAMCeuZJDKJt,spotify:track:0RQEpWykgNyAMCeuZJDKJt,https://p.scdn.co/mp3-preview/bd20305245c670c692c184fed0d18bfb2a81f401?cid=63a77ff40e794a12ae216a18befde98c,Ova Dweet,55,Popcaan,Ova Dweet - Single,0.104,0.638,221194,0.699,0.0,1,0.0995,-4.899,1,0.3,102.758,0.597
afro,Carnival,37i9dQZF1DX0rM1NjYKMJa,7vpMQ2vmU6O2qFG7aNKwiL,spotify:track:7vpMQ2vmU6O2qFG7aNKwiL,https://p.scdn.co/mp3-preview/53320f9504d382c04be2dff5a8344855b8c09044?cid=63a77ff40e794a12ae216a18befde98c,Skin Tight (feat. Efya),57,"Mr Eazi,Efya",Skin Tight (feat. Efya),0.152,0.654,248627,0.439,1.11e-05,9,0.111,-7.114,0,0.263,111.358,0.512
afro,Carnival,37i9dQZF1DX0rM1NjYKMJa,1dhrBVOBJVRAomxv0sqfmK,spotify:track:1dhrBVOBJVRAomxv0sqfmK,https://p.scdn.co/mp3-preview/a6ca8c2532108ae2b6dbabdeb91ec5041d42de8f?cid=63a77ff40e794a12ae216a18befde98c,Roll It Gal,45,Alison Hinds,Soca Queen,0.0113,0.519,238493,0.859,3.46e-06,5,0.105,-5.046,0,0.287,103.364,0.815
afro,Carnival,37i9dQZF1DX0rM1NjYKMJa,5Hut81t6yks6GUAQzty2fD,spotify:track:5Hut81t6yks6GUAQzty2fD,https://p.scdn.co/mp3-preview/5a2f3cbccc660f53c17ad1950f15eb0b0549259e?cid=63a77ff40e794a12ae216a18befde98c,Middle of Something,33,Problem Child,The 2:00AM Project,0.331,0.798,216608,0.922,0.0438,2,0.0897,-2.023,1,0.0514,107.947,0.567
afro,Carnival,37i9dQZF1DX0rM1NjYKMJa,7C86DVl6REN8VPeGEMOf9q,spotify:track:7C86DVl6REN8VPeGEMOf9q,https://p.scdn.co/mp3-preview/9852d037d90d8059d97546917af1ead2f7393321?cid=63a77ff40e794a12ae216a18befde98c,Get Busy,63,Sean Paul,Dutty Rock,0.615,0.735,211666,0.824,0.0,10,0.158,-4.143,0,0.036,100.202,0.726
afro,Carnival,37i9dQZF1DX0rM1NjYKMJa,2HrHTYyYA4sBRSswKrFyTS,spotify:track:2HrHTYyYA4sBRSswKrFyTS,,Yo Darlin (feat. Geko),1,"NSG,Geko",Yo Darlin (feat. Geko),0.303,0.674,252860,0.688,0.0,11,0.14,-5.029,0,0.246,99.541,0.606
afro,Carnival,37i9dQZF1DX0rM1NjYKMJa,3UdltsRAQSWpAYV2mCgeRy,spotify:track:3UdltsRAQSWpAYV2mCgeRy,,Clarks,1,"Vybz Kartel,Popcaan",Reggae Greats Vol.. 2,0.0886,0.631,183893,0.802,0.0,8,0.103,-5.316,1,0.373,101.872,0.772
afro,Carnival,37i9dQZF1DX0rM1NjYKMJa,7cKLOenzViwzoHJWciMIrj,spotify:track:7cKLOenzViwzoHJWciMIrj,https://p.scdn.co/mp3-preview/30539a77bac05d1b0845a44055509dace817737b?cid=63a77ff40e794a12ae216a18befde98c,Bam Bam,64,Sister Nancy,One Two,0.825,0.722,196507,0.605,0.0178,5,0.248,-6.07,1,0.153,165.998,0.709
afro,Carnival,37i9dQZF1DX0rM1NjYKMJa,2t42wAZWVmtzX22lK6crPU,spotify:track:2t42wAZWVmtzX22lK6crPU,https://p.scdn.co/mp3-preview/4d17eb66827e44271f012adb8fe3522ff212ce0d?cid=63a77ff40e794a12ae216a18befde98c,Heads High,54,Mr. Vegas,Heads High,0.411,0.695,211440,0.658,0.0,7,0.152,-6.152,1,0.368,96.048,0.804
afro,Carnival,37i9dQZF1DX0rM1NjYKMJa,61AaiTZFfwruCncZ7m7CIg,spotify:track:61AaiTZFfwruCncZ7m7CIg,https://p.scdn.co/mp3-preview/349cce7c6d407700387db2c181e34f1896060c8f?cid=63a77ff40e794a12ae216a18befde98c,Addison Lee (Peng Ting Called Maddison),53,Not3s,Addison Lee (Peng Ting Called Maddison),0.716,0.552,179447,0.623,0.0,9,0.0892,-6.256,0,0.446,133.967,0.477
afro,Carnival,37i9dQZF1DX0rM1NjYKMJa,37q2ePvEt7c0S2Fj2l1Z4R,spotify:track:37q2ePvEt7c0S2Fj2l1Z4R,,Dun Talkin' (feat. Abra Cadabra),29,"Kojo Funds,Abracadabra",Dun Talkin' (feat. Abra Cadabra),0.127,0.579,199943,0.54,0.0,0,0.107,-9.281,0,0.488,136.972,0.788
afro,Carnival,37i9dQZF1DX0rM1NjYKMJa,2zYs4BonN2ydkbrRk333SN,spotify:track:2zYs4BonN2ydkbrRk333SN,https://p.scdn.co/mp3-preview/f2542c97118b5da89ac96ccaf8b7406dc1afbf16?cid=63a77ff40e794a12ae216a18befde98c,Come Closer (feat. Drake),61,"WizKid,Drake",Sounds From The Other Side,0.127,0.825,211293,0.453,3.82e-06,4,0.0838,-7.429,0,0.227,99.974,0.496
afro,Carnival,37i9dQZF1DX0rM1NjYKMJa,7EekFxRQ5L6PuPHDiFmPJT,spotify:track:7EekFxRQ5L6PuPHDiFmPJT,https://p.scdn.co/mp3-preview/8cc10540778b0ce7efd1e482d6542cc5924b2c4e?cid=63a77ff40e794a12ae216a18befde98c,Who Am I,29,Beenie Man,Who Am I,0.159,0.597,196160,0.826,0.0,11,0.293,-6.031,1,0.431,86.006,0.55
afro,Carnival,37i9dQZF1DX0rM1NjYKMJa,46k30e2S78nAF1OJgXCBd2,spotify:track:46k30e2S78nAF1OJgXCBd2,,Only Man She Want,0,Popcaan,Certified Boomshots Vol.1,0.367,0.521,205560,0.82,0.0,6,0.124,-6.028,1,0.293,135.883,0.761
afro,Carnival,37i9dQZF1DX0rM1NjYKMJa,6VxZjQZduC90TyClgqhdMA,spotify:track:6VxZjQZduC90TyClgqhdMA,,"Never Leave You (Uh Oooh, Uh Oooh)",40,Lumidee,Almost Famous,0.0432,0.78,184933,0.663,0.512,6,0.0805,-6.334,1,0.376,199.946,0.828
afro,Carnival,37i9dQZF1DX0rM1NjYKMJa,1090OWoP6JTpYAaSSEBvGy,spotify:track:1090OWoP6JTpYAaSSEBvGy,https://p.scdn.co/mp3-preview/fd613621eef23e8976e5a5caae330c5e07f246ad?cid=63a77ff40e794a12ae216a18befde98c,Kontrol,61,Maleek Berry,Kontrol,0.281,0.868,206316,0.521,6.36e-05,1,0.0992,-6.902,0,0.0512,113.993,0.886
afro,Carnival,37i9dQZF1DX0rM1NjYKMJa,2vKVaAoTG6ag83gW3RHwIn,spotify:track:2vKVaAoTG6ag83gW3RHwIn,https://p.scdn.co/mp3-preview/a9d527e5a411d54925af78ce27dfbe24dee71e1e?cid=63a77ff40e794a12ae216a18befde98c,Spirit,63,J Hus,Common Sense,0.206,0.768,214387,0.841,8.95e-05,8,0.224,-4.742,1,0.166,101.994,0.769
afro,Carnival,37i9dQZF1DX0rM1NjYKMJa,1zIRQEzmzN2rbImzWsdNqS,spotify:track:1zIRQEzmzN2rbImzWsdNqS,,One Wine,0,"Machel Montano,Sean Paul",One Wine - Single,0.116,0.502,229179,0.944,0.0,6,0.293,-1.884,0,0.148,195.804,0.899
afro,Carnival,37i9dQZF1DX0rM1NjYKMJa,4C1Smq2t3MVOPzsUPWW0oX,spotify:track:4C1Smq2t3MVOPzsUPWW0oX,https://p.scdn.co/mp3-preview/c44970cc1881e6dc40ea923ac8a0fa18af486170?cid=63a77ff40e794a12ae216a18befde98c,Fever,61,Vybz Kartel,King Of The Dancehall,0.139,0.891,204500,0.62,1.61e-05,7,0.0805,-7.463,1,0.244,98.093,0.404
afro,Carnival,37i9dQZF1DX0rM1NjYKMJa,5lGjjLMuoo9kqnz9DEa3BK,spotify:track:5lGjjLMuoo9kqnz9DEa3BK,https://p.scdn.co/mp3-preview/6852473a6b943e43da41c964dbd7c424f44d9bfe?cid=63a77ff40e794a12ae216a18befde98c,Did You See,52,J Hus,Did You See,0.411,0.61,184347,0.585,0.0,11,0.0947,-6.832,0,0.362,106.791,0.831
afro,Carnival,37i9dQZF1DX0rM1NjYKMJa,6IFDy0imCdhDpHj98GczEX,spotify:track:6IFDy0imCdhDpHj98GczEX,https://p.scdn.co/mp3-preview/bfb0b17b52f9986d5dc7673dbdb768f95e365407?cid=63a77ff40e794a12ae216a18befde98c,So Mi Like It,59,Spice,So Mi Like It,0.0382,0.812,153213,0.694,0.0,2,0.104,-3.913,0,0.331,90.127,0.861
afro,Carnival,37i9dQZF1DX0rM1NjYKMJa,56FUvV0o4FVhiKQPc6crQ7,spotify:track:56FUvV0o4FVhiKQPc6crQ7,https://p.scdn.co/mp3-preview/878adc19e8883ec8e2c13a40519c61a1f06e9657?cid=63a77ff40e794a12ae216a18befde98c,Mad over You,58,Runtown,Mad over You,0.458,0.842,215907,0.543,0.000135,4,0.102,-4.778,0,0.0483,107.048,0.787
afro,Carnival,37i9dQZF1DX0rM1NjYKMJa,4rIkcu5U87HoYi454m8Gen,spotify:track:4rIkcu5U87HoYi454m8Gen,https://p.scdn.co/mp3-preview/ae229820ace1e970ae71c0db234868e010dfc927?cid=63a77ff40e794a12ae216a18befde98c,Differentology (Ready for the Road),43,Bunji Garlin,Differentology,0.0166,0.728,260000,0.559,0.00809,6,0.291,-8.266,0,0.0566,119.962,0.323
afro,Carnival,37i9dQZF1DX0rM1NjYKMJa,1b8dZ28ofSZaPeRGfEtW2J,spotify:track:1b8dZ28ofSZaPeRGfEtW2J,,Pull Up to Mi Bumper,3,"Konshens,J Capri",Pull Up to Mi Bumper - Single,0.448,0.599,150280,0.683,0.0,7,0.0463,-3.812,1,0.464,211.958,0.75
afro,Carnival,37i9dQZF1DX0rM1NjYKMJa,4zlGcQkFV0dc3Fcm2SHlli,spotify:track:4zlGcQkFV0dc3Fcm2SHlli,,Nuttin Nuh Go So,2,Notch,Riddim Driven: Buy Out,0.262,0.752,243027,0.806,0.0,1,0.0952,-4.948,1,0.115,97.888,0.763
afro,Carnival,37i9dQZF1DX0rM1NjYKMJa,7khLgMuA7m4SA6aaDv1QSv,spotify:track:7khLgMuA7m4SA6aaDv1QSv,https://p.scdn.co/mp3-preview/f8fa58cc033dceef7d7a5b822c2a83a969f81baa?cid=63a77ff40e794a12ae216a18befde98c,Tempted To Touch,56,Rupee,Asafa Powell: Train For Speed,0.061,0.819,207547,0.825,0.0,2,0.0904,-7.012,0,0.0549,105.988,0.939
afro,Carnival,37i9dQZF1DX0rM1NjYKMJa,0pDYeia7ZXB8kbCuSc5hKp,spotify:track:0pDYeia7ZXB8kbCuSc5hKp,,"Watch Out For This (Bumaye) [feat. Busy Signal, The Flexican & FS Green] - feat. Busy Signal, The Flexican & FS Green",2,"Major Lazer,Busy Signal,FS Green,The Flexican",Free The Universe,0.0202,0.828,269147,0.755,9.61e-06,10,0.0625,-4.116,0,0.156,108.056,0.862
afro,Carnival,37i9dQZF1DX0rM1NjYKMJa,11KDS4ZfPY3gnJIhHM8Z3m,spotify:track:11KDS4ZfPY3gnJIhHM8Z3m,https://p.scdn.co/mp3-preview/20d67b7b88bb2937bde97ae49e6a30083cc9b089?cid=63a77ff40e794a12ae216a18befde98c,Higher,48,"Red Rat,dEVOLVE",Higher,0.0541,0.786,202000,0.943,8.42e-06,5,0.0792,-2.369,1,0.0969,105.034,0.554
afro,Carnival,37i9dQZF1DX0rM1NjYKMJa,4KlnHq8kW2k1RisegiOg0I,spotify:track:4KlnHq8kW2k1RisegiOg0I,,Romie,46,Beenie Man,From Kingston To King Of The Dancehall: A Collection Of Dancehall Favorites,0.000256,0.727,229027,0.613,0.0,4,0.0908,-7.243,0,0.314,121.086,0.716
afro,Carnival,37i9dQZF1DX0rM1NjYKMJa,6nGwWIh0ATJqK9cXbLqDw8,spotify:track:6nGwWIh0ATJqK9cXbLqDw8,https://p.scdn.co/mp3-preview/3712d6d62ac4601a35dbeae99fc1a1134e6f938e?cid=63a77ff40e794a12ae216a18befde98c,Everyone Falls In Love,52,Tanto Metro & Devonte,Everyone Falls In Love,0.0275,0.754,228360,0.702,0.0,10,0.0619,-8.033,0,0.0429,95.998,0.736
afro,Carnival,37i9dQZF1DX0rM1NjYKMJa,42F0eI7tFI8Xez4iqXObBt,spotify:track:42F0eI7tFI8Xez4iqXObBt,https://p.scdn.co/mp3-preview/a7ff243174f42db8522bebf3cbaeee40b8ddda43?cid=63a77ff40e794a12ae216a18befde98c,Action,50,"Terror Fabulous,Nadine Sutherland",Reggae Gold 1993,0.187,0.62,201747,0.477,0.0,6,0.0522,-12.277,0,0.169,123.876,0.757
