category_id,playlist_name,playlist_id,track_id,track_uri,track_preview_url,track_name,track_popularity,artist_name,album_name,acousticness,danceability,duration_ms,energy,instrumentalness,key,liveness,loudness,mode,speechiness,tempo,valence
classical,Steve Reich - Composer Weekly #048,37i9dQZF1DX3pxhv0SnNNN,27WA4tdC9OuzjaDSaU9LQC,spotify:track:27WA4tdC9OuzjaDSaU9LQC,https://p.scdn.co/mp3-preview/90a537ccd4af5a3ef1fec3deb82673e4fd12eac2?cid=63a77ff40e794a12ae216a18befde98c,Electric Counterpoint: III. Fast,32,"Steve Reich,Pat Metheny",Different Trains / Electric Counterpoint,0.874,0.74,279240,0.324,0.892,7,0.0713,-18.033,1,0.0449,128.022,0.319
classical,Steve Reich - Composer Weekly #048,37i9dQZF1DX3pxhv0SnNNN,7DTatnBoBeGUMxYmUQXK3b,spotify:track:7DTatnBoBeGUMxYmUQXK3b,,Duet,5,"Steve Reich,Daniel Hope,Simos Papanas,Kammerorchester Basel",My Tribute To Yehudi Menuhin,0.791,0.504,296238,0.157,0.0683,5,0.247,-19.683,1,0.0427,139.928,0.349
classical,Steve Reich - Composer Weekly #048,37i9dQZF1DX3pxhv0SnNNN,3P8dNi5vAYZw1RZ0qwKMUg,spotify:track:3P8dNi5vAYZw1RZ0qwKMUg,https://p.scdn.co/mp3-preview/e9a375b00ba456afb8fd9d49f8cbc509423a3da8?cid=63a77ff40e794a12ae216a18befde98c,Music for 18 Musicians (modular version): Pulses,29,"Steve Reich,Ensemble Signal",Steve Reich: Music for 18 Musicians,0.959,0.622,322769,0.386,0.954,9,0.0857,-22.346,1,0.0558,107.298,0.263
classical,Steve Reich - Composer Weekly #048,37i9dQZF1DX3pxhv0SnNNN,7d4oYQTHvgJmSHawxK9LSL,spotify:track:7d4oYQTHvgJmSHawxK9LSL,https://p.scdn.co/mp3-preview/f12bbba8dd93b0f8ec9071d4b2c7008c57513467?cid=63a77ff40e794a12ae216a18befde98c,You Are Variations: I. You Are Wherever Your Thoughts Are,24,"Steve Reich,Kristjan Järvi",Steve Reich - Duet,0.991,0.287,770907,0.278,0.894,11,0.142,-17.534,0,0.0316,97.176,0.183
classical,Steve Reich - Composer Weekly #048,37i9dQZF1DX3pxhv0SnNNN,3xB1nPFXC1cB7iKoDw8zh8,spotify:track:3xB1nPFXC1cB7iKoDw8zh8,https://p.scdn.co/mp3-preview/dcf0346686cf327278c4bb35e5b5c544d1a33146?cid=63a77ff40e794a12ae216a18befde98c,Mallet Quartet: III. Fast,24,"Steve Reich,Third Coast Percussion","Reich: Mallet Quartet, Sextet, Nagoya Marimbas & Music for Pieces of Wood",0.946,0.391,303187,0.403,0.944,10,0.0757,-13.794,0,0.0678,177.079,0.0399
classical,Steve Reich - Composer Weekly #048,37i9dQZF1DX3pxhv0SnNNN,2BrDOLjFX75ukvnPkcQiEk,spotify:track:2BrDOLjFX75ukvnPkcQiEk,https://p.scdn.co/mp3-preview/da9efc9c99df223f4b2c246cf4a1fc2b772b37c1?cid=63a77ff40e794a12ae216a18befde98c,The Desert Music: First Movement - Fast,16,"Steve Reich,Brooklyn Philharmonic and Chorus,Michael Tilson Thomas",The Desert Music,0.975,0.423,474000,0.402,0.553,7,0.387,-15.852,0,0.0363,93.369,0.0356
classical,Steve Reich - Composer Weekly #048,37i9dQZF1DX3pxhv0SnNNN,1i48Vdz7yIu6EbNQ94N7df,spotify:track:1i48Vdz7yIu6EbNQ94N7df,https://p.scdn.co/mp3-preview/b6867caca5d35f4914606ca9f18b9fb012672830?cid=63a77ff40e794a12ae216a18befde98c,Nagoya Marimbas,14,"Steve Reich,Joe Beribak,Katy La Favre",Smoke and Mirrors Percussion Ensemble,0.991,0.607,281493,0.221,0.951,9,0.0858,-24.522,0,0.0942,102.426,0.835
classical,Steve Reich - Composer Weekly #048,37i9dQZF1DX3pxhv0SnNNN,7wYGc8PWu0jO0pplATNx8c,spotify:track:7wYGc8PWu0jO0pplATNx8c,https://p.scdn.co/mp3-preview/12264626dea73548889bdf75b382e3c743c72590?cid=63a77ff40e794a12ae216a18befde98c,Radio Rewrite: Radio Rewrite: I. Fast,20,"Steve Reich,Ensemble Signal,Brad Lubman","Steve Reich: Double Sextet, Radio Rewrite",0.86,0.569,245438,0.413,0.778,4,0.483,-15.167,0,0.0292,155.968,0.548
classical,Steve Reich - Composer Weekly #048,37i9dQZF1DX3pxhv0SnNNN,56N4QWdLCTMus0tqHfXfNM,spotify:track:56N4QWdLCTMus0tqHfXfNM,https://p.scdn.co/mp3-preview/6d72d333f42852ce377dfc70dcf039ff37ec9334?cid=63a77ff40e794a12ae216a18befde98c,Drumming: Part IV,14,"Steve Reich,Rebecca Armstrong,Jay Clayton,Erin Lesser,Sō Percussion",Reich: Drumming,0.85,0.453,934373,0.478,0.957,6,0.0542,-13.786,1,0.0322,164.98,0.408
classical,Steve Reich - Composer Weekly #048,37i9dQZF1DX3pxhv0SnNNN,2hwqAVB5bePpSXK1rCN6Th,spotify:track:2hwqAVB5bePpSXK1rCN6Th,https://p.scdn.co/mp3-preview/466060af4c4be1fe1d21c6c8991e9295c5f3d4fd?cid=63a77ff40e794a12ae216a18befde98c,New York Counterpoint: III. Third Movement,13,"Steve Reich,Julian Bliss",Steve Reich: New York Counterpoint / Marc Mellits: Black,0.979,0.899,212640,0.229,0.913,11,0.0814,-16.388,0,0.227,94.997,0.555
classical,Steve Reich - Composer Weekly #048,37i9dQZF1DX3pxhv0SnNNN,1stAhrX4rboS0FRhb5KYsp,spotify:track:1stAhrX4rboS0FRhb5KYsp,https://p.scdn.co/mp3-preview/6b4dc13947d1e8df62c34d16358f77f9afc3547b?cid=63a77ff40e794a12ae216a18befde98c,"Tehillim: IV. Psalm 150:4-6, ""Halleluhu batof umachol""",19,"Steve Reich,Alarm Will Sound,Ossia,Alan Pierson",Steve Reich: Tehillim / The Desert Music,0.979,0.207,359227,0.304,0.258,2,0.161,-13.47,0,0.0325,180.743,0.218
classical,Steve Reich - Composer Weekly #048,37i9dQZF1DX3pxhv0SnNNN,0FNYO9d8LC9qRIMSJlW5Rn,spotify:track:0FNYO9d8LC9qRIMSJlW5Rn,,Sextet: I. Crotchet = 192,0,"Steve Reich,LSO Percussion Ensemble",Reich: Sextet - Clapping Music - Music for Pieces of Wood,0.993,0.255,668507,0.129,0.9,8,0.113,-27.883,1,0.0425,194.709,0.101
classical,Steve Reich - Composer Weekly #048,37i9dQZF1DX3pxhv0SnNNN,41n9hfWnzHCUArPmNn8CCy,spotify:track:41n9hfWnzHCUArPmNn8CCy,https://p.scdn.co/mp3-preview/e5569829d56fbc5c3cb4399ea8d77e9ee020d5be?cid=63a77ff40e794a12ae216a18befde98c,The Four Sections - IV. Full Orchestra,22,"Steve Reich,London Symphony Orchestra,Michael Tilson Thomas","Reich: The Four Sections, Music for Mallet Instruments, Voices and Organ",0.84,0.431,374067,0.36,0.548,1,0.0926,-14.192,0,0.0341,178.445,0.171
classical,Steve Reich - Composer Weekly #048,37i9dQZF1DX3pxhv0SnNNN,4lxunSFYkcTdsbxwg2Vpzx,spotify:track:4lxunSFYkcTdsbxwg2Vpzx,https://p.scdn.co/mp3-preview/db912e616da4b385043b307c9d0d06bcc3a0b7dc?cid=63a77ff40e794a12ae216a18befde98c,"Music for Mallet Instruments, Voices and Organ",25,Steve Reich,Phases,0.967,0.426,1018773,0.283,0.73,1,0.116,-18.619,1,0.0366,136.144,0.286
classical,Steve Reich - Composer Weekly #048,37i9dQZF1DX3pxhv0SnNNN,3EKtHDM9mPtnbsh8de5KEd,spotify:track:3EKtHDM9mPtnbsh8de5KEd,https://p.scdn.co/mp3-preview/f8cd4deef1cdabd68714fde9fde0bac070b3366f?cid=63a77ff40e794a12ae216a18befde98c,Different Trains: After The War,17,"Steve Reich,The Smith Quartet",Different Trains,0.95,0.322,628573,0.148,0.464,0,0.114,-21.468,0,0.0675,184.431,0.48
classical,Steve Reich - Composer Weekly #048,37i9dQZF1DX3pxhv0SnNNN,6TpnBwpD4cRh0JI7Ljp72e,spotify:track:6TpnBwpD4cRh0JI7Ljp72e,https://p.scdn.co/mp3-preview/bfb07f24a21f517688a4e7651f7af941661c5ec6?cid=63a77ff40e794a12ae216a18befde98c,City Life: III. It's Been a Honeymoon - Can't Take No Mo',12,"Steve Reich,Ensemble Modern,Peter Rundel",Steve Reich: City Life / 8 Lines,0.987,0.55,301293,0.483,0.976,6,0.629,-16.226,0,0.0447,92.953,0.167
classical,Steve Reich - Composer Weekly #048,37i9dQZF1DX3pxhv0SnNNN,7eYjWBNh63LkNr8Sa2I61G,spotify:track:7eYjWBNh63LkNr8Sa2I61G,https://p.scdn.co/mp3-preview/500890d1d92dc424f3c98ea16f1337df4aa354b0?cid=63a77ff40e794a12ae216a18befde98c,Proverb,14,"Steve Reich,Theatre Of Voices,The Steve Reich Ensemble,Paul Hillier",Proverb / Nagoya Marimba / City Life,0.989,0.149,849400,0.0511,0.004,11,0.142,-22.734,0,0.0354,139.729,0.033
classical,Steve Reich - Composer Weekly #048,37i9dQZF1DX3pxhv0SnNNN,02cnQhFhQW170VTanEwmTh,spotify:track:02cnQhFhQW170VTanEwmTh,,Music For A Large Ensemble,0,"Steve Reich,Steve Reich Ensemble",Octet - Music For A Large Ensemble - Violin Phase,0.973,0.438,930440,0.469,0.916,5,0.117,-13.53,0,0.0445,113.845,0.667
classical,Steve Reich - Composer Weekly #048,37i9dQZF1DX3pxhv0SnNNN,6nLjGIbX4R3KUvSGHnUABw,spotify:track:6nLjGIbX4R3KUvSGHnUABw,https://p.scdn.co/mp3-preview/bc4e6ab8a24b71a80736d874dbe9246bcf65ee1b?cid=63a77ff40e794a12ae216a18befde98c,Double Sextet: I. Fast,12,Steve Reich,Double Sextet/2x5,0.943,0.459,519160,0.343,0.735,5,0.189,-14.044,0,0.0376,164.954,0.263
classical,Steve Reich - Composer Weekly #048,37i9dQZF1DX3pxhv0SnNNN,1aT7WYakNuKTn12IuFvPtD,spotify:track:1aT7WYakNuKTn12IuFvPtD,https://p.scdn.co/mp3-preview/801999507c16ea404b151c2589dd865e9ed2b284?cid=63a77ff40e794a12ae216a18befde98c,Clapping Music,13,"Steve Reich,Michael Rareshide,Tom Lee",Reich for percussion,0.715,0.713,202640,1.0,0.772,7,0.237,-25.126,0,0.0474,91.527,0.0119
classical,Steve Reich - Composer Weekly #048,37i9dQZF1DX3pxhv0SnNNN,2uakZuRkR1xpxNJ3K90Zzd,spotify:track:2uakZuRkR1xpxNJ3K90Zzd,https://p.scdn.co/mp3-preview/ef681da1888da84017ddc3b78406b805ce904c6a?cid=63a77ff40e794a12ae216a18befde98c,Eight Lines,13,"Steve Reich,London Steve Reich Ensemble,Kevin Griffiths",Reich: Sextet / Piano Phase / Eight Lines,0.957,0.564,970387,0.567,0.723,6,0.291,-12.568,1,0.0343,102.965,0.89
classical,Steve Reich - Composer Weekly #048,37i9dQZF1DX3pxhv0SnNNN,3wr6bQdlD97L1lV6YdvUC2,spotify:track:3wr6bQdlD97L1lV6YdvUC2,https://p.scdn.co/mp3-preview/7ba3c9bbc6aa8d717126f809b41ccb977ce320a8?cid=63a77ff40e794a12ae216a18befde98c,Act 1 - Genesis XXI,11,"Steve Reich,The Steve Reich Ensemble,Paul Hillier",The Cave,0.969,0.666,156627,0.378,0.0614,2,0.0876,-14.779,0,0.0557,155.544,0.847
classical,Steve Reich - Composer Weekly #048,37i9dQZF1DX3pxhv0SnNNN,05fNODGgZAD6SBb1DHEK4U,spotify:track:05fNODGgZAD6SBb1DHEK4U,,Six Pianos,0,"Steve Reich,Piano Circus",Reich: Six Pianos/Riley: in C,0.991,0.569,1283250,0.544,0.959,11,0.12,-15.207,0,0.0523,95.529,0.728
classical,Steve Reich - Composer Weekly #048,37i9dQZF1DX3pxhv0SnNNN,70Mo3rJjbVMXvdMUy6ZRtr,spotify:track:70Mo3rJjbVMXvdMUy6ZRtr,https://p.scdn.co/mp3-preview/763b5c4ec5dc3824349b3314269d764198071e56?cid=63a77ff40e794a12ae216a18befde98c,Steve Reich: Dance Patterns,10,"Steve Reich,James Preiss,Thad Wheeler,Frank Cassara,Garry Kvistad,Edmund Niemann,Nurit Tilles","Reich : WTC 9/11, Mallet Quartet, Dance Patterns",0.978,0.661,369520,0.321,0.908,3,0.105,-18.796,1,0.0347,98.078,0.134
classical,Steve Reich - Composer Weekly #048,37i9dQZF1DX3pxhv0SnNNN,1IjGt7mCNDy353JeN33aa0,spotify:track:1IjGt7mCNDy353JeN33aa0,https://p.scdn.co/mp3-preview/a4aafc15ab633199b92abb6e3884fca6234ac5e6?cid=63a77ff40e794a12ae216a18befde98c,Tokyo / Vermont Counterpoint,26,Steve Reich,Triple Quartet,0.986,0.556,544573,0.667,0.965,2,0.0706,-12.111,0,0.131,115.976,0.736
classical,Steve Reich - Composer Weekly #048,37i9dQZF1DX3pxhv0SnNNN,21b1ctimKw65w6v3p4EUSu,spotify:track:21b1ctimKw65w6v3p4EUSu,,Four Organs - 2002 Digital Remaster,8,"Steve Reich,Michael Tilson Thomas,Ralph Grierson",Stravinsky/Cage/Reich - Angel Artistry,0.617,0.612,1451773,0.14,0.937,9,0.15,-18.959,1,0.471,101.329,0.0293
classical,Steve Reich - Composer Weekly #048,37i9dQZF1DX3pxhv0SnNNN,4ARHK34jHJycbj9XSqiX4a,spotify:track:4ARHK34jHJycbj9XSqiX4a,https://p.scdn.co/mp3-preview/26e02fbf4891ba7c8b60cbdf15c8e237b2d6aa6d?cid=63a77ff40e794a12ae216a18befde98c,Piano Phase,11,"Steve Reich,Sung-Soo Cho",Maximum-Minimum-Modern,0.995,0.591,1165213,0.51,0.904,11,0.129,-21.899,0,0.0583,108.012,0.911
classical,Steve Reich - Composer Weekly #048,37i9dQZF1DX3pxhv0SnNNN,2U6n2fRZG04am8eEonwKFU,spotify:track:2U6n2fRZG04am8eEonwKFU,,"Variations for Winds, Strings and Keyboards",0,"Steve Reich,San Francisco Symphony,Edo de Waart",Reich: Variations; Music for Mallet Instruments; 6 Pianos,0.958,0.236,1295500,0.199,0.904,7,0.168,-20.462,0,0.0383,148.535,0.0472
classical,Steve Reich - Composer Weekly #048,37i9dQZF1DX3pxhv0SnNNN,3A3CoehU4LKShfck8XJYU7,spotify:track:3A3CoehU4LKShfck8XJYU7,https://p.scdn.co/mp3-preview/8c5d691d64e83e6596fa1c9991898b8689d052fd?cid=63a77ff40e794a12ae216a18befde98c,"It's Gonna Rain, Part I (1965)",15,Steve Reich,Works 1965-1995,0.995,0.751,479573,0.495,0.0,9,0.0988,-16.99,1,0.24,75.376,0.346
classical,Steve Reich - Composer Weekly #048,37i9dQZF1DX3pxhv0SnNNN,6CtPIgw3myggJYXG6b7UwW,spotify:track:6CtPIgw3myggJYXG6b7UwW,https://p.scdn.co/mp3-preview/8d65620fc61a41b5881fd72941745dfd43deed81?cid=63a77ff40e794a12ae216a18befde98c,2x5 III. Fast - Vakula Version,11,Steve Reich,2x5 (Remixed),0.121,0.64,423845,0.814,0.851,1,0.194,-10.059,0,0.0389,120.0,0.715
