category_id,playlist_name,playlist_id,track_id,track_uri,track_preview_url,track_name,track_popularity,artist_name,album_name,acousticness,danceability,duration_ms,energy,instrumentalness,key,liveness,loudness,mode,speechiness,tempo,valence
country,Country's Greatest Hits:  The '60s,37i9dQZF1DX7CGYgLhqwu5,0mLoTgCB8oU0sJGojRtvDu,spotify:track:0mLoTgCB8oU0sJGojRtvDu,,Gentle On My Mind - Remastered 2001,54,Glen Campbell,Gentle On My Mind (Remastered),0.189,0.597,178627,0.415,0.0,3,0.123,-13.799,1,0.0323,108.987,0.826
country,Country's Greatest Hits:  The '60s,37i9dQZF1DX7CGYgLhqwu5,5M7otrtSBGd61OqS99RWm0,spotify:track:5M7otrtSBGd61OqS99RWm0,https://p.scdn.co/mp3-preview/dc47eceaebb218b8f4fd5f5cb1ee0b709f7f0cc5?cid=63a77ff40e794a12ae216a18befde98c,Sea of Heartbreak,42,Don Gibson,The Essential Don Gibson,0.37,0.594,151773,0.48,9.04e-05,7,0.33,-12.03,1,0.0351,91.18,0.799
country,Country's Greatest Hits:  The '60s,37i9dQZF1DX7CGYgLhqwu5,3gpWYe5Y0S7RQBjgWoM5vh,spotify:track:3gpWYe5Y0S7RQBjgWoM5vh,,King Of The Road,7,Roger Miller,All Time Greatest Hits,0.652,0.674,148280,0.365,0.0,11,0.14,-10.23,1,0.0758,118.009,0.532
country,Country's Greatest Hits:  The '60s,37i9dQZF1DX7CGYgLhqwu5,6ekSX8AVzwRSs0mbSlPc0R,spotify:track:6ekSX8AVzwRSs0mbSlPc0R,https://p.scdn.co/mp3-preview/08a6acfb6a28231c491376ca4ee1410d37180eca?cid=63a77ff40e794a12ae216a18befde98c,Jackson (with June Carter Cash),42,"Johnny Cash,June Carter Cash",Keep On the Sunny Side - June Carter Cash: Her Life In Music,0.552,0.707,166267,0.483,0.000143,0,0.388,-9.929,1,0.0371,128.32,0.79
country,Country's Greatest Hits:  The '60s,37i9dQZF1DX7CGYgLhqwu5,2sZIclzhHlH8tzf7wry9hK,spotify:track:2sZIclzhHlH8tzf7wry9hK,https://p.scdn.co/mp3-preview/f60c2be365b304a6f09a2e73307306ff85437647?cid=63a77ff40e794a12ae216a18befde98c,Harper Valley P.T.A.,49,Jeannie C. Riley,Harper Valley P.T.A. (The Plantation Recordings 1968-70),0.629,0.795,194400,0.448,0.0,4,0.0659,-13.427,1,0.0444,122.318,0.96
country,Country's Greatest Hits:  The '60s,37i9dQZF1DX7CGYgLhqwu5,6V9VCm1zOY2lGR80RehJ9i,spotify:track:6V9VCm1zOY2lGR80RehJ9i,,Wichita Lineman - Remastered 2001,59,Glen Campbell,Wichita Lineman (Remastered),0.326,0.192,186200,0.392,0.000199,5,0.248,-11.667,1,0.0328,172.312,0.391
country,Country's Greatest Hits:  The '60s,37i9dQZF1DX7CGYgLhqwu5,3JWEMzwpcWCvu4Qw1BIbYi,spotify:track:3JWEMzwpcWCvu4Qw1BIbYi,https://p.scdn.co/mp3-preview/c5e322c290f7c3554b66ed61d963cb3026752d42?cid=63a77ff40e794a12ae216a18befde98c,Act Naturally,55,Buck Owens,All-Time Greatest Hits,0.336,0.552,143693,0.474,0.0,7,0.173,-6.847,1,0.0275,92.156,0.7
country,Country's Greatest Hits:  The '60s,37i9dQZF1DX7CGYgLhqwu5,5TLkHWQBlL3sMDteMbskzi,spotify:track:5TLkHWQBlL3sMDteMbskzi,https://p.scdn.co/mp3-preview/229f94b3bef31fb99c06fa1a65034e90c5dc4d08?cid=63a77ff40e794a12ae216a18befde98c,Green Green Grass of Home,44,Porter Wagoner,20 All Time Greatest Hits,0.651,0.679,178267,0.202,0.000722,3,0.117,-17.938,1,0.0295,95.89,0.591
country,Country's Greatest Hits:  The '60s,37i9dQZF1DX7CGYgLhqwu5,7DH5dXVuQaqcKf9oTy9oUN,spotify:track:7DH5dXVuQaqcKf9oTy9oUN,https://p.scdn.co/mp3-preview/c0a9bc3dfd30c45748f7acc2e6f19290f0402abd?cid=63a77ff40e794a12ae216a18befde98c,He'll Have to Go,53,Jim Reeves,The Essential Jim Reeves,0.909,0.554,138640,0.186,0.00144,1,0.11,-15.846,1,0.0379,81.181,0.2
country,Country's Greatest Hits:  The '60s,37i9dQZF1DX7CGYgLhqwu5,71gllRzHoMKgU7b2y0OfM7,spotify:track:71gllRzHoMKgU7b2y0OfM7,https://p.scdn.co/mp3-preview/05482e645d975cd616e0e55569d9321ae1ab02da?cid=63a77ff40e794a12ae216a18befde98c,500 Miles Away from Home,48,Bobby Bare,Super Hits,0.659,0.519,162507,0.374,6.88e-06,7,0.644,-13.115,1,0.0314,109.253,0.521
country,Country's Greatest Hits:  The '60s,37i9dQZF1DX7CGYgLhqwu5,0LpmpBulMgAwtdC3YYgkql,spotify:track:0LpmpBulMgAwtdC3YYgkql,,Six Days On The Road,38,Dave Dudley,20th Century Masters: The Millennium Collection: Best Of Dave Dudley,0.666,0.701,134707,0.565,4.66e-06,7,0.356,-10.715,1,0.046,90.403,0.913
country,Country's Greatest Hits:  The '60s,37i9dQZF1DX7CGYgLhqwu5,6h3YJ05BovN1Pgk145J3r9,spotify:track:6h3YJ05BovN1Pgk145J3r9,,Mama Tried,45,Merle Haggard,Mama Tried/ Pride In What I Am,0.719,0.738,134453,0.538,1.35e-05,2,0.0653,-10.118,1,0.0374,97.487,0.81
country,Country's Greatest Hits:  The '60s,37i9dQZF1DX7CGYgLhqwu5,15TITugVC8RrpLctHXOqT8,spotify:track:15TITugVC8RrpLctHXOqT8,https://p.scdn.co/mp3-preview/3494f4b60dd7c026d4a38dd40ce4d422772159f2?cid=63a77ff40e794a12ae216a18befde98c,Daddy Sang Bass,52,Johnny Cash,The Essential Johnny Cash,0.699,0.681,140440,0.638,0.000629,4,0.0581,-7.818,1,0.0367,96.882,0.677
country,Country's Greatest Hits:  The '60s,37i9dQZF1DX7CGYgLhqwu5,21SxnQOkzD11IO3qToKvaG,spotify:track:21SxnQOkzD11IO3qToKvaG,https://p.scdn.co/mp3-preview/2dfce38ab43685ff52ea5222fc73767f9278472e?cid=63a77ff40e794a12ae216a18befde98c,Walk Through This World With Me,39,George Jones,Walk Through This World With Me,0.449,0.435,137960,0.295,0.000265,7,0.11,-9.043,1,0.0276,94.292,0.49
country,Country's Greatest Hits:  The '60s,37i9dQZF1DX7CGYgLhqwu5,7eNM9suHz80f4fbC8aobod,spotify:track:7eNM9suHz80f4fbC8aobod,https://p.scdn.co/mp3-preview/d8e33a2c53d1c78a08772c9bed0983272ddae6cf?cid=63a77ff40e794a12ae216a18befde98c,Detroit City,46,Bobby Bare,Super Hits,0.518,0.519,169933,0.319,9.05e-06,11,0.096,-13.142,1,0.0287,121.647,0.473
country,Country's Greatest Hits:  The '60s,37i9dQZF1DX7CGYgLhqwu5,2Cb2l4UoXynCHCeCYHRZN8,spotify:track:2Cb2l4UoXynCHCeCYHRZN8,https://p.scdn.co/mp3-preview/e3c0a64c204f6684e2127f9b746b616fe5208228?cid=63a77ff40e794a12ae216a18befde98c,Stand By Your Man,55,Tammy Wynette,Stand By Your Man,0.776,0.563,157893,0.331,0.000846,9,0.125,-9.681,1,0.0283,105.761,0.608
country,Country's Greatest Hits:  The '60s,37i9dQZF1DX7CGYgLhqwu5,3i5bJFIAkgoZqJoRAQqAKO,spotify:track:3i5bJFIAkgoZqJoRAQqAKO,https://p.scdn.co/mp3-preview/31623c4fc89e82098e39dec42c12944699a69c65?cid=63a77ff40e794a12ae216a18befde98c,Me And Bobby McGee,44,Roger Miller,Super Hits,0.392,0.538,196400,0.492,0.00182,2,0.051,-14.736,1,0.0323,166.049,0.899
country,Country's Greatest Hits:  The '60s,37i9dQZF1DX7CGYgLhqwu5,3ftnDaaL02tMeOZBunIwls,spotify:track:3ftnDaaL02tMeOZBunIwls,,"Folsom Prison Blues - Live at Folsom State Prison, Folsom, CA (1st Show) - January 1968",22,Johnny Cash,At Folsom Prison (Legacy Edition),0.0215,0.594,156427,0.577,0.00792,0,0.883,-12.772,1,0.0534,110.783,0.89
country,Country's Greatest Hits:  The '60s,37i9dQZF1DX7CGYgLhqwu5,4FdDorlbJTVHcH3djLbIfn,spotify:track:4FdDorlbJTVHcH3djLbIfn,,Ode To Billie Joe,51,Bobbie Gentry,Ode To Billie Joe,0.721,0.637,255002,0.189,0.0,7,0.0939,-10.726,1,0.0471,120.142,0.695
country,Country's Greatest Hits:  The '60s,37i9dQZF1DX7CGYgLhqwu5,7rbvjRc6ZTVA3GUXDx3Xtr,spotify:track:7rbvjRc6ZTVA3GUXDx3Xtr,https://p.scdn.co/mp3-preview/7edcc6c7f77255a1d2b554851b3859fcb1980560?cid=63a77ff40e794a12ae216a18befde98c,Last Date - Instrumental,44,Floyd Cramer,Super Hits,0.858,0.615,146760,0.306,0.958,0,0.15,-12.026,1,0.0289,103.818,0.613
country,Country's Greatest Hits:  The '60s,37i9dQZF1DX7CGYgLhqwu5,58ojWS1EGL6z5rEOELtJmH,spotify:track:58ojWS1EGL6z5rEOELtJmH,https://p.scdn.co/mp3-preview/084a42a4970c7e5bc128789687ea9469179b5504?cid=63a77ff40e794a12ae216a18befde98c,Devil Woman,46,Marty Robbins,The Story Of My Life: The Best Of Marty Robbins 1952-1965,0.921,0.684,172667,0.277,6.54e-06,4,0.124,-13.1,1,0.0533,145.155,0.642
country,Country's Greatest Hits:  The '60s,37i9dQZF1DX7CGYgLhqwu5,61uAY9xdzYiIbYJ07XvKso,spotify:track:61uAY9xdzYiIbYJ07XvKso,https://p.scdn.co/mp3-preview/0edbcd40953dd523808d94734087f03d233c540f?cid=63a77ff40e794a12ae216a18befde98c,Big Bad John,53,Jimmy Dean,The Best Of Jimmy Dean,0.596,0.516,182560,0.457,0.0,8,0.106,-12.609,1,0.184,173.934,0.455
country,Country's Greatest Hits:  The '60s,37i9dQZF1DX7CGYgLhqwu5,20iH1uibQIUqNFk3wzG7AG,spotify:track:20iH1uibQIUqNFk3wzG7AG,https://p.scdn.co/mp3-preview/37969172d59ac3081e0db08d144c1278d3791bc9?cid=63a77ff40e794a12ae216a18befde98c,Dang Me,46,Roger Miller,Super Hits,0.705,0.564,102400,0.378,0.000716,9,0.0723,-14.468,1,0.168,197.325,0.687
country,Country's Greatest Hits:  The '60s,37i9dQZF1DX7CGYgLhqwu5,2jfHjFG4pT0bTTbvSDcOv6,spotify:track:2jfHjFG4pT0bTTbvSDcOv6,https://p.scdn.co/mp3-preview/1220ad7bb2f815e2fa27c994b267c2e1feaa326f?cid=63a77ff40e794a12ae216a18befde98c,The Image of Me,46,Conway Twitty,Timeless,0.338,0.557,177333,0.438,8.17e-06,9,0.136,-6.034,1,0.0268,87.895,0.45
country,Country's Greatest Hits:  The '60s,37i9dQZF1DX7CGYgLhqwu5,7e4jSwxQw6w4qHc9WmAh7c,spotify:track:7e4jSwxQw6w4qHc9WmAh7c,,Okie From Muskogee - Platoon/Sountrack Version,45,Merle Haggard,Down Every Road 1962-1994,0.334,0.59,164107,0.394,2.51e-05,2,0.328,-13.337,1,0.0321,139.936,0.717
country,Country's Greatest Hits:  The '60s,37i9dQZF1DX7CGYgLhqwu5,2kzVFcp3kSU1Qld4dYBM7L,spotify:track:2kzVFcp3kSU1Qld4dYBM7L,https://p.scdn.co/mp3-preview/fb3e09157fc7bb53983fac357906fe1529ea17c2?cid=63a77ff40e794a12ae216a18befde98c,Skip a Rope,43,Henson Cargill,All-American Cowboy,0.608,0.623,160785,0.51,0.00267,6,0.0699,-13.092,0,0.0374,145.604,0.54
country,Country's Greatest Hits:  The '60s,37i9dQZF1DX7CGYgLhqwu5,0dPfKBYyPmoSfoLJqeKAs4,spotify:track:0dPfKBYyPmoSfoLJqeKAs4,https://p.scdn.co/mp3-preview/f860e20d566d362d1354004332c5d483d12b140d?cid=63a77ff40e794a12ae216a18befde98c,Don't Worry,44,Marty Robbins,The Story Of My Life: The Best Of Marty Robbins 1952-1965,0.879,0.648,194160,0.165,0.000216,4,0.13,-16.446,1,0.0348,99.585,0.435
country,Country's Greatest Hits:  The '60s,37i9dQZF1DX7CGYgLhqwu5,34FHyAVCDFURtlrt6HfPHU,spotify:track:34FHyAVCDFURtlrt6HfPHU,https://p.scdn.co/mp3-preview/e6728ff1d361f9dfcabfe757f5068ae86e655f77?cid=63a77ff40e794a12ae216a18befde98c,Yesterday When I Was Young,42,Roy Clark,The Best Of Roy Clark,0.555,0.328,200240,0.365,0.0,2,0.146,-13.772,0,0.0582,178.103,0.344
country,Country's Greatest Hits:  The '60s,37i9dQZF1DX7CGYgLhqwu5,32zPvvt7K2nZIbQl7cMM3F,spotify:track:32zPvvt7K2nZIbQl7cMM3F,,It's Such A Pretty World Today,42,Wynn Stewart,Lost Country Hits of the 60s,0.854,0.622,150094,0.344,0.0,4,0.31,-12.833,1,0.0396,118.377,0.673
country,Country's Greatest Hits:  The '60s,37i9dQZF1DX7CGYgLhqwu5,7attdkm63538aay6tn5Lmo,spotify:track:7attdkm63538aay6tn5Lmo,,Little Green Apples - Single Version,2,Roger Miller,All Time Greatest Hits,0.879,0.506,157960,0.182,0.0892,0,0.134,-17.9,1,0.0552,101.797,0.398
country,Country's Greatest Hits:  The '60s,37i9dQZF1DX7CGYgLhqwu5,0svhKL5JfIxASjbmEkxXKV,spotify:track:0svhKL5JfIxASjbmEkxXKV,https://p.scdn.co/mp3-preview/1dbba1385a3b123cd8f1dde4476131ca4475a279?cid=63a77ff40e794a12ae216a18befde98c,Love's Gonna Live Here,45,Buck Owens,All-Time Greatest Hits,0.464,0.621,124147,0.552,0.00135,8,0.0735,-6.986,1,0.0242,92.668,0.969
country,Country's Greatest Hits:  The '60s,37i9dQZF1DX7CGYgLhqwu5,6bMvOAtKZ55b00lrGQZPfA,spotify:track:6bMvOAtKZ55b00lrGQZPfA,,A Boy Named Sue - Live Version,5,Johnny Cash,The Greatest: The Number Ones,0.758,0.688,225267,0.445,0.0,10,0.71,-11.974,1,0.198,101.636,0.92
country,Country's Greatest Hits:  The '60s,37i9dQZF1DX7CGYgLhqwu5,1xyBQeZBGAlUFkY8blLpUz,spotify:track:1xyBQeZBGAlUFkY8blLpUz,,I Fall To Pieces - Single Version,4,"Patsy Cline,The Jordanaires",Sweet Dreams: Her Complete Decca Masters (1960-1963),0.884,0.555,167693,0.218,7.36e-05,10,0.289,-11.793,1,0.0319,111.584,0.612
country,Country's Greatest Hits:  The '60s,37i9dQZF1DX7CGYgLhqwu5,2Krnm3qWdy4VG5vTkT0cDn,spotify:track:2Krnm3qWdy4VG5vTkT0cDn,https://p.scdn.co/mp3-preview/aceef188da0dbe5c8d53759b130e16ebd02538f6?cid=63a77ff40e794a12ae216a18befde98c,Almost Persuaded,41,David Houston,Almost Persuaded,0.861,0.251,176360,0.338,0.0,8,0.144,-11.897,1,0.0382,81.642,0.353
country,Country's Greatest Hits:  The '60s,37i9dQZF1DX7CGYgLhqwu5,3vMwtAfDNM8dDBWMvS78pn,spotify:track:3vMwtAfDNM8dDBWMvS78pn,https://p.scdn.co/mp3-preview/c58748c9698e0000a61ba63b7bf7efbd08902aa8?cid=63a77ff40e794a12ae216a18befde98c,Chug-A-Lug,46,Roger Miller,The Very Best of…,0.69,0.699,123360,0.408,0.000219,11,0.145,-11.46,1,0.096,171.922,0.842
country,Country's Greatest Hits:  The '60s,37i9dQZF1DX7CGYgLhqwu5,3WN9UHlq1HC5CzOKMSmAuw,spotify:track:3WN9UHlq1HC5CzOKMSmAuw,,Hello Walls,18,Faron Young,Classic Country Gold,0.775,0.596,142627,0.327,0.0,0,0.232,-11.569,1,0.0319,102.198,0.65
country,Country's Greatest Hits:  The '60s,37i9dQZF1DX7CGYgLhqwu5,0dc0eU5THc1uE0Q0KV73XN,spotify:track:0dc0eU5THc1uE0Q0KV73XN,https://p.scdn.co/mp3-preview/8270bf43f00ebddeafd02fd2957e0022ed7e5191?cid=63a77ff40e794a12ae216a18befde98c,"Please Help Me, I'm Falling",47,Hank Locklin,RCA Country Legends,0.828,0.552,141467,0.336,0.0,7,0.324,-10.712,1,0.0311,105.479,0.553
country,Country's Greatest Hits:  The '60s,37i9dQZF1DX7CGYgLhqwu5,4DuBNU1r50XEv4dvsrQcpY,spotify:track:4DuBNU1r50XEv4dvsrQcpY,,Crazy - Single Version,28,"Patsy Cline,The Jordanaires",Gold,0.896,0.508,162133,0.189,0.000524,10,0.0793,-13.191,1,0.0356,104.86,0.444
country,Country's Greatest Hits:  The '60s,37i9dQZF1DX7CGYgLhqwu5,5qZVPdPy0gtrZdH8yvYEyv,spotify:track:5qZVPdPy0gtrZdH8yvYEyv,,The Race Is On,23,George Jones,Best Of,0.454,0.465,126533,0.674,0.0,9,0.233,-8.318,1,0.0833,171.246,0.923
country,Country's Greatest Hits:  The '60s,37i9dQZF1DX7CGYgLhqwu5,4xpjtAqc46tg04BzHTZnz2,spotify:track:4xpjtAqc46tg04BzHTZnz2,https://p.scdn.co/mp3-preview/57ae29dfc32e096eb785180c728b0d860239e063?cid=63a77ff40e794a12ae216a18befde98c,Welcome to My World,52,Jim Reeves,The Essential Jim Reeves,0.725,0.341,152600,0.252,0.0594,3,0.287,-14.869,1,0.0288,81.058,0.399
country,Country's Greatest Hits:  The '60s,37i9dQZF1DX7CGYgLhqwu5,2QS8C4T3H1hYpnADMpq8Uz,spotify:track:2QS8C4T3H1hYpnADMpq8Uz,https://p.scdn.co/mp3-preview/4c69e9100bc04d7fac0b01d912cce9dac404c562?cid=63a77ff40e794a12ae216a18befde98c,Wine Me Up,44,Faron Young,Hello Walls,0.133,0.547,144120,0.254,8.24e-05,9,0.263,-16.548,1,0.0461,139.65,0.903
country,Country's Greatest Hits:  The '60s,37i9dQZF1DX7CGYgLhqwu5,1GDAvJth0ebssC2XkG7RYM,spotify:track:1GDAvJth0ebssC2XkG7RYM,https://p.scdn.co/mp3-preview/9a52ceaf5711b6f80e56dccefa3a0b56a1c3313c?cid=63a77ff40e794a12ae216a18befde98c,I've Got A Tiger By The Tail - 2006 Remastered Version,49,Buck Owens,21 #1 Hits: The Ultimate Collection,0.595,0.701,133867,0.497,3.12e-05,4,0.118,-10.05,1,0.0316,96.513,0.963
country,Country's Greatest Hits:  The '60s,37i9dQZF1DX7CGYgLhqwu5,6zQnzN80m28yNfz544YBI2,spotify:track:6zQnzN80m28yNfz544YBI2,,Don't Come Home A-Drinkin' (With Lovin' On Your Mind) - Single Version,35,Loretta Lynn,The Definitive Collection,0.743,0.747,127520,0.563,2.68e-06,1,0.144,-8.47,1,0.0642,83.311,0.942
country,Country's Greatest Hits:  The '60s,37i9dQZF1DX7CGYgLhqwu5,5rDkA2TFOImbiVenmnE9r4,spotify:track:5rDkA2TFOImbiVenmnE9r4,https://p.scdn.co/mp3-preview/4a4e6a9dee7d9b05c149d1744b685e9cefc7ed50?cid=63a77ff40e794a12ae216a18befde98c,Ring of Fire,62,Johnny Cash,The Essential Johnny Cash,0.267,0.661,155707,0.517,0.000158,7,0.431,-8.004,1,0.0269,104.563,0.676
country,Country's Greatest Hits:  The '60s,37i9dQZF1DX7CGYgLhqwu5,0sJchoPZwC2MV8WzZRoZUk,spotify:track:0sJchoPZwC2MV8WzZRoZUk,https://p.scdn.co/mp3-preview/a0c63f72b1c79247c8b7b6487cb968012448c77d?cid=63a77ff40e794a12ae216a18befde98c,The Last Thing On My Mind,44,"Porter Wagoner,Dolly Parton",The Essential Porter Wagoner & Dolly Parton,0.563,0.611,156160,0.412,0.0,11,0.24,-12.513,1,0.0282,105.811,0.713
country,Country's Greatest Hits:  The '60s,37i9dQZF1DX7CGYgLhqwu5,6ZW6ND4N7oKkUhKqWZhjyk,spotify:track:6ZW6ND4N7oKkUhKqWZhjyk,https://p.scdn.co/mp3-preview/7675931fcc5debb591bb7bf5eaad523336d442a2?cid=63a77ff40e794a12ae216a18befde98c,Lonesome 7-7203,36,Hawkshaw Hawkins,20 Greatest Hits,0.812,0.616,166053,0.332,0.000401,9,0.332,-13.455,1,0.0319,115.88,0.662
country,Country's Greatest Hits:  The '60s,37i9dQZF1DX7CGYgLhqwu5,7FFD8nuOoXfrVFNTFvC6GO,spotify:track:7FFD8nuOoXfrVFNTFvC6GO,https://p.scdn.co/mp3-preview/2aa305e638009f47d71df95d89901e753b5da642?cid=63a77ff40e794a12ae216a18befde98c,Together Again,42,Buck Owens,Together Again / My Heart Skips a Beat,0.585,0.413,148400,0.254,0.0469,1,0.138,-9.899,1,0.0281,76.904,0.526
country,Country's Greatest Hits:  The '60s,37i9dQZF1DX7CGYgLhqwu5,4lJ4LoaS0Q6a7FhSQ4onoE,spotify:track:4lJ4LoaS0Q6a7FhSQ4onoE,,Ballad Of Forty Dollars,16,Tom T. Hall,20th Century Masters: The Millennium Collection: Best Of Tom T. Hall,0.334,0.6,183400,0.843,0.0,2,0.346,-7.489,1,0.0462,115.081,0.866
country,Country's Greatest Hits:  The '60s,37i9dQZF1DX7CGYgLhqwu5,4F5vo1LudTGJk4vp19LR4u,spotify:track:4F5vo1LudTGJk4vp19LR4u,https://p.scdn.co/mp3-preview/6de8c33bd0f94d5f1302b92d38b19439800eabef?cid=63a77ff40e794a12ae216a18befde98c,Does My Ring Hurt Your Finger,41,Charley Pride,The Essential Charley Pride,0.649,0.454,137369,0.326,0.0,11,0.129,-11.214,1,0.0283,107.64,0.708
country,Country's Greatest Hits:  The '60s,37i9dQZF1DX7CGYgLhqwu5,5pwqtpAazoPh1G3txEIPAB,spotify:track:5pwqtpAazoPh1G3txEIPAB,,She Thinks I Still Care - Single Version,22,George Jones,Best Of,0.642,0.552,153333,0.362,0.0,11,0.124,-9.847,1,0.0297,115.023,0.639
country,Country's Greatest Hits:  The '60s,37i9dQZF1DX7CGYgLhqwu5,5bA26v8eeZrbHJpD4YPKAX,spotify:track:5bA26v8eeZrbHJpD4YPKAX,https://p.scdn.co/mp3-preview/7c137534024a514467a7774ef98ca359775ea510?cid=63a77ff40e794a12ae216a18befde98c,Abilene,42,George Hamilton IV,Abilene,0.445,0.63,133333,0.448,1.43e-05,5,0.271,-15.015,1,0.0271,104.024,0.753
country,Country's Greatest Hits:  The '60s,37i9dQZF1DX7CGYgLhqwu5,6ac7GUlfon5ezqPvDYPixS,spotify:track:6ac7GUlfon5ezqPvDYPixS,https://p.scdn.co/mp3-preview/40f007c8bb293679922f70494f5891550496e7d6?cid=63a77ff40e794a12ae216a18befde98c,A Six Pack To Go,36,Hank Thompson,20 Greatest Hits,0.489,0.67,129360,0.413,0.00251,9,0.119,-14.734,1,0.18,165.823,0.593
country,Country's Greatest Hits:  The '60s,37i9dQZF1DX7CGYgLhqwu5,1rFGwz7rswOuW2IdXPd0fv,spotify:track:1rFGwz7rswOuW2IdXPd0fv,https://p.scdn.co/mp3-preview/27c4b6bf7a7410cb560d083c05d897e90a7b3ebf?cid=63a77ff40e794a12ae216a18befde98c,I've Been Everywhere - Remastered,41,Hank Snow,The Essential Hank Snow,0.551,0.449,164640,0.537,0.000148,6,0.412,-13.138,1,0.0392,119.689,0.961
country,Country's Greatest Hits:  The '60s,37i9dQZF1DX7CGYgLhqwu5,7GjmzKbriJewFNDPJtVjey,spotify:track:7GjmzKbriJewFNDPJtVjey,https://p.scdn.co/mp3-preview/f6a14e4c206a1a73575ffd348280fe198dfc2fc6?cid=63a77ff40e794a12ae216a18befde98c,Wolverton Mountain,39,Claude King,Columbia Country Classics Volume 3: Americana,0.806,0.629,177573,0.335,1.21e-06,9,0.217,-15.039,1,0.0499,157.193,0.834
country,Country's Greatest Hits:  The '60s,37i9dQZF1DX7CGYgLhqwu5,2CDh0bBvP0ZAXiibPZvpPC,spotify:track:2CDh0bBvP0ZAXiibPZvpPC,https://p.scdn.co/mp3-preview/766a03da94cb0483daafc5952be9cb8fab6de5be?cid=63a77ff40e794a12ae216a18befde98c,One in a Row,34,Willie Nelson,One Hell Of A Ride,0.724,0.545,152987,0.194,0.000191,10,0.193,-10.909,1,0.0279,96.515,0.515
country,Country's Greatest Hits:  The '60s,37i9dQZF1DX7CGYgLhqwu5,0BD9I8rnTQC43yNwEuaHSL,spotify:track:0BD9I8rnTQC43yNwEuaHSL,,Blue Kentucky Girl,22,Loretta Lynn,Gold,0.71,0.714,160627,0.346,0.00232,11,0.0998,-11.666,1,0.0371,113.264,0.57
country,Country's Greatest Hits:  The '60s,37i9dQZF1DX7CGYgLhqwu5,2DD8OhehvkzSFeoRW0u7Gb,spotify:track:2DD8OhehvkzSFeoRW0u7Gb,,Wings Of A Dove,36,Ferlin Husky,Capitol Collectors Series,0.54,0.498,139093,0.555,0.0,4,0.26,-11.577,1,0.0468,184.891,0.888
country,Country's Greatest Hits:  The '60s,37i9dQZF1DX7CGYgLhqwu5,7lSgl6fOpD1aeeXS1mhKcd,spotify:track:7lSgl6fOpD1aeeXS1mhKcd,https://p.scdn.co/mp3-preview/d54b58925de9b08ea3318c2b6021166887569484?cid=63a77ff40e794a12ae216a18befde98c,Just Between You and Me,39,Charley Pride,Super Hits,0.618,0.527,134787,0.439,0.0,6,0.345,-11.593,1,0.0323,110.195,0.659
country,Country's Greatest Hits:  The '60s,37i9dQZF1DX7CGYgLhqwu5,3L5gEVVFs7aJD6gP7NGKoB,spotify:track:3L5gEVVFs7aJD6gP7NGKoB,,Walk On By,19,Leroy Van Dyke,Classic Country Gold,0.738,0.602,140160,0.488,0.00352,10,0.254,-11.649,1,0.031,134.218,0.97
country,Country's Greatest Hits:  The '60s,37i9dQZF1DX7CGYgLhqwu5,4zzcta2PO7TIs9YuXZ6G2u,spotify:track:4zzcta2PO7TIs9YuXZ6G2u,,The Bottle Let Me Down,41,Merle Haggard,Vintage Collections,0.552,0.705,168467,0.451,0.000845,2,0.118,-8.469,1,0.0275,125.86,0.704
country,Country's Greatest Hits:  The '60s,37i9dQZF1DX7CGYgLhqwu5,6QAJbtf8Qb69AKsp8soPmN,spotify:track:6QAJbtf8Qb69AKsp8soPmN,https://p.scdn.co/mp3-preview/5e9cc6949137cca1c04112d0bd768d3a7e1f21fc?cid=63a77ff40e794a12ae216a18befde98c,Don't You Ever Get Tired of Hurting Me,38,Ray Price,The Other Woman,0.661,0.372,168240,0.184,0.361,7,0.207,-16.772,1,0.031,83.535,0.541
country,Country's Greatest Hits:  The '60s,37i9dQZF1DX7CGYgLhqwu5,0mSywazXcVFQZRk2Gg9ImX,spotify:track:0mSywazXcVFQZRk2Gg9ImX,https://p.scdn.co/mp3-preview/183c5aff563f8a9caf304e8874dd3303b4b43b5a?cid=63a77ff40e794a12ae216a18befde98c,I Don't Wanna Play House,43,Tammy Wynette,Tammy Wynette'S Greatest Hits,0.806,0.546,154627,0.258,1.06e-05,7,0.165,-12.894,1,0.0317,100.683,0.464
country,Country's Greatest Hits:  The '60s,37i9dQZF1DX7CGYgLhqwu5,2kc2v1biRvuHJaBozQzfqs,spotify:track:2kc2v1biRvuHJaBozQzfqs,https://p.scdn.co/mp3-preview/5c903401641bb7d65c97bdc0c281e6e08df5c3d2?cid=63a77ff40e794a12ae216a18befde98c,Talk Back Trembling Lips,35,Ernest Ashworth,Greatest Hits,0.751,0.575,160440,0.435,0.0,9,0.0795,-11.801,1,0.0326,135.955,0.739
country,Country's Greatest Hits:  The '60s,37i9dQZF1DX7CGYgLhqwu5,41jCeKeeVTxxDli1XdCPnx,spotify:track:41jCeKeeVTxxDli1XdCPnx,,You Ain't Woman Enough - Single Version,38,Loretta Lynn,The Definitive Collection,0.488,0.673,132320,0.44,0.0,8,0.0653,-10.761,1,0.0935,75.239,0.845
country,Country's Greatest Hits:  The '60s,37i9dQZF1DX7CGYgLhqwu5,5b3Bvd2m81gEQRWrShNkx2,spotify:track:5b3Bvd2m81gEQRWrShNkx2,https://p.scdn.co/mp3-preview/da05283f3991cfcdb1371ade56c6e8c6f82fbd48?cid=63a77ff40e794a12ae216a18befde98c,The Carroll County Accident,37,Porter Wagoner,The Essential Porter Wagoner,0.346,0.643,169200,0.504,0.0,7,0.247,-11.231,1,0.0395,91.688,0.705
country,Country's Greatest Hits:  The '60s,37i9dQZF1DX7CGYgLhqwu5,3fNQkYKo7VHZBk8GWyqGAq,spotify:track:3fNQkYKo7VHZBk8GWyqGAq,https://p.scdn.co/mp3-preview/6f5f36d96006179fc91ef0701655cb168f3e63b8?cid=63a77ff40e794a12ae216a18befde98c,Phantom 309,43,Red Sovine,20 All Time Greatest Hits,0.801,0.363,203733,0.549,0.0,5,0.255,-13.133,0,0.142,147.397,0.688
country,Country's Greatest Hits:  The '60s,37i9dQZF1DX7CGYgLhqwu5,7ledv9CTjqdwnvHgRmETyZ,spotify:track:7ledv9CTjqdwnvHgRmETyZ,https://p.scdn.co/mp3-preview/3b9bbe0ccfa76445b6e2fcce9509c06a678b92bf?cid=63a77ff40e794a12ae216a18befde98c,Flowers On the Wall,53,The Statler Brothers,Flowers On The Wall: The Essential Statler Brothers 1964-1969,0.792,0.784,138800,0.451,4.09e-05,8,0.115,-11.225,0,0.0723,100.303,0.78
country,Country's Greatest Hits:  The '60s,37i9dQZF1DX7CGYgLhqwu5,7GafJyGdVj7ahXo96LwFM4,spotify:track:7GafJyGdVj7ahXo96LwFM4,https://p.scdn.co/mp3-preview/9177b1ec0f01aa3f591819a00e968c9aad1b8cd3?cid=63a77ff40e794a12ae216a18befde98c,Make the World Go Away,40,Eddy Arnold,The Essential Eddy Arnold,0.926,0.214,157827,0.215,9.33e-05,1,0.121,-11.312,1,0.0318,205.359,0.477
country,Country's Greatest Hits:  The '60s,37i9dQZF1DX7CGYgLhqwu5,6BLoKpgWtQbYqFDFUp9ApX,spotify:track:6BLoKpgWtQbYqFDFUp9ApX,,Fist City,44,Loretta Lynn,Fist City,0.711,0.657,132447,0.558,0.0,0,0.334,-8.736,1,0.0413,77.849,0.906
country,Country's Greatest Hits:  The '60s,37i9dQZF1DX7CGYgLhqwu5,3ZnlYvqCnjJ7OeZhVKkWPg,spotify:track:3ZnlYvqCnjJ7OeZhVKkWPg,,Honey - 1991 - Remaster,32,Bobby Goldsboro,Honey - The Best of Bobby Goldsboro,0.21,0.5,239067,0.189,3.08e-05,7,0.129,-17.563,1,0.0307,93.259,0.587
country,Country's Greatest Hits:  The '60s,37i9dQZF1DX7CGYgLhqwu5,5f38UWziNmvOjdMHvwxsL9,spotify:track:5f38UWziNmvOjdMHvwxsL9,https://p.scdn.co/mp3-preview/969535c98af39eea80d72d72365111d845c47d4e?cid=63a77ff40e794a12ae216a18befde98c,D-I-V-O-R-C-E,40,Tammy Wynette,Tammy Wynette'S Greatest Hits,0.836,0.619,175253,0.33,0.0,9,0.154,-11.332,1,0.0295,99.353,0.602
country,Country's Greatest Hits:  The '60s,37i9dQZF1DX7CGYgLhqwu5,6Ja76N5EcdHrZCGfsWNeGo,spotify:track:6Ja76N5EcdHrZCGfsWNeGo,https://p.scdn.co/mp3-preview/772678a090f6f883891644aa516b8c290245704d?cid=63a77ff40e794a12ae216a18befde98c,Swinging Doors,39,Merle Haggard,Super Hits Collection - 32 Songs - Swinging Doors,0.0234,0.79,172920,0.523,0.00102,5,0.109,-7.627,1,0.0293,122.358,0.606
country,Country's Greatest Hits:  The '60s,37i9dQZF1DX7CGYgLhqwu5,1UX3YnunUhblOJbdnX64F2,spotify:track:1UX3YnunUhblOJbdnX64F2,,Leavin' On Your Mind - Single Version,2,Patsy Cline,Sweet Dreams: Her Complete Decca Masters (1960-1963),0.88,0.476,144040,0.237,7.73e-06,7,0.485,-12.795,1,0.0292,104.614,0.4
country,Country's Greatest Hits:  The '60s,37i9dQZF1DX7CGYgLhqwu5,1wUNtUnrz17hU0R743Kqk4,spotify:track:1wUNtUnrz17hU0R743Kqk4,https://p.scdn.co/mp3-preview/955f912185c7430d5827dadf2a9f784f668fcd09?cid=63a77ff40e794a12ae216a18befde98c,Girl On The Billboard,37,Del Reeves,Son Of The South,0.437,0.571,157000,0.653,0.0,2,0.205,-9.043,1,0.0378,171.06,0.851
country,Country's Greatest Hits:  The '60s,37i9dQZF1DX7CGYgLhqwu5,2s2Owv5k5HaXCkvwV8AbsG,spotify:track:2s2Owv5k5HaXCkvwV8AbsG,https://p.scdn.co/mp3-preview/40351a25b2dbfbf98eea1b48d57b8885b9992d62?cid=63a77ff40e794a12ae216a18befde98c,The Cold Hard Facts of Life,38,Porter Wagoner,The Cold Hard Facts of Life,0.851,0.516,192947,0.438,0.0,0,0.403,-11.834,1,0.0321,132.519,0.42
country,Country's Greatest Hits:  The '60s,37i9dQZF1DX7CGYgLhqwu5,5afqIVljg77ZuPI1ZHPIPO,spotify:track:5afqIVljg77ZuPI1ZHPIPO,,Bright Lights and Country Music,2,Bill Anderson,Greats,0.0985,0.669,161413,0.407,2.2e-05,9,0.1,-11.588,1,0.0284,135.367,0.69
country,Country's Greatest Hits:  The '60s,37i9dQZF1DX7CGYgLhqwu5,2VN8jqhBgwIsU849PKxCfE,spotify:track:2VN8jqhBgwIsU849PKxCfE,,Branded Man - Remastered,39,Merle Haggard,Prison,0.386,0.731,186800,0.465,0.0,2,0.0854,-8.133,1,0.03,120.877,0.519
country,Country's Greatest Hits:  The '60s,37i9dQZF1DX7CGYgLhqwu5,0ulPILleWfE1NBzUWIiNi9,spotify:track:0ulPILleWfE1NBzUWIiNi9,https://p.scdn.co/mp3-preview/93aa73c687535c968b41f800d44ea826f9663973?cid=63a77ff40e794a12ae216a18befde98c,"Saginaw, Michigan",38,Lefty Frizzell,"Saginaw, Michigan",0.878,0.596,182573,0.366,0.00263,10,0.23,-14.933,1,0.0325,145.717,0.853
country,Country's Greatest Hits:  The '60s,37i9dQZF1DX7CGYgLhqwu5,2XEsLZrgYIAEa2YNDiqPYI,spotify:track:2XEsLZrgYIAEa2YNDiqPYI,https://p.scdn.co/mp3-preview/8deda4d857cb32a4d31219f40800213eca23227c?cid=63a77ff40e794a12ae216a18befde98c,Above And Beyond,39,Buck Owens,All-Time Greatest Hits,0.597,0.52,148000,0.525,0.0,8,0.0847,-7.449,1,0.0412,147.601,0.743
country,Country's Greatest Hits:  The '60s,37i9dQZF1DX7CGYgLhqwu5,1wBb03d9IaI6PHFeR438jP,spotify:track:1wBb03d9IaI6PHFeR438jP,https://p.scdn.co/mp3-preview/db2f01a5cbc7b6b68d5f7a9562c210568a131521?cid=63a77ff40e794a12ae216a18befde98c,Misery Loves Company,35,Porter Wagoner,The Best Of The Best,0.534,0.455,149547,0.441,0.0,5,0.124,-11.119,1,0.08,189.169,0.633
country,Country's Greatest Hits:  The '60s,37i9dQZF1DX7CGYgLhqwu5,1FAtkmz8kFmbq4VmOf79fb,spotify:track:1FAtkmz8kFmbq4VmOf79fb,,Right Or Wrong,37,Wanda Jackson,The Ultimate Collection,0.814,0.425,157160,0.291,0.0,7,0.143,-10.554,1,0.0315,114.574,0.393
country,Country's Greatest Hits:  The '60s,37i9dQZF1DX7CGYgLhqwu5,3kDSSR6noFrYJBxijqEVm3,spotify:track:3kDSSR6noFrYJBxijqEVm3,https://p.scdn.co/mp3-preview/55db1078752b08deef30337a7cb8d316fc699126?cid=63a77ff40e794a12ae216a18befde98c,The Streets of Baltimore,40,Bobby Bare,Streets of Baltimore,0.629,0.578,157640,0.447,0.0,4,0.19,-14.212,1,0.032,116.128,0.808
country,Country's Greatest Hits:  The '60s,37i9dQZF1DX7CGYgLhqwu5,3CRQJXjhNZiyvoNc3RIcwr,spotify:track:3CRQJXjhNZiyvoNc3RIcwr,https://p.scdn.co/mp3-preview/f842fd19d3b20533f7214dc52b7cd677766718c9?cid=63a77ff40e794a12ae216a18befde98c,Am I Losing You,42,Jim Reeves,Greatest Hits,0.91,0.528,139733,0.121,0.00451,9,0.125,-21.213,1,0.0345,87.834,0.38
country,Country's Greatest Hits:  The '60s,37i9dQZF1DX7CGYgLhqwu5,0jRIzXzMRKbwXLpblAsqsa,spotify:track:0jRIzXzMRKbwXLpblAsqsa,https://p.scdn.co/mp3-preview/ce46b360a987f5f399b51c35884e0b583ece32d8?cid=63a77ff40e794a12ae216a18befde98c,Timber I'm Falling,37,Ferlin Husky,Super Hits,0.526,0.757,152800,0.701,4.84e-05,4,0.121,-7.345,1,0.0347,112.947,0.884
country,Country's Greatest Hits:  The '60s,37i9dQZF1DX7CGYgLhqwu5,7mdB5GWRbuWJDxZ2CbarAv,spotify:track:7mdB5GWRbuWJDxZ2CbarAv,https://p.scdn.co/mp3-preview/9e1b8d0e3d9b08ff9adab34a881213880ff439b2?cid=63a77ff40e794a12ae216a18befde98c,We'll Get Ahead Someday,42,"Porter Wagoner,Dolly Parton",The Essential Porter Wagoner & Dolly Parton,0.333,0.68,117053,0.404,0.0,11,0.114,-12.732,1,0.0307,82.02,0.917
country,Country's Greatest Hits:  The '60s,37i9dQZF1DX7CGYgLhqwu5,0AQquaENerGps8BQmbPw14,spotify:track:0AQquaENerGps8BQmbPw14,https://p.scdn.co/mp3-preview/0c55bac4da0db8c85bf2a6ab5edec3005fbf65b2?cid=63a77ff40e794a12ae216a18befde98c,Big Iron,64,Marty Robbins,Gunfighter Ballads And Trail Songs,0.803,0.726,235733,0.474,0.0,1,0.258,-7.834,0,0.0491,116.027,0.57
country,Country's Greatest Hits:  The '60s,37i9dQZF1DX7CGYgLhqwu5,0Q7eey8NSPQEQ3ol75UAAx,spotify:track:0Q7eey8NSPQEQ3ol75UAAx,,Still - Single Version,37,Bill Anderson,The Definitive Collection,0.638,0.551,166973,0.146,0.0111,8,0.203,-18.9,1,0.0488,94.497,0.297
country,Country's Greatest Hits:  The '60s,37i9dQZF1DX7CGYgLhqwu5,0srp0yXqH0Axym0z7wLUQy,spotify:track:0srp0yXqH0Axym0z7wLUQy,https://p.scdn.co/mp3-preview/82e2496ceb32a2fb49a3154d4c6ac55233275bd4?cid=63a77ff40e794a12ae216a18befde98c,(Margie's At) The Lincoln Park Inn,36,Bobby Bare,(Margie's At) The Lincoln Park Inn,0.724,0.364,198733,0.318,0.000234,2,0.151,-13.345,1,0.0308,131.155,0.525
country,Country's Greatest Hits:  The '60s,37i9dQZF1DX7CGYgLhqwu5,569rWEzod8v8JX86gO2eX6,spotify:track:569rWEzod8v8JX86gO2eX6,https://p.scdn.co/mp3-preview/62ea029f448ba35a4c6d79b302c05751fe10b95c?cid=63a77ff40e794a12ae216a18befde98c,Burning Memories - Single Version,36,Ray Price,Burning Memories,0.899,0.32,149200,0.297,0.000738,7,0.347,-15.054,0,0.0357,102.12,0.445
country,Country's Greatest Hits:  The '60s,37i9dQZF1DX7CGYgLhqwu5,3dtukeghbTpei1SJhrT3Jd,spotify:track:3dtukeghbTpei1SJhrT3Jd,https://p.scdn.co/mp3-preview/34ddf312b44e47ae7781ebb0f8ea6ba0f24854b5?cid=63a77ff40e794a12ae216a18befde98c,Statue of a Fool,37,Jack Greene,20 All Time Greatest Hits,0.845,0.474,181107,0.249,0.00437,10,0.129,-14.124,1,0.0346,110.078,0.216
country,Country's Greatest Hits:  The '60s,37i9dQZF1DX7CGYgLhqwu5,2ke3Ucn65AjNFkcLcuLNZR,spotify:track:2ke3Ucn65AjNFkcLcuLNZR,https://p.scdn.co/mp3-preview/792b455d0770aee3f03592502d6ac407e795596f?cid=63a77ff40e794a12ae216a18befde98c,Stop the World (And Let Me Off),30,Waylon Jennings,RCA Country Legends: Waylon Jennings,0.498,0.407,122693,0.816,0.0885,2,0.116,-4.821,1,0.0389,87.578,0.779
country,Country's Greatest Hits:  The '60s,37i9dQZF1DX7CGYgLhqwu5,2Ge8ZlPMTohetRNtpMrWJi,spotify:track:2Ge8ZlPMTohetRNtpMrWJi,,Homecoming - Single Version,20,Tom T. Hall,Tom T. Hall's Greatest Hits,0.943,0.638,201000,0.301,0.00705,11,0.13,-17.691,1,0.0474,122.767,0.676
country,Country's Greatest Hits:  The '60s,37i9dQZF1DX7CGYgLhqwu5,60LBZcuecM8zRwXmZm5bQs,spotify:track:60LBZcuecM8zRwXmZm5bQs,,Send Me The Pillow You Dream On,42,Johnny Tillotson,25 All-Time Greatest Hits,0.703,0.334,173960,0.31,1.27e-05,2,0.279,-9.126,1,0.0295,109.171,0.48
country,Country's Greatest Hits:  The '60s,37i9dQZF1DX7CGYgLhqwu5,6oIzKQil3FX4B4P5BRvtV3,spotify:track:6oIzKQil3FX4B4P5BRvtV3,,Once a Day,2,Connie Smith,The Essential Connie Smith,0.221,0.492,138147,0.334,0.0,6,0.0852,-10.458,1,0.0305,136.547,0.692
country,Country's Greatest Hits:  The '60s,37i9dQZF1DX7CGYgLhqwu5,73AgVwYUEPn9kB0a97b4LW,spotify:track:73AgVwYUEPn9kB0a97b4LW,https://p.scdn.co/mp3-preview/1b801612c333f10f20c582fbd7f32c9c73b21928?cid=63a77ff40e794a12ae216a18befde98c,Pop a Top,40,Jim Ed Brown,The Essential Jim Ed Brown And The Browns,0.687,0.524,140307,0.497,5.66e-06,9,0.175,-10.824,1,0.0372,118.263,0.913
country,Country's Greatest Hits:  The '60s,37i9dQZF1DX7CGYgLhqwu5,1FrG5yYxDbusk4dK3pQ9le,spotify:track:1FrG5yYxDbusk4dK3pQ9le,https://p.scdn.co/mp3-preview/b7d31188ee30fa064a8ba6b50a5db1c02ccf84f1?cid=63a77ff40e794a12ae216a18befde98c,(That's What You Get) For Lovin' Me,38,Waylon Jennings,The Essential Waylon Jennings,0.664,0.608,146133,0.684,2.94e-06,4,0.0897,-9.806,1,0.0419,89.074,0.873
country,Country's Greatest Hits:  The '60s,37i9dQZF1DX7CGYgLhqwu5,1ZNDtli4TjhuoBnWplaePI,spotify:track:1ZNDtli4TjhuoBnWplaePI,https://p.scdn.co/mp3-preview/98ac7f447f76df073d827ca6f05724f5de3bc665?cid=63a77ff40e794a12ae216a18befde98c,Don't Let Me Cross Over,36,Carl Butler,Don't Let Me Cross Over,0.871,0.59,177107,0.188,0.0,7,0.0877,-12.253,1,0.0302,113.907,0.521
country,Country's Greatest Hits:  The '60s,37i9dQZF1DX7CGYgLhqwu5,5NTDu48JtNkuXzs2Zbc1X1,spotify:track:5NTDu48JtNkuXzs2Zbc1X1,,Standing In The Shadows,31,"Hank Williams, Jr.","The Best Of Hank Williams, Jr. 20th Century Masters The Millennium Collection",0.906,0.512,189573,0.295,0.0131,2,0.141,-14.377,1,0.0344,97.955,0.579
country,Country's Greatest Hits:  The '60s,37i9dQZF1DX7CGYgLhqwu5,5DTOOkooKFUvWj1XQTFa09,spotify:track:5DTOOkooKFUvWj1XQTFa09,https://p.scdn.co/mp3-preview/39a63f10fd9e989d7112215dddb5fd5ed7521919?cid=63a77ff40e794a12ae216a18befde98c,The End of the World,56,Skeeter Davis,The Essential Skeeter Davis,0.936,0.232,157573,0.216,4.93e-06,10,0.246,-10.674,1,0.0314,94.268,0.432
country,Country's Greatest Hits:  The '60s,37i9dQZF1DX7CGYgLhqwu5,4KRLWRl1bFjnXhY5MgZWrM,spotify:track:4KRLWRl1bFjnXhY5MgZWrM,https://p.scdn.co/mp3-preview/c7473d4710703c99fced13039412579bf904ede4?cid=63a77ff40e794a12ae216a18befde98c,May the Bird of Paradise Fly up Your Nose,36,Little Jimmy Dickens,May the Bird of Paradise Fly Up Your Nose,0.738,0.66,151693,0.801,1.04e-05,4,0.627,-8.446,1,0.115,104.374,0.867
country,Country's Greatest Hits:  The '60s,37i9dQZF1DX7CGYgLhqwu5,0Lo5YM7ZvIcUnbvnqLMUre,spotify:track:0Lo5YM7ZvIcUnbvnqLMUre,https://p.scdn.co/mp3-preview/6bdd7cc739e25841e79c3f729eead5880386786c?cid=63a77ff40e794a12ae216a18befde98c,Yakety Axe - Buddha Remastered - 2000,36,Chet Atkins,The Essential Chet Atkins,0.305,0.608,123240,0.691,0.629,0,0.067,-10.119,1,0.0331,118.942,0.921
country,Country's Greatest Hits:  The '60s,37i9dQZF1DX7CGYgLhqwu5,321EGZZRFk8kj4pNZraesQ,spotify:track:321EGZZRFk8kj4pNZraesQ,https://p.scdn.co/mp3-preview/5f45393b5cfa3e4cbfa8780c2d21ebe9969fae47?cid=63a77ff40e794a12ae216a18befde98c,Take Me,39,"George Jones,Tammy Wynette",The Essential George Jones,0.863,0.427,140733,0.209,0.0,9,0.103,-13.851,1,0.0308,102.668,0.333
