category_id,playlist_name,playlist_id,track_id,track_uri,track_preview_url,track_name,track_popularity,artist_name,album_name,acousticness,danceability,duration_ms,energy,instrumentalness,key,liveness,loudness,mode,speechiness,tempo,valence
blues,Blues Roots,37i9dQZF1DXcFk5r8uS3l2,63UtBlg0KZZYueVi6r8DQp,spotify:track:63UtBlg0KZZYueVi6r8DQp,https://p.scdn.co/mp3-preview/859fdf5952dcef7f07686db6f934f1aeb9068a30?cid=63a77ff40e794a12ae216a18befde98c,Black Sun,51,Irma,Black Sun,0.175,0.576,206635,0.485,0.000617,6,0.0994,-7.335,0,0.0383,93.716,0.359
blues,Blues Roots,37i9dQZF1DXcFk5r8uS3l2,5gICNh1EHmDlpyWERFitXG,spotify:track:5gICNh1EHmDlpyWERFitXG,,Savior,36,Southern Avenue,Savior,0.0694,0.48,223490,0.641,0.0,11,0.107,-3.996,0,0.042,68.184,0.487
blues,Blues Roots,37i9dQZF1DXcFk5r8uS3l2,0pom84iOS1iE0OCc1vWJBX,spotify:track:0pom84iOS1iE0OCc1vWJBX,https://p.scdn.co/mp3-preview/cff05ef46e6d9139f10a2da99849982dab31c8ee?cid=63a77ff40e794a12ae216a18befde98c,Love Like There's No Tomorrow,46,The War and Treaty,Healing Tide,0.934,0.485,144107,0.286,0.0,3,0.331,-12.266,1,0.0462,70.634,0.327
blues,Blues Roots,37i9dQZF1DXcFk5r8uS3l2,1sA5P8waghOeBj5nc1S4XZ,spotify:track:1sA5P8waghOeBj5nc1S4XZ,https://p.scdn.co/mp3-preview/fe0eb9c0c1380a6d4df810dcdf1d0f9874afb171?cid=63a77ff40e794a12ae216a18befde98c,Hard to Stay Cool,40,Cedric Burnside,Hard to Stay Cool,0.585,0.592,334360,0.23,0.000118,2,0.138,-12.813,0,0.0391,138.818,0.537
blues,Blues Roots,37i9dQZF1DXcFk5r8uS3l2,7pi7XTGGaVBzrhlaYH97CV,spotify:track:7pi7XTGGaVBzrhlaYH97CV,https://p.scdn.co/mp3-preview/b77e882e0909790c4125dab6214cb5524da91c4b?cid=63a77ff40e794a12ae216a18befde98c,Where Did I Go Wrong,39,Joey Landreth,Hindsight,0.239,0.677,260013,0.608,7.24e-05,1,0.258,-6.225,1,0.0957,76.034,0.914
blues,Blues Roots,37i9dQZF1DXcFk5r8uS3l2,0CjojcaWJEq0HYyxpkXlzu,spotify:track:0CjojcaWJEq0HYyxpkXlzu,https://p.scdn.co/mp3-preview/06423e176db7ed297fe4df13680fdb61fc7e9509?cid=63a77ff40e794a12ae216a18befde98c,Your Water,47,"Parker Millsap,Sarah Jarosz",Luck Mansion Sessions,0.546,0.941,162409,0.082,1.76e-05,7,0.0564,-19.666,1,0.0814,125.06,0.6
blues,Blues Roots,37i9dQZF1DXcFk5r8uS3l2,16nsWHpv1wsZCcNAYcLDM2,spotify:track:16nsWHpv1wsZCcNAYcLDM2,https://p.scdn.co/mp3-preview/e9f4224820a4f073e2077920c3c993fc5b5024c1?cid=63a77ff40e794a12ae216a18befde98c,Broke My Own,40,Shannon Shaw,Broke My Own,0.00376,0.492,179387,0.736,0.000386,9,0.128,-5.134,0,0.0318,122.442,0.555
blues,Blues Roots,37i9dQZF1DXcFk5r8uS3l2,5zp4hfK7UcGn9EHhcP6bDE,spotify:track:5zp4hfK7UcGn9EHhcP6bDE,https://p.scdn.co/mp3-preview/1fa13f746c95c1b43c7c6d9a015a02fe4f7cbcbd?cid=63a77ff40e794a12ae216a18befde98c,To Rise You Gotta Fall,39,Nicki Bluhm,To Rise You Gotta Fall,0.535,0.416,296388,0.634,0.0406,9,0.0959,-8.917,1,0.0615,167.267,0.785
blues,Blues Roots,37i9dQZF1DXcFk5r8uS3l2,0CuXzMEgFzuQhLEYQHYas4,spotify:track:0CuXzMEgFzuQhLEYQHYas4,https://p.scdn.co/mp3-preview/36cb624e756d1a0fab5c828dbe6a261a5e597584?cid=63a77ff40e794a12ae216a18befde98c,This Too Shall Last,56,Anderson East,Encore,0.323,0.503,222400,0.49,0.799,4,0.0873,-8.553,1,0.0279,148.884,0.68
blues,Blues Roots,37i9dQZF1DXcFk5r8uS3l2,2R4O7MgIrN35QXnyLKMFVl,spotify:track:2R4O7MgIrN35QXnyLKMFVl,https://p.scdn.co/mp3-preview/b5aecded81a7890a0f4b284b009261bfd298dcef?cid=63a77ff40e794a12ae216a18befde98c,Mrs.,57,Leon Bridges,Good Thing,0.479,0.705,242520,0.354,0.0,6,0.0734,-9.592,1,0.29,119.789,0.376
blues,Blues Roots,37i9dQZF1DXcFk5r8uS3l2,0f2zcrhhHT59aIGQvRlTZ1,spotify:track:0f2zcrhhHT59aIGQvRlTZ1,,One More Night,58,Michael Kiwanuka,Love & Hate,0.0129,0.684,233413,0.764,0.000171,6,0.141,-5.342,0,0.0254,107.806,0.944
blues,Blues Roots,37i9dQZF1DXcFk5r8uS3l2,5fBjPtOxhgdpU6LNWLyVHv,spotify:track:5fBjPtOxhgdpU6LNWLyVHv,https://p.scdn.co/mp3-preview/80134ae21488708dcc6685de249671600ce25477?cid=63a77ff40e794a12ae216a18befde98c,Mad About You,52,Son Little,New Magic,0.441,0.599,213137,0.377,0.00813,7,0.105,-9.829,1,0.105,74.314,0.543
blues,Blues Roots,37i9dQZF1DXcFk5r8uS3l2,4MF13EQrQftevIUwXcLQHS,spotify:track:4MF13EQrQftevIUwXcLQHS,https://p.scdn.co/mp3-preview/ad524cafa8d12ae5b93cb4ba67d92380c6645b63?cid=63a77ff40e794a12ae216a18befde98c,Ice Cream & Cigarettes,50,Million Miles,Ice Cream & Cigarettes,0.816,0.743,172240,0.448,5.07e-06,7,0.319,-7.173,1,0.0317,90.062,0.562
blues,Blues Roots,37i9dQZF1DXcFk5r8uS3l2,1jJeYe1XBYid6aiTcHlBC1,spotify:track:1jJeYe1XBYid6aiTcHlBC1,https://p.scdn.co/mp3-preview/0a3b23fde1a560798cdca80db678d5dfe1f07cee?cid=63a77ff40e794a12ae216a18befde98c,Wednesday Morning Atonement,47,Curtis Harding,Face Your Fear,0.308,0.403,268733,0.611,0.0168,5,0.117,-5.852,1,0.0323,156.15,0.234
blues,Blues Roots,37i9dQZF1DXcFk5r8uS3l2,5NFV5HquTXQXR3q384YMhc,spotify:track:5NFV5HquTXQXR3q384YMhc,https://p.scdn.co/mp3-preview/a1d20d86ebc9c39a1f483e339b4f6b19577b9531?cid=63a77ff40e794a12ae216a18befde98c,Take Me Down,42,Gary Clark Jr.,Take Me Down,0.205,0.404,287484,0.398,0.0125,7,0.0917,-9.907,1,0.0289,75.867,0.251
blues,Blues Roots,37i9dQZF1DXcFk5r8uS3l2,3OKBGV9o5uVZ5Z8BZUkznb,spotify:track:3OKBGV9o5uVZ5Z8BZUkznb,https://p.scdn.co/mp3-preview/6e1482f9d65f441bfcb647609acfb1055a20eace?cid=63a77ff40e794a12ae216a18befde98c,Love Again,37,"Dharmasoul,Jonah Tolchin",Love Again,0.572,0.635,223835,0.405,0.00767,9,0.444,-8.682,1,0.0407,137.67,0.525
blues,Blues Roots,37i9dQZF1DXcFk5r8uS3l2,5fp7TUlIjOMdhNMkJJIvgx,spotify:track:5fp7TUlIjOMdhNMkJJIvgx,https://p.scdn.co/mp3-preview/bc560ac1d601d422f0ada084cbba54d574a9014e?cid=63a77ff40e794a12ae216a18befde98c,Malibu Man,54,Dan Auerbach,Waiting on a Song,0.127,0.615,216107,0.782,0.00165,9,0.078,-4.683,1,0.0346,105.736,0.902
blues,Blues Roots,37i9dQZF1DXcFk5r8uS3l2,4mLnUClpIhIoqHHNzKZ297,spotify:track:4mLnUClpIhIoqHHNzKZ297,https://p.scdn.co/mp3-preview/116ec977a965bfba112ed6bc7609d6c7588df813?cid=63a77ff40e794a12ae216a18befde98c,In the Deepest,30,Johnny Flynn,Sillion,0.276,0.589,191320,0.66,0.000667,7,0.0614,-8.035,0,0.0373,106.947,0.455
blues,Blues Roots,37i9dQZF1DXcFk5r8uS3l2,2ITbC6v8GHxn33LT4Qq4ym,spotify:track:2ITbC6v8GHxn33LT4Qq4ym,,What Did I Do,42,Southern Avenue,Southern Avenue,0.378,0.39,232600,0.722,0.000178,2,0.117,-4.114,1,0.082,198.894,0.876
blues,Blues Roots,37i9dQZF1DXcFk5r8uS3l2,4k6WZXbHUFEZR02X9FhOuT,spotify:track:4k6WZXbHUFEZR02X9FhOuT,https://p.scdn.co/mp3-preview/1a7b5aa809d0558e23e8b329582cda91d66a0b6e?cid=63a77ff40e794a12ae216a18befde98c,Sure Don't Miss You,53,The Dip,The Dip Delivers,0.334,0.664,174520,0.586,2.96e-06,4,0.16,-7.985,0,0.0283,102.991,0.727
blues,Blues Roots,37i9dQZF1DXcFk5r8uS3l2,4zoCjQ2VnSlgg65FDrTr5a,spotify:track:4zoCjQ2VnSlgg65FDrTr5a,https://p.scdn.co/mp3-preview/b57b549ed97dd8e7dc05dc457e99a77388145e83?cid=63a77ff40e794a12ae216a18befde98c,Watch Me Go,37,Luke Winslow-King,I'm Glad Trouble Don't Last Always,0.105,0.632,283867,0.575,3.59e-05,5,0.158,-7.358,1,0.0354,106.953,0.689
blues,Blues Roots,37i9dQZF1DXcFk5r8uS3l2,5GuJpTGyGB7IQ5sVvPj7wJ,spotify:track:5GuJpTGyGB7IQ5sVvPj7wJ,,Soulfight,4,The Revivalists,The Revivalists,0.636,0.591,392800,0.454,0.0,7,0.0793,-8.851,1,0.0317,123.379,0.198
blues,Blues Roots,37i9dQZF1DXcFk5r8uS3l2,4GUaG3df9nbrj77GKEB76j,spotify:track:4GUaG3df9nbrj77GKEB76j,https://p.scdn.co/mp3-preview/317997fae874b13c936e30f9aeec75df881c6f06?cid=63a77ff40e794a12ae216a18befde98c,Forever You and Me,51,The Teskey Brothers,Forever You and Me,0.436,0.509,175593,0.467,9.98e-06,8,0.0971,-4.94,1,0.0331,175.159,0.538
blues,Blues Roots,37i9dQZF1DXcFk5r8uS3l2,5ugEkJcLbQrAkCN2kH7j8S,spotify:track:5ugEkJcLbQrAkCN2kH7j8S,https://p.scdn.co/mp3-preview/9bd111715c409ff53da6c2d1f5f47bf3bfba8858?cid=63a77ff40e794a12ae216a18befde98c,Grass Is Greener,53,St. Paul & The Broken Bones,Half the City,0.432,0.34,254333,0.491,0.0387,7,0.226,-6.997,1,0.0322,176.31,0.244
blues,Blues Roots,37i9dQZF1DXcFk5r8uS3l2,4rGnfA4SP3xkvdk6cxqwWl,spotify:track:4rGnfA4SP3xkvdk6cxqwWl,https://p.scdn.co/mp3-preview/e3701f4235896dc088d471b56fee9ad5b54b0aef?cid=63a77ff40e794a12ae216a18befde98c,Border,30,Courtney Marie Andrews,May Your Kindness Remain,0.222,0.542,235067,0.387,0.00283,7,0.102,-9.294,1,0.0301,128.792,0.326
blues,Blues Roots,37i9dQZF1DXcFk5r8uS3l2,5O7oXGr6wariuJbTNNX4oy,spotify:track:5O7oXGr6wariuJbTNNX4oy,https://p.scdn.co/mp3-preview/3b2aa3415176e1b6485cfbc4879f3f86fe8ddf3b?cid=63a77ff40e794a12ae216a18befde98c,How Deep Is Your Love,40,The Bros. Landreth,How Deep Is Your Love,0.793,0.858,248591,0.161,7.84e-06,7,0.09,-12.981,0,0.053,110.082,0.582
blues,Blues Roots,37i9dQZF1DXcFk5r8uS3l2,0hK8IwYBQwGbTgd7C5XyRZ,spotify:track:0hK8IwYBQwGbTgd7C5XyRZ,,Diving Duck Blues,51,"Taj Mahal,Keb' Mo'",TajMo,0.806,0.603,268347,0.265,1.65e-06,8,0.12,-11.627,1,0.0372,131.188,0.71
blues,Blues Roots,37i9dQZF1DXcFk5r8uS3l2,0NeJjNlprGfZpeX2LQuN6c,spotify:track:0NeJjNlprGfZpeX2LQuN6c,https://p.scdn.co/mp3-preview/3a8497767824cf218a9b5247c3c17b526cede1a8?cid=63a77ff40e794a12ae216a18befde98c,River,72,Leon Bridges,Coming Home,0.689,0.658,238560,0.179,0.0,8,0.17,-10.866,1,0.0448,128.128,0.191
blues,Blues Roots,37i9dQZF1DXcFk5r8uS3l2,2z4JDqG9Q4TVVVr8n83mbQ,spotify:track:2z4JDqG9Q4TVVVr8n83mbQ,https://p.scdn.co/mp3-preview/b9f48c6a858dc5b8f3c52cf15b6e2dbb1f63205a?cid=63a77ff40e794a12ae216a18befde98c,Hurricanes,40,St. Paul & The Broken Bones,Young Sick Camellia,0.807,0.303,227945,0.362,0.00442,2,0.58,-5.077,0,0.0275,78.817,0.0682
blues,Blues Roots,37i9dQZF1DXcFk5r8uS3l2,0tVw6rUAUI0w01PN9FQeyD,spotify:track:0tVw6rUAUI0w01PN9FQeyD,https://p.scdn.co/mp3-preview/c7c4c1f16236a8dfe386e0ca1f470f6ed18b5a0c?cid=63a77ff40e794a12ae216a18befde98c,Down to the River,48,The War and Treaty,Down to the River,0.162,0.461,231253,0.695,4.3e-05,6,0.121,-6.918,1,0.0601,152.249,0.771
blues,Blues Roots,37i9dQZF1DXcFk5r8uS3l2,5sfxarjtRlNrFNPmkdL7Nh,spotify:track:5sfxarjtRlNrFNPmkdL7Nh,https://p.scdn.co/mp3-preview/675577a2c8d61925ac62b3733afb4f430e1dcd96?cid=63a77ff40e794a12ae216a18befde98c,Written Or Spoken,33,Steve Smyth,Written Or Spoken,0.868,0.341,299613,0.253,0.000154,9,0.153,-10.552,1,0.0294,168.388,0.19
blues,Blues Roots,37i9dQZF1DXcFk5r8uS3l2,112GY487AYZ0Q0zB9KYv3x,spotify:track:112GY487AYZ0Q0zB9KYv3x,https://p.scdn.co/mp3-preview/74bbe30c97d92cdab2002e36524bf1079a00c9e5?cid=63a77ff40e794a12ae216a18befde98c,Ain't Gotta Worry Child,36,Charley Crockett,Ain't Gotta Worry Child,0.861,0.595,185280,0.461,0.00678,9,0.143,-9.311,0,0.07,85.171,0.767
blues,Blues Roots,37i9dQZF1DXcFk5r8uS3l2,6j3ltnb3g4RQRt8azR7Yf5,spotify:track:6j3ltnb3g4RQRt8azR7Yf5,,No Wrong,6,Bahamas,Earthtones,0.77,0.798,229080,0.229,0.000587,4,0.114,-9.043,0,0.0955,119.062,0.319
blues,Blues Roots,37i9dQZF1DXcFk5r8uS3l2,1gpyfbutOl79qgVjMrZQOe,spotify:track:1gpyfbutOl79qgVjMrZQOe,https://p.scdn.co/mp3-preview/02aa53598dd59e1b79d5bca81e3983dfb521dcb1?cid=63a77ff40e794a12ae216a18befde98c,Forget - Live from Spotify NYC,35,Lianne La Havas,Spotify Sessions,0.936,0.558,278692,0.38,0.000228,10,0.147,-12.971,0,0.0988,96.045,0.485
blues,Blues Roots,37i9dQZF1DXcFk5r8uS3l2,3S9rZU1GDPhs8WNDv5HQSs,spotify:track:3S9rZU1GDPhs8WNDv5HQSs,https://p.scdn.co/mp3-preview/f04aa17feb35d36d80a947dd385c80986c6c78c3?cid=63a77ff40e794a12ae216a18befde98c,Medicine Woman,40,Robert Finley,Goin' Platinum!,0.167,0.597,157093,0.773,0.000896,4,0.126,-5.544,0,0.0933,104.486,0.652
blues,Blues Roots,37i9dQZF1DXcFk5r8uS3l2,7nl6fbpRrLAED8KR2pUgTp,spotify:track:7nl6fbpRrLAED8KR2pUgTp,https://p.scdn.co/mp3-preview/b0907a783bcdc5efb013c3fd033e71ef11c39300?cid=63a77ff40e794a12ae216a18befde98c,The Lengths,52,The Black Keys,Rubber Factory,0.952,0.404,294933,0.508,0.000807,8,0.164,-5.893,0,0.0265,143.911,0.278
blues,Blues Roots,37i9dQZF1DXcFk5r8uS3l2,4KScM5GlY3D0xoPtydnXrQ,spotify:track:4KScM5GlY3D0xoPtydnXrQ,https://p.scdn.co/mp3-preview/0248910cafd027537253e399db322c693284f4e4?cid=63a77ff40e794a12ae216a18befde98c,Live Learn,39,The California Honeydrops,Live Learn,0.203,0.605,275347,0.726,4.41e-05,11,0.0737,-6.621,1,0.205,171.73,0.771
blues,Blues Roots,37i9dQZF1DXcFk5r8uS3l2,44HwerWFM8qbpcDL6nJ0xS,spotify:track:44HwerWFM8qbpcDL6nJ0xS,,Believe,5,Benjamin Booker,Believe,0.192,0.564,234274,0.567,0.00807,0,0.357,-8.58,1,0.0254,83.614,0.593
blues,Blues Roots,37i9dQZF1DXcFk5r8uS3l2,5QJMMpa8ihBI2CFEhhmOi4,spotify:track:5QJMMpa8ihBI2CFEhhmOi4,https://p.scdn.co/mp3-preview/b01ea4599f3cfc919c79358468b31cc6de870e0f?cid=63a77ff40e794a12ae216a18befde98c,The Mark - Live Solo,28,Cold Specks,Spotify Session,0.942,0.469,138265,0.0591,0.0,0,0.0812,-16.562,1,0.0325,104.575,0.128
blues,Blues Roots,37i9dQZF1DXcFk5r8uS3l2,0Sox7tv3MK5h6AkFLUPHtY,spotify:track:0Sox7tv3MK5h6AkFLUPHtY,https://p.scdn.co/mp3-preview/0418eea1d794ebefd438b87f5b0c4f141c5d7fd1?cid=63a77ff40e794a12ae216a18befde98c,Mistakes,54,Lake Street Dive,Side Pony,0.371,0.753,248387,0.39,0.000815,6,0.125,-7.294,0,0.0403,136.747,0.374
blues,Blues Roots,37i9dQZF1DXcFk5r8uS3l2,65wx71brAmEQz66GXXF8gI,spotify:track:65wx71brAmEQz66GXXF8gI,,Sound & Color,21,Alabama Shakes,Sound & Color,0.848,0.547,182467,0.43,0.613,2,0.0825,-7.393,1,0.0667,114.729,0.175
blues,Blues Roots,37i9dQZF1DXcFk5r8uS3l2,4x1vhOOK3VJhhq9BkMNq9z,spotify:track:4x1vhOOK3VJhhq9BkMNq9z,,Neon Experience - Live from Vatnagarðar,5,Júníus Meyvant,Síminn+Spotify Session,0.487,0.58,352721,0.596,0.574,2,0.148,-8.237,0,0.0557,120.323,0.317
blues,Blues Roots,37i9dQZF1DXcFk5r8uS3l2,2ga9gMDQWCVC9E23nbjLu6,spotify:track:2ga9gMDQWCVC9E23nbjLu6,,These Arms of Mine,2,Vintage Trouble,These Arms of Mine,0.405,0.651,180000,0.548,2.14e-05,10,0.11,-7.059,1,0.0347,90.034,0.419
blues,Blues Roots,37i9dQZF1DXcFk5r8uS3l2,5yuqWMCOtMY0IBaQCBzqT5,spotify:track:5yuqWMCOtMY0IBaQCBzqT5,https://p.scdn.co/mp3-preview/0f60be1cc9722d83a62dcbb2f46cc97bd2f7f982?cid=63a77ff40e794a12ae216a18befde98c,Set My Soul on Fire,42,The War and Treaty,Down to the River,0.484,0.507,299680,0.328,0.0,11,0.128,-10.767,0,0.0382,122.416,0.299
blues,Blues Roots,37i9dQZF1DXcFk5r8uS3l2,5NWLUYw5Ibr1NpSH0wBuQJ,spotify:track:5NWLUYw5Ibr1NpSH0wBuQJ,https://p.scdn.co/mp3-preview/52190196824bff3f82a464c51b8768d39dc6590f?cid=63a77ff40e794a12ae216a18befde98c,Walls,33,Racoon Racoon,Walls,0.3,0.663,179531,0.232,0.00134,8,0.108,-13.822,0,0.0379,126.738,0.343
blues,Blues Roots,37i9dQZF1DXcFk5r8uS3l2,5JYPThr0ZJ50DuTXFf1uC1,spotify:track:5JYPThr0ZJ50DuTXFf1uC1,https://p.scdn.co/mp3-preview/60530f1c3fdb997e4986ead948b6d99b1994ac55?cid=63a77ff40e794a12ae216a18befde98c,Make Way for Love,37,Marlon Williams,Make Way for Love,0.178,0.489,235678,0.444,0.0374,9,0.245,-8.525,1,0.0248,67.979,0.34
blues,Blues Roots,37i9dQZF1DXcFk5r8uS3l2,7riVWDCXzmFlOjhFzkr3ed,spotify:track:7riVWDCXzmFlOjhFzkr3ed,,Cry No More,36,Danielle Nicole,Cry No More,0.187,0.535,262467,0.616,0.00137,1,0.104,-6.323,1,0.0399,203.586,0.682
blues,Blues Roots,37i9dQZF1DXcFk5r8uS3l2,0BgoEUr5NlIr3smY951qll,spotify:track:0BgoEUr5NlIr3smY951qll,,I Feel A Sin Coming On,32,Shemekia Copeland,Outskirts of Love,0.13,0.6,232347,0.489,9.57e-05,3,0.119,-6.775,1,0.0307,121.961,0.365
blues,Blues Roots,37i9dQZF1DXcFk5r8uS3l2,6PEztX7EQ1Kzbawcandla0,spotify:track:6PEztX7EQ1Kzbawcandla0,,Still Feel Gone,24,Joey Landreth,Whiskey,0.0252,0.585,360360,0.283,0.00062,5,0.148,-8.723,1,0.0372,100.299,0.315
blues,Blues Roots,37i9dQZF1DXcFk5r8uS3l2,7pAl4MoqYqAhApmbA4VIOE,spotify:track:7pAl4MoqYqAhApmbA4VIOE,,Bring Me Back Home,29,Jonny Lang,Signs,0.598,0.482,346107,0.318,0.0,5,0.111,-7.677,1,0.0399,115.086,0.174
blues,Blues Roots,37i9dQZF1DXcFk5r8uS3l2,1OtGo99uypkRbMqshBVFnn,spotify:track:1OtGo99uypkRbMqshBVFnn,https://p.scdn.co/mp3-preview/112f26516507fde0902906d028deefadff55962e?cid=63a77ff40e794a12ae216a18befde98c,I Can't Go On Without You,49,KALEO,I Can't Go On Without You,0.655,0.368,377000,0.267,2.24e-05,8,0.0834,-9.395,0,0.0428,91.88,0.194
blues,Blues Roots,37i9dQZF1DXcFk5r8uS3l2,7JrNYrzDs24TQwxLsTU88c,spotify:track:7JrNYrzDs24TQwxLsTU88c,https://p.scdn.co/mp3-preview/a26fca28db9d1eb6854e70afb468949ae8a3a4d1?cid=63a77ff40e794a12ae216a18befde98c,Plastic Hambugers,19,Fantastic Negrito,Plastic Hamburgers,0.0255,0.634,217451,0.779,0.00103,9,0.342,-6.607,1,0.0361,82.003,0.562
blues,Blues Roots,37i9dQZF1DXcFk5r8uS3l2,08nbKZTgrxdObcdVFVX6W2,spotify:track:08nbKZTgrxdObcdVFVX6W2,https://p.scdn.co/mp3-preview/3766f3fb5c5596485aa499400c2241d5f5759d53?cid=63a77ff40e794a12ae216a18befde98c,Did You Love Me,40,Shannon and The Clams,Onion,0.086,0.219,212080,0.706,0.922,9,0.685,-6.931,1,0.0384,149.775,0.43
blues,Blues Roots,37i9dQZF1DXcFk5r8uS3l2,1m9VnaH1Z9I5uGOqvLhRx2,spotify:track:1m9VnaH1Z9I5uGOqvLhRx2,https://p.scdn.co/mp3-preview/e6b3b2f94dbfcd9a6f2c3e0336d4e4a11b3a76c6?cid=63a77ff40e794a12ae216a18befde98c,Call My Name,35,Seth Walker,Gotta Get Back,0.346,0.701,337853,0.424,0.000203,9,0.258,-7.012,1,0.0414,75.529,0.437
blues,Blues Roots,37i9dQZF1DXcFk5r8uS3l2,5gRcuGu9LB5XABLoVecE5w,spotify:track:5gRcuGu9LB5XABLoVecE5w,https://p.scdn.co/mp3-preview/0accdd878750c5ba49da73708c14f87612b71f0c?cid=63a77ff40e794a12ae216a18befde98c,Sleepwalker - Demo Version,42,Emily King,The Switch (Deluxe Edition),0.892,0.61,176960,0.196,4.95e-05,3,0.108,-16.099,1,0.0413,160.015,0.433
blues,Blues Roots,37i9dQZF1DXcFk5r8uS3l2,4MB7YNDVtHFTIFEVuoZYkd,spotify:track:4MB7YNDVtHFTIFEVuoZYkd,https://p.scdn.co/mp3-preview/317da7f5899a0e07b9b8b62465b0357002d62649?cid=63a77ff40e794a12ae216a18befde98c,Prescription For Reality,31,Tom West,Prescription For Reality,0.11,0.574,234032,0.794,0.138,3,0.251,-6.089,0,0.0296,76.013,0.43
blues,Blues Roots,37i9dQZF1DXcFk5r8uS3l2,2uDnC30adouplySDz00DW2,spotify:track:2uDnC30adouplySDz00DW2,,I Can Change,14,Lake Street Dive,I Can Change,0.868,0.546,191693,0.193,4.18e-05,0,0.087,-11.903,1,0.0426,139.795,0.311
blues,Blues Roots,37i9dQZF1DXcFk5r8uS3l2,74UaHukVxMiihenusgzIaa,spotify:track:74UaHukVxMiihenusgzIaa,,Down Below,2,"Janiva Magness,Courtney Hartman",Love Is an Army,0.333,0.494,222240,0.579,2.41e-06,6,0.464,-8.659,0,0.0282,77.972,0.565
blues,Blues Roots,37i9dQZF1DXcFk5r8uS3l2,78cX11z76rFwibMpwfpyIR,spotify:track:78cX11z76rFwibMpwfpyIR,,Hey Mama,3,Nathaniel Rateliff & The Night Sweats,Hey Mama,0.161,0.44,240667,0.549,0.0824,5,0.0974,-8.502,1,0.0298,151.96,0.518
blues,Blues Roots,37i9dQZF1DXcFk5r8uS3l2,7HTKT7u1M7f1zsaq5YZ2PU,spotify:track:7HTKT7u1M7f1zsaq5YZ2PU,,Lead Me Home - Live At Spotify House,3,Jamie N Commons,Spotify Sessions,0.769,0.382,151880,0.274,0.000607,6,0.133,-11.41,0,0.0325,78.067,0.117
blues,Blues Roots,37i9dQZF1DXcFk5r8uS3l2,47dOtJjjwVkbKW244db2dE,spotify:track:47dOtJjjwVkbKW244db2dE,https://p.scdn.co/mp3-preview/750b7b924491bc7e82532dc8ed51d40d37f2c8d8?cid=63a77ff40e794a12ae216a18befde98c,Oak Tree,43,Mirel Wagner,When the Cellar Children See the Light of Day,0.899,0.553,180073,0.273,0.442,3,0.112,-11.579,1,0.0304,100.956,0.23
blues,Blues Roots,37i9dQZF1DXcFk5r8uS3l2,07SlEJMjai60rAqvDRrFti,spotify:track:07SlEJMjai60rAqvDRrFti,https://p.scdn.co/mp3-preview/cb6b56ae521951d37d382cc41c54d1853236db4f?cid=63a77ff40e794a12ae216a18befde98c,Be the Change,33,Robert Randolph & The Family Band,Got Soul,0.0431,0.511,201933,0.895,9.37e-05,1,0.127,-5.322,1,0.109,162.031,0.623
blues,Blues Roots,37i9dQZF1DXcFk5r8uS3l2,2mbaqK3h3Il91gTq4gMUQm,spotify:track:2mbaqK3h3Il91gTq4gMUQm,https://p.scdn.co/mp3-preview/233a788c935a6b2b2dd4811ea0cfbbf06783e512?cid=63a77ff40e794a12ae216a18befde98c,What Are You Listening To?,36,Ruthie Foster,Joy Comes Back,0.159,0.526,257853,0.646,0.0,1,0.1,-4.113,1,0.0351,147.675,0.473
blues,Blues Roots,37i9dQZF1DXcFk5r8uS3l2,76mL8jSzIJGybicOOMP3up,spotify:track:76mL8jSzIJGybicOOMP3up,,In Every Heart,39,Tedeschi Trucks Band,Let Me Get By,0.476,0.472,380600,0.406,0.0423,9,0.226,-10.647,1,0.0253,97.183,0.558
