category_id,playlist_name,playlist_id,track_id,track_uri,track_preview_url,track_name,track_popularity,artist_name,album_name,acousticness,danceability,duration_ms,energy,instrumentalness,key,liveness,loudness,mode,speechiness,tempo,valence
country,Back Porch,37i9dQZF1DWUgBy0IJPlHq,5dlRfWgS04e8n5oVbLJ7Q8,spotify:track:5dlRfWgS04e8n5oVbLJ7Q8,https://p.scdn.co/mp3-preview/4ae3c62af993c7f6517335027252b43eee4dff24?cid=63a77ff40e794a12ae216a18befde98c,Letter to Madeline,52,Ian Noe,Letter to Madeline,0.125,0.615,269083,0.472,0.0,5,0.115,-8.638,0,0.0312,107.217,0.46
country,Back Porch,37i9dQZF1DWUgBy0IJPlHq,7E5UxJ0cGdN2cKlzNBobaY,spotify:track:7E5UxJ0cGdN2cKlzNBobaY,https://p.scdn.co/mp3-preview/368a6272c7ab0e72c885a59481ab6d8d202df696?cid=63a77ff40e794a12ae216a18befde98c,Whitehouse Road (Live),52,Tyler Childers,Live on Red Barn Radio I & II,0.768,0.516,274973,0.433,0.0,0,0.724,-8.881,1,0.0292,154.755,0.463
country,Back Porch,37i9dQZF1DWUgBy0IJPlHq,2heBToLEB7odACQ3xwb32A,spotify:track:2heBToLEB7odACQ3xwb32A,,Scarecrow In The Garden,60,Chris Stapleton,From A Room: Volume 2,0.132,0.634,200213,0.526,0.000951,1,0.148,-10.849,0,0.0291,121.592,0.667
country,Back Porch,37i9dQZF1DWUgBy0IJPlHq,2CaLpacfbqCPvcLmX4ZN8e,spotify:track:2CaLpacfbqCPvcLmX4ZN8e,,Mockingbird,11,Ruston Kelly,Mockingbird,0.0628,0.474,277293,0.723,3e-06,10,0.109,-4.66,1,0.0354,148.379,0.239
country,Back Porch,37i9dQZF1DWUgBy0IJPlHq,0TyzhadyDIUOQN6urWq0zG,spotify:track:0TyzhadyDIUOQN6urWq0zG,https://p.scdn.co/mp3-preview/bd1ad8a182e3dae589a649bc10e47fad3854cc13?cid=63a77ff40e794a12ae216a18befde98c,This Town Is Killing Me,45,Caitlyn Smith,Starfire,0.73,0.478,226493,0.185,0.0,0,0.0617,-10.227,1,0.0325,75.146,0.24
country,Back Porch,37i9dQZF1DWUgBy0IJPlHq,7rR5X9RKz5VprclstYOLb5,spotify:track:7rR5X9RKz5VprclstYOLb5,https://p.scdn.co/mp3-preview/98e50e4035afabd3ed4ddfa754646d2f24279209?cid=63a77ff40e794a12ae216a18befde98c,Breakers Roar,53,Sturgill Simpson,A Sailor's Guide to Earth,0.669,0.369,212587,0.31,0.514,11,0.245,-13.384,0,0.0309,84.41,0.165
country,Back Porch,37i9dQZF1DWUgBy0IJPlHq,6OtJ8z1bn1MFgM2DB6qE2A,spotify:track:6OtJ8z1bn1MFgM2DB6qE2A,https://p.scdn.co/mp3-preview/d36ddcd6d9f4f9fe77e556b7c60bee6c04da587f?cid=63a77ff40e794a12ae216a18befde98c,Round Prairie Road,41,Jamestown Revival,Round Prairie Road,0.91,0.483,234573,0.225,0.0,4,0.111,-10.269,1,0.0292,142.853,0.458
country,Back Porch,37i9dQZF1DWUgBy0IJPlHq,4HsypsmwrhfF1hFj9xKh4o,spotify:track:4HsypsmwrhfF1hFj9xKh4o,https://p.scdn.co/mp3-preview/54f65d88b19b8489669bc63984341d1ca0f14130?cid=63a77ff40e794a12ae216a18befde98c,Never Be Ourselves,45,Savannah Conley,Twenty-Twenty,0.08,0.514,220773,0.661,1.01e-05,8,0.0826,-7.545,0,0.0564,85.547,0.503
country,Back Porch,37i9dQZF1DWUgBy0IJPlHq,6qqmtKsJyIDI6AOQO9Rliy,spotify:track:6qqmtKsJyIDI6AOQO9Rliy,https://p.scdn.co/mp3-preview/0b64a0c7ad9ac5b9c11fbccfc9e3e41b507a74b7?cid=63a77ff40e794a12ae216a18befde98c,Wherever You Go,38,Dee White,Southern Gentleman (Side A),0.192,0.575,200987,0.709,0.19,7,0.213,-7.285,1,0.032,84.289,0.566
country,Back Porch,37i9dQZF1DWUgBy0IJPlHq,7jIuAy9Gz3I2R7ApDvTrB6,spotify:track:7jIuAy9Gz3I2R7ApDvTrB6,https://p.scdn.co/mp3-preview/64babfbdb360210fdf546c6d42c54f8e8914d899?cid=63a77ff40e794a12ae216a18befde98c,Let Me Down Easy,41,"Blackberry Smoke,Amanda Shires",Let Me Down Easy,0.25,0.568,174430,0.616,0.000252,0,0.145,-7.093,1,0.0345,82.093,0.601
country,Back Porch,37i9dQZF1DWUgBy0IJPlHq,3EtpfiIAgG9r4zqx6HVTE7,spotify:track:3EtpfiIAgG9r4zqx6HVTE7,,Best Years of My Life,4,Pistol Annies,Best Years of My Life,0.316,0.435,222733,0.411,1.15e-05,7,0.111,-8.483,1,0.0383,189.677,0.172
country,Back Porch,37i9dQZF1DWUgBy0IJPlHq,5SDvZaLLRx5vw22lur128q,spotify:track:5SDvZaLLRx5vw22lur128q,,Hotel Amarillo,8,Caroline Spence,Spades and Roses,0.25,0.652,240802,0.505,6.07e-05,0,0.12,-7.09,1,0.033,120.963,0.457
country,Back Porch,37i9dQZF1DWUgBy0IJPlHq,1cphwoceaKmjUZSRKYbFh2,spotify:track:1cphwoceaKmjUZSRKYbFh2,https://p.scdn.co/mp3-preview/faaf16dcb58035ad7834a63dacf5678c111bd280?cid=63a77ff40e794a12ae216a18befde98c,Come Home Soon,47,Brent Cobb,Providence Canyon,0.11,0.605,198547,0.642,6.61e-05,5,0.11,-8.421,1,0.04,83.55,0.439
country,Back Porch,37i9dQZF1DWUgBy0IJPlHq,0Pr7l3Zvr9F4upwYZFpkS7,spotify:track:0Pr7l3Zvr9F4upwYZFpkS7,https://p.scdn.co/mp3-preview/7ff4c4bf01f635f8a6b44549078f14aaa9173b37?cid=63a77ff40e794a12ae216a18befde98c,Learning to Lose (feat. Willie Nelson),45,"Margo Price,Willie Nelson",All American Made,0.726,0.456,379333,0.251,0.0104,2,0.108,-11.608,1,0.0292,74.907,0.216
country,Back Porch,37i9dQZF1DWUgBy0IJPlHq,2tgQaL85WoRfgEa4hFQgrE,spotify:track:2tgQaL85WoRfgEa4hFQgrE,https://p.scdn.co/mp3-preview/1f25be6d4d45b9781f8b86764eb75657d764a65a?cid=63a77ff40e794a12ae216a18befde98c,Feathered Indians,68,Tyler Childers,Purgatory,0.75,0.536,224947,0.574,0.00277,7,0.105,-6.705,1,0.0254,87.194,0.877
country,Back Porch,37i9dQZF1DWUgBy0IJPlHq,5ROB3jBSxsSKiXzOSMsig2,spotify:track:5ROB3jBSxsSKiXzOSMsig2,https://p.scdn.co/mp3-preview/3614dc328377c09beb2af5c5a0819d297fca2954?cid=63a77ff40e794a12ae216a18befde98c,Slow Dancing (feat. Leah Blevins),36,"Paul Luc,Leah Blevins",Slow Dancing (feat. Leah Blevins),0.00811,0.511,190761,0.598,9.86e-06,7,0.337,-7.902,1,0.0274,77.998,0.659
country,Back Porch,37i9dQZF1DWUgBy0IJPlHq,36qdz08XgJPGEjdlYEC0o6,spotify:track:36qdz08XgJPGEjdlYEC0o6,,Quittin' Time,2,The Wild Feathers,Quittin' Time,6.82e-05,0.355,192067,0.773,0.000454,9,0.134,-4.741,1,0.0306,172.064,0.797
country,Back Porch,37i9dQZF1DWUgBy0IJPlHq,6qUGqE3cmrQ2AapgzYKVp3,spotify:track:6qUGqE3cmrQ2AapgzYKVp3,https://p.scdn.co/mp3-preview/5cf89556c76f931156e484fc2baed1630ac191fd?cid=63a77ff40e794a12ae216a18befde98c,Ghost Town,40,Sam Outlaw,Angeleno,0.0872,0.63,246671,0.718,0.000198,5,0.258,-6.947,1,0.0269,123.045,0.683
country,Back Porch,37i9dQZF1DWUgBy0IJPlHq,7ejYxKX80cRDBMPq9vhhdT,spotify:track:7ejYxKX80cRDBMPq9vhhdT,https://p.scdn.co/mp3-preview/ffc2bd693822650a48b00ca8a59e00767c5cbd9f?cid=63a77ff40e794a12ae216a18befde98c,Better off Alone,35,Nate Fredrick,The Nutthouse Sessions,0.0101,0.629,204306,0.657,0.0061,1,0.0975,-6.1,1,0.0274,105.042,0.653
country,Back Porch,37i9dQZF1DWUgBy0IJPlHq,6EcCaIcXIyLMItSxKXh9jM,spotify:track:6EcCaIcXIyLMItSxKXh9jM,https://p.scdn.co/mp3-preview/1c74f85e731d0172b9db23431ec19c34df7095e8?cid=63a77ff40e794a12ae216a18befde98c,Harder Way,41,Jamestown Revival,Harder Way,0.878,0.438,197907,0.273,3.7e-05,7,0.122,-9.924,1,0.0288,168.239,0.34
country,Back Porch,37i9dQZF1DWUgBy0IJPlHq,7Blrv4fr8DwRcytz8qrvtW,spotify:track:7Blrv4fr8DwRcytz8qrvtW,https://p.scdn.co/mp3-preview/b5e3b7613bfd5533b27832fb3423b24261665a19?cid=63a77ff40e794a12ae216a18befde98c,Sallisaw Blue,48,John Moreland,Big Bad Luv,0.112,0.395,237373,0.866,9.85e-06,7,0.112,-7.047,1,0.0691,150.77,0.836
country,Back Porch,37i9dQZF1DWUgBy0IJPlHq,1Ct1FPOk8OWkspPjDYiUJa,spotify:track:1Ct1FPOk8OWkspPjDYiUJa,https://p.scdn.co/mp3-preview/921d139b2276edb3f45277cbf284adc2853315c3?cid=63a77ff40e794a12ae216a18befde98c,Midnight Stranger,36,The Black Lillies,Midnight Stranger,0.0714,0.626,221267,0.817,0.0104,3,0.195,-4.412,0,0.0276,102.994,0.716
country,Back Porch,37i9dQZF1DWUgBy0IJPlHq,3Klnw6NZBmDjrkz81ltHxr,spotify:track:3Klnw6NZBmDjrkz81ltHxr,https://p.scdn.co/mp3-preview/0031f33ab702847eff100d6c7c5d375ee32bf563?cid=63a77ff40e794a12ae216a18befde98c,Baby Let's Go,40,Fruition,Fire,0.175,0.611,193758,0.597,0.00411,7,0.15,-7.413,1,0.0296,141.893,0.6
country,Back Porch,37i9dQZF1DWUgBy0IJPlHq,4LwIz0EnIsvfiCWwsYyS0Y,spotify:track:4LwIz0EnIsvfiCWwsYyS0Y,https://p.scdn.co/mp3-preview/a1c2248bc855ff2d34882fdf868b4087d90a3e5c?cid=63a77ff40e794a12ae216a18befde98c,Loading Zones,48,Kurt Vile,Loading Zones,0.0268,0.524,203133,0.848,0.000739,4,0.0765,-4.242,0,0.0297,112.221,0.792
country,Back Porch,37i9dQZF1DWUgBy0IJPlHq,2kXgA1n82KpEshAH0lNRBA,spotify:track:2kXgA1n82KpEshAH0lNRBA,https://p.scdn.co/mp3-preview/e3dbf3207d042e82375a9115fd834a79b4c142a2?cid=63a77ff40e794a12ae216a18befde98c,Joni,39,Kirby Brown,Uncommon Prayer,0.148,0.528,175486,0.757,0.0,9,0.115,-3.219,1,0.0351,130.055,0.631
country,Back Porch,37i9dQZF1DWUgBy0IJPlHq,0OGMETWlIaBsICVenw6IIl,spotify:track:0OGMETWlIaBsICVenw6IIl,https://p.scdn.co/mp3-preview/d1873ec744d1e34d4177d13baec84f62a7ad3998?cid=63a77ff40e794a12ae216a18befde98c,The Lot Behind St. Mary's,42,Lori McKenna,The Lot Behind St. Mary's,0.669,0.515,210646,0.229,0.00364,10,0.105,-11.688,1,0.0333,92.182,0.32
country,Back Porch,37i9dQZF1DWUgBy0IJPlHq,51VlHF8o4GlnZTNwUJvcXQ,spotify:track:51VlHF8o4GlnZTNwUJvcXQ,https://p.scdn.co/mp3-preview/dedb87f84f7273ec05957430e8b9cc9dbf1f0af0?cid=63a77ff40e794a12ae216a18befde98c,Make Me No King,39,Bones Owens,Make Me No King,0.308,0.372,231131,0.448,0.426,10,0.123,-10.552,0,0.0365,199.697,0.114
country,Back Porch,37i9dQZF1DWUgBy0IJPlHq,0pNMGl99ohJrxz0O3ardvu,spotify:track:0pNMGl99ohJrxz0O3ardvu,https://p.scdn.co/mp3-preview/537aa3683895f066794b2d8b16b54dd880056844?cid=63a77ff40e794a12ae216a18befde98c,Wild Love,38,Ashley Monroe,Sparrow,0.139,0.431,231747,0.587,0.00183,4,0.19,-6.779,0,0.0379,187.888,0.549
country,Back Porch,37i9dQZF1DWUgBy0IJPlHq,67ZuMlC2hS1G0kBuxjUzcC,spotify:track:67ZuMlC2hS1G0kBuxjUzcC,https://p.scdn.co/mp3-preview/73bcc56927aa9d49cdd768db4e877c2d52437b3a?cid=63a77ff40e794a12ae216a18befde98c,Thirteen Silver Dollars,53,Colter Wall,Colter Wall,0.921,0.599,150550,0.261,0.33,5,0.0864,-13.631,1,0.0506,103.007,0.694
country,Back Porch,37i9dQZF1DWUgBy0IJPlHq,0sEkBF6SBgYoHTpJ7wfaXs,spotify:track:0sEkBF6SBgYoHTpJ7wfaXs,,Wanna Be On Your Mind,41,Valerie June,Pushin' Against A Stone,0.258,0.628,236347,0.55,0.0195,11,0.219,-6.553,0,0.0287,75.42,0.779
country,Back Porch,37i9dQZF1DWUgBy0IJPlHq,32QP97prqm0wjkHEqfbz19,spotify:track:32QP97prqm0wjkHEqfbz19,https://p.scdn.co/mp3-preview/88d2bfc8ba83912e96dbeaf905b53bfde650cd42?cid=63a77ff40e794a12ae216a18befde98c,Kindness of Strangers,34,Courtney Marie Andrews,Kindness of Strangers,0.53,0.423,210173,0.565,0.0032,9,0.125,-5.314,1,0.0361,146.831,0.708
country,Back Porch,37i9dQZF1DWUgBy0IJPlHq,4T3vhPe3tKUFd7knMVLiXd,spotify:track:4T3vhPe3tKUFd7knMVLiXd,https://p.scdn.co/mp3-preview/c7046016012dd5c21bdfe05b991857e4747a7365?cid=63a77ff40e794a12ae216a18befde98c,The Fold,30,Brent Cowles,The Fold,0.0112,0.409,257387,0.646,0.000691,3,0.106,-3.152,1,0.0273,79.902,0.404
country,Back Porch,37i9dQZF1DWUgBy0IJPlHq,7JV6GAMwFGsVFD8ilBuAjF,spotify:track:7JV6GAMwFGsVFD8ilBuAjF,,Dead and Gone,6,Yola,Orphan Offering,0.882,0.555,289989,0.287,0.0,10,0.1,-8.975,1,0.0299,88.495,0.239
country,Back Porch,37i9dQZF1DWUgBy0IJPlHq,6bXmc6FAbpwnFJgUloruBB,spotify:track:6bXmc6FAbpwnFJgUloruBB,,Mercy Me,2,Rob Baird,Wrong Side of the River,0.00209,0.397,227000,0.654,0.0201,5,0.0652,-7.771,1,0.0295,88.009,0.429
country,Back Porch,37i9dQZF1DWUgBy0IJPlHq,0e3fS7ev8b9fLjYkDnH853,spotify:track:0e3fS7ev8b9fLjYkDnH853,https://p.scdn.co/mp3-preview/5f6d31e2d61309229aaede09cc9e6f7267c61428?cid=63a77ff40e794a12ae216a18befde98c,Lost + Found,39,Hugh Masterson,Lost + Found,0.0028,0.488,207846,0.717,0.00472,6,0.162,-5.005,0,0.0284,105.997,0.682
country,Back Porch,37i9dQZF1DWUgBy0IJPlHq,5SEeB5UAu3BZXOpHUTNzEG,spotify:track:5SEeB5UAu3BZXOpHUTNzEG,https://p.scdn.co/mp3-preview/e0631e6beec5afd2dda7aeae3c8805aaada04ef6?cid=63a77ff40e794a12ae216a18befde98c,Good as Gold - Audiotree Live Version,33,Sarah Shook & the Disarmers,Sarah Shook & the Disarmers on Audiotree Live,0.518,0.241,188359,0.775,0.0535,11,0.384,-10.058,1,0.0376,185.192,0.702
country,Back Porch,37i9dQZF1DWUgBy0IJPlHq,0sx3xRUVJQdf5oDf9kTfEA,spotify:track:0sx3xRUVJQdf5oDf9kTfEA,https://p.scdn.co/mp3-preview/c63848f18d574efb376ad13688dc70f3dce718f4?cid=63a77ff40e794a12ae216a18befde98c,Better Bad Idea,37,Sunny Sweeney,Trophy,0.0355,0.664,195984,0.707,0.0142,10,0.0906,-7.153,0,0.0432,95.218,0.716
country,Back Porch,37i9dQZF1DWUgBy0IJPlHq,5thhsaVedSVhhVpXoKMNUH,spotify:track:5thhsaVedSVhhVpXoKMNUH,,Denver Girls,35,Gill Landry,Love Rides A Dark Horse,0.603,0.526,249347,0.475,0.0302,9,0.107,-9.024,0,0.0253,95.596,0.247
country,Back Porch,37i9dQZF1DWUgBy0IJPlHq,1Ee33iUeDRUA5sGshbsOWM,spotify:track:1Ee33iUeDRUA5sGshbsOWM,https://p.scdn.co/mp3-preview/f31b16732135f5fbfc721b789df0526d333be8b6?cid=63a77ff40e794a12ae216a18befde98c,Wreck You,46,Lori McKenna,The Bird & the Rifle,0.18,0.479,198187,0.229,0.000173,9,0.442,-13.581,1,0.03,134.307,0.333
country,Back Porch,37i9dQZF1DWUgBy0IJPlHq,0z36cYeGLnX9WzU87UQt18,spotify:track:0z36cYeGLnX9WzU87UQt18,https://p.scdn.co/mp3-preview/2c5129229b4b5215c79afb7b071715d620b4039c?cid=63a77ff40e794a12ae216a18befde98c,Lay Your Head Down,36,Carolina Story,Lay Your Head Down,0.0127,0.472,203120,0.552,0.000105,7,0.107,-7.895,1,0.0373,79.577,0.399
country,Back Porch,37i9dQZF1DWUgBy0IJPlHq,1Nl0nKMX15Q3c1CS5E3DSM,spotify:track:1Nl0nKMX15Q3c1CS5E3DSM,,Midnight Hour,45,Jamestown Revival,The Education Of A Wandering Man,0.0633,0.618,210667,0.772,0.000221,9,0.0815,-4.673,1,0.0437,111.741,0.755
country,Back Porch,37i9dQZF1DWUgBy0IJPlHq,5rYy1IrRYWZjNRnnRZWoPL,spotify:track:5rYy1IrRYWZjNRnnRZWoPL,https://p.scdn.co/mp3-preview/5d4639812990f89adf44321821aa5fa71ac34fd0?cid=63a77ff40e794a12ae216a18befde98c,O' Lover,11,BJ Barham,Rockingham,0.237,0.564,237373,0.476,0.000253,9,0.193,-9.986,1,0.0271,81.461,0.492
country,Back Porch,37i9dQZF1DWUgBy0IJPlHq,3b0vkllmNPMefn6TiofSxR,spotify:track:3b0vkllmNPMefn6TiofSxR,https://p.scdn.co/mp3-preview/196c2155bd9c0d085124ac13740a3a6f6cb549c6?cid=63a77ff40e794a12ae216a18befde98c,Last Week,36,Michigan Rattlers,Michigan Rattlers,0.00892,0.381,161987,0.788,0.000166,7,0.108,-6.421,1,0.0678,170.197,0.553
country,Back Porch,37i9dQZF1DWUgBy0IJPlHq,1Med7IRRTj1ngJKOK8idGW,spotify:track:1Med7IRRTj1ngJKOK8idGW,https://p.scdn.co/mp3-preview/b2f0dd0b8ff8dcc24fc96ef5b0f25da73426a43f?cid=63a77ff40e794a12ae216a18befde98c,The Last American,23,Ryan Culwell,The Last American,0.735,0.582,182596,0.496,0.000194,3,0.112,-8.802,1,0.0429,81.604,0.266
country,Back Porch,37i9dQZF1DWUgBy0IJPlHq,5wfuTZT4TBWwia175Zylk7,spotify:track:5wfuTZT4TBWwia175Zylk7,https://p.scdn.co/mp3-preview/e58774bca3bbfddfb72eb27a77c9ef30ec575c42?cid=63a77ff40e794a12ae216a18befde98c,Onto You,31,Caitlin Canty,Onto You,0.394,0.58,210080,0.414,5.95e-05,3,0.109,-11.228,0,0.0348,133.662,0.517
country,Back Porch,37i9dQZF1DWUgBy0IJPlHq,1HSK85Escjg7ClgwgnMI0G,spotify:track:1HSK85Escjg7ClgwgnMI0G,https://p.scdn.co/mp3-preview/1a0a0bfac114c6a34eee6a36efa076b122827fc6?cid=63a77ff40e794a12ae216a18befde98c,Highway Queen,44,Nikki Lane,Highway Queen,0.0282,0.542,231813,0.759,1.9e-06,0,0.134,-6.274,1,0.0487,88.479,0.315
country,Back Porch,37i9dQZF1DWUgBy0IJPlHq,43LfXgo3m1nLWk0Mc6HYbD,spotify:track:43LfXgo3m1nLWk0Mc6HYbD,https://p.scdn.co/mp3-preview/d0c5098b782f314d547d482b12d51a48af67c897?cid=63a77ff40e794a12ae216a18befde98c,My Love (The Storm),40,Amanda Shires,My Piece of Land,0.11,0.598,217387,0.415,0.226,4,0.211,-10.807,0,0.0289,142.152,0.486
country,Back Porch,37i9dQZF1DWUgBy0IJPlHq,6v0zVFmYrF6FmJ8f7GIrv8,spotify:track:6v0zVFmYrF6FmJ8f7GIrv8,https://p.scdn.co/mp3-preview/4ef58a748f6436973cc1cc3c1270114e97432290?cid=63a77ff40e794a12ae216a18befde98c,Blood Hunters,36,Andrew Combs,Canyons of my Mind,0.00291,0.559,199893,0.582,0.0031,6,0.13,-6.848,1,0.0283,109.006,0.356
country,Back Porch,37i9dQZF1DWUgBy0IJPlHq,1dUfHTOZfjE7fqpqd5zjpH,spotify:track:1dUfHTOZfjE7fqpqd5zjpH,https://p.scdn.co/mp3-preview/4a38418a9db6504893de72670c2e797d096ac1fa?cid=63a77ff40e794a12ae216a18befde98c,Love Is a Made up Word,44,Hush Kids,Love Is a Made up Word,0.21,0.624,186038,0.727,0.000191,2,0.0999,-7.194,1,0.0316,116.039,0.193
country,Back Porch,37i9dQZF1DWUgBy0IJPlHq,3Ou7S3uP2gbRHAiqoGttJd,spotify:track:3Ou7S3uP2gbRHAiqoGttJd,https://p.scdn.co/mp3-preview/e89e70bc9aa9dc58a4336df29dd4e1c1bce9c8e7?cid=63a77ff40e794a12ae216a18befde98c,Jenny of the Roses,45,Hiss Golden Messenger,Hallelujah Anyhow,0.757,0.719,218994,0.743,0.000122,8,0.0827,-6.157,1,0.0265,120.012,0.607
country,Back Porch,37i9dQZF1DWUgBy0IJPlHq,45w3LOpHZUKdEe8lAJr1RP,spotify:track:45w3LOpHZUKdEe8lAJr1RP,https://p.scdn.co/mp3-preview/71af9a080617a57a26abb03e99e9c3bb1812bdbd?cid=63a77ff40e794a12ae216a18befde98c,If I Could Make You My Own,34,Dori Freeman,Letters Never Read,0.661,0.45,202013,0.474,6.11e-06,9,0.263,-5.947,1,0.0258,171.397,0.405
country,Back Porch,37i9dQZF1DWUgBy0IJPlHq,5FmwT0yM7fMY0BGeV2w4WF,spotify:track:5FmwT0yM7fMY0BGeV2w4WF,https://p.scdn.co/mp3-preview/525d099264143e50f24e8508e53dbcd3fa2bdbd1?cid=63a77ff40e794a12ae216a18befde98c,Sipsey,31,Will Stewart,Sipsey,0.0132,0.517,207120,0.735,0.0405,7,0.102,-9.125,1,0.0284,128.043,0.681
country,Back Porch,37i9dQZF1DWUgBy0IJPlHq,4jEAQtOfv9yfGYefR48wwE,spotify:track:4jEAQtOfv9yfGYefR48wwE,,Asshole - Demo,47,Ruston Kelly,Asshole (Demo),0.472,0.4,192661,0.43,1.23e-05,7,0.606,-7.193,1,0.029,149.218,0.729
country,Back Porch,37i9dQZF1DWUgBy0IJPlHq,6QyeZn2b2LFLdX1AJ9PPZN,spotify:track:6QyeZn2b2LFLdX1AJ9PPZN,https://p.scdn.co/mp3-preview/012a4e79b2e172f8a4ccfd18cce3e56c13d36897?cid=63a77ff40e794a12ae216a18befde98c,Wrangled,33,Angaleena Presley,Wrangled,0.37,0.541,282787,0.442,0.000636,4,0.178,-11.052,1,0.0328,126.277,0.365
country,Back Porch,37i9dQZF1DWUgBy0IJPlHq,54PjoR7n1S2f6yV6CwoBKN,spotify:track:54PjoR7n1S2f6yV6CwoBKN,https://p.scdn.co/mp3-preview/21e8992b42f9d6cfb8e73c252be0abf84b28f0f9?cid=63a77ff40e794a12ae216a18befde98c,All by Myself,32,Kelsey Waldon,I've Got a Way,0.0512,0.43,199600,0.436,0.00307,4,0.0893,-8.572,1,0.0311,82.436,0.405
country,Back Porch,37i9dQZF1DWUgBy0IJPlHq,6AVU8RT7YGPXdtPri2oBkY,spotify:track:6AVU8RT7YGPXdtPri2oBkY,https://p.scdn.co/mp3-preview/2f05764f6dac99f32a14f9fefc9a89ce36c373b2?cid=63a77ff40e794a12ae216a18befde98c,Just to Be with You,33,Aubrie Sellers,New City Blues,0.0325,0.336,203653,0.739,5.9e-05,0,0.137,-5.394,0,0.0481,169.932,0.578
country,Back Porch,37i9dQZF1DWUgBy0IJPlHq,1pdsb0Z6vDyrvlsUGgYtfz,spotify:track:1pdsb0Z6vDyrvlsUGgYtfz,https://p.scdn.co/mp3-preview/0232293c81bcabbe7c6e8d20077ed94128307118?cid=63a77ff40e794a12ae216a18befde98c,All Kinds Of People,33,Lilly Hiatt,Trinity Lane,0.112,0.516,159775,0.638,0.000216,7,0.325,-5.373,1,0.0253,82.057,0.626
country,Back Porch,37i9dQZF1DWUgBy0IJPlHq,1Y788yJX1IuUxYwAwiV82W,spotify:track:1Y788yJX1IuUxYwAwiV82W,https://p.scdn.co/mp3-preview/6ecec4ee88cbe02047053ee881d5e5b2b98b1a5e?cid=63a77ff40e794a12ae216a18befde98c,To My Dearest Wife,32,Lucero,To My Dearest Wife,0.475,0.396,229120,0.423,0.00318,7,0.125,-9.601,1,0.0348,88.942,0.216
country,Back Porch,37i9dQZF1DWUgBy0IJPlHq,01JkrDSrakX5UO5knhpKNA,spotify:track:01JkrDSrakX5UO5knhpKNA,https://p.scdn.co/mp3-preview/9292144c36f1eaaa4b785f7c57c7f167dbd24743?cid=63a77ff40e794a12ae216a18befde98c,I'll Be the One,42,Paul Cauthen,My Gospel,0.0787,0.63,261731,0.656,0.000906,0,0.0953,-6.423,0,0.0276,133.012,0.432
country,Back Porch,37i9dQZF1DWUgBy0IJPlHq,0PkT17sTXfokKBGc2fXjFG,spotify:track:0PkT17sTXfokKBGc2fXjFG,,Forget About Georgia,46,"Lukas Nelson and Promise of the Real,Lucius",Lukas Nelson & Promise Of The Real,0.236,0.626,497280,0.602,0.0256,8,0.184,-6.511,1,0.0304,128.898,0.315
country,Back Porch,37i9dQZF1DWUgBy0IJPlHq,5FBjLI91XAAfkJIObf6lvV,spotify:track:5FBjLI91XAAfkJIObf6lvV,https://p.scdn.co/mp3-preview/3e1a55d03e48bef4a8bfe07ee5e0c830424f8a89?cid=63a77ff40e794a12ae216a18befde98c,Where Ya Been?,36,Luke Bell,Luke Bell,0.7,0.536,209827,0.672,0.0584,4,0.309,-6.361,1,0.0268,86.795,0.49
country,Back Porch,37i9dQZF1DWUgBy0IJPlHq,5H4O7l1j2IzYsrUl0YugK6,spotify:track:5H4O7l1j2IzYsrUl0YugK6,https://p.scdn.co/mp3-preview/182bdc7e499b8827e6e31a0fa3d1acf090e431a3?cid=63a77ff40e794a12ae216a18befde98c,Ruby,51,Dave Rawlings Machine,A Friend Of A Friend,0.41,0.473,294533,0.309,9.83e-06,9,0.143,-10.364,1,0.0305,120.168,0.37
country,Back Porch,37i9dQZF1DWUgBy0IJPlHq,5rW24MHtNOhKl8C08fmqDs,spotify:track:5rW24MHtNOhKl8C08fmqDs,https://p.scdn.co/mp3-preview/3f8e85a70265d0f739382f2cb648a1f848b3eaa8?cid=63a77ff40e794a12ae216a18befde98c,Wild Blue Wind,45,Erin Rae,Putting on Airs,0.445,0.635,208573,0.36,5.56e-05,1,0.0859,-9.815,1,0.0306,120.592,0.245
country,Back Porch,37i9dQZF1DWUgBy0IJPlHq,0JKyt67GZJrVfRiPVwkkPH,spotify:track:0JKyt67GZJrVfRiPVwkkPH,https://p.scdn.co/mp3-preview/c6b4121d2119d08eac2dbb83d2cf8ea89f5d34a7?cid=63a77ff40e794a12ae216a18befde98c,Showboat,38,Josh Ritter,Gathering,0.144,0.592,262093,0.873,0.000319,5,0.103,-5.433,1,0.0362,108.397,0.924
country,Back Porch,37i9dQZF1DWUgBy0IJPlHq,6jMbPsH6lTOLs5n8Af26AG,spotify:track:6jMbPsH6lTOLs5n8Af26AG,,Maybe It's Time,68,Bradley Cooper,A Star Is Born Soundtrack,0.798,0.699,159293,0.282,1.23e-06,7,0.0981,-7.65,1,0.0374,79.776,0.359
country,Back Porch,37i9dQZF1DWUgBy0IJPlHq,3I3BTriXuJL5cimiPfvFXU,spotify:track:3I3BTriXuJL5cimiPfvFXU,https://p.scdn.co/mp3-preview/e65dbd193475fc04ec98b79fd767d7a66aab26c4?cid=63a77ff40e794a12ae216a18befde98c,You Wreck Me,33,Kamara Thomas & the Ghost Gamblers,Earth Hero,0.0156,0.469,293360,0.607,6.15e-05,7,0.115,-5.649,1,0.0301,115.049,0.218
country,Back Porch,37i9dQZF1DWUgBy0IJPlHq,6qi0gC43ZZ0dAtLwdamJ0I,spotify:track:6qi0gC43ZZ0dAtLwdamJ0I,https://p.scdn.co/mp3-preview/a75270bc561fd96ac3f97530e44c236b9c17eabd?cid=63a77ff40e794a12ae216a18befde98c,Cover Me Up - Recorded at Spotify Studios NYC,52,Zac Brown Band,Spotify Singles,0.717,0.462,287440,0.237,0.0,1,0.109,-10.02,1,0.0313,128.007,0.155
