category_id,playlist_name,playlist_id,track_id,track_uri,track_preview_url,track_name,track_popularity,artist_name,album_name,acousticness,danceability,duration_ms,energy,instrumentalness,key,liveness,loudness,mode,speechiness,tempo,valence
decades,All Out 00s,37i9dQZF1DX4o1oenSJRJd,3E7dfMvvCLUddWissuqMwr,spotify:track:3E7dfMvvCLUddWissuqMwr,,Party In The U.S.A.,78,Miley Cyrus,The Time Of Our Lives (International Version),0.00112,0.652,202067,0.698,0.000115,10,0.0886,-4.667,0,0.042,96.021,0.47
decades,All Out 00s,37i9dQZF1DX4o1oenSJRJd,49FYlytm3dAAraYgpoJZux,spotify:track:49FYlytm3dAAraYgpoJZux,,Umbrella,80,"Rihanna,JAY Z",Good Girl Gone Bad: Reloaded,0.00864,0.583,275987,0.829,0.0,1,0.0426,-4.603,1,0.134,174.028,0.575
decades,All Out 00s,37i9dQZF1DX4o1oenSJRJd,6t6rudGjkLftasgUiSGcPN,spotify:track:6t6rudGjkLftasgUiSGcPN,,A Thousand Miles - Single Version,19,Vanessa Carlton,A Thousand Miles (Enhanced),0.264,0.566,237920,0.825,0.0,11,0.218,-4.504,1,0.0383,94.991,0.278
decades,All Out 00s,37i9dQZF1DX4o1oenSJRJd,4E5P1XyAFtrjpiIxkydly4,spotify:track:4E5P1XyAFtrjpiIxkydly4,https://p.scdn.co/mp3-preview/409a5fc7b41354e36172a0c0197f9d3298d31141?cid=63a77ff40e794a12ae216a18befde98c,Replay,74,Iyaz,Replay,0.173,0.706,182307,0.751,0.0,9,0.168,-6.323,1,0.0708,91.031,0.195
decades,All Out 00s,37i9dQZF1DX4o1oenSJRJd,2gOlrge3YTmYPwsCGgU62K,spotify:track:2gOlrge3YTmYPwsCGgU62K,,Every time we touch,21,Cascada,Everytime We Touch [Premium Edition],0.00281,0.633,197124,0.976,1.29e-05,8,0.382,-5.362,1,0.0519,142.027,0.493
decades,All Out 00s,37i9dQZF1DX4o1oenSJRJd,4SRqDmPxYX0pUb5B5ut2Ri,spotify:track:4SRqDmPxYX0pUb5B5ut2Ri,,So Sick,19,Ne-Yo,In My Own Words,0.246,0.452,207187,0.574,0.0,6,0.189,-8.336,1,0.31,92.791,0.58
decades,All Out 00s,37i9dQZF1DX4o1oenSJRJd,3goSVuTt3fDYDP6kRnFwuL,spotify:track:3goSVuTt3fDYDP6kRnFwuL,,Take A Bow,78,Rihanna,Good Girl Gone Bad: Reloaded,0.248,0.697,229413,0.467,0.0,9,0.0941,-7.536,1,0.0715,82.081,0.572
decades,All Out 00s,37i9dQZF1DX4o1oenSJRJd,6RX5iL93VZ5fKmyvNXvF1r,spotify:track:6RX5iL93VZ5fKmyvNXvF1r,https://p.scdn.co/mp3-preview/b1cd9ecf3b5108363846f497897b5bcbec44343a?cid=63a77ff40e794a12ae216a18befde98c,Irreplaceable,73,Beyoncé,B'Day Deluxe Edition,0.0293,0.447,227853,0.694,5.46e-06,7,0.167,-4.637,0,0.382,175.868,0.509
decades,All Out 00s,37i9dQZF1DX4o1oenSJRJd,1vrd6UOGamcKNGnSHJQlSt,spotify:track:1vrd6UOGamcKNGnSHJQlSt,,Love Story,67,Taylor Swift,Fearless,0.17,0.618,235267,0.741,0.0,2,0.0822,-3.95,1,0.031,118.984,0.296
decades,All Out 00s,37i9dQZF1DX4o1oenSJRJd,3iJTbZDSnZ676y5qObWDm0,spotify:track:3iJTbZDSnZ676y5qObWDm0,https://p.scdn.co/mp3-preview/620bf0eecfb629e4bcd9feac1dd61e3bac66e654?cid=63a77ff40e794a12ae216a18befde98c,Since U Been Gone,62,Kelly Clarkson,Since U Been Gone,0.00169,0.664,188960,0.741,0.0502,0,0.113,-5.391,1,0.0343,131.006,0.409
decades,All Out 00s,37i9dQZF1DX4o1oenSJRJd,5XJJdNPkwmbUwE79gv0NxK,spotify:track:5XJJdNPkwmbUwE79gv0NxK,,Gold Digger,19,"Kanye West,Jamie Foxx",Late Registration,0.0192,0.646,207401,0.696,0.0,1,0.0762,-5.572,0,0.342,92.88,0.625
decades,All Out 00s,37i9dQZF1DX4o1oenSJRJd,3ZFTkvIE7kyPt6Nu3PEa7V,spotify:track:3ZFTkvIE7kyPt6Nu3PEa7V,https://p.scdn.co/mp3-preview/3859547944f57cfb7b996f6551148c9467889d4b?cid=63a77ff40e794a12ae216a18befde98c,Hips Don't Lie,80,"Shakira,Wyclef Jean","Oral Fixation, Vol. 2 (Expanded Edition)",0.284,0.778,218093,0.824,0.0,10,0.405,-5.892,0,0.0712,100.024,0.756
decades,All Out 00s,37i9dQZF1DX4o1oenSJRJd,4JehYebiI9JE8sR8MisGVb,spotify:track:4JehYebiI9JE8sR8MisGVb,https://p.scdn.co/mp3-preview/3c97985f3736fab6d4abcd2067f346a9b30955fa?cid=63a77ff40e794a12ae216a18befde98c,Halo,77,Beyoncé,I AM...SASHA FIERCE,0.272,0.508,261640,0.72,0.0,11,0.0563,-5.908,0,0.0628,79.983,0.472
decades,All Out 00s,37i9dQZF1DX4o1oenSJRJd,3ibKnFDaa3GhpPGlOUj7ff,spotify:track:3ibKnFDaa3GhpPGlOUj7ff,https://p.scdn.co/mp3-preview/cf789f03af0823c236804eac219c0589da733bd3?cid=63a77ff40e794a12ae216a18befde98c,Let Me Love You,78,Mario,Let Me Love You,0.235,0.656,256733,0.578,0.0,7,0.118,-8.97,0,0.0922,94.514,0.556
decades,All Out 00s,37i9dQZF1DX4o1oenSJRJd,6RjKVXi31fui9m4dbiGRrL,spotify:track:6RjKVXi31fui9m4dbiGRrL,,I Knew You Were Trouble,17,Taylor Swift,Red,0.00593,0.499,219720,0.467,1.65e-06,6,0.0361,-6.744,1,0.0461,76.76,0.637
decades,All Out 00s,37i9dQZF1DX4o1oenSJRJd,0ByMNEPAPpOR5H69DVrTNy,spotify:track:0ByMNEPAPpOR5H69DVrTNy,,Don't Stop The Music,76,Rihanna,Good Girl Gone Bad: Reloaded,0.0336,0.835,267080,0.669,6.92e-05,6,0.0535,-5.582,0,0.0643,122.668,0.542
decades,All Out 00s,37i9dQZF1DX4o1oenSJRJd,6LtPIXlIzPOTF8vTecYjRe,spotify:track:6LtPIXlIzPOTF8vTecYjRe,https://p.scdn.co/mp3-preview/f3d2399d85d47296e11452411a1e010b2c7ca371?cid=63a77ff40e794a12ae216a18befde98c,Bleeding Love,67,Leona Lewis,Spirit,0.192,0.635,262693,0.647,0.0,5,0.154,-5.865,1,0.0351,104.054,0.203
decades,All Out 00s,37i9dQZF1DX4o1oenSJRJd,4jUuqKRr1fB4c1RvU6syls,spotify:track:4jUuqKRr1fB4c1RvU6syls,https://p.scdn.co/mp3-preview/507a3f678f015d1d67893d4f35eb38904ca5ece8?cid=63a77ff40e794a12ae216a18befde98c,Oops!...I Did It Again,66,Britney Spears,Greatest Hits: My Prerogative,0.317,0.755,210853,0.832,1.9e-05,11,0.219,-4.869,1,0.0462,95.044,0.888
decades,All Out 00s,37i9dQZF1DX4o1oenSJRJd,1peT7rhuRsVvJVSSd0iXXp,spotify:track:1peT7rhuRsVvJVSSd0iXXp,https://p.scdn.co/mp3-preview/647144bde0da07cc6da13ee433129225d10589ea?cid=63a77ff40e794a12ae216a18befde98c,Beautiful Girls,63,Sean Kingston,Pure... 2000s Party,0.137,0.543,241667,0.642,0.0,4,0.243,-6.533,1,0.0888,117.923,0.749
decades,All Out 00s,37i9dQZF1DX4o1oenSJRJd,1oQZk2bKBLgP1cbuFKvjkq,spotify:track:1oQZk2bKBLgP1cbuFKvjkq,https://p.scdn.co/mp3-preview/bfd4494effb973d223be6d0c3378d7cfc60e15ca?cid=63a77ff40e794a12ae216a18befde98c,If I Were a Boy,67,Beyoncé,I AM...SASHA FIERCE - Platinum Edition,0.0953,0.63,249867,0.504,0.0,6,0.308,-6.152,1,0.0334,89.946,0.487
decades,All Out 00s,37i9dQZF1DX4o1oenSJRJd,0JEqGkvUiMTQmFY6sgL9kg,spotify:track:0JEqGkvUiMTQmFY6sgL9kg,,No One,32,Alicia Keys,As I Am,0.03,0.649,253813,0.552,6.47e-06,1,0.111,-5.419,0,0.0292,89.969,0.158
decades,All Out 00s,37i9dQZF1DX4o1oenSJRJd,5s5t0OFg9lIlBFaCI14K1i,spotify:track:5s5t0OFg9lIlBFaCI14K1i,,She Will Be Loved,25,Maroon 5,Songs About Jane,0.0567,0.524,257133,0.711,0.0,0,0.134,-5.494,0,0.0405,203.867,0.539
decades,All Out 00s,37i9dQZF1DX4o1oenSJRJd,1jUA4rb6ZCv4gby4YU53xq,spotify:track:1jUA4rb6ZCv4gby4YU53xq,https://p.scdn.co/mp3-preview/3fdf0096af650a0ab38749a07a6f879bbb903822?cid=63a77ff40e794a12ae216a18befde98c,No Air (feat. Chris Brown),74,"Jordin Sparks,Chris Brown",Jordin Sparks,0.0521,0.466,264373,0.759,0.0,8,0.0587,-4.978,0,0.199,160.033,0.328
decades,All Out 00s,37i9dQZF1DX4o1oenSJRJd,6Q44rxzH39y2tjic98Spo5,spotify:track:6Q44rxzH39y2tjic98Spo5,,Fergalicious,64,"Fergie,will.i.am",The Dutchess,0.0552,0.907,292339,0.576,0.0,8,0.13,-7.696,0,0.35,129.049,0.79
decades,All Out 00s,37i9dQZF1DX4o1oenSJRJd,4fbaKWFRghusXd4bSBvvfN,spotify:track:4fbaKWFRghusXd4bSBvvfN,https://p.scdn.co/mp3-preview/8465386fd6ce10f7ae3bd9c907825d7cb955ade0?cid=63a77ff40e794a12ae216a18befde98c,Toxic,65,Britney Spears,Mother's Day Songs,0.0249,0.774,198800,0.838,0.025,5,0.242,-3.914,0,0.114,143.04,0.924
decades,All Out 00s,37i9dQZF1DX4o1oenSJRJd,1D1nixOVWOxvNfWi0UD7VX,spotify:track:1D1nixOVWOxvNfWi0UD7VX,https://p.scdn.co/mp3-preview/54cf4f47feb840242695d20e560efaa2990d5f6a?cid=63a77ff40e794a12ae216a18befde98c,Unwritten,76,Natasha Bedingfield,Unwritten,0.00577,0.706,259333,0.801,0.0,5,0.0822,-6.333,1,0.0399,100.013,0.63
decades,All Out 00s,37i9dQZF1DX4o1oenSJRJd,6zQlRd6tvEVJm59P8PMj7o,spotify:track:6zQlRd6tvEVJm59P8PMj7o,https://p.scdn.co/mp3-preview/8ab0eb630a60787224163576736647620b6d98c8?cid=63a77ff40e794a12ae216a18befde98c,TiK ToK,66,Kesha,Pure... 2000s Party,0.0608,0.745,199733,0.667,0.0,2,0.283,-6.781,0,0.121,120.046,0.633
decades,All Out 00s,37i9dQZF1DX4o1oenSJRJd,34xZFT7artr3SGqgSoR88L,spotify:track:34xZFT7artr3SGqgSoR88L,,Complicated,13,Avril Lavigne,Let Go,0.0615,0.582,244507,0.758,8.41e-06,5,0.309,-5.951,1,0.0464,77.982,0.413
decades,All Out 00s,37i9dQZF1DX4o1oenSJRJd,4wCD0qOFNRu1Q6O3N6ycm4,spotify:track:4wCD0qOFNRu1Q6O3N6ycm4,https://p.scdn.co/mp3-preview/b3ed28f1f0399ac3c85cbb03ec8d0a9201523ae4?cid=63a77ff40e794a12ae216a18befde98c,Crush,70,David Archuleta,David Archuleta,0.00836,0.57,213520,0.664,1.2e-05,0,0.0719,-4.718,0,0.0322,162.084,0.487
decades,All Out 00s,37i9dQZF1DX4o1oenSJRJd,4TsmezEQVSZNNPv5RJ65Ov,spotify:track:4TsmezEQVSZNNPv5RJ65Ov,,Pon de Replay,74,Rihanna,Music Of The Sun,0.000155,0.779,246960,0.64,0.00077,7,0.101,-8.415,1,0.159,99.019,0.498
decades,All Out 00s,37i9dQZF1DX4o1oenSJRJd,0uqPG793dkDDN7sCUJJIVC,spotify:track:0uqPG793dkDDN7sCUJJIVC,,Where Is The Love?,24,The Black Eyed Peas,Elephunk (International Version),0.101,0.835,272533,0.687,0.0,5,0.132,-3.18,1,0.184,94.059,0.828
decades,All Out 00s,37i9dQZF1DX4o1oenSJRJd,5WuVWOngcRkMOx9RRLCvui,spotify:track:5WuVWOngcRkMOx9RRLCvui,,The Tide Is High - Radio Mix,67,Atomic Kitten,Atomic Kitten,0.0234,0.776,205360,0.693,0.00177,7,0.0322,-2.528,1,0.0314,102.996,0.635
decades,All Out 00s,37i9dQZF1DX4o1oenSJRJd,4omisSlTk6Dsq2iQD7MA07,spotify:track:4omisSlTk6Dsq2iQD7MA07,,Sk8er Boi,33,Avril Lavigne,Let Go,6.79e-05,0.487,204000,0.9,0.0,0,0.358,-4.417,1,0.0482,149.937,0.484
decades,All Out 00s,37i9dQZF1DX4o1oenSJRJd,2Mpj1Ul5OFPyyP4wB62Rvi,spotify:track:2Mpj1Ul5OFPyyP4wB62Rvi,https://p.scdn.co/mp3-preview/c48860e5c7ce2f6a312b6bc4efd16de85ec49216?cid=63a77ff40e794a12ae216a18befde98c,Survivor,71,Destiny's Child,Survivor,0.0559,0.514,254027,0.911,0.0,1,0.775,-2.027,0,0.41,161.109,0.619
decades,All Out 00s,37i9dQZF1DX4o1oenSJRJd,2yiZyjMEByt9sJBZWnWaDR,spotify:track:2yiZyjMEByt9sJBZWnWaDR,https://p.scdn.co/mp3-preview/77bebc1b16038e9815ffa63d91492bc3b7b8d5a6?cid=63a77ff40e794a12ae216a18befde98c,Bye Bye Bye,60,*NSYNC,Greatest Hits,0.0198,0.571,199640,0.87,6.6e-06,8,0.0564,-3.877,0,0.0641,172.716,0.813
decades,All Out 00s,37i9dQZF1DX4o1oenSJRJd,5zF2zGPkL6Ipsn9AfAK6RP,spotify:track:5zF2zGPkL6Ipsn9AfAK6RP,,This Love,21,Maroon 5,Songs About Jane,0.0551,0.714,206200,0.868,0.0,5,0.0987,-4.596,0,0.0363,95.05,0.78
decades,All Out 00s,37i9dQZF1DX4o1oenSJRJd,7iu0WYLdo4yksKf3seaxzI,spotify:track:7iu0WYLdo4yksKf3seaxzI,,Hate That I Love You,71,"Rihanna,Ne-Yo",Good Girl Gone Bad: Reloaded,0.323,0.637,218947,0.73,0.0,5,0.0981,-5.38,0,0.0874,93.867,0.732
decades,All Out 00s,37i9dQZF1DX4o1oenSJRJd,1ctdfJSzp6qF2iDAVdDrfl,spotify:track:1ctdfJSzp6qF2iDAVdDrfl,,About You Now,66,Sugababes,Change,6.52e-05,0.584,212400,0.699,6.05e-05,1,0.486,-6.065,0,0.0378,82.499,0.585
decades,All Out 00s,37i9dQZF1DX4o1oenSJRJd,4bCIt1XfHHGWo1UHKM11y9,spotify:track:4bCIt1XfHHGWo1UHKM11y9,,Breakeven,16,The Script,The Script,0.173,0.63,261427,0.698,0.0,10,0.0789,-4.51,1,0.0244,94.023,0.529
decades,All Out 00s,37i9dQZF1DX4o1oenSJRJd,610NMdGkbuDhaJOkOx9RaO,spotify:track:610NMdGkbuDhaJOkOx9RaO,,"Too Little, Too Late",10,JoJo,The High Road (International Version),0.0095,0.538,219347,0.801,8.67e-06,6,0.106,-5.253,0,0.0435,83.002,0.721
decades,All Out 00s,37i9dQZF1DX4o1oenSJRJd,0ARK753YaiJbpLUk7z5yIM,spotify:track:0ARK753YaiJbpLUk7z5yIM,,Dilemma,77,"Nelly,Kelly Rowland",Nellyville,0.211,0.725,289173,0.534,2.91e-05,2,0.221,-8.364,0,0.167,168.119,0.621
decades,All Out 00s,37i9dQZF1DX4o1oenSJRJd,6CFPFnS9EcLs2I0nWqtWci,spotify:track:6CFPFnS9EcLs2I0nWqtWci,,Because Of You,71,Ne-Yo,Because Of You,0.529,0.808,266840,0.545,0.0,0,0.0967,-5.728,0,0.0346,109.96,0.822
decades,All Out 00s,37i9dQZF1DX4o1oenSJRJd,2CEgGE6aESpnmtfiZwYlbV,spotify:track:2CEgGE6aESpnmtfiZwYlbV,,Dynamite,74,Taio Cruz,The Rokstarr Hits Collection,0.00379,0.751,202613,0.783,0.0,4,0.036,-3.724,1,0.0859,119.975,0.816
decades,All Out 00s,37i9dQZF1DX4o1oenSJRJd,22UDw8rSfLbUsaAGTXQ4Z8,spotify:track:22UDw8rSfLbUsaAGTXQ4Z8,https://p.scdn.co/mp3-preview/c5ee61bf5c6c01d923aec35b6f52df76ac651bfb?cid=63a77ff40e794a12ae216a18befde98c,American Boy,77,"Estelle,Kanye West",Shine,0.171,0.727,284733,0.729,0.0,0,0.07,-2.99,1,0.326,117.932,0.512
decades,All Out 00s,37i9dQZF1DX4o1oenSJRJd,0CAfXk7DXMnon4gLudAp7J,spotify:track:0CAfXk7DXMnon4gLudAp7J,https://p.scdn.co/mp3-preview/dcddd0ebee02d9142b39d092c823f88201547b7a?cid=63a77ff40e794a12ae216a18befde98c,Low (feat. T-Pain),78,"Flo Rida,T-Pain",Mail On Sunday,0.0928,0.918,231400,0.609,0.0,10,0.139,-5.64,0,0.0791,128.008,0.304
decades,All Out 00s,37i9dQZF1DX4o1oenSJRJd,7uKcScNXuO3MWw6LowBjW1,spotify:track:7uKcScNXuO3MWw6LowBjW1,https://p.scdn.co/mp3-preview/ebc79c6e835bd18a744307d51c942a749e3ad2ca?cid=63a77ff40e794a12ae216a18befde98c,"One, Two Step",74,"Ciara,Missy Elliott",Goodies,0.042,0.944,203787,0.511,0.00107,5,0.0379,-10.96,0,0.161,113.046,0.842
decades,All Out 00s,37i9dQZF1DX4o1oenSJRJd,6dgWWAs5yhWPOtvE1zuoQ1,spotify:track:6dgWWAs5yhWPOtvE1zuoQ1,,Big Girls Don't Cry (Personal),63,Fergie,The Dutchess,0.224,0.698,268120,0.663,0.0,7,0.0974,-4.293,1,0.0363,113.092,0.315
decades,All Out 00s,37i9dQZF1DX4o1oenSJRJd,4bPQs0PHn4xbipzdPfn6du,spotify:track:4bPQs0PHn4xbipzdPfn6du,https://p.scdn.co/mp3-preview/930966829960ca443d5fc2dae62c9cd5b9d6a395?cid=63a77ff40e794a12ae216a18befde98c,I Write Sins Not Tragedies,74,Panic! At The Disco,A Fever You Can't Sweat Out,0.0938,0.567,187613,0.795,0.0,9,0.114,-4.985,0,0.134,170.06,0.635
decades,All Out 00s,37i9dQZF1DX4o1oenSJRJd,3XVBdLihbNbxUwZosxcGuJ,spotify:track:3XVBdLihbNbxUwZosxcGuJ,https://p.scdn.co/mp3-preview/7c91c6dc291142a9a489eb9be0a261b489028933?cid=63a77ff40e794a12ae216a18befde98c,If I Ain't Got You,78,Alicia Keys,The Diary Of Alicia Keys,0.603,0.609,228707,0.445,6.77e-06,7,0.104,-9.129,1,0.106,118.393,0.166
decades,All Out 00s,37i9dQZF1DX4o1oenSJRJd,6St9lR6dhV2tpCNVz7qfrS,spotify:track:6St9lR6dhV2tpCNVz7qfrS,https://p.scdn.co/mp3-preview/446c66f2946007c502342d167284f6e3a02c7705?cid=63a77ff40e794a12ae216a18befde98c,In My Head,69,Jason Derulo,Jason Derulo (International),0.0266,0.762,199027,0.748,0.0,0,0.348,-4.15,0,0.033,110.009,0.851
decades,All Out 00s,37i9dQZF1DX4o1oenSJRJd,1F6oGPF75u9RuHH4BGx9Bf,spotify:track:1F6oGPF75u9RuHH4BGx9Bf,,We Are Never Ever Getting Back Together,14,Taylor Swift,Red,0.0105,0.624,193147,0.685,2.22e-05,7,0.126,-5.902,1,0.12,86.059,0.781
decades,All Out 00s,37i9dQZF1DX4o1oenSJRJd,47Slg6LuqLaX0VodpSCvPt,spotify:track:47Slg6LuqLaX0VodpSCvPt,https://p.scdn.co/mp3-preview/07c6c33d6426d61ffd2e93d4c06ca599f7761b46?cid=63a77ff40e794a12ae216a18befde98c,Just the Way You Are,76,Bruno Mars,Doo-Wops & Hooligans,0.0151,0.637,220733,0.843,0.0,5,0.0876,-5.413,1,0.0432,109.012,0.434
decades,All Out 00s,37i9dQZF1DX4o1oenSJRJd,2V4bv1fNWfTcyRJKmej6Sj,spotify:track:2V4bv1fNWfTcyRJKmej6Sj,https://p.scdn.co/mp3-preview/d78dacc5ceea4c08aca454b4eb4bd3b1c895799d?cid=63a77ff40e794a12ae216a18befde98c,Cooler Than Me - Single Mix,71,"Mike Posner,Gigamesh",31 Minutes to Takeoff,0.179,0.768,213293,0.82,0.0,7,0.704,-4.63,0,0.0475,129.969,0.625
decades,All Out 00s,37i9dQZF1DX4o1oenSJRJd,2kQuhkFX7uSVepCD3h29g5,spotify:track:2kQuhkFX7uSVepCD3h29g5,,Smack That,71,"Akon,Eminem",Konvicted,0.292,0.937,212360,0.738,0.0,5,0.106,-5.301,0,0.0478,118.994,0.911
decades,All Out 00s,37i9dQZF1DX4o1oenSJRJd,4fixebDZAVToLbUCuEloa2,spotify:track:4fixebDZAVToLbUCuEloa2,https://p.scdn.co/mp3-preview/40c87bb00fe6bab71f758643b2d1e598c5374410?cid=63a77ff40e794a12ae216a18befde98c,Womanizer,73,Britney Spears,Circus (Deluxe Version),0.073,0.724,224400,0.695,0.0,11,0.0889,-5.226,1,0.0622,139.0,0.235
decades,All Out 00s,37i9dQZF1DX4o1oenSJRJd,0KpfYajJVVGgQ32Dby7e9i,spotify:track:0KpfYajJVVGgQ32Dby7e9i,,"Hey, Soul Sister",29,Train,"Hey, Soul Sister",0.217,0.675,216667,0.885,0.0,1,0.086,-4.432,0,0.0436,97.03,0.768
decades,All Out 00s,37i9dQZF1DX4o1oenSJRJd,5vQXxfGn1bjv5WESrYVVpw,spotify:track:5vQXxfGn1bjv5WESrYVVpw,,Just Dance,55,"Lady Gaga,Colby O'Donis",Just Dance,0.0278,0.821,244440,0.741,2.51e-05,1,0.19,-4.57,0,0.0313,118.984,0.741
decades,All Out 00s,37i9dQZF1DX4o1oenSJRJd,1cPLbefy6cUEFcrbVY2aFv,spotify:track:1cPLbefy6cUEFcrbVY2aFv,,Bubbly,59,Colbie Caillat,Coco,0.603,0.697,196280,0.474,0.0,9,0.11,-6.663,1,0.0351,127.907,0.249
decades,All Out 00s,37i9dQZF1DX4o1oenSJRJd,0eGsygTp906u18L0Oimnem,spotify:track:0eGsygTp906u18L0Oimnem,,Mr. Brightside,19,The Killers,Hot Fuss,0.00113,0.351,222076,0.928,0.0,1,0.0988,-3.71,1,0.0759,148.03,0.239
decades,All Out 00s,37i9dQZF1DX4o1oenSJRJd,14iN3o8ptQ8cFVZTEmyQRV,spotify:track:14iN3o8ptQ8cFVZTEmyQRV,,I Kissed A Girl,68,Katy Perry,One Of The Boys,0.00223,0.699,179640,0.76,0.0,5,0.132,-3.173,1,0.0677,129.996,0.696
decades,All Out 00s,37i9dQZF1DX4o1oenSJRJd,1mr3616BzLdhXfJmLmRsO8,spotify:track:1mr3616BzLdhXfJmLmRsO8,,Fireflies,22,Owl City,Ocean Eyes,0.0274,0.513,228347,0.661,0.0,3,0.118,-6.8,1,0.0439,180.118,0.461
decades,All Out 00s,37i9dQZF1DX4o1oenSJRJd,03yc0G2OoH1Eeyu7Piy8fK,spotify:track:03yc0G2OoH1Eeyu7Piy8fK,https://p.scdn.co/mp3-preview/29daf77094a5d8bb84eaaffdf51b665834970bea?cid=63a77ff40e794a12ae216a18befde98c,I'm Yours,64,Jason Mraz,I'm Yours,0.564,0.689,243494,0.432,0.0,11,0.0928,-9.394,1,0.0452,151.079,0.747
decades,All Out 00s,37i9dQZF1DX4o1oenSJRJd,5lD0amV3bUehz3Xt80tCQK,spotify:track:5lD0amV3bUehz3Xt80tCQK,,Impossible - Main,14,Shontelle,No Gravity,0.385,0.599,226533,0.624,0.0,8,0.125,-3.631,1,0.0343,90.034,0.539
decades,All Out 00s,37i9dQZF1DX4o1oenSJRJd,4LiJE6pqgsTX3FtukW6bNh,spotify:track:4LiJE6pqgsTX3FtukW6bNh,https://p.scdn.co/mp3-preview/bde1c5ebfd659a7e49f9e2c5f101201bbe6e7df3?cid=63a77ff40e794a12ae216a18befde98c,Release Me,63,Agnes,Dance Love Pop (The Love Love Love Edition),0.00645,0.621,256213,0.923,7.28e-05,2,0.108,-3.124,0,0.0321,127.973,0.716
decades,All Out 00s,37i9dQZF1DX4o1oenSJRJd,7bprRkhvOXWmWpqOrEWbXu,spotify:track:7bprRkhvOXWmWpqOrEWbXu,https://p.scdn.co/mp3-preview/91f9d6e2c692afb77bed3a40e7bf72e95ac6dd67?cid=63a77ff40e794a12ae216a18befde98c,So What,59,P!nk,Greatest Hits...So Far!!!,0.000105,0.531,214520,0.864,2.05e-06,11,0.346,-2.978,1,0.0433,126.02,0.401
decades,All Out 00s,37i9dQZF1DX4o1oenSJRJd,1258tSoXDDa43uqT75r5N0,spotify:track:1258tSoXDDa43uqT75r5N0,https://p.scdn.co/mp3-preview/1ffacd1eff9346421586e1fc8ad4e4e7602c188d?cid=63a77ff40e794a12ae216a18befde98c,Because of You,65,Kelly Clarkson,Greatest Hits - Chapter One,0.243,0.583,220373,0.58,0.0,5,0.198,-5.395,0,0.0319,139.82,0.119
decades,All Out 00s,37i9dQZF1DX4o1oenSJRJd,0iGckQFyv6svOfAbAY9aWJ,spotify:track:0iGckQFyv6svOfAbAY9aWJ,,Hot N Cold,66,Katy Perry,One Of The Boys,7.95e-05,0.706,220227,0.841,0.0,7,0.0688,-3.956,1,0.0418,132.032,0.861
decades,All Out 00s,37i9dQZF1DX4o1oenSJRJd,3DWOTqMQGp5q75fnVsWwaN,spotify:track:3DWOTqMQGp5q75fnVsWwaN,,Hey There Delilah,63,Plain White T's,Every Second Counts,0.838,0.502,233280,0.43,1.98e-06,2,0.103,-7.694,1,0.0288,103.804,0.348
decades,All Out 00s,37i9dQZF1DX4o1oenSJRJd,4E6cwWJWZw2zWf7VFbH7wf,spotify:track:4E6cwWJWZw2zWf7VFbH7wf,https://p.scdn.co/mp3-preview/6a346c9d0573a678ca5b2d001c8884d4161b850c?cid=63a77ff40e794a12ae216a18befde98c,Love Song,76,Sara Bareilles,Little Voice,0.0208,0.583,258827,0.786,0.0,2,0.188,-3.142,0,0.0301,123.052,0.573
decades,All Out 00s,37i9dQZF1DX4o1oenSJRJd,05qq6mwIbG1ZsQhlMKyDwN,spotify:track:05qq6mwIbG1ZsQhlMKyDwN,https://p.scdn.co/mp3-preview/abe929d2a0fba9d1e6c284fa3e052b3e0e866984?cid=63a77ff40e794a12ae216a18befde98c,Raise Your Glass,59,P!nk,Greatest Hits...So Far!!!,0.00624,0.7,202850,0.708,0.0,7,0.0345,-4.952,1,0.087,122.031,0.619
decades,All Out 00s,37i9dQZF1DX4o1oenSJRJd,4xAk8Lw82G3YoVSOdVAsBx,spotify:track:4xAk8Lw82G3YoVSOdVAsBx,,I Wanna Love You,66,"Akon,Snoop Dogg",Konvicted,0.0442,0.866,247067,0.46,0.0,0,0.323,-9.252,1,0.0423,99.98,0.29
decades,All Out 00s,37i9dQZF1DX4o1oenSJRJd,0OaunKfsxkgBvPv68jBbmm,spotify:track:0OaunKfsxkgBvPv68jBbmm,,It Wasn't Me,69,"Shaggy,Rik Rok",The Boombastic Collection - Best of Shaggy,0.0503,0.852,227547,0.604,0.0,0,0.327,-4.569,1,0.0642,94.762,0.667
decades,All Out 00s,37i9dQZF1DX4o1oenSJRJd,0k2GOhqsrxDTAbFFSdNJjT,spotify:track:0k2GOhqsrxDTAbFFSdNJjT,https://p.scdn.co/mp3-preview/c1ee0ed6fce41fc3ab320cbacdbfcffd197af3a3?cid=63a77ff40e794a12ae216a18befde98c,Temperature,75,Sean Paul,The Trinity,0.106,0.951,218573,0.6,0.0,0,0.0712,-4.675,0,0.0685,125.04,0.822
decades,All Out 00s,37i9dQZF1DX4o1oenSJRJd,4lLtanYk6tkMvooU0tWzG8,spotify:track:4lLtanYk6tkMvooU0tWzG8,https://p.scdn.co/mp3-preview/d6fc23418ef4a090922decfe6a47c7bc87c1d762?cid=63a77ff40e794a12ae216a18befde98c,Grenade,73,Bruno Mars,Doo-Wops & Hooligans,0.146,0.706,223253,0.558,0.0,2,0.118,-7.237,0,0.0593,110.443,0.227
decades,All Out 00s,37i9dQZF1DX4o1oenSJRJd,24kGngQeXHt0uhffKpq0zj,spotify:track:24kGngQeXHt0uhffKpq0zj,,Don't Cha,18,"The Pussycat Dolls,Busta Rhymes",PCD (Revised International Version),0.00542,0.875,272080,0.631,2.54e-06,1,0.127,-3.475,1,0.099,120.002,0.549
decades,All Out 00s,37i9dQZF1DX4o1oenSJRJd,455AfCsOhhLPRc68sE01D8,spotify:track:455AfCsOhhLPRc68sE01D8,,Last Friday Night (T.G.I.F.),73,Katy Perry,Katy Perry - Teenage Dream: The Complete Confection,0.00125,0.649,230747,0.815,4.31e-05,3,0.671,-3.796,0,0.0415,126.03,0.765
decades,All Out 00s,37i9dQZF1DX4o1oenSJRJd,5gb9UJkh8TfrNMRYOJNbew,spotify:track:5gb9UJkh8TfrNMRYOJNbew,,Gives You Hell,71,The All-American Rejects,When The World Comes Down,0.0162,0.712,213107,0.711,0.0,4,0.0671,-6.404,1,0.0407,99.989,0.582
decades,All Out 00s,37i9dQZF1DX4o1oenSJRJd,4fIWvT19w9PR0VVBuPYpWA,spotify:track:4fIWvT19w9PR0VVBuPYpWA,https://p.scdn.co/mp3-preview/1d0f610c854617098d1fadef34b398360b702434?cid=63a77ff40e794a12ae216a18befde98c,Haven't Met You Yet,72,Michael Bublé,Crazy Love,0.152,0.615,244587,0.733,0.0,8,0.109,-4.808,1,0.0335,122.58,0.796
decades,All Out 00s,37i9dQZF1DX4o1oenSJRJd,6SKwQghsR8AISlxhcwyA9R,spotify:track:6SKwQghsR8AISlxhcwyA9R,https://p.scdn.co/mp3-preview/b50deda939ea24755b044a89c7997bb43f252f5a?cid=63a77ff40e794a12ae216a18befde98c,Marry You,72,Bruno Mars,Doo-Wops & Hooligans,0.332,0.62,230120,0.832,0.0,10,0.104,-4.848,1,0.036,144.926,0.481
decades,All Out 00s,37i9dQZF1DX4o1oenSJRJd,2gam98EZKrF9XuOkU13ApN,spotify:track:2gam98EZKrF9XuOkU13ApN,,Promiscuous,70,"Nelly Furtado,Timbaland",Loose (International Version),0.0569,0.808,242293,0.97,6.13e-05,10,0.154,-6.098,0,0.0506,114.328,0.868
decades,All Out 00s,37i9dQZF1DX4o1oenSJRJd,66TRwr5uJwPt15mfFkzhbi,spotify:track:66TRwr5uJwPt15mfFkzhbi,,Crank That (Soulja Boy),75,Soulja Boy,souljaboytellem.com,0.511,0.732,221933,0.724,0.0,0,0.0491,-2.104,1,0.101,140.13,0.808
decades,All Out 00s,37i9dQZF1DX4o1oenSJRJd,2PkeVPcL32LA96cK5ySC3c,spotify:track:2PkeVPcL32LA96cK5ySC3c,,Yeah!,21,"Usher,Lil Jon,Ludacris",Yeah!,0.0219,0.895,250067,0.795,0.0,2,0.0403,-4.693,1,0.0977,105.004,0.574
decades,All Out 00s,37i9dQZF1DX4o1oenSJRJd,6DvgsZ0NiEPV9qYM931T1F,spotify:track:6DvgsZ0NiEPV9qYM931T1F,,Telephone,65,"Lady Gaga,Beyoncé",The Fame Monster (International Deluxe),0.00587,0.825,220627,0.832,0.000789,5,0.114,-5.853,0,0.0403,122.021,0.713
decades,All Out 00s,37i9dQZF1DX4o1oenSJRJd,0eqH0ALoDQevq59YcQ53KE,spotify:track:0eqH0ALoDQevq59YcQ53KE,,Hollaback Girl,68,Gwen Stefani,Love Angel Music Baby,0.35,0.926,199853,0.916,6.17e-06,10,0.0234,-2.221,0,0.0929,110.007,0.904
decades,All Out 00s,37i9dQZF1DX4o1oenSJRJd,7jley98gCQFueQ5MCaFWIb,spotify:track:7jley98gCQFueQ5MCaFWIb,,All Rise,64,Blue,All Rise,0.121,0.721,223547,0.737,0.0,5,0.165,-2.734,0,0.0324,97.996,0.931
decades,All Out 00s,37i9dQZF1DX4o1oenSJRJd,69XUpOpjzDKcfdxqZebGiI,spotify:track:69XUpOpjzDKcfdxqZebGiI,https://p.scdn.co/mp3-preview/ec1b786b6675b03448e22f4538d244151512db68?cid=63a77ff40e794a12ae216a18befde98c,"Independent Women, Pt. 1",67,Destiny's Child,Survivor,0.362,0.73,221133,0.602,3.69e-06,6,0.169,-3.782,0,0.206,97.954,0.927
decades,All Out 00s,37i9dQZF1DX4o1oenSJRJd,4KTtYhxFtFL7mBwnjkKfLm,spotify:track:4KTtYhxFtFL7mBwnjkKfLm,,Glamorous,66,"Fergie,Ludacris",The Dutchess,0.32,0.81,246573,0.748,0.0,0,0.0951,-6.464,1,0.211,130.983,0.669
decades,All Out 00s,37i9dQZF1DX4o1oenSJRJd,5R9a4t5t5O0IsznsrKPVro,spotify:track:5R9a4t5t5O0IsznsrKPVro,https://p.scdn.co/mp3-preview/69c8bae97df9121ee440b23053fe20f64c204408?cid=63a77ff40e794a12ae216a18befde98c,Single Ladies (Put a Ring on It),70,Beyoncé,I AM...SASHA FIERCE,0.0383,0.426,193213,0.584,0.0,1,0.188,-5.293,1,0.296,193.437,0.272
decades,All Out 00s,37i9dQZF1DX4o1oenSJRJd,4EWCNWgDS8707fNSZ1oaA5,spotify:track:4EWCNWgDS8707fNSZ1oaA5,,Heartless,75,Kanye West,808s & Heartbreak,0.0401,0.789,211000,0.65,0.0,10,0.249,-6.16,0,0.121,87.983,0.617
decades,All Out 00s,37i9dQZF1DX4o1oenSJRJd,2nGFzvICaeEWjIrBrL2RAx,spotify:track:2nGFzvICaeEWjIrBrL2RAx,,Put Your Records On,77,Corinne Bailey Rae,Corinne Bailey Rae,0.167,0.739,215360,0.511,1.34e-06,9,0.133,-7.844,1,0.0362,96.038,0.542
decades,All Out 00s,37i9dQZF1DX4o1oenSJRJd,0le79px2kIBXQDxUe8ZUGP,spotify:track:0le79px2kIBXQDxUe8ZUGP,,Poker Face,17,Lady Gaga,The Fame Monster (International Deluxe),0.12,0.851,237200,0.806,1.39e-06,4,0.122,-4.618,1,0.0788,119.002,0.775
decades,All Out 00s,37i9dQZF1DX4o1oenSJRJd,3oN2Kq1h07LSSBSLYQp0Ns,spotify:track:3oN2Kq1h07LSSBSLYQp0Ns,,Break Your Heart,14,Taio Cruz,Break Your Heart,0.0319,0.604,202653,0.918,0.0,3,0.0592,-5.284,1,0.0312,122.018,0.609
decades,All Out 00s,37i9dQZF1DX4o1oenSJRJd,2QsZVnbWVSjKMXK6K3uRBL,spotify:track:2QsZVnbWVSjKMXK6K3uRBL,https://p.scdn.co/mp3-preview/b94b8fba4179746fbb1f23dd124d1aa076f50131?cid=63a77ff40e794a12ae216a18befde98c,U Remind Me,73,Usher,8701,0.194,0.657,266893,0.629,0.0,6,0.254,-4.938,1,0.0782,93.985,0.726
decades,All Out 00s,37i9dQZF1DX4o1oenSJRJd,3OWcWJz1c0pIc6L3IDDhpP,spotify:track:3OWcWJz1c0pIc6L3IDDhpP,,Knock You Down,57,"Keri Hilson,Kanye West,Ne-Yo",In A Perfect World...,0.00952,0.588,326187,0.877,0.0,8,0.171,-4.78,1,0.16,155.165,0.645
decades,All Out 00s,37i9dQZF1DX4o1oenSJRJd,16MJqq0vEuW6GRX6faetTm,spotify:track:16MJqq0vEuW6GRX6faetTm,,Whole Again,68,Atomic Kitten,Right Now,0.0844,0.747,185013,0.706,0.00355,4,0.174,-4.653,1,0.0413,94.019,0.567
decades,All Out 00s,37i9dQZF1DX4o1oenSJRJd,6MjiVEJy1YVuJNFu72OH61,spotify:track:6MjiVEJy1YVuJNFu72OH61,,Bad Romance,17,Lady Gaga,Bad Romance,0.00264,0.695,294640,0.919,4.1e-05,0,0.062,-3.769,1,0.0381,119.002,0.717
decades,All Out 00s,37i9dQZF1DX4o1oenSJRJd,6jEZLz3YpnEBRpVkv35AmP,spotify:track:6jEZLz3YpnEBRpVkv35AmP,https://p.scdn.co/mp3-preview/e5d1b199ae20b02689fc77cccc75f82e1c2cc6a7?cid=63a77ff40e794a12ae216a18befde98c,Gasolina,76,Daddy Yankee,Barrio Fino (Bonus Track Version),0.332,0.857,192600,0.801,1.2e-06,0,0.0789,-6.499,1,0.0618,96.009,0.753
decades,All Out 00s,37i9dQZF1DX4o1oenSJRJd,7uYl7xgDeAOHP98obvrJvB,spotify:track:7uYl7xgDeAOHP98obvrJvB,https://p.scdn.co/mp3-preview/e1d31c14939bd998e6a95853fe76251169d267e6?cid=63a77ff40e794a12ae216a18befde98c,Who Knew,64,P!nk,I'm Not Dead,0.00462,0.688,208493,0.733,0.0,9,0.0756,-4.569,1,0.0274,140.004,0.459
decades,All Out 00s,37i9dQZF1DX4o1oenSJRJd,6FTJuZtQZvmPPRFmrcno9J,spotify:track:6FTJuZtQZvmPPRFmrcno9J,https://p.scdn.co/mp3-preview/d87ef2110e760f08c3f7f7c246f7553bb50a205d?cid=63a77ff40e794a12ae216a18befde98c,"Bump, Bump, Bump",56,"B2K,Diddy",Pandemonium!,0.0998,0.834,278573,0.685,0.0,1,0.0514,-5.862,0,0.226,95.509,0.877
decades,All Out 00s,37i9dQZF1DX4o1oenSJRJd,1X1DWw2pcNZ8zSub3uhlNz,spotify:track:1X1DWw2pcNZ8zSub3uhlNz,https://p.scdn.co/mp3-preview/87ee8d6680a271e44e1130dbdf9901c4ccd47002?cid=63a77ff40e794a12ae216a18befde98c,Hall of Fame,71,"The Script,will.i.am",#3,0.0653,0.421,202533,0.873,0.0,10,0.123,-4.343,1,0.0565,84.803,0.63
