category_id,playlist_name,playlist_id,track_id,track_uri,track_preview_url,track_name,track_popularity,artist_name,album_name,acousticness,danceability,duration_ms,energy,instrumentalness,key,liveness,loudness,mode,speechiness,tempo,valence
classical,Classical Era 50: Spotify Picks,37i9dQZF1DX20xDs0SXeZu,5PN2lZ1keeiJKbDFa35Tdk,spotify:track:5PN2lZ1keeiJKbDFa35Tdk,https://p.scdn.co/mp3-preview/686d403255c8ae7cc7d2ad7d3148c78233d7b582?cid=63a77ff40e794a12ae216a18befde98c,"Symphony No. 4 in B-Flat Major, Op. 60: III. Allegro vivace - Trio. Un poco meno allegro",25,"Ludwig van Beethoven,Nikolaus Harnoncourt",Beethoven: Symphonies Nos. 4 & 5,0.975,0.362,361013,0.037,0.677,10,0.148,-21.45,1,0.0372,67.229,0.179
classical,Classical Era 50: Spotify Picks,37i9dQZF1DX20xDs0SXeZu,0365y7C6Y9Uei31iZSPPXQ,spotify:track:0365y7C6Y9Uei31iZSPPXQ,,"Symphony No.78 in C Minor, Hob.I:78 - Edited H.C.Robbins Landon: 1. Vivace",2,"Franz Joseph Haydn,Accademia Bizantina,Ottavio Dantone","Haydn: Symphonies 78, 79, 80, 81",0.958,0.381,482164,0.163,0.83,0,0.103,-17.488,0,0.0488,152.603,0.184
classical,Classical Era 50: Spotify Picks,37i9dQZF1DX20xDs0SXeZu,2ONoPI9h1YIShG1n6AF9E8,spotify:track:2ONoPI9h1YIShG1n6AF9E8,https://p.scdn.co/mp3-preview/063510da6c6bb49dad1dec758426937e796b9d17?cid=63a77ff40e794a12ae216a18befde98c,"Cello Concerto in A Minor, Wq. 170: I. Allegro assai",27,"Carl Philipp Emanuel Bach,Julian Steckel,Stuttgart Chamber Orchestra,Susanne Von Gutzeit",C.P.E. Bach: Cello Concertos,0.978,0.484,553040,0.221,0.65,9,0.1,-19.409,0,0.0482,82.594,0.515
classical,Classical Era 50: Spotify Picks,37i9dQZF1DX20xDs0SXeZu,5c3GIjJpXtwJ6M57ABxurZ,spotify:track:5c3GIjJpXtwJ6M57ABxurZ,,"Piano Sonata No.12 in F, K.332: 1. Allegro",0,"Wolfgang Amadeus Mozart,Mitsuko Uchida",Mozart: The Piano Sonatas (5 CDs),0.994,0.407,414427,0.0502,0.906,0,0.0816,-25.592,1,0.0475,141.253,0.377
classical,Classical Era 50: Spotify Picks,37i9dQZF1DX20xDs0SXeZu,3oWY4KrCZ4wHa5SZbUWcMw,spotify:track:3oWY4KrCZ4wHa5SZbUWcMw,https://p.scdn.co/mp3-preview/baa45790d5e4304389ec02f14cc356dfd6b1cd4b?cid=63a77ff40e794a12ae216a18befde98c,"Symphony No. 40 in G Minor, K. 550: I. Molto allegro",28,"Wolfgang Amadeus Mozart,Nikolaus Harnoncourt","Mozart: Symphonies Nos. 39, 40 & 41",0.975,0.366,447013,0.199,0.789,7,0.147,-17.137,0,0.0413,113.765,0.176
classical,Classical Era 50: Spotify Picks,37i9dQZF1DX20xDs0SXeZu,0nlF9wrNbLcTYdSxPynQnE,spotify:track:0nlF9wrNbLcTYdSxPynQnE,https://p.scdn.co/mp3-preview/394f7ab4ef8a29ec73ccc2b15a4f5ed4d0407f1c?cid=63a77ff40e794a12ae216a18befde98c,"Concertstück in D Major for Violin and Orchestra, D. 345",22,"Franz Schubert,David Zinman","Schubert: Symphony No. 7 ""Unfinished"" & Rondo, Concerto & Polonaise for Violin and Orchestra",0.801,0.405,609920,0.0954,0.17,2,0.0932,-22.532,1,0.0492,110.633,0.158
classical,Classical Era 50: Spotify Picks,37i9dQZF1DX20xDs0SXeZu,643ylCYpaSoTvWjnxHUPt4,spotify:track:643ylCYpaSoTvWjnxHUPt4,https://p.scdn.co/mp3-preview/e7f5c816a91419ef50832f5a33cbb8515f97189f?cid=63a77ff40e794a12ae216a18befde98c,"Keyboard Sonata No. 60 in C Major, Hob.XVI:50: II. Adagio",25,"Franz Joseph Haydn,Jenő Jandó",Haydn: Piano Sonatas Nos. 59-62,0.994,0.31,353653,0.014,0.905,5,0.0766,-33.799,1,0.048,64.457,0.183
classical,Classical Era 50: Spotify Picks,37i9dQZF1DX20xDs0SXeZu,1c23fCTnOzEFPf4rIfEGLS,spotify:track:1c23fCTnOzEFPf4rIfEGLS,https://p.scdn.co/mp3-preview/50e0d8c36f9ca764888eb830a2a89ff8be2f40f4?cid=63a77ff40e794a12ae216a18befde98c,"Symphony in B-Flat Major, Op. 18, No. 1: I. Allegro assai",21,"Muzio Clementi,Orchestra Sinfonica di Roma,Francesco La Vecchia","Clementi: Piano Concerto in C Major (1796) - Two Symphonies, Op. 18",0.956,0.391,290787,0.212,0.934,10,0.131,-16.306,1,0.0306,94.19,0.147
classical,Classical Era 50: Spotify Picks,37i9dQZF1DX20xDs0SXeZu,3c75tFDsHsIbMWOdhsV2T4,spotify:track:3c75tFDsHsIbMWOdhsV2T4,https://p.scdn.co/mp3-preview/2ee73529c66011b2647f0d77c63ae66936c7b7cc?cid=63a77ff40e794a12ae216a18befde98c,Requiem No. 1 in C Minor: Introitus et Kyrie: Requiem aeternam,25,"Luigi Cherubini,Radio Svizzera Choir, Lugano,Radio Svizzera Italiana Orchestra,Diego Fasolis",Cherubini: Requiem / Marche Funebre,0.987,0.0796,434133,0.0216,0.904,0,0.1,-31.261,0,0.0513,83.075,0.0329
classical,Classical Era 50: Spotify Picks,37i9dQZF1DX20xDs0SXeZu,7FQtgRitZrc0Vky4e6Woll,spotify:track:7FQtgRitZrc0Vky4e6Woll,https://p.scdn.co/mp3-preview/4832761979f94f9b32adfdda747fc453ea37ad83?cid=63a77ff40e794a12ae216a18befde98c,"Viola da Gamba Sonata in G Minor, Wq. 88, H. 510: I. Allegro moderato",22,"Carl Philipp Emanuel Bach,Dmitry Kouzov,Peter Laul","Bach, C.P.E.: Viola Da Gamba Sonatas",0.994,0.476,436853,0.263,0.776,7,0.104,-11.183,0,0.0406,72.947,0.54
classical,Classical Era 50: Spotify Picks,37i9dQZF1DX20xDs0SXeZu,4oiAKtCs8bfZtDIMLAA5V7,spotify:track:4oiAKtCs8bfZtDIMLAA5V7,https://p.scdn.co/mp3-preview/7890da2b098012145600f4b8c788c65d9ee0fe8c?cid=63a77ff40e794a12ae216a18befde98c,"Symphony in D Major, Op. 3, No. 1, W. C1: I. Allegro con spirito",22,"Johann Christian Bach,Miklós Spányi,Concerto Armonico Budapest,Péter Szűts",Johann Christian Bach: Symphonies,0.972,0.432,245307,0.101,0.565,8,0.0736,-19.203,1,0.0354,147.435,0.54
classical,Classical Era 50: Spotify Picks,37i9dQZF1DX20xDs0SXeZu,5wBB4VF9r7bbRORNuoGBnf,spotify:track:5wBB4VF9r7bbRORNuoGBnf,https://p.scdn.co/mp3-preview/5f65b2b425afbc2d80a46dabead58acc813a4a33?cid=63a77ff40e794a12ae216a18befde98c,"String Quartet No. 63 in B-Flat Major, Op. 76, No. 4, Hob.III:78, ""Sunrise"": I. Allegro con spirito",21,"Franz Joseph Haydn,Kodály Quartet","Haydn: String Quartets Op. 76, Nos. 4 - 6",0.957,0.332,485640,0.119,0.542,5,0.101,-18.31,1,0.0378,136.492,0.218
classical,Classical Era 50: Spotify Picks,37i9dQZF1DX20xDs0SXeZu,5JrnaSBla52M3Bl8vEzvDz,spotify:track:5JrnaSBla52M3Bl8vEzvDz,,"4 Impromptus, Op.90, D.899: No.3 in G flat: Andante",0,"Franz Schubert,Alfred Brendel",Schubert: The Complete Impromptus/Moments Musicaux (2 CDs),0.994,0.117,347750,0.0232,0.919,6,0.115,-27.671,1,0.0359,65.279,0.0421
classical,Classical Era 50: Spotify Picks,37i9dQZF1DX20xDs0SXeZu,6ssMBfPT8GgVJrTGtK748B,spotify:track:6ssMBfPT8GgVJrTGtK748B,https://p.scdn.co/mp3-preview/e4ba429a309ca72091fce37102a7b135ec6d60b8?cid=63a77ff40e794a12ae216a18befde98c,"Rondo in D Minor, Wq. 61/4, H. 290",23,"Carl Philipp Emanuel Bach,Christopher Hinterhuber","Bach, C.P.E: Sonatas and Rondos",0.993,0.376,245867,0.0913,0.873,10,0.129,-22.206,1,0.0487,134.761,0.407
classical,Classical Era 50: Spotify Picks,37i9dQZF1DX20xDs0SXeZu,3vLbUhiVwi9bjkuVfc4OKj,spotify:track:3vLbUhiVwi9bjkuVfc4OKj,https://p.scdn.co/mp3-preview/4a5c77b477372fa1890ecd7010655d4f50bc9644?cid=63a77ff40e794a12ae216a18befde98c,"Sonata no. 21 in C major, op. 53 [Waldstein]: Allegro con brio",20,"Ludwig van Beethoven,Richard Goode",Beethoven: The Complete Sonatas,0.987,0.224,603000,0.125,0.912,0,0.0811,-26.133,1,0.0427,75.819,0.114
classical,Classical Era 50: Spotify Picks,37i9dQZF1DX20xDs0SXeZu,2lV7kajwTDuvV8ylxPwg6b,spotify:track:2lV7kajwTDuvV8ylxPwg6b,https://p.scdn.co/mp3-preview/5da3ae8aa5e2b9aa8ef1b9885150ee5759105fbf?cid=63a77ff40e794a12ae216a18befde98c,"Concerto in D Minor, Wq. 23: I. Allegro",24,"Carl Philipp Emanuel Bach,See Siang Wong",The Bach Sons: Piano Concertos & Solo Pieces,0.95,0.373,474240,0.175,0.812,2,0.0735,-22.525,0,0.0374,140.597,0.3
classical,Classical Era 50: Spotify Picks,37i9dQZF1DX20xDs0SXeZu,4Q9IMhlmdSRD5ZGFPSVtvj,spotify:track:4Q9IMhlmdSRD5ZGFPSVtvj,https://p.scdn.co/mp3-preview/a3ed20cee8958b4ac335f708a189b3a719d752e9?cid=63a77ff40e794a12ae216a18befde98c,"Orchestral Quartet in F Major, Op. 14, No. 4: I. Allegro assai",19,"Carl Stamitz,New Zealand Chamber Orchestra,Donald Armstrong","Stamitz, C.: Orchestral Quartets, Op. 14",0.974,0.389,582133,0.191,0.939,0,0.086,-16.34,1,0.0387,75.519,0.345
classical,Classical Era 50: Spotify Picks,37i9dQZF1DX20xDs0SXeZu,22pyvfaIdwupHs6A1r8JFt,spotify:track:22pyvfaIdwupHs6A1r8JFt,https://p.scdn.co/mp3-preview/6c07fc4590c9d44bf5940f4c974e168d02bf6338?cid=63a77ff40e794a12ae216a18befde98c,"Flute Quintet No. 1 in D Major, Op. 17, G. 419: I. Allegro assai",24,"Luigi Boccherini,Alexandre Magnin,Janáček Quartet","Boccherini: Flute Quintets, Op. 17",0.991,0.287,291000,0.046,0.783,2,0.097,-22.118,1,0.0451,153.151,0.343
classical,Classical Era 50: Spotify Picks,37i9dQZF1DX20xDs0SXeZu,7qhP8MDZjsMxaqQKInmsCz,spotify:track:7qhP8MDZjsMxaqQKInmsCz,https://p.scdn.co/mp3-preview/8a9c2454e343855409ac55b9953df7e8f8a89502?cid=63a77ff40e794a12ae216a18befde98c,Mozart : Piano Concerto No.23 in A major K488 : II Adagio,23,"Wolfgang Amadeus Mozart,Nikolaus Harnoncourt,Royal Concertgebouw Orchestra",Harnoncourt conducts Mozart,0.985,0.244,387480,0.0252,0.943,6,0.12,-27.699,0,0.0358,98.803,0.0471
classical,Classical Era 50: Spotify Picks,37i9dQZF1DX20xDs0SXeZu,7IVPo2QJZ2Ttg84cWygxcD,spotify:track:7IVPo2QJZ2Ttg84cWygxcD,https://p.scdn.co/mp3-preview/b5e6556d642bb083019f9b972eeaa26654df62de?cid=63a77ff40e794a12ae216a18befde98c,"Wind Quintet in F Major, Op. 68, No. 2: I. Allegro",19,"Franz Danzi,Michael Thompson Wind Ensemble","Danzi: Wind Quintets, Op. 68, Nos. 1-3 / Horn Sonata, Op. 44",0.993,0.541,533627,0.0597,0.852,5,0.146,-23.218,1,0.0466,126.042,0.414
classical,Classical Era 50: Spotify Picks,37i9dQZF1DX20xDs0SXeZu,4OFAdngawr0JCRxRH93DMx,spotify:track:4OFAdngawr0JCRxRH93DMx,https://p.scdn.co/mp3-preview/c2d936cb0c7796e3b956d34123d07c9f7a77a0c0?cid=63a77ff40e794a12ae216a18befde98c,"Violin Sonata No. 32 in B-Flat Major, K. 454: II. Andante",25,"Wolfgang Amadeus Mozart,Friederike Starkloff,José Gallardo",Mozart: Sonatas for Piano & Violin,0.991,0.255,466000,0.0324,0.0261,3,0.113,-25.862,1,0.0486,100.145,0.127
classical,Classical Era 50: Spotify Picks,37i9dQZF1DX20xDs0SXeZu,1QFFuQ5RVFZM1IdHWuhKlU,spotify:track:1QFFuQ5RVFZM1IdHWuhKlU,https://p.scdn.co/mp3-preview/cf822bf56ca96c89ee618040b0d55f6c3d5c1e26?cid=63a77ff40e794a12ae216a18befde98c,"Orfeo ed Euridice: Act I: Ah, se intorno a quest'urna funesta - Recitative: Basta, basta, o compagni - Ah, se intorno a quest'urna funesta (Orfeo, Chorus)",20,"Christoph Willibald Gluck,Julia Hamari,Mária Zempléni,Veronika Kincses,Hungarian State Opera Chorus,Hungarian State Opera Orchestra,Ervin Lukacs",Gluck: Orfeo ed Euridice (Highlights),0.973,0.153,531067,0.0932,0.452,0,0.161,-22.101,0,0.0335,98.869,0.034
classical,Classical Era 50: Spotify Picks,37i9dQZF1DX20xDs0SXeZu,0S5NVh3lgQu7oJOwd13tCj,spotify:track:0S5NVh3lgQu7oJOwd13tCj,https://p.scdn.co/mp3-preview/390da25a75c3dca83f63fa3748dfb7af393631ad?cid=63a77ff40e794a12ae216a18befde98c,"String Quartet No.14 in C Sharp Minor, Op.131: I. Adagio ma non troppo e molto espressivo",23,"Ludwig van Beethoven,Alban Berg Quartett",Beethoven: The Late String Quartets,0.967,0.0923,396933,0.0931,0.854,6,0.347,-25.403,0,0.0552,79.728,0.0375
classical,Classical Era 50: Spotify Picks,37i9dQZF1DX20xDs0SXeZu,5xlCcBfg6vN6749KE5MNV4,spotify:track:5xlCcBfg6vN6749KE5MNV4,https://p.scdn.co/mp3-preview/5e4fff358ebc16ee518c5762b19c4948a71d8631?cid=63a77ff40e794a12ae216a18befde98c,"Die Zauberflöte, K. 620: Die Zauberflöte, K. 620: Ouvertüre",19,"Wolfgang Amadeus Mozart,Akademie für Alte Musik Berlin,René Jacobs",Die Zauberflöte (Famous Scenes),0.981,0.323,361373,0.103,0.819,3,0.414,-17.799,1,0.0363,93.928,0.155
classical,Classical Era 50: Spotify Picks,37i9dQZF1DX20xDs0SXeZu,3i2tBinP8HbJIt8f53FMsg,spotify:track:3i2tBinP8HbJIt8f53FMsg,https://p.scdn.co/mp3-preview/087969a75565b3c8eb32b27e6af30ecd97bd95b6?cid=63a77ff40e794a12ae216a18befde98c,"Piano Trio No. 6 in E-Flat Major, Op. 93: I. Allegro con moto",18,"Johann Nepomuk Hummel,Gould Piano Trio","Hummel: Piano Trios Nos. 2, 3, 6 & 7",0.985,0.311,475120,0.0858,0.264,10,0.0883,-22.434,1,0.0385,137.888,0.205
classical,Classical Era 50: Spotify Picks,37i9dQZF1DX20xDs0SXeZu,7IxOztn7esJbgfnJfMkzyy,spotify:track:7IxOztn7esJbgfnJfMkzyy,https://p.scdn.co/mp3-preview/e2f99fb109e1094a946fc7a02ddbd52e12ff3443?cid=63a77ff40e794a12ae216a18befde98c,Flute Concerto in D Major: I. Allegro,19,"Johann Stamitz,Robert Aitken,The Vilnius City Municipality St. Christopher Chamber Orchestra,Donatas Katkus","Stamitz, J.: Flute Concertos",0.983,0.505,453200,0.0789,0.943,2,0.0696,-22.921,1,0.0682,133.914,0.59
classical,Classical Era 50: Spotify Picks,37i9dQZF1DX20xDs0SXeZu,0xkefpEU9G2VY9KeV9n8pR,spotify:track:0xkefpEU9G2VY9KeV9n8pR,https://p.scdn.co/mp3-preview/ac389e54728ad3f46c1074003239030ae299f356?cid=63a77ff40e794a12ae216a18befde98c,Oboe Quintet No. 2 in E-Flat Major: I. Allegro moderato,18,"Franz Krommer,Nancy Ambrose King,Solomia Soroka,Eva Stern,Joseph Ho-Pang Kam,Natalia Khoma",Krommer: Oboe Quartet No. 3 / Oboe Quintets Nos. 1-2,0.962,0.314,593787,0.234,0.707,10,0.126,-10.534,1,0.0371,147.936,0.31
classical,Classical Era 50: Spotify Picks,37i9dQZF1DX20xDs0SXeZu,0a7hjIHWuPTNHTMRqchb7l,spotify:track:0a7hjIHWuPTNHTMRqchb7l,https://p.scdn.co/mp3-preview/3fb18090c252641da800028244641839145d7a6b?cid=63a77ff40e794a12ae216a18befde98c,Symphony in D Major: I. Allegro con spirito,18,"Josef Mysliveček,Camerata Amsterdam,Jeroen Weierink","Myslivecek, J.: Symphonies / Violin Concertos",0.968,0.442,200013,0.11,0.877,2,0.163,-19.023,1,0.0441,141.221,0.308
classical,Classical Era 50: Spotify Picks,37i9dQZF1DX20xDs0SXeZu,3at7UBOm4XtgarzmZQh9b7,spotify:track:3at7UBOm4XtgarzmZQh9b7,,"Piano Concerto No.5 in E flat major Op.73 -""Emperor"": 1. Allegro",0,"Ludwig van Beethoven,Robert Casadesus,Royal Concertgebouw Orchestra,Hans Rosbaud",Hans Rosbaud - The Complete Recordings on DGG,0.98,0.364,1189000,0.127,0.901,3,0.081,-18.587,1,0.0367,132.912,0.133
classical,Classical Era 50: Spotify Picks,37i9dQZF1DX20xDs0SXeZu,0rHZt4VaUSF0OKGzSknDkM,spotify:track:0rHZt4VaUSF0OKGzSknDkM,https://p.scdn.co/mp3-preview/7bd3d2b504fea1dd06235d7bb4a90d6bba594f7f?cid=63a77ff40e794a12ae216a18befde98c,Keyboard Sonata No. 48 in C Minor,17,"Antonio Soler,Mateusz Borowiak",Soler: Keyboard Sonatas Nos. 42-56,0.993,0.457,156013,0.374,0.877,0,0.202,-15.598,0,0.0369,145.43,0.938
classical,Classical Era 50: Spotify Picks,37i9dQZF1DX20xDs0SXeZu,2jtKd1Gl7S9j6lKzu5N0MQ,spotify:track:2jtKd1Gl7S9j6lKzu5N0MQ,https://p.scdn.co/mp3-preview/46e2a4aa2d8b9e71c6372c57f48ae47d8c6b0c66?cid=63a77ff40e794a12ae216a18befde98c,"Keyboard Sonata No. 5 with accompanying Violin and Cello in G Major, Op. 2, WKO 115: I. Vivace",17,"Carl Friedrich Abel,Miklós Spányi,László Paulik,Balázs Máté","Abel: 6 Keyboard Sonatas, Op. 2",0.748,0.26,308213,0.161,1.01e-05,1,0.115,-18.044,1,0.0419,117.787,0.251
classical,Classical Era 50: Spotify Picks,37i9dQZF1DX20xDs0SXeZu,3G7D8nkVfPJq4r2qbf8250,spotify:track:3G7D8nkVfPJq4r2qbf8250,https://p.scdn.co/mp3-preview/4a22e509dc3917f075af6c2d57bb28ee296b2b75?cid=63a77ff40e794a12ae216a18befde98c,"Symphony No. 4 in C Minor, Op. 102: I. Largo - Allegro vivace",17,"Franz Krommer,London Mozart Players,Matthias Bamert",Krommer: Symphonies Nos. 2 and 4,0.962,0.341,513360,0.166,0.898,0,0.0608,-19.252,0,0.037,130.766,0.339
classical,Classical Era 50: Spotify Picks,37i9dQZF1DX20xDs0SXeZu,78JjjjZycdr8LzlfwqY5aL,spotify:track:78JjjjZycdr8LzlfwqY5aL,https://p.scdn.co/mp3-preview/45c06c57553fe42af2475878a02a3a0a09fadb6d?cid=63a77ff40e794a12ae216a18befde98c,"Keyboard Sonata in D Minor, K.9/L.413/P.65: Allegro",23,"Domenico Scarlatti,Balazs Szokolay","Scarlatti, D.: Piano Sonatas (Selection)",0.993,0.468,198960,0.133,0.922,5,0.0713,-25.073,1,0.0484,117.623,0.758
classical,Classical Era 50: Spotify Picks,37i9dQZF1DX20xDs0SXeZu,0n5qs35UjF8CAIFvzzn3xq,spotify:track:0n5qs35UjF8CAIFvzzn3xq,https://p.scdn.co/mp3-preview/5adcbc0565c9ed03d6d2ede11ed0154f0ce63f58?cid=63a77ff40e794a12ae216a18befde98c,"Piano Concerto in B-Flat Major, Op. 40, ""Military"": I. Allegro moderato",17,"Jan Ladislav Dussek,Marco Lagana,Orchestra Da Camera Benedetto Marcello,Dario Lucantoni","Dussek: Piano Concerto in F Major, Piano Concerto in B-Flat Major & Piano Sonata in A-Flat Major",0.979,0.394,789760,0.207,0.905,10,0.0826,-18.797,1,0.0357,120.475,0.271
classical,Classical Era 50: Spotify Picks,37i9dQZF1DX20xDs0SXeZu,0rvUpbfUeyQGP0TiN4bUEg,spotify:track:0rvUpbfUeyQGP0TiN4bUEg,https://p.scdn.co/mp3-preview/a05fac77b8ae3320219bd6c2a67df9f612ab50d6?cid=63a77ff40e794a12ae216a18befde98c,"Quatuor en fa mineur, Op. 7, No. 2: Quatuor en fa mineur, Op. 7, No. 2: I. Andante",17,"Johann Schobert,Chiara Banchini,Ensemble 415,Luciano Sgrizzi","Schobert: Quartet, Trios, Sonatas",0.966,0.318,310133,0.159,0.2,4,0.116,-15.575,0,0.0442,122.99,0.217
classical,Classical Era 50: Spotify Picks,37i9dQZF1DX20xDs0SXeZu,6d5cH3gfB3XB4zrwGT4lUk,spotify:track:6d5cH3gfB3XB4zrwGT4lUk,https://p.scdn.co/mp3-preview/dc6fcb1989465b6f4007594e9a854c3589b13338?cid=63a77ff40e794a12ae216a18befde98c,Alceste: Act III Scene II: Duetto - Cari figli,16,"Christoph Willibald Gluck,Emelie Clausen,Jonas Degerfeldt,Adam Giertz,Justin Lavender,Johan Lilja,Lars Martinsson,Mattias Nilsson,Teresa Ringholz,Miriam Treichl,Drottningholm Theatre Chorus,Drottningholm Court Theatre Orchestra,Arnold Östman",Gluck: Alceste,0.985,0.317,209907,0.0633,2.4e-06,2,0.0832,-23.613,1,0.0428,124.611,0.122
classical,Classical Era 50: Spotify Picks,37i9dQZF1DX20xDs0SXeZu,3qOpKjL1uW5jXfCq4lAmuf,spotify:track:3qOpKjL1uW5jXfCq4lAmuf,https://p.scdn.co/mp3-preview/ffe6f2b3ca47db7366078b51cf6f64949f78c956?cid=63a77ff40e794a12ae216a18befde98c,"Piano Sonata, Op. 70 'Le retour à Paris': I. Allegro non troppo ed espressivo",16,"Jan Ladislav Dussek,Maria Garzón","Dussek: The Complete Piano Sonatas, Vol. 2",0.991,0.307,659227,0.101,0.893,8,0.118,-23.282,1,0.0357,93.295,0.119
classical,Classical Era 50: Spotify Picks,37i9dQZF1DX20xDs0SXeZu,6JtpsYM6gthMMR7FhWvjI9,spotify:track:6JtpsYM6gthMMR7FhWvjI9,https://p.scdn.co/mp3-preview/cd4d9144f0f712d5475314f6d74d3891c1586918?cid=63a77ff40e794a12ae216a18befde98c,"Falstaff: Act II Scene 4: Cavatina (Duet): Ah! Signore! se sapesse (Betty, Falstaff)",17,"Antonio Salieri,József Gregor,Mária Zempléni,Dénes Gulyás,Istvan Gati,Eva Panczel,Tamas Csurja,Eva Vamossy,Salieri Chamber Chorus,Salieri Chamber Orchestra,Tamas Pal",Salieri: Falstaff,0.93,0.287,73333,0.124,5.85e-06,7,0.338,-16.16,0,0.0533,95.375,0.146
classical,Classical Era 50: Spotify Picks,37i9dQZF1DX20xDs0SXeZu,0JRvSXDUgZVZ1fuS6qjj5X,spotify:track:0JRvSXDUgZVZ1fuS6qjj5X,https://p.scdn.co/mp3-preview/dc930a9fb68c89bd7c1643fc8e964bdbf10d1269?cid=63a77ff40e794a12ae216a18befde98c,"Concerto No. 9 in B-Flat Major, G. 482: I. Allegro moderato",17,David Geringas,Boccherini: Complete Cello Concertos,0.991,0.369,485533,0.105,0.854,10,0.264,-22.424,1,0.045,131.051,0.388
classical,Classical Era 50: Spotify Picks,37i9dQZF1DX20xDs0SXeZu,3jVTOMcqrvMGRuwCZaAZX8,spotify:track:3jVTOMcqrvMGRuwCZaAZX8,https://p.scdn.co/mp3-preview/3deec5836361f4cc3fafa7c60396617c7ac5202f?cid=63a77ff40e794a12ae216a18befde98c,"Piano Sonata No. 5 in F-Sharp Minor, Op. 81: I. Allegro",18,"Johann Nepomuk Hummel,Antonio Pompa-Baldi","Hummel: Piano Sonatas, Vol. 2",0.982,0.365,517173,0.0931,0.913,6,0.0916,-26.183,0,0.0409,130.092,0.22
classical,Classical Era 50: Spotify Picks,37i9dQZF1DX20xDs0SXeZu,7j7D4HZlub6Z0GdurJuxRU,spotify:track:7j7D4HZlub6Z0GdurJuxRU,,"Sonata For Cello And Piano No.4 In C, Op.102 No.1: 3. Adagio",0,"Ludwig van Beethoven,Mischa Maisky,Martha Argerich",Beethoven: Cello Sonatas Op.69 & 102; Variations,0.977,0.175,200667,0.00704,0.77,0,0.134,-33.372,1,0.0383,133.082,0.066
classical,Classical Era 50: Spotify Picks,37i9dQZF1DX20xDs0SXeZu,7oSO03UVOT3d1uW42rmksq,spotify:track:7oSO03UVOT3d1uW42rmksq,https://p.scdn.co/mp3-preview/fdb5d53dc4cfeb104dc1dc4ef3493b7ad29d9632?cid=63a77ff40e794a12ae216a18befde98c,"Nachtstück, D. 672",15,"Franz Schubert,Ian Bostridge,Julius Drake",Schubert - Wigmore Hall Live,0.985,0.273,328453,0.0413,5.89e-05,0,0.0865,-23.291,0,0.0587,84.532,0.0377
classical,Classical Era 50: Spotify Picks,37i9dQZF1DX20xDs0SXeZu,1j5Wtey9xaVwG8tIJKT3W3,spotify:track:1j5Wtey9xaVwG8tIJKT3W3,https://p.scdn.co/mp3-preview/54208860f6548ac8e89da3a72b3f167df7f62f5a?cid=63a77ff40e794a12ae216a18befde98c,"Gradus ad Parnassum, Op. 44: No. 73. Suite of 6 Pieces: III. Canone: Allegretto",16,"Muzio Clementi,Alessandro Marangoni","Clementi: Gradus ad Parnassum, Vol. 4 (Nos. 66-100)",0.992,0.386,112520,0.249,0.934,1,0.108,-21.814,0,0.0357,87.375,0.933
classical,Classical Era 50: Spotify Picks,37i9dQZF1DX20xDs0SXeZu,3JdNdo6l2q8RbOjacdbXpy,spotify:track:3JdNdo6l2q8RbOjacdbXpy,https://p.scdn.co/mp3-preview/b51e61ed8546d250c7a5bda8fa66fc658f098d1b?cid=63a77ff40e794a12ae216a18befde98c,Grande Messe des Morts: II. Introitus: Requiem aeternam - Grave,19,"Francois-Joseph Gossec,Roberta Invernizzi,Maite Arruabarrena,Howard Crook,Claude Darbellay,Radio Svizzera Choir, Lugano,Radio Svizzera Italiana Orchestra,Diego Fasolis",Gossec: Grande Messe Des Morts / Symphonie A 17 Parties,0.965,0.187,188867,0.0884,0.845,0,0.0764,-26.747,0,0.0483,74.403,0.0331
classical,Classical Era 50: Spotify Picks,37i9dQZF1DX20xDs0SXeZu,6vdnKUdmmYD2GvQKLVKfcJ,spotify:track:6vdnKUdmmYD2GvQKLVKfcJ,https://p.scdn.co/mp3-preview/60a0471028c9ba63d9c1ce850e21e06b33ee195c?cid=63a77ff40e794a12ae216a18befde98c,"Variations on ""Nume perdonami, se in tale istante"", Op. 102",19,"Mauro Giuliani,Marco Tamayo","Giuliani: Guitar Music, Vol. 2",0.99,0.306,511147,0.0829,0.878,2,0.144,-26.038,1,0.0476,113.048,0.285
classical,Classical Era 50: Spotify Picks,37i9dQZF1DX20xDs0SXeZu,1Y6qUY4crcwfeHMDSVow6e,spotify:track:1Y6qUY4crcwfeHMDSVow6e,https://p.scdn.co/mp3-preview/cb4467f843dfa37a7eb8efc66d8f16eca4df6f89?cid=63a77ff40e794a12ae216a18befde98c,"Piano Quintet in A Major, Op. 114, D. 667, ""Die Forelle"" (The Trout): I. Allegro vivace",17,"Franz Schubert,Jenő Jandó,Istvan Toth,Kodály Quartet","Schubert: Piano Quintet, D. 667 / String Trio, D. 581",0.925,0.215,801000,0.132,0.763,9,0.115,-20.165,1,0.0383,73.161,0.157
classical,Classical Era 50: Spotify Picks,37i9dQZF1DX20xDs0SXeZu,2pAnSQRJjzsvp4oJSOO5jp,spotify:track:2pAnSQRJjzsvp4oJSOO5jp,https://p.scdn.co/mp3-preview/5ff2d974a9f33dc233dfdfecc9b04d5617649d0d?cid=63a77ff40e794a12ae216a18befde98c,Il Genio degli Stati Veneti,16,"Antonio Salieri,Ilse Eerens,Ulrich Eisenlohr",Salieri: Lieder,0.986,0.405,178440,0.0388,0.0,0,0.11,-22.528,1,0.0599,132.74,0.164
classical,Classical Era 50: Spotify Picks,37i9dQZF1DX20xDs0SXeZu,1EjJaGY0jA46U2UUZWehSP,spotify:track:1EjJaGY0jA46U2UUZWehSP,https://p.scdn.co/mp3-preview/de4621049d49e3dfd0dd0390c221e789b1293b70?cid=63a77ff40e794a12ae216a18befde98c,"6 Fantasias, Op. 58: Fantasia No. 12, Op. 58",18,"Fernando Sor,Luis Orlandini","Sor, F.: Fantaisies",0.989,0.445,567533,0.0648,0.864,9,0.0966,-24.812,1,0.049,77.571,0.158
classical,Classical Era 50: Spotify Picks,37i9dQZF1DX20xDs0SXeZu,1ELnOxEqDFv4lv5X4eu2cf,spotify:track:1ELnOxEqDFv4lv5X4eu2cf,https://p.scdn.co/mp3-preview/12025ec4cf60ff11a81962b98856ffe1e4a981dd?cid=63a77ff40e794a12ae216a18befde98c,Piano Trio No. 43: Piano Trio No. 43: I. Allegro,19,"Franz Joseph Haydn,Trio Wanderer",Haydn: Piano Trios,0.988,0.422,452307,0.101,0.844,0,0.206,-21.813,1,0.0375,93.884,0.327
classical,Classical Era 50: Spotify Picks,37i9dQZF1DX20xDs0SXeZu,0uQD6sFYljTXkpKLXJwNSz,spotify:track:0uQD6sFYljTXkpKLXJwNSz,https://p.scdn.co/mp3-preview/73440b79421db5cfba9abc9818d1794668f99db5?cid=63a77ff40e794a12ae216a18befde98c,"Quintet in F Major, Op. 22, No. 2: I. Allegro con moto",26,"Johann Christian Bach,Berliner Barock-Compagney","Bach, J.C.: Chamber Music - Opp. 8, 11, 22 / Sextet in C Major",0.966,0.412,510227,0.113,0.895,4,0.36,-21.078,1,0.04,121.82,0.402
